year,utility_id,triple_schedule_support,ieee_with_med_basis_complete,geography_complete,comparable_utility_year
2019,10000,True,True,True,True
2019,10005,True,True,True,True
2019,10009,True,True,True,True
2019,10019,True,True,True,True
2019,10056,True,True,True,True
2019,10063,True,True,True,True
2019,10071,True,True,True,True
2019,1009,True,True,True,True
2019,1015,True,True,True,True
2019,10170,True,True,True,True
2019,10171,True,True,True,True
2019,10210,True,True,True,True
2019,10226,True,True,True,True
2019,10326,True,True,True,True
2019,10331,True,True,True,True
2019,10345,True,True,True,True
2019,10376,True,True,True,True
2019,10378,True,True,True,True
2019,10393,True,True,True,True
2019,10421,True,True,True,True
2019,10448,True,True,True,True
2019,10454,True,True,True,True
2019,1050,True,True,True,True
2019,10539,True,True,True,True
2019,10558,True,True,False,False
2019,10562,True,True,True,True
2019,10579,True,True,True,True
2019,10599,True,True,True,True
2019,10603,True,True,True,True
2019,10618,True,True,True,True
2019,1062,True,True,True,True
2019,10623,True,True,True,True
2019,10624,True,True,True,True
2019,10625,True,True,True,True
2019,10633,True,True,True,True
2019,10668,True,True,True,True
2019,10681,True,True,True,True
2019,10697,True,True,False,False
2019,10704,True,True,True,True
2019,10724,True,True,True,True
2019,10768,True,True,True,True
2019,10798,True,True,True,True
2019,108,True,True,True,True
2019,10814,True,True,True,True
2019,10817,True,True,True,True
2019,10857,True,True,True,True
2019,10868,True,True,True,True
2019,10879,True,True,True,True
2019,10944,True,True,True,True
2019,10960,True,True,True,True
2019,10966,True,True,True,True
2019,11011,True,True,True,True
2019,11018,True,True,True,True
2019,11022,True,True,True,True
2019,11053,True,True,True,True
2019,11124,True,True,True,True
2019,11135,True,True,True,True
2019,11148,True,True,True,True
2019,11171,True,True,True,True
2019,11187,True,True,True,True
2019,11200,True,True,True,True
2019,11203,True,True,True,True
2019,11204,True,True,True,True
2019,11208,True,True,True,True
2019,11241,True,True,False,False
2019,11249,True,True,True,True
2019,11251,True,True,True,True
2019,11256,True,True,True,True
2019,11268,True,True,True,True
2019,11272,True,True,True,True
2019,11291,True,True,True,True
2019,11298,True,True,True,True
2019,11318,True,True,True,True
2019,11332,True,True,True,True
2019,11345,True,True,True,True
2019,11355,True,True,True,True
2019,11364,True,True,True,True
2019,11460,True,True,True,True
2019,11463,True,True,True,True
2019,11479,True,True,True,True
2019,1149,True,True,True,True
2019,11501,True,True,True,True
2019,11519,True,True,True,True
2019,11560,True,True,True,True
2019,11571,True,True,True,True
2019,11586,True,True,True,True
2019,11624,True,True,True,True
2019,11646,True,True,True,True
2019,1167,True,True,False,False
2019,11691,True,True,True,True
2019,11693,True,True,True,True
2019,1170,True,True,True,True
2019,11701,True,True,True,True
2019,11731,True,True,True,True
2019,11732,True,True,True,True
2019,11740,True,True,True,True
2019,1175,True,True,True,True
2019,11770,True,True,True,True
2019,11788,True,True,True,True
2019,1179,True,True,True,True
2019,11804,True,True,True,True
2019,11811,True,True,False,False
2019,11824,True,True,True,True
2019,11843,True,True,True,True
2019,11910,True,True,True,True
2019,12087,True,True,True,True
2019,12186,True,True,True,True
2019,12187,True,True,True,True
2019,12199,True,True,True,True
2019,12208,True,True,True,True
2019,12227,True,True,True,True
2019,12243,True,True,True,True
2019,12260,True,True,True,True
2019,12268,True,True,True,True
2019,12293,True,True,True,True
2019,12296,True,True,True,True
2019,12298,True,True,True,True
2019,12301,True,True,True,True
2019,1233,True,True,True,True
2019,12330,True,True,True,True
2019,12341,True,True,True,True
2019,12351,True,True,True,True
2019,12377,True,True,False,False
2019,12390,True,True,True,True
2019,12395,True,True,True,True
2019,12439,True,True,True,True
2019,12450,True,True,True,True
2019,12452,True,True,True,True
2019,12462,True,True,True,True
2019,12463,True,True,True,True
2019,12470,True,True,True,True
2019,1251,True,True,True,True
2019,12515,True,True,True,True
2019,12524,True,True,True,True
2019,12532,True,True,True,True
2019,12539,True,True,True,True
2019,12546,True,True,True,True
2019,12642,True,True,True,True
2019,12647,True,True,False,False
2019,12651,True,True,True,True
2019,12660,True,True,True,True
2019,12685,True,True,True,True
2019,12686,True,True,True,True
2019,12692,True,True,True,True
2019,12698,True,True,False,False
2019,12706,True,True,True,True
2019,1273,True,True,True,True
2019,12745,True,True,True,True
2019,12782,True,True,True,True
2019,12796,True,True,True,True
2019,12801,True,True,True,True
2019,12803,True,True,False,False
2019,12825,True,True,True,True
2019,1283,True,True,True,True
2019,12860,True,True,True,True
2019,12866,True,True,True,True
2019,12894,True,True,True,True
2019,12901,True,True,True,True
2019,12929,True,True,True,True
2019,12944,True,True,True,True
2019,12988,True,True,True,True
2019,12989,True,True,True,True
2019,1299,True,True,True,True
2019,12990,True,True,True,True
2019,1300,True,True,True,True
2019,1301,True,True,True,True
2019,13025,True,True,True,True
2019,13027,True,True,True,True
2019,13029,True,True,True,True
2019,13032,True,True,True,True
2019,13033,True,True,True,True
2019,13058,True,True,True,True
2019,13119,True,True,True,True
2019,13137,True,True,True,True
2019,13143,True,True,True,True
2019,13145,True,True,True,True
2019,13196,True,True,True,True
2019,13206,True,True,True,True
2019,13208,True,True,True,True
2019,13209,True,True,True,True
2019,13214,True,True,True,True
2019,13216,True,True,True,True
2019,13314,True,True,True,True
2019,13337,True,True,False,False
2019,13386,True,True,True,True
2019,13387,True,True,True,True
2019,13407,True,True,True,True
2019,13416,True,True,True,True
2019,13418,True,True,True,True
2019,13424,True,True,True,True
2019,13441,True,True,True,True
2019,13448,True,True,True,True
2019,13471,True,True,True,True
2019,13478,True,True,True,True
2019,13480,True,True,True,True
2019,13481,True,True,False,False
2019,13482,True,True,True,True
2019,13485,True,True,True,True
2019,13488,True,True,True,True
2019,13511,True,True,True,True
2019,13521,True,True,True,True
2019,13524,True,True,True,True
2019,13547,True,True,True,True
2019,13561,True,True,True,True
2019,13563,True,True,True,True
2019,13573,True,True,False,False
2019,13604,True,True,True,True
2019,13640,True,True,False,False
2019,13647,True,True,True,True
2019,13651,True,True,True,True
2019,1366,True,True,True,True
2019,13664,True,True,True,True
2019,13675,True,True,True,True
2019,13676,True,True,True,True
2019,13679,True,True,True,True
2019,13684,True,True,True,True
2019,13685,True,True,True,True
2019,13693,True,True,True,True
2019,13698,True,True,True,True
2019,13700,True,True,True,True
2019,13704,True,True,True,True
2019,13716,True,True,True,True
2019,13718,True,True,True,True
2019,13730,True,True,True,True
2019,13731,True,True,False,False
2019,13735,True,True,True,True
2019,13750,True,True,True,True
2019,13756,True,True,False,False
2019,13757,True,True,True,True
2019,13758,True,True,True,True
2019,13777,True,True,True,True
2019,13780,True,True,False,False
2019,13781,True,True,True,True
2019,13783,True,True,True,True
2019,13788,True,True,True,True
2019,13789,True,True,True,True
2019,13799,True,True,True,True
2019,13805,True,True,True,True
2019,13809,True,True,True,True
2019,13830,True,True,True,True
2019,13831,True,True,True,True
2019,13838,True,True,True,True
2019,13932,True,True,True,True
2019,13936,True,True,True,True
2019,13955,True,True,True,True
2019,13963,True,True,True,True
2019,13964,True,True,True,True
2019,13966,True,True,True,True
2019,13998,True,True,True,True
2019,14006,True,True,True,True
2019,14055,True,True,True,True
2019,14062,True,True,True,True
2019,14063,True,True,True,True
2019,14074,True,True,True,True
2019,14107,True,True,True,True
2019,14109,True,True,True,True
2019,14127,True,True,True,True
2019,14146,True,True,True,True
2019,14154,True,True,True,True
2019,14156,True,True,True,True
2019,14170,True,True,True,True
2019,14175,True,True,True,True
2019,14178,True,True,True,True
2019,14192,True,True,False,False
2019,14194,True,True,True,True
2019,14196,True,True,True,True
2019,14202,True,True,True,True
2019,14229,True,True,True,True
2019,14232,True,True,True,True
2019,14245,True,True,True,True
2019,14246,True,True,True,True
2019,14251,True,True,True,True
2019,14261,True,True,True,True
2019,14268,True,True,True,True
2019,14289,True,True,True,True
2019,14328,True,True,True,True
2019,14354,True,True,True,True
2019,14371,True,True,True,True
2019,14381,True,True,True,True
2019,14398,True,True,True,True
2019,14401,True,True,True,True
2019,14424,True,True,False,False
2019,14455,True,True,True,True
2019,14468,True,True,True,True
2019,14471,True,True,True,True
2019,14534,True,True,True,True
2019,14557,True,True,True,True
2019,1456,True,True,True,True
2019,14563,True,True,True,True
2019,1458,True,True,True,True
2019,14606,True,True,True,True
2019,14610,True,True,True,True
2019,14624,True,True,True,True
2019,14626,True,True,True,True
2019,14668,True,True,True,True
2019,14711,True,True,True,True
2019,14715,True,True,True,True
2019,14716,True,True,True,True
2019,14717,True,True,True,True
2019,14724,True,True,True,True
2019,14775,True,True,True,True
2019,14792,True,True,True,True
2019,14839,True,True,True,True
2019,14864,True,True,True,True
2019,14940,True,True,True,True
2019,15016,True,True,True,True
2019,15023,True,True,True,True
2019,15034,True,True,False,False
2019,15045,True,True,True,True
2019,15048,True,True,True,True
2019,15054,True,True,True,True
2019,15073,True,True,True,True
2019,15095,True,True,True,True
2019,15138,True,True,True,True
2019,15175,True,True,True,True
2019,15188,True,True,True,True
2019,15202,True,True,True,True
2019,15229,True,True,True,True
2019,1523,True,True,True,True
2019,15248,True,True,True,True
2019,15257,True,True,True,True
2019,15263,True,True,True,True
2019,15270,True,True,False,False
2019,1529,True,True,True,True
2019,15291,True,True,True,True
2019,15293,True,True,True,True
2019,15308,True,True,True,True
2019,15311,True,True,True,True
2019,15340,True,True,True,True
2019,15344,True,True,False,False
2019,15356,True,True,True,True
2019,15386,True,True,True,True
2019,15387,True,True,True,True
2019,15410,True,True,True,True
2019,15419,True,True,True,True
2019,15444,True,True,True,True
2019,15466,True,True,True,True
2019,15470,True,True,True,True
2019,15472,True,True,True,True
2019,15473,True,True,False,False
2019,15474,True,True,True,True
2019,15477,True,True,True,True
2019,155,True,True,True,True
2019,15500,True,True,True,True
2019,15507,True,True,True,True
2019,15515,True,True,True,True
2019,15671,True,True,True,True
2019,15700,True,True,True,True
2019,1571,True,True,True,True
2019,15748,True,True,True,True
2019,15750,True,True,True,True
2019,15783,True,True,True,True
2019,1579,True,True,True,True
2019,15845,True,True,True,True
2019,1591,True,True,True,True
2019,15938,True,True,True,True
2019,15978,True,True,True,True
2019,15979,True,True,True,True
2019,15989,True,True,True,True
2019,16057,True,True,True,True
2019,16060,True,True,True,True
2019,16063,True,True,True,True
2019,16082,True,True,False,False
2019,16088,True,True,True,True
2019,16101,True,True,True,True
2019,1613,True,True,True,True
2019,16146,True,True,True,True
2019,1615,True,True,True,True
2019,16179,True,True,True,True
2019,16181,True,True,True,True
2019,16183,True,True,True,True
2019,16195,True,True,True,True
2019,162,True,True,True,True
2019,16213,True,True,True,True
2019,16217,True,True,True,True
2019,16223,True,True,True,True
2019,16226,True,True,True,True
2019,1625,True,True,True,True
2019,16259,True,True,True,True
2019,16295,True,True,True,True
2019,16368,True,True,True,True
2019,16377,True,True,True,True
2019,16382,True,True,True,True
2019,16420,True,True,True,True
2019,16440,True,True,True,True
2019,16461,True,True,True,True
2019,16463,True,True,True,True
2019,16496,True,True,True,True
2019,16511,True,True,False,False
2019,16534,True,True,True,True
2019,16555,True,True,True,True
2019,16558,True,True,False,False
2019,16572,True,True,True,True
2019,16587,True,True,True,True
2019,16603,True,True,True,True
2019,16604,True,True,True,True
2019,16606,True,True,True,True
2019,16609,True,True,True,True
2019,16611,True,True,True,True
2019,16613,True,True,True,True
2019,16616,True,True,True,True
2019,16627,True,True,True,True
2019,16638,True,True,True,True
2019,16649,True,True,True,True
2019,16655,True,True,True,True
2019,16679,True,True,True,True
2019,16740,True,True,True,True
2019,1675,True,True,True,True
2019,16751,True,True,True,True
2019,16805,True,True,True,True
2019,16829,True,True,True,True
2019,16852,True,True,True,True
2019,16854,True,True,True,True
2019,16865,True,True,True,True
2019,16868,True,True,True,True
2019,16900,True,True,True,True
2019,16920,True,True,True,True
2019,16921,True,True,True,True
2019,16930,True,True,True,True
2019,16949,True,True,True,True
2019,16971,True,True,True,True
2019,17037,True,True,True,True
2019,17038,True,True,True,True
2019,17044,True,True,True,True
2019,17047,True,True,True,True
2019,17066,True,True,True,True
2019,1708,True,True,True,True
2019,17166,True,True,True,True
2019,17177,True,True,True,True
2019,17184,True,True,True,True
2019,1723,True,True,True,True
2019,17252,True,True,True,True
2019,17260,True,True,True,True
2019,17267,True,True,True,True
2019,17279,True,True,True,True
2019,17324,True,True,True,True
2019,1736,True,True,True,True
2019,17470,True,True,True,True
2019,17534,True,True,True,True
2019,17539,True,True,True,True
2019,17543,True,True,True,True
2019,17548,True,True,True,True
2019,17550,True,True,True,True
2019,17560,True,True,True,True
2019,17564,True,True,True,True
2019,17565,True,True,False,False
2019,17572,True,True,True,True
2019,17585,True,True,True,True
2019,17593,True,True,True,True
2019,17599,True,True,True,True
2019,17603,True,True,True,True
2019,17609,True,True,True,True
2019,17612,True,True,True,True
2019,1763,True,True,True,True
2019,17631,True,True,True,True
2019,17633,True,True,True,True
2019,17637,True,True,False,False
2019,17643,True,True,True,True
2019,17647,True,True,True,True
2019,17671,True,True,True,True
2019,17683,True,True,True,True
2019,17684,True,True,False,False
2019,1769,True,True,False,False
2019,17692,True,True,True,True
2019,17694,True,True,True,True
2019,17697,True,True,False,False
2019,17698,True,True,False,False
2019,17718,True,True,True,True
2019,1775,True,True,True,True
2019,17783,True,True,True,True
2019,17828,True,True,True,True
2019,17832,True,True,True,True
2019,17833,True,True,True,True
2019,17839,True,True,True,True
2019,17845,True,True,True,True
2019,17860,True,True,True,True
2019,17868,True,True,False,False
2019,17874,True,True,True,True
2019,17896,True,True,True,True
2019,17900,True,True,True,True
2019,17979,True,True,True,True
2019,18004,True,True,True,True
2019,18006,True,True,True,True
2019,18019,True,True,True,True
2019,18022,True,True,True,True
2019,18047,True,True,True,True
2019,18085,True,True,True,True
2019,18087,True,True,True,True
2019,18100,True,True,True,True
2019,18102,True,True,True,True
2019,18125,True,True,True,True
2019,18181,True,True,True,True
2019,18199,True,True,True,True
2019,18203,True,True,True,True
2019,18206,True,True,True,True
2019,18249,True,True,True,True
2019,18280,True,True,True,True
2019,18304,True,True,True,True
2019,18336,True,True,True,True
2019,18339,True,True,True,True
2019,18360,True,True,True,True
2019,18383,True,True,True,True
2019,18395,True,True,True,True
2019,18401,True,True,True,True
2019,18429,True,True,True,True
2019,18445,True,True,True,True
2019,18446,True,True,True,True
2019,18449,True,True,True,True
2019,18454,True,True,True,True
2019,18488,True,True,True,True
2019,18498,True,True,True,True
2019,18499,True,True,True,True
2019,18538,True,True,True,True
2019,1871,True,True,True,True
2019,1883,True,True,True,True
2019,1884,True,True,True,True
2019,18848,True,True,True,True
2019,1886,True,True,True,True
2019,1889,True,True,True,True
2019,18895,True,True,True,True
2019,1890,True,True,True,True
2019,1892,True,True,True,True
2019,18940,True,True,True,True
2019,18941,True,True,True,True
2019,18955,True,True,False,False
2019,18956,True,True,True,True
2019,18957,True,True,True,True
2019,18961,True,True,True,True
2019,18962,True,True,True,True
2019,18976,True,True,True,True
2019,18997,True,True,True,True
2019,19027,True,True,True,True
2019,19108,True,True,True,True
2019,19125,True,True,True,True
2019,19150,True,True,True,True
2019,19156,True,True,True,True
2019,19157,True,True,True,True
2019,19158,True,True,True,True
2019,19159,True,True,True,True
2019,19160,True,True,True,True
2019,19161,True,True,True,True
2019,19162,True,True,True,True
2019,19189,True,True,True,True
2019,19219,True,True,True,True
2019,19225,True,True,True,True
2019,19229,True,True,True,True
2019,19266,True,True,True,True
2019,19281,True,True,True,True
2019,19293,True,True,True,True
2019,19324,True,True,True,True
2019,19325,True,True,True,True
2019,1936,True,True,True,True
2019,19390,True,True,True,True
2019,19396,True,True,True,True
2019,19435,True,True,True,True
2019,19436,True,True,False,False
2019,19437,True,True,True,True
2019,19445,True,True,True,True
2019,19446,True,True,True,True
2019,19490,True,True,True,True
2019,19493,True,True,True,True
2019,19497,True,True,True,True
2019,19499,True,True,True,True
2019,195,True,True,False,False
2019,19501,True,True,True,True
2019,19545,True,True,True,True
2019,19547,True,True,True,True
2019,19558,True,True,True,True
2019,19574,True,True,True,True
2019,19578,True,True,True,True
2019,19579,True,True,True,True
2019,19667,True,True,True,True
2019,19728,True,True,True,True
2019,19785,True,True,True,True
2019,19790,True,True,True,True
2019,19791,True,True,True,True
2019,19798,True,True,True,True
2019,19805,True,True,True,True
2019,19806,True,True,True,True
2019,19813,True,True,True,True
2019,19820,True,True,True,True
2019,19840,True,True,True,True
2019,19876,True,True,False,False
2019,19882,True,True,True,True
2019,19947,True,True,True,True
2019,19951,True,True,True,True
2019,19974,True,True,True,True
2019,19981,True,True,True,True
2019,2001,True,True,True,True
2019,20038,True,True,True,True
2019,20065,True,True,True,True
2019,20111,True,True,True,True
2019,20130,True,True,True,True
2019,20134,True,True,True,True
2019,20135,True,True,True,True
2019,20136,True,True,True,True
2019,20146,True,True,True,True
2019,20169,True,True,True,True
2019,20187,True,True,True,True
2019,20211,True,True,True,True
2019,20213,True,True,True,True
2019,20214,True,True,True,True
2019,20216,True,True,True,True
2019,20224,True,True,True,True
2019,20228,True,True,True,True
2019,20230,True,True,True,True
2019,20310,True,True,True,True
2019,20318,True,True,True,True
2019,20334,True,True,True,True
2019,20363,True,True,True,True
2019,20368,True,True,True,True
2019,20387,True,True,True,True
2019,20401,True,True,False,False
2019,20404,True,True,True,True
2019,20422,True,True,True,True
2019,20456,True,True,True,True
2019,20477,True,True,True,True
2019,20481,True,True,True,True
2019,2049,True,True,True,True
2019,20510,True,True,True,True
2019,20521,True,True,True,True
2019,2054,True,True,True,True
2019,2056,True,True,True,True
2019,20576,True,True,True,True
2019,20603,True,True,True,True
2019,20639,True,True,True,True
2019,207,True,True,True,True
2019,20737,True,True,True,True
2019,20785,True,True,True,True
2019,20793,True,True,True,True
2019,20806,True,True,True,True
2019,20824,True,True,True,True
2019,20841,True,True,True,True
2019,20847,True,True,True,True
2019,20856,True,True,True,True
2019,20860,True,True,True,True
2019,20862,True,True,True,True
2019,20885,True,True,True,True
2019,2089,True,True,True,True
2019,20927,True,True,True,True
2019,20948,True,True,True,True
2019,20951,True,True,True,True
2019,20963,True,True,False,False
2019,20996,True,True,True,True
2019,21002,True,True,True,True
2019,21013,True,True,True,True
2019,21048,True,True,True,True
2019,21075,True,True,True,True
2019,21079,True,True,True,True
2019,21081,True,True,True,True
2019,21111,True,True,True,True
2019,21158,True,True,True,True
2019,21244,True,True,True,True
2019,213,True,True,True,True
2019,2144,True,True,True,True
2019,21513,True,True,True,True
2019,21526,True,True,True,True
2019,21538,True,True,True,True
2019,21567,True,True,False,False
2019,21632,True,True,True,True
2019,219,True,True,False,False
2019,2205,True,True,True,True
2019,22053,True,True,True,True
2019,2212,True,True,True,True
2019,2247,True,True,True,True
2019,2248,True,True,True,True
2019,22500,True,True,True,True
2019,22815,True,True,True,True
2019,22822,True,True,True,True
2019,2316,True,True,True,True
2019,232,True,True,True,True
2019,23326,True,True,True,True
2019,240,True,True,True,True
2019,2409,True,True,True,True
2019,241,True,True,True,True
2019,24211,True,True,True,True
2019,2439,True,True,True,True
2019,2442,True,True,True,True
2019,24558,True,True,True,True
2019,24590,True,True,True,True
2019,24753,True,True,True,True
2019,2485,True,True,True,True
2019,24889,True,True,True,True
2019,24949,True,True,True,True
2019,2507,True,True,True,True
2019,25177,True,True,True,True
2019,25295,True,True,True,True
2019,2548,True,True,True,True
2019,2641,True,True,True,True
2019,2651,True,True,True,True
2019,26510,True,True,True,True
2019,2652,True,True,True,True
2019,2655,True,True,True,True
2019,26765,True,True,True,True
2019,26916,True,True,True,True
2019,26934,True,True,True,True
2019,26939,True,True,True,True
2019,27222,True,True,True,True
2019,27238,True,True,False,False
2019,27316,True,True,True,True
2019,27422,True,True,True,True
2019,27599,True,True,True,True
2019,276,True,True,True,True
2019,2812,True,True,True,True
2019,2849,True,True,True,True
2019,28541,True,True,True,True
2019,28604,True,True,True,True
2019,28978,True,True,True,True
2019,2911,True,True,True,True
2019,295,True,True,True,True
2019,2955,True,True,True,True
2019,296,True,True,True,True
2019,2960,True,True,True,True
2019,2961,True,True,True,True
2019,2982,True,True,True,True
2019,2985,True,True,True,True
2019,2998,True,True,True,True
2019,3046,True,True,True,True
2019,305,True,True,True,True
2019,30517,True,True,True,True
2019,3076,True,True,True,True
2019,3081,True,True,True,True
2019,3093,True,True,True,True
2019,3113,True,True,True,True
2019,31833,True,True,True,True
2019,3203,True,True,True,True
2019,3208,True,True,True,True
2019,3222,True,True,True,True
2019,3226,True,True,True,True
2019,3245,True,True,True,True
2019,3248,True,True,True,True
2019,3249,True,True,True,True
2019,3250,True,True,True,True
2019,3264,True,True,True,True
2019,3265,True,True,False,False
2019,3266,True,True,True,True
2019,3268,True,True,True,True
2019,3273,True,True,True,True
2019,3278,True,True,True,True
2019,3282,True,True,True,True
2019,3287,True,True,True,True
2019,329,True,True,True,True
2019,3291,True,True,True,True
2019,3293,True,True,True,True
2019,3295,True,True,True,True
2019,3314,True,True,True,True
2019,3329,True,True,True,True
2019,3355,True,True,True,True
2019,3400,True,True,True,True
2019,3408,True,True,True,True
2019,3413,True,True,True,True
2019,3420,True,True,True,True
2019,3436,True,True,True,True
2019,3461,True,True,True,True
2019,3470,True,True,True,True
2019,3477,True,True,True,True
2019,3478,True,True,True,True
2019,3486,True,True,True,True
2019,3502,True,True,True,True
2019,3503,True,True,False,False
2019,3522,True,True,True,True
2019,3527,True,True,True,True
2019,3542,True,True,True,True
2019,3597,True,True,True,True
2019,3600,True,True,False,False
2019,36189,True,True,True,True
2019,3634,True,True,True,True
2019,3644,True,True,True,True
2019,3647,True,True,True,True
2019,3660,True,True,True,True
2019,3687,True,True,True,True
2019,3712,True,True,True,True
2019,3722,True,True,True,True
2019,3726,True,True,True,True
2019,3739,True,True,True,True
2019,3755,True,True,True,True
2019,3757,True,True,True,True
2019,3758,True,True,True,True
2019,3762,True,True,True,True
2019,3764,True,True,True,True
2019,3774,True,True,True,True
2019,3804,True,True,True,True
2019,38084,True,True,True,True
2019,3812,True,True,True,True
2019,3828,True,True,True,True
2019,3841,True,True,True,True
2019,3843,True,True,True,True
2019,3844,True,True,True,True
2019,3855,True,True,True,True
2019,3881,True,True,True,True
2019,3892,True,True,True,True
2019,3915,True,True,True,True
2019,3916,True,True,True,True
2019,392,True,True,True,True
2019,3940,True,True,True,True
2019,3989,True,True,True,True
2019,40051,True,True,True,True
2019,4008,True,True,True,True
2019,40166,True,True,True,True
2019,40228,True,True,True,True
2019,40236,True,True,True,True
2019,40291,True,True,True,True
2019,40302,True,True,True,True
2019,40304,True,True,True,True
2019,4040,True,True,True,True
2019,4041,True,True,True,True
2019,40438,True,True,True,True
2019,4045,True,True,True,True
2019,40606,True,True,True,True
2019,4063,True,True,True,True
2019,4065,True,True,True,True
2019,4068,True,True,True,True
2019,407,True,True,True,True
2019,4110,True,True,True,True
2019,4117,True,True,True,True
2019,4146,True,True,True,True
2019,4150,True,True,True,True
2019,4176,True,True,True,True
2019,4226,True,True,True,True
2019,4237,True,True,True,True
2019,4254,True,True,False,False
2019,4262,True,True,True,True
2019,4265,True,True,True,True
2019,4280,True,True,True,True
2019,4296,True,True,True,True
2019,4317,True,True,True,True
2019,4327,True,True,False,False
2019,4346,True,True,False,False
2019,4362,True,True,False,False
2019,4365,True,True,True,True
2019,4373,True,True,True,True
2019,4401,True,True,True,True
2019,4430,True,True,True,True
2019,4432,True,True,True,True
2019,44372,True,True,True,True
2019,4442,True,True,True,True
2019,4471,True,True,False,False
2019,4508,True,True,True,True
2019,4509,True,True,True,True
2019,4524,True,True,True,True
2019,4577,True,True,True,True
2019,4618,True,True,True,True
2019,4622,True,True,True,True
2019,4624,True,True,True,True
2019,4675,True,True,False,False
2019,4683,True,True,True,True
2019,4704,True,True,True,True
2019,4717,True,True,True,True
2019,4743,True,True,True,True
2019,4796,True,True,True,True
2019,4848,True,True,True,True
2019,4911,True,True,True,True
2019,4922,True,True,True,True
2019,4939,True,True,True,True
2019,4958,True,True,True,True
2019,4960,True,True,True,True
2019,4975,True,True,True,True
2019,49986,True,True,True,True
2019,5021,True,True,True,True
2019,5027,True,True,False,False
2019,5063,True,True,True,True
2019,5070,True,True,True,True
2019,5078,True,True,True,True
2019,5109,True,True,False,False
2019,5111,True,True,True,True
2019,5148,True,True,True,True
2019,5175,True,True,True,True
2019,5202,True,True,False,False
2019,5204,True,True,True,True
2019,5336,True,True,True,True
2019,5394,True,True,True,True
2019,5399,True,True,True,True
2019,5416,True,True,True,True
2019,5417,True,True,False,False
2019,5429,True,True,True,True
2019,5438,True,True,True,True
2019,5487,True,True,True,True
2019,54913,True,True,True,True
2019,5509,True,True,True,True
2019,5531,True,True,True,True
2019,554,True,True,True,True
2019,5574,True,True,True,True
2019,5575,True,True,True,True
2019,5578,True,True,True,True
2019,55787,True,True,True,True
2019,5585,True,True,True,True
2019,5588,True,True,True,True
2019,55937,True,True,True,True
2019,5598,True,True,True,True
2019,55982,True,True,True,True
2019,5605,True,True,True,True
2019,5609,True,True,True,True
2019,56146,True,True,True,True
2019,562,True,True,True,True
2019,5625,True,True,True,True
2019,5632,True,True,True,True
2019,5644,True,True,True,True
2019,5656,True,True,True,True
2019,5661,True,True,True,True
2019,56697,True,True,False,False
2019,5701,True,True,False,False
2019,57483,True,True,True,True
2019,5773,True,True,True,True
2019,5780,True,True,True,True
2019,58124,True,True,True,True
2019,5860,True,True,False,False
2019,5862,True,True,True,True
2019,590,True,True,True,True
2019,59013,True,True,True,True
2019,5905,True,True,True,True
2019,5915,True,True,True,True
2019,5929,True,True,True,True
2019,5930,True,True,True,True
2019,5935,True,True,True,True
2019,5961,True,True,True,True
2019,599,True,True,True,True
2019,6022,True,True,True,True
2019,60482,True,True,True,True
2019,60631,True,True,True,True
2019,60839,True,True,True,True
2019,6112,True,True,True,True
2019,6145,True,True,True,True
2019,6168,True,True,True,True
2019,6169,True,True,True,True
2019,6173,True,True,True,True
2019,6181,True,True,True,True
2019,6182,True,True,True,True
2019,6194,True,True,True,True
2019,6198,True,True,True,True
2019,6204,True,True,True,True
2019,6234,True,True,True,True
2019,6235,True,True,True,True
2019,6258,True,True,True,True
2019,6272,True,True,True,True
2019,6335,True,True,True,True
2019,6342,True,True,True,True
2019,636,True,True,True,True
2019,6374,True,True,True,True
2019,6395,True,True,True,True
2019,6411,True,True,True,True
2019,6424,True,True,True,True
2019,6427,True,True,True,True
2019,6431,True,True,True,True
2019,6442,True,True,True,True
2019,6443,True,True,True,True
2019,6452,True,True,False,False
2019,6455,True,True,True,True
2019,6457,True,True,True,True
2019,6491,True,True,True,True
2019,6582,True,True,True,True
2019,6604,True,True,True,True
2019,6608,True,True,True,True
2019,6616,True,True,False,False
2019,6640,True,True,True,True
2019,6641,True,True,True,True
2019,6708,True,True,True,True
2019,6709,True,True,True,True
2019,6716,True,True,True,True
2019,6722,True,True,True,True
2019,6775,True,True,True,True
2019,6779,True,True,True,True
2019,6782,True,True,True,True
2019,6784,True,True,True,True
2019,6804,True,True,True,True
2019,6839,True,True,True,True
2019,689,True,True,True,True
2019,6894,True,True,True,True
2019,6909,True,True,True,True
2019,6923,True,True,True,True
2019,694,True,True,True,True
2019,6957,True,True,True,True
2019,6958,True,True,True,True
2019,7027,True,True,True,True
2019,7090,True,True,True,True
2019,7096,True,True,True,True
2019,7129,True,True,True,True
2019,7140,True,True,True,True
2019,7174,True,True,True,True
2019,7222,True,True,True,True
2019,7264,True,True,True,True
2019,727,True,True,True,True
2019,7270,True,True,True,True
2019,7294,True,True,True,True
2019,7303,True,True,True,True
2019,733,True,True,False,False
2019,7353,True,True,True,True
2019,7450,True,True,True,True
2019,7456,True,True,True,True
2019,7460,True,True,True,True
2019,7483,True,True,True,True
2019,7489,True,True,True,True
2019,7490,True,True,True,True
2019,7496,True,True,True,True
2019,7548,True,True,True,True
2019,7558,True,True,True,True
2019,7559,True,True,True,True
2019,7563,True,True,True,True
2019,7601,True,True,True,True
2019,7624,True,True,True,True
2019,7625,True,True,True,True
2019,7634,True,True,True,True
2019,7639,True,True,True,True
2019,7651,True,True,True,True
2019,7654,True,True,True,True
2019,7715,True,True,True,True
2019,7716,True,True,True,True
2019,7720,True,True,True,True
2019,7752,True,True,True,True
2019,7785,True,True,True,True
2019,7787,True,True,True,True
2019,7801,True,True,True,True
2019,7864,True,True,True,True
2019,7870,True,True,True,True
2019,7887,True,True,True,True
2019,7891,True,True,True,True
2019,7977,True,True,True,True
2019,7978,True,True,True,True
2019,8000,True,True,True,True
2019,803,True,True,True,True
2019,8034,True,True,True,True
2019,8055,True,True,True,True
2019,8104,True,True,True,True
2019,8122,True,True,True,True
2019,814,True,True,False,False
2019,8147,True,True,True,True
2019,817,True,True,True,True
2019,8179,True,True,True,True
2019,8192,True,True,True,True
2019,8198,True,True,True,True
2019,8199,True,True,True,True
2019,8210,True,True,True,True
2019,8212,True,True,True,True
2019,8245,True,True,True,True
2019,8276,True,True,True,True
2019,8283,True,True,True,True
2019,8287,True,True,True,True
2019,8319,True,True,True,True
2019,8333,True,True,True,True
2019,8366,True,True,True,True
2019,84,True,True,True,True
2019,8447,True,True,True,True
2019,8449,True,True,True,True
2019,8466,True,True,True,True
2019,8493,True,True,True,True
2019,8515,True,True,True,True
2019,8543,True,True,False,False
2019,8566,True,True,True,True
2019,8567,True,True,True,True
2019,8571,True,True,True,True
2019,8573,True,True,False,False
2019,8620,True,True,True,True
2019,8631,True,True,True,True
2019,8699,True,True,True,True
2019,8723,True,True,True,True
2019,8761,True,True,True,True
2019,8764,True,True,True,True
2019,8773,True,True,True,True
2019,8774,True,True,True,True
2019,8786,True,True,True,True
2019,8795,True,True,True,True
2019,8796,True,True,True,True
2019,8824,True,True,True,True
2019,8840,True,True,True,True
2019,887,True,True,True,True
2019,8898,True,True,True,True
2019,8901,True,True,True,True
2019,8972,True,True,True,True
2019,8973,True,True,True,True
2019,902,True,True,True,True
2019,9087,True,True,True,True
2019,9094,True,True,True,True
2019,9096,True,True,True,True
2019,9128,True,True,True,True
2019,9144,True,True,True,True
2019,9187,True,True,True,True
2019,9191,True,True,True,True
2019,9209,True,True,True,True
2019,9216,True,True,True,True
2019,9230,True,True,True,True
2019,9231,True,True,True,True
2019,9246,True,True,True,True
2019,925,True,True,True,True
2019,9273,True,True,True,True
2019,9292,True,True,True,True
2019,9324,True,True,False,False
2019,9331,True,True,True,True
2019,9336,True,True,True,True
2019,9417,True,True,True,True
2019,9425,True,True,True,True
2019,9442,True,True,True,True
2019,9475,True,True,True,True
2019,9572,True,True,True,True
2019,9575,True,True,True,True
2019,9576,True,True,True,True
2019,9601,True,True,True,True
2019,9603,True,True,True,True
2019,9605,True,True,True,True
2019,9610,True,True,True,True
2019,9612,True,True,True,True
2019,9613,True,True,True,True
2019,9616,True,True,False,False
2019,9617,True,True,False,False
2019,963,True,True,True,True
2019,9665,True,True,True,True
2019,9667,True,True,True,True
2019,9668,True,True,True,True
2019,9682,True,True,True,True
2019,9689,True,True,True,True
2019,9699,True,True,True,True
2019,97,True,True,True,True
2019,9726,True,True,True,True
2019,9739,True,True,True,True
2019,9750,True,True,True,True
2019,9777,True,True,True,True
2019,9778,True,True,True,True
2019,9806,True,True,True,True
2019,9837,True,True,True,True
2019,9964,True,True,True,True
2019,9991,True,True,True,True
2019,9996,True,True,True,True
2020,10000,True,True,True,True
2020,10005,True,True,True,True
2020,10009,True,True,True,True
2020,10019,True,True,True,True
2020,10056,True,True,True,True
2020,10071,True,True,True,True
2020,1009,True,True,True,True
2020,1015,True,True,True,True
2020,10170,True,True,True,True
2020,10171,True,True,True,True
2020,10210,True,True,True,True
2020,10226,True,True,True,True
2020,10331,True,True,True,True
2020,10345,True,True,True,True
2020,10370,True,True,False,False
2020,10376,True,True,True,True
2020,10378,True,True,True,True
2020,10393,True,True,True,True
2020,10421,True,True,True,True
2020,10448,True,True,True,True
2020,10454,True,True,True,True
2020,1050,True,True,True,True
2020,10539,True,True,True,True
2020,10579,True,True,True,True
2020,10599,True,True,True,True
2020,10603,True,True,True,True
2020,10618,True,True,True,True
2020,10620,True,True,True,True
2020,10623,True,True,True,True
2020,10624,True,True,True,True
2020,10625,True,True,True,True
2020,10668,True,True,True,True
2020,10681,True,True,True,True
2020,10697,True,True,False,False
2020,10704,True,True,True,True
2020,10768,True,True,True,True
2020,108,True,True,True,True
2020,10817,True,True,True,True
2020,10857,True,True,True,True
2020,10868,True,True,True,True
2020,10879,True,True,True,True
2020,10906,True,True,True,True
2020,10944,True,True,True,True
2020,10960,True,True,True,True
2020,10966,True,True,True,True
2020,11011,True,True,True,True
2020,11018,True,True,True,True
2020,11053,True,True,True,True
2020,11124,True,True,True,True
2020,11135,True,True,True,True
2020,11171,True,True,True,True
2020,11187,True,True,True,True
2020,11200,True,True,True,True
2020,11204,True,True,True,True
2020,11208,True,True,True,True
2020,11241,True,True,False,False
2020,11249,True,True,True,True
2020,11251,True,True,True,True
2020,11256,True,True,True,True
2020,11272,True,True,True,True
2020,11291,True,True,True,True
2020,11318,True,True,True,True
2020,11355,True,True,True,True
2020,11364,True,True,True,True
2020,11463,True,True,True,True
2020,11479,True,True,True,True
2020,1149,True,True,True,True
2020,11501,True,True,True,True
2020,11519,True,True,True,True
2020,11560,True,True,True,True
2020,11571,True,True,True,True
2020,11586,True,True,True,True
2020,11646,True,True,True,True
2020,1167,True,True,False,False
2020,11693,True,True,True,True
2020,11701,True,True,True,True
2020,11731,True,True,True,True
2020,11740,True,True,True,True
2020,1175,True,True,True,True
2020,11788,True,True,True,True
2020,11789,True,True,True,True
2020,1179,True,True,True,True
2020,11804,True,True,True,True
2020,11811,True,True,False,False
2020,11824,True,True,True,True
2020,11843,True,True,True,True
2020,12087,True,True,True,True
2020,12186,True,True,True,True
2020,12187,True,True,True,True
2020,12199,True,True,True,True
2020,12208,True,True,True,True
2020,12227,True,True,True,True
2020,12243,True,True,True,True
2020,12260,True,True,True,True
2020,12268,True,True,True,True
2020,12293,True,True,True,True
2020,12298,True,True,True,True
2020,12301,True,True,True,True
2020,12330,True,True,True,True
2020,12341,True,True,True,True
2020,12351,True,True,True,True
2020,12377,True,True,False,False
2020,12390,True,True,True,True
2020,12395,True,True,True,True
2020,12439,True,True,True,True
2020,12450,True,True,True,True
2020,12452,True,True,True,True
2020,12462,True,True,True,True
2020,12470,True,True,True,True
2020,1251,True,True,True,True
2020,12515,True,True,True,True
2020,12524,True,True,True,True
2020,12532,True,True,True,True
2020,12539,True,True,True,True
2020,12546,True,True,True,True
2020,12642,True,True,True,True
2020,12647,True,True,False,False
2020,12651,True,True,True,True
2020,12685,True,True,True,True
2020,12686,True,True,True,True
2020,12692,True,True,True,True
2020,12698,True,True,False,False
2020,12706,True,True,True,True
2020,1273,True,True,True,True
2020,12745,True,True,True,True
2020,12782,True,True,True,True
2020,12796,True,True,True,True
2020,12801,True,True,True,True
2020,12825,True,True,True,True
2020,1283,True,True,True,True
2020,12860,True,True,True,True
2020,12866,True,True,True,True
2020,12894,True,True,True,True
2020,12929,True,True,True,True
2020,12944,True,True,True,True
2020,12988,True,True,True,True
2020,12990,True,True,True,True
2020,1300,True,True,True,True
2020,13027,True,True,True,True
2020,13032,True,True,True,True
2020,13050,True,True,True,True
2020,13058,True,True,True,True
2020,13137,True,True,True,True
2020,13143,True,True,True,True
2020,13145,True,True,True,True
2020,13196,True,True,True,True
2020,13206,True,True,True,True
2020,13208,True,True,True,True
2020,13214,True,True,True,True
2020,13216,True,True,True,True
2020,13227,True,True,True,True
2020,13314,True,True,True,True
2020,13337,True,True,False,False
2020,13407,True,True,True,True
2020,13416,True,True,True,True
2020,13418,True,True,True,True
2020,13441,True,True,True,True
2020,13448,True,True,True,True
2020,13478,True,True,True,True
2020,13481,True,True,False,False
2020,13482,True,True,True,True
2020,13485,True,True,True,True
2020,13511,True,True,True,True
2020,13519,True,True,True,True
2020,13524,True,True,True,True
2020,13547,True,True,True,True
2020,13573,True,True,False,False
2020,13640,True,True,False,False
2020,13647,True,True,True,True
2020,13651,True,True,True,True
2020,1366,True,True,True,True
2020,13664,True,True,True,True
2020,13676,True,True,True,True
2020,13679,True,True,True,True
2020,13693,True,True,True,True
2020,13716,True,True,True,True
2020,13718,True,True,True,True
2020,13735,True,True,True,True
2020,13750,True,True,True,True
2020,13756,True,True,False,False
2020,13757,True,True,True,True
2020,13758,True,True,True,True
2020,13780,True,True,False,False
2020,13781,True,True,True,True
2020,13783,True,True,True,True
2020,13788,True,True,True,True
2020,13799,True,True,True,True
2020,13809,True,True,True,True
2020,13830,True,True,True,True
2020,13831,True,True,True,True
2020,13936,True,True,True,True
2020,13955,True,True,True,True
2020,13963,True,True,True,True
2020,13998,True,True,True,True
2020,14006,True,True,True,True
2020,14055,True,True,True,True
2020,14062,True,True,True,True
2020,14063,True,True,True,True
2020,14109,True,True,True,True
2020,14127,True,True,True,True
2020,14146,True,True,True,True
2020,14154,True,True,True,True
2020,14170,True,True,True,True
2020,14175,True,True,True,True
2020,14192,True,True,False,False
2020,14194,True,True,True,True
2020,14232,True,True,True,True
2020,14245,True,True,True,True
2020,14246,True,True,True,True
2020,14251,True,True,True,True
2020,14268,True,True,True,True
2020,14289,True,True,True,True
2020,14328,True,True,True,True
2020,14354,True,True,True,True
2020,14371,True,True,True,True
2020,14381,True,True,True,True
2020,14398,True,True,True,True
2020,14401,True,True,True,True
2020,14424,True,True,False,False
2020,14455,True,True,True,True
2020,14468,True,True,True,True
2020,14534,True,True,True,True
2020,14557,True,True,True,True
2020,1456,True,True,True,True
2020,14563,True,True,True,True
2020,1458,True,True,True,True
2020,14606,True,True,True,True
2020,14610,True,True,True,True
2020,14624,True,True,True,True
2020,14626,True,True,True,True
2020,14668,True,True,True,True
2020,14711,True,True,True,True
2020,14715,True,True,True,True
2020,14716,True,True,True,True
2020,14717,True,True,True,True
2020,14724,True,True,True,True
2020,14775,True,True,True,True
2020,14839,True,True,True,True
2020,14864,True,True,True,True
2020,14940,True,True,True,True
2020,15016,True,True,True,True
2020,15023,True,True,True,True
2020,15045,True,True,True,True
2020,15048,True,True,True,True
2020,15054,True,True,True,True
2020,15073,True,True,True,True
2020,15095,True,True,True,True
2020,15138,True,True,True,True
2020,15175,True,True,True,True
2020,15202,True,True,True,True
2020,15229,True,True,True,True
2020,15248,True,True,True,True
2020,15257,True,True,True,True
2020,15263,True,True,True,True
2020,15270,True,True,False,False
2020,1529,True,True,True,True
2020,15291,True,True,True,True
2020,15340,True,True,True,True
2020,15344,True,True,False,False
2020,15410,True,True,True,True
2020,15419,True,True,True,True
2020,15444,True,True,True,True
2020,15466,True,True,True,True
2020,15470,True,True,True,True
2020,15472,True,True,True,True
2020,15473,True,True,False,False
2020,15474,True,True,True,True
2020,15477,True,True,True,True
2020,155,True,True,True,True
2020,15500,True,True,True,True
2020,15507,True,True,True,True
2020,15671,True,True,True,True
2020,15700,True,True,True,True
2020,15748,True,True,True,True
2020,15783,True,True,True,True
2020,1579,True,True,True,True
2020,1591,True,True,True,True
2020,15978,True,True,True,True
2020,15979,True,True,True,True
2020,15989,True,True,True,True
2020,16057,True,True,True,True
2020,16060,True,True,True,True
2020,16063,True,True,True,True
2020,16082,True,True,False,False
2020,16088,True,True,True,True
2020,16101,True,True,True,True
2020,1613,True,True,True,True
2020,16146,True,True,True,True
2020,16179,True,True,True,True
2020,16181,True,True,True,True
2020,16183,True,True,True,True
2020,16195,True,True,True,True
2020,16196,True,True,True,True
2020,162,True,True,True,True
2020,16213,True,True,True,True
2020,16223,True,True,True,True
2020,16226,True,True,True,True
2020,1625,True,True,True,True
2020,16259,True,True,True,True
2020,16295,True,True,True,True
2020,16368,True,True,True,True
2020,16382,True,True,True,True
2020,16461,True,True,True,True
2020,16463,True,True,True,True
2020,16496,True,True,True,True
2020,16534,True,True,True,True
2020,16555,True,True,True,True
2020,16558,True,True,False,False
2020,16572,True,True,True,True
2020,16587,True,True,True,True
2020,16603,True,True,True,True
2020,16604,True,True,True,True
2020,16606,True,True,True,True
2020,16609,True,True,True,True
2020,16611,True,True,True,True
2020,16613,True,True,True,True
2020,16616,True,True,True,True
2020,16627,True,True,True,True
2020,16638,True,True,True,True
2020,16655,True,True,True,True
2020,16740,True,True,True,True
2020,16751,True,True,True,True
2020,16805,True,True,True,True
2020,16829,True,True,True,True
2020,16865,True,True,True,True
2020,16868,True,True,True,True
2020,16900,True,True,True,True
2020,16930,True,True,True,True
2020,16949,True,True,True,True
2020,16971,True,True,True,True
2020,17011,True,True,True,True
2020,17038,True,True,True,True
2020,17044,True,True,True,True
2020,17047,True,True,True,True
2020,17066,True,True,True,True
2020,1708,True,True,True,True
2020,17127,True,True,True,True
2020,17166,True,True,True,True
2020,17177,True,True,True,True
2020,17184,True,True,True,True
2020,1723,True,True,True,True
2020,17252,True,True,True,True
2020,17260,True,True,True,True
2020,17267,True,True,True,True
2020,17324,True,True,True,True
2020,17470,True,True,True,True
2020,17534,True,True,True,True
2020,17539,True,True,True,True
2020,17543,True,True,True,True
2020,17550,True,True,True,True
2020,17564,True,True,True,True
2020,17565,True,True,False,False
2020,17572,True,True,True,True
2020,17585,True,True,True,True
2020,17592,True,True,True,True
2020,17599,True,True,True,True
2020,17603,True,True,True,True
2020,17609,True,True,True,True
2020,17612,True,True,True,True
2020,1763,True,True,True,True
2020,17633,True,True,True,True
2020,17637,True,True,False,False
2020,17647,True,True,True,True
2020,17671,True,True,True,True
2020,17683,True,True,True,True
2020,17684,True,True,False,False
2020,1769,True,True,False,False
2020,17692,True,True,True,True
2020,17694,True,True,True,True
2020,17697,True,True,False,False
2020,17698,True,True,False,False
2020,17718,True,True,True,True
2020,1775,True,True,True,True
2020,17828,True,True,True,True
2020,17832,True,True,True,True
2020,17833,True,True,True,True
2020,17839,True,True,True,True
2020,17845,True,True,True,True
2020,17860,True,True,True,True
2020,17874,True,True,True,True
2020,18006,True,True,True,True
2020,18019,True,True,True,True
2020,18022,True,True,True,True
2020,18047,True,True,True,True
2020,18085,True,True,True,True
2020,18087,True,True,True,True
2020,18125,True,True,True,True
2020,18181,True,True,True,True
2020,18203,True,True,True,True
2020,18206,True,True,True,True
2020,18249,True,True,True,True
2020,18280,True,True,True,True
2020,18304,True,True,True,True
2020,18336,True,True,True,True
2020,18339,True,True,True,True
2020,18360,True,True,True,True
2020,18429,True,True,True,True
2020,18445,True,True,True,True
2020,18449,True,True,True,True
2020,18454,True,True,True,True
2020,18488,True,True,True,True
2020,18498,True,True,True,True
2020,18499,True,True,True,True
2020,18643,True,True,True,True
2020,1884,True,True,True,True
2020,18848,True,True,True,True
2020,1886,True,True,True,True
2020,1889,True,True,True,True
2020,1890,True,True,True,True
2020,1892,True,True,True,True
2020,18940,True,True,True,True
2020,18955,True,True,False,False
2020,18956,True,True,True,True
2020,18957,True,True,True,True
2020,18976,True,True,True,True
2020,18997,True,True,True,True
2020,19108,True,True,True,True
2020,19125,True,True,True,True
2020,19156,True,True,True,True
2020,19157,True,True,True,True
2020,19159,True,True,True,True
2020,19160,True,True,True,True
2020,19161,True,True,True,True
2020,19162,True,True,True,True
2020,19189,True,True,True,True
2020,19219,True,True,True,True
2020,19225,True,True,True,True
2020,19266,True,True,True,True
2020,19281,True,True,True,True
2020,19293,True,True,True,True
2020,19324,True,True,True,True
2020,19325,True,True,True,True
2020,1936,True,True,True,True
2020,19390,True,True,True,True
2020,19396,True,True,True,True
2020,19435,True,True,True,True
2020,19436,True,True,False,False
2020,19445,True,True,True,True
2020,19446,True,True,True,True
2020,19490,True,True,True,True
2020,19497,True,True,True,True
2020,19499,True,True,True,True
2020,195,True,True,False,False
2020,19501,True,True,True,True
2020,19545,True,True,True,True
2020,19547,True,True,True,True
2020,19558,True,True,True,True
2020,19574,True,True,True,True
2020,19578,True,True,True,True
2020,19579,True,True,True,True
2020,19667,True,True,True,True
2020,19728,True,True,True,True
2020,19785,True,True,True,True
2020,19790,True,True,True,True
2020,19791,True,True,True,True
2020,19798,True,True,True,True
2020,19806,True,True,True,True
2020,19820,True,True,True,True
2020,19840,True,True,True,True
2020,19876,True,True,False,False
2020,19882,True,True,True,True
2020,19898,True,True,True,True
2020,19951,True,True,True,True
2020,19981,True,True,True,True
2020,2001,True,True,True,True
2020,20038,True,True,True,True
2020,20065,True,True,True,True
2020,20130,True,True,True,True
2020,20146,True,True,True,True
2020,20169,True,True,True,True
2020,20187,True,True,True,True
2020,20211,True,True,True,True
2020,20213,True,True,True,True
2020,20216,True,True,True,True
2020,20228,True,True,True,True
2020,20230,True,True,True,True
2020,20310,True,True,True,True
2020,20318,True,True,True,True
2020,20334,True,True,True,True
2020,20363,True,True,True,True
2020,20377,True,True,True,True
2020,20387,True,True,True,True
2020,20401,True,True,False,False
2020,20404,True,True,True,True
2020,20477,True,True,True,True
2020,20481,True,True,True,True
2020,2049,True,True,True,True
2020,20510,True,True,True,True
2020,20521,True,True,True,True
2020,2054,True,True,True,True
2020,2056,True,True,True,True
2020,20576,True,True,True,True
2020,20603,True,True,True,True
2020,20639,True,True,True,True
2020,207,True,True,True,True
2020,20737,True,True,True,True
2020,20785,True,True,True,True
2020,20841,True,True,True,True
2020,20847,True,True,True,True
2020,20856,True,True,True,True
2020,20860,True,True,True,True
2020,20862,True,True,True,True
2020,20885,True,True,True,True
2020,2089,True,True,True,True
2020,20927,True,True,True,True
2020,20948,True,True,True,True
2020,20963,True,True,False,False
2020,20996,True,True,True,True
2020,21002,True,True,True,True
2020,21013,True,True,True,True
2020,21048,True,True,True,True
2020,21075,True,True,True,True
2020,21081,True,True,True,True
2020,21111,True,True,True,True
2020,21158,True,True,True,True
2020,21244,True,True,True,True
2020,213,True,True,True,True
2020,2144,True,True,True,True
2020,21513,True,True,True,True
2020,21538,True,True,True,True
2020,21567,True,True,False,False
2020,21632,True,True,True,True
2020,219,True,True,False,False
2020,22053,True,True,True,True
2020,2212,True,True,True,True
2020,2247,True,True,True,True
2020,2248,True,True,True,True
2020,22500,True,True,True,True
2020,22815,True,True,True,True
2020,22822,True,True,True,True
2020,232,True,True,True,True
2020,240,True,True,True,True
2020,2409,True,True,True,True
2020,241,True,True,True,True
2020,24211,True,True,True,True
2020,2442,True,True,True,True
2020,24590,True,True,True,True
2020,24753,True,True,True,True
2020,24889,True,True,True,True
2020,24949,True,True,True,True
2020,2502,True,True,True,True
2020,2507,True,True,True,True
2020,25177,True,True,True,True
2020,25295,True,True,True,True
2020,2548,True,True,True,True
2020,2651,True,True,True,True
2020,26510,True,True,True,True
2020,2652,True,True,True,True
2020,27222,True,True,True,True
2020,27238,True,True,False,False
2020,27599,True,True,True,True
2020,276,True,True,True,True
2020,2812,True,True,True,True
2020,2849,True,True,True,True
2020,28541,True,True,True,True
2020,28604,True,True,True,True
2020,28978,True,True,True,True
2020,2911,True,True,True,True
2020,295,True,True,True,True
2020,296,True,True,True,True
2020,2960,True,True,True,True
2020,2985,True,True,True,True
2020,3046,True,True,True,True
2020,305,True,True,True,True
2020,30518,True,True,True,True
2020,3081,True,True,True,True
2020,3093,True,True,True,True
2020,3113,True,True,True,True
2020,31833,True,True,True,True
2020,3203,True,True,True,True
2020,3208,True,True,True,True
2020,3222,True,True,True,True
2020,3226,True,True,True,True
2020,3245,True,True,True,True
2020,3248,True,True,True,True
2020,3249,True,True,True,True
2020,3250,True,True,True,True
2020,3264,True,True,True,True
2020,3265,True,True,False,False
2020,3266,True,True,True,True
2020,3268,True,True,True,True
2020,3273,True,True,True,True
2020,3278,True,True,True,True
2020,3282,True,True,True,True
2020,3287,True,True,True,True
2020,3291,True,True,True,True
2020,3295,True,True,True,True
2020,3329,True,True,True,True
2020,3355,True,True,True,True
2020,3400,True,True,True,True
2020,3408,True,True,True,True
2020,3413,True,True,True,True
2020,3436,True,True,True,True
2020,3461,True,True,True,True
2020,3470,True,True,True,True
2020,3477,True,True,True,True
2020,3478,True,True,True,True
2020,3502,True,True,True,True
2020,3503,True,True,False,False
2020,3522,True,True,True,True
2020,3527,True,True,True,True
2020,3542,True,True,True,True
2020,3597,True,True,True,True
2020,3600,True,True,False,False
2020,3644,True,True,True,True
2020,3647,True,True,True,True
2020,3660,True,True,True,True
2020,3687,True,True,True,True
2020,3704,True,True,True,True
2020,3712,True,True,True,True
2020,3755,True,True,True,True
2020,3757,True,True,True,True
2020,3758,True,True,True,True
2020,3762,True,True,True,True
2020,38084,True,True,True,True
2020,3812,True,True,True,True
2020,3828,True,True,True,True
2020,3841,True,True,True,True
2020,3843,True,True,True,True
2020,3855,True,True,True,True
2020,3892,True,True,True,True
2020,3915,True,True,True,True
2020,3916,True,True,True,True
2020,392,True,True,True,True
2020,3940,True,True,True,True
2020,3989,True,True,True,True
2020,40051,True,True,True,True
2020,40165,True,True,True,True
2020,40166,True,True,True,True
2020,40228,True,True,True,True
2020,40236,True,True,True,True
2020,40302,True,True,True,True
2020,40304,True,True,True,True
2020,4041,True,True,True,True
2020,40438,True,True,True,True
2020,4045,True,True,True,True
2020,40606,True,True,True,True
2020,4063,True,True,True,True
2020,4065,True,True,True,True
2020,4068,True,True,True,True
2020,407,True,True,True,True
2020,4110,True,True,True,True
2020,4146,True,True,True,True
2020,4150,True,True,True,True
2020,4176,True,True,True,True
2020,4226,True,True,True,True
2020,4237,True,True,True,True
2020,4254,True,True,False,False
2020,4262,True,True,True,True
2020,4265,True,True,True,True
2020,4280,True,True,True,True
2020,4296,True,True,True,True
2020,4317,True,True,True,True
2020,4327,True,True,False,False
2020,4362,True,True,False,False
2020,4373,True,True,True,True
2020,4401,True,True,True,True
2020,4430,True,True,True,True
2020,4432,True,True,True,True
2020,44372,True,True,True,True
2020,4442,True,True,True,True
2020,4508,True,True,True,True
2020,4509,True,True,True,True
2020,4524,True,True,True,True
2020,4577,True,True,True,True
2020,4618,True,True,True,True
2020,4622,True,True,True,True
2020,4624,True,True,True,True
2020,4675,True,True,False,False
2020,4683,True,True,True,True
2020,4717,True,True,True,True
2020,4743,True,True,True,True
2020,4848,True,True,True,True
2020,4911,True,True,True,True
2020,4922,True,True,True,True
2020,4939,True,True,True,True
2020,4958,True,True,True,True
2020,4960,True,True,True,True
2020,4975,True,True,True,True
2020,5027,True,True,False,False
2020,5063,True,True,True,True
2020,5070,True,True,True,True
2020,5078,True,True,True,True
2020,5109,True,True,False,False
2020,5148,True,True,True,True
2020,5175,True,True,True,True
2020,5202,True,True,False,False
2020,5204,True,True,True,True
2020,5336,True,True,True,True
2020,5394,True,True,True,True
2020,5399,True,True,True,True
2020,5416,True,True,True,True
2020,5417,True,True,False,False
2020,5480,True,True,True,True
2020,5487,True,True,True,True
2020,54913,True,True,True,True
2020,5509,True,True,True,True
2020,554,True,True,True,True
2020,5574,True,True,True,True
2020,5578,True,True,True,True
2020,55787,True,True,True,True
2020,5585,True,True,True,True
2020,5588,True,True,True,True
2020,55937,True,True,True,True
2020,5598,True,True,True,True
2020,55982,True,True,True,True
2020,5605,True,True,True,True
2020,5609,True,True,True,True
2020,56146,True,True,True,True
2020,562,True,True,True,True
2020,5625,True,True,True,True
2020,5644,True,True,True,True
2020,5656,True,True,True,True
2020,5661,True,True,True,True
2020,56697,True,True,False,False
2020,5701,True,True,False,False
2020,57483,True,True,True,True
2020,5773,True,True,True,True
2020,5780,True,True,True,True
2020,5860,True,True,False,False
2020,5862,True,True,True,True
2020,590,True,True,True,True
2020,59013,True,True,True,True
2020,5905,True,True,True,True
2020,5929,True,True,True,True
2020,5930,True,True,True,True
2020,5961,True,True,True,True
2020,599,True,True,True,True
2020,6022,True,True,True,True
2020,60482,True,True,True,True
2020,60631,True,True,True,True
2020,60839,True,True,True,True
2020,6169,True,True,True,True
2020,6181,True,True,True,True
2020,6182,True,True,True,True
2020,6194,True,True,True,True
2020,6198,True,True,True,True
2020,6204,True,True,True,True
2020,6234,True,True,True,True
2020,6235,True,True,True,True
2020,6258,True,True,True,True
2020,6342,True,True,True,True
2020,636,True,True,True,True
2020,6374,True,True,True,True
2020,6395,True,True,True,True
2020,6411,True,True,True,True
2020,6424,True,True,True,True
2020,6427,True,True,True,True
2020,6442,True,True,True,True
2020,6443,True,True,True,True
2020,6452,True,True,False,False
2020,6455,True,True,True,True
2020,6457,True,True,True,True
2020,6491,True,True,True,True
2020,6582,True,True,True,True
2020,6604,True,True,True,True
2020,6608,True,True,True,True
2020,6616,True,True,False,False
2020,6640,True,True,True,True
2020,6641,True,True,True,True
2020,6708,True,True,True,True
2020,6709,True,True,True,True
2020,6716,True,True,True,True
2020,6775,True,True,True,True
2020,6779,True,True,True,True
2020,6782,True,True,True,True
2020,6784,True,True,True,True
2020,689,True,True,True,True
2020,6894,True,True,True,True
2020,6909,True,True,True,True
2020,691,True,True,True,True
2020,6923,True,True,True,True
2020,6957,True,True,True,True
2020,6958,True,True,True,True
2020,7027,True,True,True,True
2020,7090,True,True,True,True
2020,7096,True,True,True,True
2020,7129,True,True,True,True
2020,7140,True,True,True,True
2020,7174,True,True,True,True
2020,7222,True,True,True,True
2020,7264,True,True,True,True
2020,727,True,True,True,True
2020,7270,True,True,True,True
2020,7294,True,True,True,True
2020,733,True,True,False,False
2020,7353,True,True,True,True
2020,7450,True,True,True,True
2020,7483,True,True,True,True
2020,7490,True,True,True,True
2020,7548,True,True,True,True
2020,7558,True,True,True,True
2020,7559,True,True,True,True
2020,7563,True,True,True,True
2020,7601,True,True,True,True
2020,7625,True,True,True,True
2020,7627,True,True,True,True
2020,7634,True,True,True,True
2020,7639,True,True,True,True
2020,7651,True,True,True,True
2020,7654,True,True,True,True
2020,7716,True,True,True,True
2020,7752,True,True,True,True
2020,7785,True,True,True,True
2020,7801,True,True,True,True
2020,7887,True,True,True,True
2020,7891,True,True,True,True
2020,7977,True,True,True,True
2020,8000,True,True,True,True
2020,803,True,True,True,True
2020,8034,True,True,True,True
2020,8055,True,True,True,True
2020,814,True,True,False,False
2020,8147,True,True,True,True
2020,817,True,True,True,True
2020,8179,True,True,True,True
2020,8198,True,True,True,True
2020,8210,True,True,True,True
2020,8212,True,True,True,True
2020,8245,True,True,True,True
2020,8287,True,True,True,True
2020,8319,True,True,True,True
2020,8333,True,True,True,True
2020,84,True,True,True,True
2020,8447,True,True,True,True
2020,8449,True,True,True,True
2020,8566,True,True,True,True
2020,8571,True,True,True,True
2020,8620,True,True,True,True
2020,8699,True,True,True,True
2020,8723,True,True,True,True
2020,8761,True,True,True,True
2020,8764,True,True,True,True
2020,8773,True,True,True,True
2020,8774,True,True,True,True
2020,8786,True,True,True,True
2020,8795,True,True,True,True
2020,8840,True,True,True,True
2020,8898,True,True,True,True
2020,8901,True,True,True,True
2020,8973,True,True,True,True
2020,9087,True,True,True,True
2020,9094,True,True,True,True
2020,9096,True,True,True,True
2020,9187,True,True,True,True
2020,9191,True,True,True,True
2020,9216,True,True,True,True
2020,9230,True,True,True,True
2020,9231,True,True,True,True
2020,9246,True,True,True,True
2020,9273,True,True,True,True
2020,9292,True,True,True,True
2020,9324,True,True,False,False
2020,9331,True,True,True,True
2020,9336,True,True,True,True
2020,9417,True,True,True,True
2020,9425,True,True,True,True
2020,9475,True,True,True,True
2020,9575,True,True,True,True
2020,9576,True,True,True,True
2020,9601,True,True,True,True
2020,9605,True,True,True,True
2020,9612,True,True,True,True
2020,9613,True,True,True,True
2020,9616,True,True,False,False
2020,9617,True,True,False,False
2020,963,True,True,True,True
2020,9665,True,True,True,True
2020,9667,True,True,True,True
2020,9668,True,True,True,True
2020,9682,True,True,True,True
2020,9689,True,True,True,True
2020,9699,True,True,True,True
2020,9726,True,True,True,True
2020,9739,True,True,True,True
2020,9750,True,True,True,True
2020,9777,True,True,True,True
2020,9778,True,True,True,True
2020,9837,True,True,True,True
2020,9964,True,True,True,True
2020,9996,True,True,True,True
2021,10000,True,True,True,True
2021,10005,True,True,True,True
2021,10009,True,True,True,True
2021,10019,True,True,True,True
2021,10056,True,True,True,True
2021,10071,True,True,True,True
2021,1009,True,True,True,True
2021,1015,True,True,True,True
2021,10170,True,True,True,True
2021,10171,True,True,True,True
2021,10210,True,True,True,True
2021,10226,True,True,True,True
2021,10331,True,True,True,True
2021,10345,True,True,True,True
2021,10370,True,True,False,False
2021,10376,True,True,True,True
2021,10378,True,True,True,True
2021,10393,True,True,True,True
2021,10421,True,True,True,True
2021,10448,True,True,True,True
2021,10454,True,True,True,True
2021,1050,True,True,True,True
2021,10539,True,True,True,True
2021,10579,True,True,True,True
2021,10599,True,True,True,True
2021,10603,True,True,True,True
2021,10618,True,True,True,True
2021,10620,True,True,True,True
2021,10623,True,True,True,True
2021,10624,True,True,True,True
2021,10625,True,True,True,True
2021,10668,True,True,True,True
2021,10681,True,True,True,True
2021,10697,True,True,False,False
2021,10704,True,True,True,True
2021,10768,True,True,True,True
2021,108,True,True,True,True
2021,10817,True,True,True,True
2021,10857,True,True,True,True
2021,10868,True,True,True,True
2021,10879,True,True,True,True
2021,10906,True,True,True,True
2021,10944,True,True,True,True
2021,10960,True,True,True,True
2021,10966,True,True,True,True
2021,11011,True,True,True,True
2021,11018,True,True,True,True
2021,11053,True,True,True,True
2021,11124,True,True,True,True
2021,11135,True,True,True,True
2021,11171,True,True,True,True
2021,11187,True,True,True,True
2021,11200,True,True,True,True
2021,11204,True,True,True,True
2021,11208,True,True,True,True
2021,11241,True,True,False,False
2021,11249,True,True,True,True
2021,11251,True,True,True,True
2021,11256,True,True,True,True
2021,11272,True,True,True,True
2021,11291,True,True,True,True
2021,11318,True,True,True,True
2021,11355,True,True,True,True
2021,11364,True,True,True,True
2021,11463,True,True,True,True
2021,11479,True,True,True,True
2021,1149,True,True,True,True
2021,11501,True,True,True,True
2021,11519,True,True,True,True
2021,11560,True,True,True,True
2021,11571,True,True,True,True
2021,11586,True,True,True,True
2021,11646,True,True,True,True
2021,1167,True,True,False,False
2021,11693,True,True,True,True
2021,11701,True,True,True,True
2021,11731,True,True,True,True
2021,11740,True,True,True,True
2021,1175,True,True,True,True
2021,11788,True,True,True,True
2021,11789,True,True,True,True
2021,1179,True,True,True,True
2021,11804,True,True,True,True
2021,11811,True,True,False,False
2021,11824,True,True,True,True
2021,11843,True,True,True,True
2021,12087,True,True,True,True
2021,12186,True,True,True,True
2021,12187,True,True,True,True
2021,12199,True,True,True,True
2021,12208,True,True,True,True
2021,12227,True,True,True,True
2021,12243,True,True,True,True
2021,12260,True,True,True,True
2021,12268,True,True,True,True
2021,12293,True,True,True,True
2021,12298,True,True,True,True
2021,12301,True,True,True,True
2021,12330,True,True,True,True
2021,12341,True,True,True,True
2021,12351,True,True,True,True
2021,12377,True,True,False,False
2021,12390,True,True,True,True
2021,12395,True,True,True,True
2021,12439,True,True,True,True
2021,12450,True,True,True,True
2021,12452,True,True,True,True
2021,12462,True,True,True,True
2021,12470,True,True,True,True
2021,1251,True,True,True,True
2021,12515,True,True,True,True
2021,12524,True,True,True,True
2021,12532,True,True,True,True
2021,12539,True,True,True,True
2021,12546,True,True,True,True
2021,12642,True,True,True,True
2021,12647,True,True,False,False
2021,12651,True,True,True,True
2021,12685,True,True,True,True
2021,12686,True,True,True,True
2021,12692,True,True,True,True
2021,12698,True,True,False,False
2021,12706,True,True,True,True
2021,1273,True,True,True,True
2021,12745,True,True,True,True
2021,12782,True,True,True,True
2021,12796,True,True,True,True
2021,12801,True,True,True,True
2021,12825,True,True,True,True
2021,1283,True,True,True,True
2021,12860,True,True,True,True
2021,12866,True,True,True,True
2021,12894,True,True,True,True
2021,12929,True,True,True,True
2021,12944,True,True,True,True
2021,12988,True,True,True,True
2021,12990,True,True,True,True
2021,1300,True,True,True,True
2021,13027,True,True,True,True
2021,13032,True,True,True,True
2021,13050,True,True,True,True
2021,13058,True,True,True,True
2021,13073,True,True,True,True
2021,13137,True,True,True,True
2021,13143,True,True,True,True
2021,13145,True,True,True,True
2021,13196,True,True,True,True
2021,13206,True,True,True,True
2021,13208,True,True,True,True
2021,13214,True,True,True,True
2021,13216,True,True,True,True
2021,13227,True,True,True,True
2021,13314,True,True,True,True
2021,13337,True,True,False,False
2021,13407,True,True,True,True
2021,13416,True,True,True,True
2021,13418,True,True,True,True
2021,13441,True,True,True,True
2021,13448,True,True,True,True
2021,13478,True,True,True,True
2021,13481,True,True,False,False
2021,13482,True,True,True,True
2021,13485,True,True,True,True
2021,13511,True,True,True,True
2021,13519,True,True,True,True
2021,13524,True,True,True,True
2021,13547,True,True,True,True
2021,13573,True,True,False,False
2021,13640,True,True,False,False
2021,13647,True,True,True,True
2021,13651,True,True,True,True
2021,1366,True,True,True,True
2021,13664,True,True,True,True
2021,13676,True,True,True,True
2021,13679,True,True,True,True
2021,13693,True,True,True,True
2021,13716,True,True,True,True
2021,13718,True,True,True,True
2021,13735,True,True,True,True
2021,13750,True,True,True,True
2021,13756,True,True,False,False
2021,13757,True,True,True,True
2021,13758,True,True,True,True
2021,13762,True,True,False,False
2021,13780,True,True,False,False
2021,13781,True,True,True,True
2021,13783,True,True,True,True
2021,13788,True,True,True,True
2021,13799,True,True,True,True
2021,13809,True,True,True,True
2021,13830,True,True,True,True
2021,13831,True,True,True,True
2021,13839,True,True,True,True
2021,13936,True,True,True,True
2021,13955,True,True,True,True
2021,13963,True,True,True,True
2021,13998,True,True,True,True
2021,14006,True,True,True,True
2021,14055,True,True,True,True
2021,14062,True,True,True,True
2021,14063,True,True,True,True
2021,14109,True,True,True,True
2021,14127,True,True,True,True
2021,14146,True,True,True,True
2021,14154,True,True,True,True
2021,14164,True,True,True,True
2021,14170,True,True,True,True
2021,14175,True,True,True,True
2021,14192,True,True,False,False
2021,14194,True,True,True,True
2021,14232,True,True,True,True
2021,14245,True,True,True,True
2021,14246,True,True,True,True
2021,14251,True,True,True,True
2021,14268,True,True,True,True
2021,14289,True,True,True,True
2021,14328,True,True,True,True
2021,14354,True,True,True,True
2021,14371,True,True,True,True
2021,14381,True,True,True,True
2021,14398,True,True,True,True
2021,14401,True,True,True,True
2021,14424,True,True,False,False
2021,14455,True,True,True,True
2021,14468,True,True,True,True
2021,14534,True,True,True,True
2021,14557,True,True,True,True
2021,1456,True,True,True,True
2021,14563,True,True,True,True
2021,1458,True,True,True,True
2021,14606,True,True,True,True
2021,14610,True,True,True,True
2021,14624,True,True,True,True
2021,14626,True,True,True,True
2021,14668,True,True,True,True
2021,14711,True,True,True,True
2021,14715,True,True,True,True
2021,14716,True,True,True,True
2021,14717,True,True,True,True
2021,14724,True,True,True,True
2021,14775,True,True,True,True
2021,14839,True,True,True,True
2021,14864,True,True,True,True
2021,14940,True,True,True,True
2021,15016,True,True,True,True
2021,15023,True,True,True,True
2021,15045,True,True,True,True
2021,15048,True,True,True,True
2021,15054,True,True,True,True
2021,15073,True,True,True,True
2021,15095,True,True,True,True
2021,15138,True,True,True,True
2021,15175,True,True,True,True
2021,15202,True,True,True,True
2021,15229,True,True,True,True
2021,15248,True,True,True,True
2021,15257,True,True,True,True
2021,15263,True,True,True,True
2021,15270,True,True,False,False
2021,1529,True,True,True,True
2021,15291,True,True,True,True
2021,15293,True,True,True,True
2021,15340,True,True,True,True
2021,15344,True,True,False,False
2021,15410,True,True,True,True
2021,15419,True,True,True,True
2021,15444,True,True,True,True
2021,15466,True,True,True,True
2021,15470,True,True,True,True
2021,15472,True,True,True,True
2021,15473,True,True,False,False
2021,15474,True,True,True,True
2021,15477,True,True,True,True
2021,155,True,True,True,True
2021,15500,True,True,True,True
2021,15507,True,True,True,True
2021,15671,True,True,True,True
2021,15700,True,True,True,True
2021,15748,True,True,True,True
2021,15783,True,True,True,True
2021,1579,True,True,True,True
2021,1591,True,True,True,True
2021,15978,True,True,True,True
2021,15979,True,True,True,True
2021,15989,True,True,True,True
2021,16057,True,True,True,True
2021,16060,True,True,True,True
2021,16063,True,True,True,True
2021,16082,True,True,False,False
2021,16088,True,True,True,True
2021,16101,True,True,True,True
2021,1613,True,True,True,True
2021,16146,True,True,True,True
2021,16179,True,True,True,True
2021,16181,True,True,True,True
2021,16183,True,True,True,True
2021,16195,True,True,True,True
2021,16196,True,True,True,True
2021,162,True,True,True,True
2021,16213,True,True,True,True
2021,16223,True,True,True,True
2021,16226,True,True,True,True
2021,1625,True,True,True,True
2021,16259,True,True,True,True
2021,16295,True,True,True,True
2021,16368,True,True,True,True
2021,16382,True,True,True,True
2021,16461,True,True,True,True
2021,16463,True,True,True,True
2021,16496,True,True,True,True
2021,16534,True,True,True,True
2021,16555,True,True,True,True
2021,16558,True,True,False,False
2021,16572,True,True,True,True
2021,16587,True,True,True,True
2021,16603,True,True,True,True
2021,16604,True,True,True,True
2021,16606,True,True,True,True
2021,16609,True,True,True,True
2021,16611,True,True,True,True
2021,16613,True,True,True,True
2021,16616,True,True,True,True
2021,16622,True,True,True,True
2021,16627,True,True,True,True
2021,16638,True,True,True,True
2021,16655,True,True,True,True
2021,16740,True,True,True,True
2021,16751,True,True,True,True
2021,16805,True,True,True,True
2021,16829,True,True,True,True
2021,16865,True,True,True,True
2021,16868,True,True,True,True
2021,16900,True,True,True,True
2021,16930,True,True,True,True
2021,16949,True,True,True,True
2021,16971,True,True,True,True
2021,17011,True,True,True,True
2021,17038,True,True,True,True
2021,17044,True,True,True,True
2021,17047,True,True,True,True
2021,17066,True,True,True,True
2021,1708,True,True,True,True
2021,17127,True,True,True,True
2021,17166,True,True,True,True
2021,17177,True,True,True,True
2021,17184,True,True,True,True
2021,1723,True,True,True,True
2021,17252,True,True,True,True
2021,17260,True,True,True,True
2021,17267,True,True,True,True
2021,17324,True,True,True,True
2021,17470,True,True,True,True
2021,17534,True,True,True,True
2021,17539,True,True,True,True
2021,17543,True,True,True,True
2021,17550,True,True,True,True
2021,17564,True,True,True,True
2021,17565,True,True,False,False
2021,17572,True,True,True,True
2021,17585,True,True,True,True
2021,17592,True,True,True,True
2021,17599,True,True,True,True
2021,17603,True,True,True,True
2021,17609,True,True,True,True
2021,17612,True,True,True,True
2021,1763,True,True,True,True
2021,17633,True,True,True,True
2021,17637,True,True,False,False
2021,17647,True,True,True,True
2021,17671,True,True,True,True
2021,17683,True,True,True,True
2021,17684,True,True,False,False
2021,1769,True,True,False,False
2021,17692,True,True,True,True
2021,17694,True,True,True,True
2021,17697,True,True,False,False
2021,17698,True,True,False,False
2021,17718,True,True,True,True
2021,1775,True,True,True,True
2021,17828,True,True,True,True
2021,17832,True,True,True,True
2021,17833,True,True,True,True
2021,17839,True,True,True,True
2021,17845,True,True,True,True
2021,17860,True,True,True,True
2021,17874,True,True,True,True
2021,18006,True,True,True,True
2021,18019,True,True,True,True
2021,18022,True,True,True,True
2021,18047,True,True,True,True
2021,18085,True,True,True,True
2021,18087,True,True,True,True
2021,18125,True,True,True,True
2021,18181,True,True,True,True
2021,18203,True,True,True,True
2021,18206,True,True,True,True
2021,18249,True,True,True,True
2021,18280,True,True,True,True
2021,18304,True,True,True,True
2021,18305,True,True,True,True
2021,18312,True,True,True,True
2021,18336,True,True,True,True
2021,18339,True,True,True,True
2021,18360,True,True,True,True
2021,18429,True,True,True,True
2021,18445,True,True,True,True
2021,18447,True,True,True,True
2021,18449,True,True,True,True
2021,18454,True,True,True,True
2021,18488,True,True,True,True
2021,18498,True,True,True,True
2021,18499,True,True,True,True
2021,18643,True,True,True,True
2021,1884,True,True,True,True
2021,18848,True,True,True,True
2021,1886,True,True,True,True
2021,1889,True,True,True,True
2021,1890,True,True,True,True
2021,1891,True,True,True,True
2021,1892,True,True,True,True
2021,18940,True,True,True,True
2021,18955,True,True,False,False
2021,18956,True,True,True,True
2021,18957,True,True,True,True
2021,18976,True,True,True,True
2021,18997,True,True,True,True
2021,19108,True,True,True,True
2021,19125,True,True,True,True
2021,19156,True,True,True,True
2021,19157,True,True,True,True
2021,19159,True,True,True,True
2021,19160,True,True,True,True
2021,19161,True,True,True,True
2021,19162,True,True,True,True
2021,19189,True,True,True,True
2021,19219,True,True,True,True
2021,19225,True,True,True,True
2021,19266,True,True,True,True
2021,19281,True,True,True,True
2021,19293,True,True,True,True
2021,19324,True,True,True,True
2021,19325,True,True,True,True
2021,1936,True,True,True,True
2021,19390,True,True,True,True
2021,19396,True,True,True,True
2021,19435,True,True,True,True
2021,19436,True,True,False,False
2021,19445,True,True,True,True
2021,19446,True,True,True,True
2021,19490,True,True,True,True
2021,19497,True,True,True,True
2021,19499,True,True,True,True
2021,195,True,True,False,False
2021,19501,True,True,True,True
2021,19545,True,True,True,True
2021,19547,True,True,True,True
2021,19558,True,True,True,True
2021,19574,True,True,True,True
2021,19578,True,True,True,True
2021,19579,True,True,True,True
2021,19667,True,True,True,True
2021,19728,True,True,True,True
2021,19785,True,True,True,True
2021,19790,True,True,True,True
2021,19791,True,True,True,True
2021,19798,True,True,True,True
2021,19806,True,True,True,True
2021,19820,True,True,True,True
2021,19840,True,True,True,True
2021,19876,True,True,False,False
2021,19882,True,True,True,True
2021,19898,True,True,True,True
2021,19951,True,True,True,True
2021,19981,True,True,True,True
2021,2001,True,True,True,True
2021,20038,True,True,True,True
2021,20065,True,True,True,True
2021,20077,True,True,True,True
2021,20130,True,True,True,True
2021,20146,True,True,True,True
2021,20169,True,True,True,True
2021,20187,True,True,True,True
2021,20211,True,True,True,True
2021,20213,True,True,True,True
2021,20216,True,True,True,True
2021,20228,True,True,True,True
2021,20230,True,True,True,True
2021,20310,True,True,True,True
2021,20318,True,True,True,True
2021,20334,True,True,True,True
2021,20363,True,True,True,True
2021,20371,True,True,True,True
2021,20377,True,True,True,True
2021,20387,True,True,True,True
2021,20401,True,True,False,False
2021,20404,True,True,True,True
2021,20477,True,True,True,True
2021,20481,True,True,True,True
2021,2049,True,True,True,True
2021,20510,True,True,True,True
2021,20521,True,True,True,True
2021,2054,True,True,True,True
2021,2056,True,True,True,True
2021,20576,True,True,True,True
2021,20603,True,True,True,True
2021,20639,True,True,True,True
2021,207,True,True,True,True
2021,20737,True,True,True,True
2021,20785,True,True,True,True
2021,20841,True,True,True,True
2021,20847,True,True,True,True
2021,20856,True,True,True,True
2021,20860,True,True,True,True
2021,20862,True,True,True,True
2021,20885,True,True,True,True
2021,2089,True,True,True,True
2021,20927,True,True,True,True
2021,20948,True,True,True,True
2021,20963,True,True,False,False
2021,20996,True,True,True,True
2021,21002,True,True,True,True
2021,21013,True,True,True,True
2021,21048,True,True,True,True
2021,21075,True,True,True,True
2021,21081,True,True,True,True
2021,21111,True,True,True,True
2021,21158,True,True,True,True
2021,21244,True,True,True,True
2021,213,True,True,True,True
2021,2144,True,True,True,True
2021,21513,True,True,True,True
2021,21538,True,True,True,True
2021,21567,True,True,False,False
2021,21632,True,True,True,True
2021,219,True,True,False,False
2021,22053,True,True,True,True
2021,2212,True,True,True,True
2021,2247,True,True,True,True
2021,2248,True,True,True,True
2021,22500,True,True,True,True
2021,22815,True,True,True,True
2021,22822,True,True,True,True
2021,2285,True,True,True,True
2021,232,True,True,True,True
2021,240,True,True,True,True
2021,2409,True,True,True,True
2021,241,True,True,True,True
2021,24211,True,True,True,True
2021,2442,True,True,True,True
2021,24590,True,True,True,True
2021,24753,True,True,True,True
2021,24889,True,True,True,True
2021,24949,True,True,True,True
2021,2502,True,True,True,True
2021,2507,True,True,True,True
2021,25177,True,True,True,True
2021,25295,True,True,True,True
2021,2548,True,True,True,True
2021,2651,True,True,True,True
2021,26510,True,True,True,True
2021,2652,True,True,True,True
2021,27222,True,True,True,True
2021,27238,True,True,False,False
2021,27599,True,True,True,True
2021,276,True,True,True,True
2021,2812,True,True,True,True
2021,2849,True,True,True,True
2021,28541,True,True,True,True
2021,28604,True,True,True,True
2021,28978,True,True,True,True
2021,2911,True,True,True,True
2021,295,True,True,True,True
2021,296,True,True,True,True
2021,2960,True,True,True,True
2021,2985,True,True,True,True
2021,3046,True,True,True,True
2021,305,True,True,True,True
2021,30518,True,True,True,True
2021,3081,True,True,True,True
2021,3093,True,True,True,True
2021,3113,True,True,True,True
2021,31833,True,True,True,True
2021,3203,True,True,True,True
2021,3208,True,True,True,True
2021,3222,True,True,True,True
2021,3226,True,True,True,True
2021,3245,True,True,True,True
2021,3248,True,True,True,True
2021,3249,True,True,True,True
2021,3250,True,True,True,True
2021,3264,True,True,True,True
2021,3265,True,True,False,False
2021,3266,True,True,True,True
2021,3268,True,True,True,True
2021,3273,True,True,True,True
2021,3278,True,True,True,True
2021,3282,True,True,True,True
2021,3287,True,True,True,True
2021,3291,True,True,True,True
2021,3295,True,True,True,True
2021,3329,True,True,True,True
2021,3355,True,True,True,True
2021,3400,True,True,True,True
2021,3408,True,True,True,True
2021,3413,True,True,True,True
2021,3436,True,True,True,True
2021,3461,True,True,True,True
2021,3470,True,True,True,True
2021,3477,True,True,True,True
2021,3478,True,True,True,True
2021,3502,True,True,True,True
2021,3503,True,True,False,False
2021,3522,True,True,True,True
2021,3527,True,True,True,True
2021,3542,True,True,True,True
2021,3597,True,True,True,True
2021,3600,True,True,False,False
2021,3644,True,True,True,True
2021,3647,True,True,True,True
2021,3660,True,True,True,True
2021,3687,True,True,True,True
2021,3704,True,True,True,True
2021,3712,True,True,True,True
2021,3755,True,True,True,True
2021,3757,True,True,True,True
2021,3758,True,True,True,True
2021,3762,True,True,True,True
2021,38084,True,True,True,True
2021,3812,True,True,True,True
2021,3828,True,True,True,True
2021,3841,True,True,True,True
2021,3843,True,True,True,True
2021,3855,True,True,True,True
2021,3892,True,True,True,True
2021,3915,True,True,True,True
2021,3916,True,True,True,True
2021,392,True,True,True,True
2021,3940,True,True,True,True
2021,3989,True,True,True,True
2021,40051,True,True,True,True
2021,40165,True,True,True,True
2021,40166,True,True,True,True
2021,40228,True,True,True,True
2021,40236,True,True,True,True
2021,40302,True,True,True,True
2021,40304,True,True,True,True
2021,4041,True,True,True,True
2021,40438,True,True,True,True
2021,4045,True,True,True,True
2021,40606,True,True,True,True
2021,4063,True,True,True,True
2021,4065,True,True,True,True
2021,4068,True,True,True,True
2021,407,True,True,True,True
2021,4110,True,True,True,True
2021,4146,True,True,True,True
2021,4150,True,True,True,True
2021,4176,True,True,True,True
2021,4226,True,True,True,True
2021,4237,True,True,True,True
2021,4254,True,True,False,False
2021,4262,True,True,True,True
2021,4265,True,True,True,True
2021,4280,True,True,True,True
2021,4296,True,True,True,True
2021,4317,True,True,True,True
2021,4327,True,True,False,False
2021,4362,True,True,False,False
2021,4373,True,True,True,True
2021,4401,True,True,True,True
2021,4430,True,True,True,True
2021,4432,True,True,True,True
2021,44372,True,True,True,True
2021,4442,True,True,True,True
2021,4508,True,True,True,True
2021,4509,True,True,True,True
2021,4524,True,True,True,True
2021,4577,True,True,True,True
2021,4618,True,True,True,True
2021,4622,True,True,True,True
2021,4624,True,True,True,True
2021,4675,True,True,False,False
2021,4683,True,True,True,True
2021,4717,True,True,True,True
2021,4743,True,True,True,True
2021,4848,True,True,True,True
2021,4911,True,True,True,True
2021,4922,True,True,True,True
2021,4939,True,True,True,True
2021,4958,True,True,True,True
2021,4960,True,True,True,True
2021,4975,True,True,True,True
2021,5027,True,True,False,False
2021,5063,True,True,True,True
2021,5070,True,True,True,True
2021,5078,True,True,True,True
2021,5109,True,True,False,False
2021,5148,True,True,True,True
2021,5175,True,True,True,True
2021,5202,True,True,False,False
2021,5204,True,True,True,True
2021,5336,True,True,True,True
2021,5394,True,True,True,True
2021,5399,True,True,True,True
2021,5416,True,True,True,True
2021,5417,True,True,False,False
2021,5480,True,True,True,True
2021,5487,True,True,True,True
2021,54913,True,True,True,True
2021,5509,True,True,True,True
2021,554,True,True,True,True
2021,5574,True,True,True,True
2021,5578,True,True,True,True
2021,55787,True,True,True,True
2021,5585,True,True,True,True
2021,5588,True,True,True,True
2021,55937,True,True,True,True
2021,5598,True,True,True,True
2021,55982,True,True,True,True
2021,5605,True,True,True,True
2021,5609,True,True,True,True
2021,56146,True,True,True,True
2021,562,True,True,True,True
2021,5625,True,True,True,True
2021,5644,True,True,True,True
2021,5656,True,True,True,True
2021,5661,True,True,True,True
2021,56697,True,True,False,False
2021,5701,True,True,False,False
2021,57483,True,True,True,True
2021,5773,True,True,True,True
2021,5780,True,True,True,True
2021,5860,True,True,False,False
2021,5862,True,True,True,True
2021,590,True,True,True,True
2021,59013,True,True,True,True
2021,5905,True,True,True,True
2021,5929,True,True,True,True
2021,5930,True,True,True,True
2021,5961,True,True,True,True
2021,6022,True,True,True,True
2021,60482,True,True,True,True
2021,60631,True,True,True,True
2021,60839,True,True,True,True
2021,6169,True,True,True,True
2021,6181,True,True,True,True
2021,6182,True,True,True,True
2021,6194,True,True,True,True
2021,6198,True,True,True,True
2021,6204,True,True,True,True
2021,6234,True,True,True,True
2021,6235,True,True,True,True
2021,6258,True,True,True,True
2021,6342,True,True,True,True
2021,636,True,True,True,True
2021,6374,True,True,True,True
2021,6395,True,True,True,True
2021,6411,True,True,True,True
2021,6424,True,True,True,True
2021,6427,True,True,True,True
2021,6442,True,True,True,True
2021,6443,True,True,True,True
2021,6452,True,True,False,False
2021,6455,True,True,True,True
2021,6457,True,True,True,True
2021,6491,True,True,True,True
2021,6582,True,True,True,True
2021,6604,True,True,True,True
2021,6608,True,True,True,True
2021,6616,True,True,False,False
2021,6640,True,True,True,True
2021,6641,True,True,True,True
2021,6708,True,True,True,True
2021,6709,True,True,True,True
2021,6716,True,True,True,True
2021,6775,True,True,True,True
2021,6779,True,True,True,True
2021,6782,True,True,True,True
2021,6784,True,True,True,True
2021,689,True,True,True,True
2021,6894,True,True,True,True
2021,6909,True,True,True,True
2021,691,True,True,True,True
2021,6923,True,True,True,True
2021,6957,True,True,True,True
2021,6958,True,True,True,True
2021,7027,True,True,True,True
2021,7090,True,True,True,True
2021,7096,True,True,True,True
2021,7129,True,True,True,True
2021,7140,True,True,True,True
2021,7174,True,True,True,True
2021,7222,True,True,True,True
2021,7264,True,True,True,True
2021,727,True,True,True,True
2021,7270,True,True,True,True
2021,7294,True,True,True,True
2021,733,True,True,False,False
2021,7353,True,True,True,True
2021,7450,True,True,True,True
2021,7483,True,True,True,True
2021,7490,True,True,True,True
2021,7548,True,True,True,True
2021,7558,True,True,True,True
2021,7559,True,True,True,True
2021,7563,True,True,True,True
2021,7601,True,True,True,True
2021,7625,True,True,True,True
2021,7627,True,True,True,True
2021,7634,True,True,True,True
2021,7639,True,True,True,True
2021,7651,True,True,True,True
2021,7654,True,True,True,True
2021,7716,True,True,True,True
2021,7752,True,True,True,True
2021,7785,True,True,True,True
2021,7801,True,True,True,True
2021,7887,True,True,True,True
2021,7891,True,True,True,True
2021,7977,True,True,True,True
2021,8000,True,True,True,True
2021,803,True,True,True,True
2021,8034,True,True,True,True
2021,8055,True,True,True,True
2021,814,True,True,False,False
2021,8147,True,True,True,True
2021,817,True,True,True,True
2021,8179,True,True,True,True
2021,8198,True,True,True,True
2021,8210,True,True,True,True
2021,8212,True,True,True,True
2021,8245,True,True,True,True
2021,8287,True,True,True,True
2021,8319,True,True,True,True
2021,8333,True,True,True,True
2021,84,True,True,True,True
2021,8447,True,True,True,True
2021,8449,True,True,True,True
2021,8566,True,True,True,True
2021,8571,True,True,True,True
2021,8620,True,True,True,True
2021,8699,True,True,True,True
2021,8723,True,True,True,True
2021,8761,True,True,True,True
2021,8764,True,True,True,True
2021,8773,True,True,True,True
2021,8774,True,True,True,True
2021,8786,True,True,True,True
2021,8795,True,True,True,True
2021,8840,True,True,True,True
2021,8898,True,True,True,True
2021,8901,True,True,True,True
2021,8973,True,True,True,True
2021,9087,True,True,True,True
2021,9094,True,True,True,True
2021,9096,True,True,True,True
2021,9187,True,True,True,True
2021,9191,True,True,True,True
2021,9216,True,True,True,True
2021,9230,True,True,True,True
2021,9231,True,True,True,True
2021,9246,True,True,True,True
2021,9273,True,True,True,True
2021,9292,True,True,True,True
2021,9324,True,True,False,False
2021,9331,True,True,True,True
2021,9336,True,True,True,True
2021,9417,True,True,True,True
2021,9425,True,True,True,True
2021,9475,True,True,True,True
2021,9575,True,True,True,True
2021,9576,True,True,True,True
2021,9601,True,True,True,True
2021,9605,True,True,True,True
2021,9612,True,True,True,True
2021,9613,True,True,True,True
2021,9616,True,True,False,False
2021,9617,True,True,False,False
2021,963,True,True,True,True
2021,9665,True,True,True,True
2021,9667,True,True,True,True
2021,9668,True,True,True,True
2021,9682,True,True,True,True
2021,9689,True,True,True,True
2021,9699,True,True,True,True
2021,9726,True,True,True,True
2021,9739,True,True,True,True
2021,9750,True,True,True,True
2021,9777,True,True,True,True
2021,9778,True,True,True,True
2021,9837,True,True,True,True
2021,9964,True,True,True,True
2021,9996,True,True,True,True
2022,10000,True,True,True,True
2022,10005,True,True,True,True
2022,10009,True,True,True,True
2022,10019,True,True,True,True
2022,10056,True,True,True,True
2022,10071,True,True,True,True
2022,1009,True,True,True,True
2022,1015,True,True,True,True
2022,10170,True,True,True,True
2022,10171,True,True,True,True
2022,10210,True,True,True,True
2022,10226,True,True,True,True
2022,10331,True,True,True,True
2022,10345,True,True,True,True
2022,10370,True,True,False,False
2022,10376,True,True,True,True
2022,10378,True,True,True,True
2022,10393,True,True,True,True
2022,10421,True,True,True,True
2022,10448,True,True,True,True
2022,10454,True,True,True,True
2022,1050,True,True,True,True
2022,10539,True,True,True,True
2022,10579,True,True,True,True
2022,10599,True,True,True,True
2022,10603,True,True,True,True
2022,10618,True,True,True,True
2022,10620,True,True,True,True
2022,10623,True,True,True,True
2022,10624,True,True,True,True
2022,10625,True,True,True,True
2022,10649,True,True,True,True
2022,10668,True,True,True,True
2022,10681,True,True,True,True
2022,10697,True,True,False,False
2022,10704,True,True,True,True
2022,10768,True,True,True,True
2022,108,True,True,True,True
2022,10817,True,True,True,True
2022,10857,True,True,True,True
2022,10868,True,True,True,True
2022,10879,True,True,True,True
2022,10944,True,True,True,True
2022,10960,True,True,True,True
2022,10966,True,True,True,True
2022,11011,True,True,True,True
2022,11018,True,True,True,True
2022,11053,True,True,True,True
2022,11124,True,True,True,True
2022,11135,True,True,True,True
2022,11171,True,True,True,True
2022,11187,True,True,True,True
2022,11200,True,True,True,True
2022,11204,True,True,True,True
2022,11208,True,True,True,True
2022,11241,True,True,False,False
2022,11249,True,True,True,True
2022,11251,True,True,True,True
2022,11256,True,True,True,True
2022,11272,True,True,True,True
2022,11291,True,True,True,True
2022,11318,True,True,True,True
2022,11355,True,True,True,True
2022,11364,True,True,True,True
2022,11463,True,True,True,True
2022,11479,True,True,True,True
2022,1149,True,True,True,True
2022,11501,True,True,True,True
2022,11519,True,True,True,True
2022,11560,True,True,True,True
2022,11571,True,True,True,True
2022,11586,True,True,True,True
2022,11646,True,True,True,True
2022,1167,True,True,False,False
2022,11693,True,True,True,True
2022,11701,True,True,True,True
2022,11731,True,True,True,True
2022,11740,True,True,True,True
2022,1175,True,True,True,True
2022,11788,True,True,True,True
2022,11789,True,True,True,True
2022,1179,True,True,True,True
2022,11804,True,True,True,True
2022,11811,True,True,False,False
2022,11824,True,True,True,True
2022,11843,True,True,True,True
2022,12087,True,True,True,True
2022,12186,True,True,True,True
2022,12187,True,True,True,True
2022,12199,True,True,True,True
2022,12208,True,True,True,True
2022,12227,True,True,True,True
2022,12243,True,True,True,True
2022,12260,True,True,True,True
2022,12268,True,True,True,True
2022,12293,True,True,True,True
2022,12298,True,True,True,True
2022,12301,True,True,True,True
2022,12330,True,True,True,True
2022,12341,True,True,True,True
2022,12351,True,True,True,True
2022,12377,True,True,False,False
2022,12390,True,True,True,True
2022,12395,True,True,True,True
2022,12439,True,True,True,True
2022,12450,True,True,True,True
2022,12452,True,True,True,True
2022,12462,True,True,True,True
2022,12470,True,True,True,True
2022,12473,True,True,True,True
2022,1251,True,True,True,True
2022,12515,True,True,True,True
2022,12524,True,True,True,True
2022,12532,True,True,True,True
2022,12539,True,True,True,True
2022,12546,True,True,True,True
2022,12642,True,True,True,True
2022,12647,True,True,False,False
2022,12651,True,True,True,True
2022,12685,True,True,True,True
2022,12686,True,True,True,True
2022,12692,True,True,True,True
2022,12698,True,True,False,False
2022,12706,True,True,True,True
2022,1273,True,True,True,True
2022,12745,True,True,True,True
2022,12782,True,True,True,True
2022,12796,True,True,True,True
2022,12801,True,True,True,True
2022,12825,True,True,True,True
2022,1283,True,True,True,True
2022,12860,True,True,True,True
2022,12866,True,True,True,True
2022,12894,True,True,True,True
2022,12929,True,True,True,True
2022,12944,True,True,True,True
2022,12988,True,True,True,True
2022,12990,True,True,True,True
2022,1300,True,True,True,True
2022,13027,True,True,True,True
2022,13032,True,True,True,True
2022,13050,True,True,True,True
2022,13058,True,True,True,True
2022,13137,True,True,True,True
2022,13143,True,True,True,True
2022,13145,True,True,True,True
2022,13196,True,True,True,True
2022,13206,True,True,True,True
2022,13208,True,True,True,True
2022,13214,True,True,True,True
2022,13216,True,True,True,True
2022,13227,True,True,True,True
2022,13314,True,True,True,True
2022,13337,True,True,True,True
2022,13407,True,True,True,True
2022,13416,True,True,True,True
2022,13418,True,True,True,True
2022,13441,True,True,True,True
2022,13448,True,True,True,True
2022,13478,True,True,True,True
2022,13481,True,True,False,False
2022,13482,True,True,True,True
2022,13485,True,True,True,True
2022,13511,True,True,True,True
2022,13519,True,True,True,True
2022,13524,True,True,True,True
2022,13547,True,True,True,True
2022,13573,True,True,False,False
2022,13640,True,True,False,False
2022,13647,True,True,True,True
2022,13651,True,True,True,True
2022,1366,True,True,True,True
2022,13664,True,True,True,True
2022,13676,True,True,True,True
2022,13679,True,True,True,True
2022,13693,True,True,True,True
2022,13716,True,True,True,True
2022,13718,True,True,True,True
2022,13735,True,True,True,True
2022,13750,True,True,True,True
2022,13756,True,True,False,False
2022,13757,True,True,True,True
2022,13758,True,True,True,True
2022,13762,True,True,False,False
2022,13780,True,True,False,False
2022,13781,True,True,True,True
2022,13783,True,True,True,True
2022,13788,True,True,True,True
2022,13799,True,True,True,True
2022,13809,True,True,True,True
2022,13830,True,True,True,True
2022,13831,True,True,False,False
2022,13839,True,True,True,True
2022,13936,True,True,True,True
2022,13955,True,True,True,True
2022,13963,True,True,True,True
2022,13998,True,True,True,True
2022,14006,True,True,True,True
2022,14055,True,True,True,True
2022,14062,True,True,True,True
2022,14063,True,True,True,True
2022,14109,True,True,True,True
2022,14127,True,True,True,True
2022,14146,True,True,True,True
2022,14154,True,True,True,True
2022,14164,True,True,True,True
2022,14170,True,True,True,True
2022,14175,True,True,True,True
2022,14192,True,True,False,False
2022,14194,True,True,True,True
2022,14232,True,True,True,True
2022,14245,True,True,True,True
2022,14246,True,True,True,True
2022,14251,True,True,True,True
2022,14268,True,True,True,True
2022,14289,True,True,True,True
2022,14328,True,True,True,True
2022,14354,True,True,True,True
2022,14371,True,True,True,True
2022,14381,True,True,True,True
2022,14398,True,True,True,True
2022,14401,True,True,True,True
2022,14424,True,True,False,False
2022,14455,True,True,True,True
2022,14468,True,True,True,True
2022,14534,True,True,True,True
2022,14557,True,True,True,True
2022,1456,True,True,True,True
2022,14563,True,True,True,True
2022,1458,True,True,True,True
2022,14606,True,True,True,True
2022,14610,True,True,True,True
2022,14624,True,True,True,True
2022,14626,True,True,True,True
2022,14668,True,True,True,True
2022,14711,True,True,True,True
2022,14715,True,True,True,True
2022,14716,True,True,True,True
2022,14717,True,True,True,True
2022,14724,True,True,True,True
2022,14775,True,True,True,True
2022,14839,True,True,True,True
2022,14864,True,True,True,True
2022,14940,True,True,True,True
2022,15016,True,True,True,True
2022,15023,True,True,True,True
2022,15045,True,True,True,True
2022,15048,True,True,True,True
2022,15054,True,True,True,True
2022,15073,True,True,True,True
2022,15095,True,True,True,True
2022,15138,True,True,True,True
2022,15159,True,True,True,True
2022,15175,True,True,True,True
2022,15202,True,True,True,True
2022,15229,True,True,True,True
2022,15248,True,True,True,True
2022,15257,True,True,True,True
2022,15263,True,True,True,True
2022,15270,True,True,False,False
2022,1529,True,True,True,True
2022,15291,True,True,True,True
2022,15293,True,True,True,True
2022,15340,True,True,True,True
2022,15344,True,True,False,False
2022,15410,True,True,True,True
2022,15419,True,True,True,True
2022,15444,True,True,True,True
2022,15466,True,True,True,True
2022,15470,True,True,True,True
2022,15472,True,True,True,True
2022,15473,True,True,False,False
2022,15474,True,True,True,True
2022,15477,True,True,True,True
2022,155,True,True,True,True
2022,15500,True,True,True,True
2022,15507,True,True,True,True
2022,15671,True,True,True,True
2022,15700,True,True,True,True
2022,15748,True,True,True,True
2022,15783,True,True,True,True
2022,1579,True,True,True,True
2022,1591,True,True,True,True
2022,15978,True,True,True,True
2022,15979,True,True,True,True
2022,15989,True,True,True,True
2022,16057,True,True,True,True
2022,16060,True,True,True,True
2022,16063,True,True,True,True
2022,16082,True,True,False,False
2022,16088,True,True,True,True
2022,16101,True,True,True,True
2022,1613,True,True,True,True
2022,16146,True,True,True,True
2022,16179,True,True,True,True
2022,16181,True,True,True,True
2022,16183,True,True,True,True
2022,16195,True,True,True,True
2022,16196,True,True,True,True
2022,162,True,True,True,True
2022,16213,True,True,True,True
2022,16223,True,True,True,True
2022,16226,True,True,True,True
2022,1625,True,True,True,True
2022,16259,True,True,True,True
2022,16295,True,True,True,True
2022,16368,True,True,True,True
2022,16382,True,True,True,True
2022,16461,True,True,True,True
2022,16463,True,True,True,True
2022,16496,True,True,True,True
2022,16534,True,True,True,True
2022,16555,True,True,True,True
2022,16558,True,True,False,False
2022,16572,True,True,True,True
2022,16587,True,True,True,True
2022,16603,True,True,True,True
2022,16604,True,True,True,True
2022,16606,True,True,True,True
2022,16609,True,True,True,True
2022,16611,True,True,True,True
2022,16613,True,True,True,True
2022,16616,True,True,True,True
2022,16627,True,True,True,True
2022,16638,True,True,True,True
2022,16655,True,True,True,True
2022,16740,True,True,True,True
2022,16751,True,True,True,True
2022,16805,True,True,True,True
2022,16829,True,True,True,True
2022,16865,True,True,True,True
2022,16868,True,True,True,True
2022,16900,True,True,True,True
2022,16930,True,True,True,True
2022,16949,True,True,True,True
2022,16971,True,True,True,True
2022,17011,True,True,True,True
2022,17038,True,True,True,True
2022,17044,True,True,True,True
2022,17047,True,True,True,True
2022,17066,True,True,True,True
2022,1708,True,True,True,True
2022,17127,True,True,True,True
2022,17166,True,True,True,True
2022,17177,True,True,True,True
2022,17184,True,True,True,True
2022,1723,True,True,True,True
2022,17252,True,True,True,True
2022,17260,True,True,True,True
2022,17267,True,True,True,True
2022,17324,True,True,True,True
2022,17470,True,True,True,True
2022,17534,True,True,True,True
2022,17539,True,True,True,True
2022,17543,True,True,True,True
2022,17550,True,True,True,True
2022,17564,True,True,True,True
2022,17565,True,True,False,False
2022,17572,True,True,True,True
2022,17585,True,True,True,True
2022,17592,True,True,True,True
2022,17599,True,True,True,True
2022,17603,True,True,True,True
2022,17609,True,True,True,True
2022,17612,True,True,True,True
2022,1763,True,True,True,True
2022,17633,True,True,True,True
2022,17637,True,True,False,False
2022,17647,True,True,True,True
2022,17671,True,True,True,True
2022,17683,True,True,True,True
2022,17684,True,True,False,False
2022,1769,True,True,True,True
2022,17692,True,True,True,True
2022,17694,True,True,True,True
2022,17697,True,True,False,False
2022,17698,True,True,False,False
2022,17718,True,True,True,True
2022,1775,True,True,True,True
2022,17828,True,True,True,True
2022,17832,True,True,True,True
2022,17833,True,True,True,True
2022,17839,True,True,True,True
2022,17845,True,True,True,True
2022,17860,True,True,True,True
2022,17874,True,True,True,True
2022,18006,True,True,True,True
2022,18019,True,True,True,True
2022,18022,True,True,True,True
2022,18047,True,True,True,True
2022,18085,True,True,True,True
2022,18087,True,True,True,True
2022,18125,True,True,True,True
2022,18181,True,True,True,True
2022,18203,True,True,True,True
2022,18206,True,True,True,True
2022,18249,True,True,True,True
2022,18252,True,True,False,False
2022,18280,True,True,True,True
2022,18304,True,True,True,True
2022,18305,True,True,True,True
2022,18312,True,True,True,True
2022,18336,True,True,True,True
2022,18339,True,True,True,True
2022,18360,True,True,True,True
2022,18429,True,True,True,True
2022,18445,True,True,True,True
2022,18447,True,True,True,True
2022,18449,True,True,True,True
2022,18454,True,True,True,True
2022,18488,True,True,True,True
2022,18498,True,True,True,True
2022,18499,True,True,True,True
2022,18643,True,True,True,True
2022,1884,True,True,True,True
2022,18848,True,True,True,True
2022,1886,True,True,True,True
2022,1889,True,True,True,True
2022,1890,True,True,True,True
2022,1891,True,True,True,True
2022,1892,True,True,True,True
2022,18940,True,True,True,True
2022,18955,True,True,False,False
2022,18956,True,True,True,True
2022,18957,True,True,True,True
2022,18976,True,True,True,True
2022,18997,True,True,True,True
2022,19108,True,True,True,True
2022,19125,True,True,True,True
2022,19156,True,True,True,True
2022,19157,True,True,True,True
2022,19159,True,True,True,True
2022,19160,True,True,True,True
2022,19161,True,True,True,True
2022,19162,True,True,True,True
2022,19189,True,True,True,True
2022,19219,True,True,True,True
2022,19266,True,True,True,True
2022,19281,True,True,True,True
2022,19293,True,True,True,True
2022,19324,True,True,True,True
2022,19325,True,True,True,True
2022,1936,True,True,True,True
2022,19390,True,True,True,True
2022,19396,True,True,True,True
2022,19435,True,True,True,True
2022,19436,True,True,False,False
2022,19445,True,True,True,True
2022,19446,True,True,True,True
2022,19490,True,True,True,True
2022,19497,True,True,False,False
2022,19499,True,True,True,True
2022,195,True,True,False,False
2022,19501,True,True,True,True
2022,19545,True,True,True,True
2022,19547,True,True,True,True
2022,19558,True,True,True,True
2022,19574,True,True,True,True
2022,19578,True,True,True,True
2022,19579,True,True,True,True
2022,19667,True,True,True,True
2022,19728,True,True,True,True
2022,19785,True,True,True,True
2022,19790,True,True,True,True
2022,19791,True,True,True,True
2022,19798,True,True,True,True
2022,19806,True,True,True,True
2022,19820,True,True,True,True
2022,19840,True,True,True,True
2022,19876,True,True,False,False
2022,19882,True,True,True,True
2022,19898,True,True,True,True
2022,19951,True,True,True,True
2022,19981,True,True,True,True
2022,2001,True,True,True,True
2022,20038,True,True,False,False
2022,20065,True,True,True,True
2022,20077,True,True,True,True
2022,20130,True,True,True,True
2022,20146,True,True,True,True
2022,20169,True,True,True,True
2022,20187,True,True,True,True
2022,20211,True,True,True,True
2022,20213,True,True,True,True
2022,20216,True,True,True,True
2022,20228,True,True,True,True
2022,20230,True,True,True,True
2022,20310,True,True,True,True
2022,20318,True,True,True,True
2022,20334,True,True,True,True
2022,20363,True,True,True,True
2022,20371,True,True,True,True
2022,20377,True,True,True,True
2022,20387,True,True,True,True
2022,20401,True,True,True,True
2022,20404,True,True,True,True
2022,20413,True,True,True,True
2022,20477,True,True,True,True
2022,20481,True,True,True,True
2022,2049,True,True,True,True
2022,20510,True,True,True,True
2022,20521,True,True,True,True
2022,2054,True,True,True,True
2022,2056,True,True,True,True
2022,20576,True,True,True,True
2022,20603,True,True,True,True
2022,20639,True,True,True,True
2022,207,True,True,True,True
2022,20737,True,True,True,True
2022,20785,True,True,True,True
2022,20841,True,True,True,True
2022,20847,True,True,True,True
2022,20856,True,True,True,True
2022,20860,True,True,True,True
2022,20862,True,True,True,True
2022,20885,True,True,True,True
2022,2089,True,True,False,False
2022,20927,True,True,True,True
2022,20948,True,True,True,True
2022,20963,True,True,False,False
2022,20996,True,True,True,True
2022,21002,True,True,True,True
2022,21013,True,True,True,True
2022,21048,True,True,True,True
2022,21075,True,True,True,True
2022,21081,True,True,True,True
2022,21111,True,True,True,True
2022,21158,True,True,True,True
2022,21244,True,True,True,True
2022,213,True,True,True,True
2022,2144,True,True,True,True
2022,21513,True,True,True,True
2022,21538,True,True,True,True
2022,21567,True,True,False,False
2022,21632,True,True,True,True
2022,219,True,True,False,False
2022,22053,True,True,True,True
2022,2212,True,True,True,True
2022,2247,True,True,True,True
2022,2248,True,True,True,True
2022,22500,True,True,True,True
2022,22815,True,True,True,True
2022,22822,True,True,True,True
2022,2285,True,True,True,True
2022,232,True,True,True,True
2022,240,True,True,True,True
2022,2409,True,True,True,True
2022,24211,True,True,True,True
2022,2442,True,True,True,True
2022,24590,True,True,True,True
2022,24753,True,True,True,True
2022,24889,True,True,True,True
2022,24949,True,True,True,True
2022,2502,True,True,True,True
2022,2507,True,True,True,True
2022,25177,True,True,True,True
2022,25295,True,True,True,True
2022,2548,True,True,True,True
2022,2651,True,True,True,True
2022,26510,True,True,True,True
2022,2652,True,True,True,True
2022,27222,True,True,True,True
2022,27238,True,True,False,False
2022,27369,True,True,True,True
2022,27599,True,True,True,True
2022,276,True,True,True,True
2022,2812,True,True,True,True
2022,2849,True,True,True,True
2022,28541,True,True,True,True
2022,28604,True,True,True,True
2022,28978,True,True,True,True
2022,2911,True,True,True,True
2022,295,True,True,True,True
2022,296,True,True,True,True
2022,2960,True,True,True,True
2022,2985,True,True,True,True
2022,3046,True,True,True,True
2022,305,True,True,True,True
2022,30518,True,True,True,True
2022,3081,True,True,True,True
2022,3093,True,True,True,True
2022,3113,True,True,True,True
2022,31833,True,True,True,True
2022,3203,True,True,True,True
2022,3208,True,True,True,True
2022,3222,True,True,True,True
2022,3226,True,True,True,True
2022,3245,True,True,True,True
2022,3248,True,True,True,True
2022,3249,True,True,True,True
2022,3250,True,True,True,True
2022,3264,True,True,True,True
2022,3265,True,True,False,False
2022,3266,True,True,True,True
2022,3268,True,True,True,True
2022,3273,True,True,True,True
2022,3278,True,True,True,True
2022,3282,True,True,True,True
2022,3287,True,True,True,True
2022,3291,True,True,True,True
2022,3295,True,True,True,True
2022,3329,True,True,True,True
2022,3400,True,True,True,True
2022,3408,True,True,True,True
2022,3413,True,True,True,True
2022,3436,True,True,True,True
2022,3461,True,True,True,True
2022,3470,True,True,True,True
2022,3477,True,True,True,True
2022,3478,True,True,True,True
2022,3502,True,True,True,True
2022,3503,True,True,False,False
2022,3522,True,True,True,True
2022,3527,True,True,True,True
2022,3542,True,True,True,True
2022,3597,True,True,True,True
2022,3600,True,True,False,False
2022,3644,True,True,True,True
2022,3647,True,True,True,True
2022,3660,True,True,True,True
2022,3687,True,True,True,True
2022,3704,True,True,True,True
2022,3712,True,True,True,True
2022,3755,True,True,True,True
2022,3757,True,True,True,True
2022,3758,True,True,True,True
2022,3762,True,True,True,True
2022,38084,True,True,True,True
2022,3812,True,True,True,True
2022,3828,True,True,True,True
2022,3841,True,True,True,True
2022,3843,True,True,True,True
2022,3855,True,True,True,True
2022,3892,True,True,True,True
2022,3915,True,True,True,True
2022,3916,True,True,True,True
2022,392,True,True,True,True
2022,3940,True,True,True,True
2022,3989,True,True,True,True
2022,4003,True,True,True,True
2022,40051,True,True,True,True
2022,40165,True,True,True,True
2022,40166,True,True,True,True
2022,40228,True,True,True,True
2022,40236,True,True,True,True
2022,40302,True,True,True,True
2022,40304,True,True,True,True
2022,4041,True,True,True,True
2022,40438,True,True,True,True
2022,4045,True,True,True,True
2022,40606,True,True,True,True
2022,4063,True,True,True,True
2022,4065,True,True,True,True
2022,4068,True,True,True,True
2022,407,True,True,True,True
2022,4110,True,True,True,True
2022,4146,True,True,True,True
2022,4150,True,True,True,True
2022,4176,True,True,False,False
2022,4226,True,True,True,True
2022,4237,True,True,True,True
2022,4254,True,True,False,False
2022,4262,True,True,True,True
2022,4265,True,True,True,True
2022,4280,True,True,True,True
2022,4296,True,True,True,True
2022,4317,True,True,True,True
2022,4327,True,True,False,False
2022,4362,True,True,False,False
2022,4373,True,True,True,True
2022,4401,True,True,True,True
2022,4430,True,True,True,True
2022,4432,True,True,True,True
2022,44372,True,True,True,True
2022,4442,True,True,True,True
2022,4508,True,True,True,True
2022,4509,True,True,True,True
2022,4524,True,True,True,True
2022,4577,True,True,True,True
2022,4618,True,True,True,True
2022,4622,True,True,True,True
2022,4624,True,True,True,True
2022,4675,True,True,False,False
2022,4683,True,True,True,True
2022,4717,True,True,True,True
2022,4743,True,True,True,True
2022,4848,True,True,True,True
2022,4911,True,True,True,True
2022,4922,True,True,True,True
2022,4939,True,True,True,True
2022,4958,True,True,True,True
2022,4960,True,True,True,True
2022,4975,True,True,True,True
2022,5027,True,True,False,False
2022,5063,True,True,True,True
2022,5070,True,True,True,True
2022,5078,True,True,True,True
2022,5109,True,True,False,False
2022,5148,True,True,True,True
2022,5175,True,True,True,True
2022,5202,True,True,False,False
2022,5204,True,True,True,True
2022,5336,True,True,True,True
2022,5394,True,True,True,True
2022,5399,True,True,True,True
2022,5416,True,True,True,True
2022,5417,True,True,False,False
2022,5480,True,True,True,True
2022,5487,True,True,True,True
2022,54913,True,True,True,True
2022,5509,True,True,True,True
2022,554,True,True,True,True
2022,5574,True,True,True,True
2022,5578,True,True,True,True
2022,55787,True,True,True,True
2022,5585,True,True,True,True
2022,5588,True,True,True,True
2022,55937,True,True,True,True
2022,5598,True,True,True,True
2022,55982,True,True,True,True
2022,5605,True,True,True,True
2022,5609,True,True,True,True
2022,56146,True,True,True,True
2022,562,True,True,True,True
2022,5625,True,True,True,True
2022,5644,True,True,True,True
2022,5656,True,True,True,True
2022,5661,True,True,True,True
2022,56697,True,True,False,False
2022,5701,True,True,False,False
2022,57483,True,True,True,True
2022,5773,True,True,True,True
2022,5780,True,True,True,True
2022,5860,True,True,False,False
2022,5862,True,True,True,True
2022,590,True,True,True,True
2022,59013,True,True,True,True
2022,5905,True,True,True,True
2022,5929,True,True,True,True
2022,5930,True,True,True,True
2022,5961,True,True,True,True
2022,6022,True,True,True,True
2022,60482,True,True,True,True
2022,60631,True,True,True,True
2022,60839,True,True,True,True
2022,6169,True,True,True,True
2022,6181,True,True,True,True
2022,6182,True,True,True,True
2022,6194,True,True,True,True
2022,6198,True,True,True,True
2022,6204,True,True,True,True
2022,6234,True,True,True,True
2022,6235,True,True,True,True
2022,6258,True,True,True,True
2022,6342,True,True,True,True
2022,636,True,True,True,True
2022,6374,True,True,True,True
2022,6395,True,True,True,True
2022,6411,True,True,True,True
2022,6424,True,True,True,True
2022,6427,True,True,True,True
2022,6442,True,True,True,True
2022,6443,True,True,True,True
2022,6452,True,True,False,False
2022,6455,True,True,True,True
2022,6457,True,True,True,True
2022,6491,True,True,True,True
2022,65261,True,True,True,True
2022,6582,True,True,True,True
2022,6604,True,True,True,True
2022,6608,True,True,True,True
2022,6616,True,True,False,False
2022,6640,True,True,True,True
2022,6641,True,True,True,True
2022,6708,True,True,True,True
2022,6709,True,True,True,True
2022,6716,True,True,True,True
2022,6775,True,True,True,True
2022,6779,True,True,True,True
2022,6782,True,True,True,True
2022,6784,True,True,True,True
2022,689,True,True,True,True
2022,6894,True,True,True,True
2022,6909,True,True,True,True
2022,691,True,True,True,True
2022,6923,True,True,True,True
2022,6957,True,True,True,True
2022,6958,True,True,True,True
2022,7027,True,True,True,True
2022,7090,True,True,True,True
2022,7096,True,True,True,True
2022,7129,True,True,True,True
2022,7140,True,True,True,True
2022,719,True,True,True,True
2022,7222,True,True,True,True
2022,7264,True,True,True,True
2022,727,True,True,True,True
2022,7270,True,True,True,True
2022,7294,True,True,True,True
2022,733,True,True,False,False
2022,7353,True,True,True,True
2022,7450,True,True,True,True
2022,7483,True,True,True,True
2022,7490,True,True,True,True
2022,7548,True,True,True,True
2022,7558,True,True,True,True
2022,7559,True,True,True,True
2022,7563,True,True,True,True
2022,7601,True,True,True,True
2022,7625,True,True,True,True
2022,7627,True,True,True,True
2022,7634,True,True,True,True
2022,7639,True,True,True,True
2022,7654,True,True,True,True
2022,7716,True,True,False,False
2022,7752,True,True,True,True
2022,7785,True,True,True,True
2022,7887,True,True,True,True
2022,7891,True,True,True,True
2022,7977,True,True,True,True
2022,8000,True,True,True,True
2022,803,True,True,True,True
2022,8034,True,True,True,True
2022,8055,True,True,True,True
2022,814,True,True,False,False
2022,8147,True,True,True,True
2022,817,True,True,True,True
2022,8179,True,True,True,True
2022,8198,True,True,True,True
2022,8210,True,True,True,True
2022,8212,True,True,True,True
2022,8245,True,True,True,True
2022,8287,True,True,True,True
2022,8319,True,True,True,True
2022,8333,True,True,True,True
2022,84,True,True,True,True
2022,8447,True,True,True,True
2022,8449,True,True,True,True
2022,8566,True,True,True,True
2022,8571,True,True,True,True
2022,8620,True,True,True,True
2022,8699,True,True,True,True
2022,8723,True,True,True,True
2022,8761,True,True,True,True
2022,8764,True,True,True,True
2022,8773,True,True,True,True
2022,8774,True,True,True,True
2022,8786,True,True,True,True
2022,8795,True,True,True,True
2022,8840,True,True,True,True
2022,8898,True,True,True,True
2022,8901,True,True,True,True
2022,8973,True,True,True,True
2022,9087,True,True,True,True
2022,9094,True,True,True,True
2022,9096,True,True,True,True
2022,9130,True,True,True,True
2022,9187,True,True,True,True
2022,9191,True,True,True,True
2022,9216,True,True,True,True
2022,9230,True,True,True,True
2022,9231,True,True,True,True
2022,9246,True,True,True,True
2022,9273,True,True,True,True
2022,9292,True,True,True,True
2022,9324,True,True,False,False
2022,9331,True,True,True,True
2022,9336,True,True,True,True
2022,9417,True,True,True,True
2022,9425,True,True,True,True
2022,9475,True,True,True,True
2022,9575,True,True,True,True
2022,9576,True,True,True,True
2022,9601,True,True,True,True
2022,9605,True,True,True,True
2022,9612,True,True,True,True
2022,9613,True,True,True,True
2022,9616,True,True,False,False
2022,9617,True,True,False,False
2022,963,True,True,True,True
2022,9665,True,True,True,True
2022,9667,True,True,True,True
2022,9668,True,True,True,True
2022,9682,True,True,True,True
2022,9689,True,True,True,True
2022,9699,True,True,True,True
2022,9726,True,True,True,True
2022,9739,True,True,True,True
2022,9750,True,True,True,True
2022,9777,True,True,True,True
2022,9778,True,True,True,True
2022,9837,True,True,True,True
2022,9964,True,True,True,True
2022,9996,True,True,True,True
2023,10000,True,True,True,True
2023,10005,True,True,True,True
2023,10009,True,True,True,True
2023,10019,True,True,True,True
2023,10056,True,True,True,True
2023,10071,True,True,True,True
2023,1009,True,True,True,True
2023,1015,True,True,True,True
2023,10170,True,True,True,True
2023,10171,True,True,True,True
2023,10210,True,True,True,True
2023,10226,True,True,True,True
2023,10331,True,True,True,True
2023,10345,True,True,True,True
2023,10370,True,True,False,False
2023,10376,True,True,True,True
2023,10378,True,True,True,True
2023,10393,True,True,True,True
2023,10421,True,True,True,True
2023,10448,True,True,True,True
2023,10454,True,True,True,True
2023,1050,True,True,True,True
2023,10539,True,True,True,True
2023,10579,True,True,True,True
2023,10599,True,True,True,True
2023,10603,True,True,True,True
2023,10618,True,True,True,True
2023,10620,True,True,True,True
2023,10623,True,True,True,True
2023,10624,True,True,True,True
2023,10625,True,True,True,True
2023,10649,True,True,True,True
2023,10668,True,True,True,True
2023,10681,True,True,True,True
2023,10697,True,True,False,False
2023,10704,True,True,True,True
2023,10768,True,True,True,True
2023,108,True,True,True,True
2023,10817,True,True,True,True
2023,10857,True,True,True,True
2023,10868,True,True,True,True
2023,10879,True,True,True,True
2023,10944,True,True,True,True
2023,10960,True,True,True,True
2023,10966,True,True,True,True
2023,11011,True,True,True,True
2023,11018,True,True,True,True
2023,11053,True,True,True,True
2023,11124,True,True,True,True
2023,11135,True,True,True,True
2023,11171,True,True,True,True
2023,11187,True,True,True,True
2023,11200,True,True,True,True
2023,11204,True,True,True,True
2023,11208,True,True,True,True
2023,11241,True,True,False,False
2023,11249,True,True,True,True
2023,11251,True,True,True,True
2023,11256,True,True,True,True
2023,11272,True,True,True,True
2023,11291,True,True,True,True
2023,11318,True,True,True,True
2023,11355,True,True,True,True
2023,11364,True,True,True,True
2023,11463,True,True,True,True
2023,11479,True,True,True,True
2023,1149,True,True,True,True
2023,11501,True,True,True,True
2023,11519,True,True,True,True
2023,11560,True,True,True,True
2023,11571,True,True,True,True
2023,11586,True,True,True,True
2023,11646,True,True,True,True
2023,1167,True,True,False,False
2023,11701,True,True,True,True
2023,11731,True,True,True,True
2023,11740,True,True,True,True
2023,1175,True,True,True,True
2023,11788,True,True,True,True
2023,11789,True,True,True,True
2023,1179,True,True,True,True
2023,11804,True,True,True,True
2023,11811,True,True,False,False
2023,11824,True,True,True,True
2023,11843,True,True,True,True
2023,12087,True,True,True,True
2023,12186,True,True,True,True
2023,12187,True,True,True,True
2023,12199,True,True,True,True
2023,12208,True,True,True,True
2023,12227,True,True,True,True
2023,12243,True,True,True,True
2023,12260,True,True,True,True
2023,12268,True,True,True,True
2023,12293,True,True,True,True
2023,12298,True,True,True,True
2023,12301,True,True,True,True
2023,12330,True,True,True,True
2023,12341,True,True,True,True
2023,12351,True,True,True,True
2023,12377,True,True,False,False
2023,12390,True,True,True,True
2023,12395,True,True,True,True
2023,12439,True,True,True,True
2023,12450,True,True,True,True
2023,12452,True,True,True,True
2023,12462,True,True,True,True
2023,12470,True,True,True,True
2023,12473,True,True,True,True
2023,1251,True,True,True,True
2023,12515,True,True,True,True
2023,12524,True,True,True,True
2023,12532,True,True,True,True
2023,12539,True,True,True,True
2023,12540,True,True,True,True
2023,12546,True,True,True,True
2023,12642,True,True,True,True
2023,12647,True,True,False,False
2023,12651,True,True,True,True
2023,12685,True,True,True,True
2023,12686,True,True,True,True
2023,12692,True,True,True,True
2023,12698,True,True,False,False
2023,12706,True,True,True,True
2023,1273,True,True,True,True
2023,12745,True,True,True,True
2023,12782,True,True,True,True
2023,12796,True,True,True,True
2023,12801,True,True,True,True
2023,12825,True,True,True,True
2023,1283,True,True,True,True
2023,12860,True,True,True,True
2023,12866,True,True,True,True
2023,12894,True,True,True,True
2023,12929,True,True,True,True
2023,12944,True,True,True,True
2023,12988,True,True,True,True
2023,12990,True,True,True,True
2023,1300,True,True,True,True
2023,13027,True,True,True,True
2023,13032,True,True,True,True
2023,13050,True,True,True,True
2023,13058,True,True,True,True
2023,13137,True,True,True,True
2023,13143,True,True,True,True
2023,13145,True,True,True,True
2023,13196,True,True,True,True
2023,13206,True,True,True,True
2023,13208,True,True,True,True
2023,13214,True,True,True,True
2023,13216,True,True,True,True
2023,13227,True,True,True,True
2023,13314,True,True,True,True
2023,13337,True,True,True,True
2023,13407,True,True,True,True
2023,13416,True,True,True,True
2023,13418,True,True,True,True
2023,13441,True,True,True,True
2023,13448,True,True,True,True
2023,13478,True,True,True,True
2023,13481,True,True,False,False
2023,13482,True,True,True,True
2023,13485,True,True,True,True
2023,13511,True,True,True,True
2023,13519,True,True,True,True
2023,13524,True,True,True,True
2023,13547,True,True,True,True
2023,13573,True,True,False,False
2023,13640,True,True,False,False
2023,13647,True,True,True,True
2023,13651,True,True,True,True
2023,1366,True,True,True,True
2023,13664,True,True,True,True
2023,13676,True,True,True,True
2023,13679,True,True,True,True
2023,13693,True,True,True,True
2023,13716,True,True,True,True
2023,13718,True,True,True,True
2023,13735,True,True,True,True
2023,13750,True,True,True,True
2023,13756,True,True,False,False
2023,13757,True,True,True,True
2023,13758,True,True,True,True
2023,13762,True,True,False,False
2023,13780,True,True,False,False
2023,13781,True,True,True,True
2023,13783,True,True,True,True
2023,13788,True,True,True,True
2023,13799,True,True,True,True
2023,13809,True,True,True,True
2023,13830,True,True,True,True
2023,13831,True,True,False,False
2023,13839,True,True,True,True
2023,13936,True,True,True,True
2023,13955,True,True,True,True
2023,13963,True,True,True,True
2023,13998,True,True,True,True
2023,14006,True,True,True,True
2023,14055,True,True,True,True
2023,14062,True,True,True,True
2023,14063,True,True,True,True
2023,14109,True,True,True,True
2023,14127,True,True,True,True
2023,14146,True,True,True,True
2023,14154,True,True,True,True
2023,14164,True,True,True,True
2023,14170,True,True,True,True
2023,14175,True,True,True,True
2023,14192,True,True,False,False
2023,14194,True,True,True,True
2023,14232,True,True,True,True
2023,14245,True,True,True,True
2023,14246,True,True,True,True
2023,14251,True,True,True,True
2023,14268,True,True,True,True
2023,14289,True,True,True,True
2023,14328,True,True,True,True
2023,14354,True,True,True,True
2023,14371,True,True,True,True
2023,14381,True,True,True,True
2023,14398,True,True,True,True
2023,14401,True,True,True,True
2023,14424,True,True,False,False
2023,14455,True,True,True,True
2023,14468,True,True,True,True
2023,14534,True,True,True,True
2023,1456,True,True,True,True
2023,14563,True,True,True,True
2023,1458,True,True,True,True
2023,14606,True,True,True,True
2023,14610,True,True,True,True
2023,14624,True,True,True,True
2023,14626,True,True,True,True
2023,14668,True,True,True,True
2023,14711,True,True,True,True
2023,14715,True,True,True,True
2023,14716,True,True,True,True
2023,14717,True,True,True,True
2023,14724,True,True,True,True
2023,14775,True,True,True,True
2023,14839,True,True,True,True
2023,14864,True,True,True,True
2023,14940,True,True,True,True
2023,15016,True,True,True,True
2023,15023,True,True,True,True
2023,15045,True,True,True,True
2023,15048,True,True,True,True
2023,15054,True,True,True,True
2023,15073,True,True,True,True
2023,15095,True,True,True,True
2023,15138,True,True,True,True
2023,15159,True,True,True,True
2023,15175,True,True,True,True
2023,15202,True,True,True,True
2023,15229,True,True,True,True
2023,15248,True,True,True,True
2023,15257,True,True,True,True
2023,15263,True,True,True,True
2023,15270,True,True,False,False
2023,1529,True,True,True,True
2023,15291,True,True,True,True
2023,15293,True,True,True,True
2023,15340,True,True,True,True
2023,15344,True,True,False,False
2023,15410,True,True,True,True
2023,15419,True,True,True,True
2023,15444,True,True,True,True
2023,15466,True,True,True,True
2023,15470,True,True,True,True
2023,15472,True,True,True,True
2023,15473,True,True,False,False
2023,15474,True,True,True,True
2023,15477,True,True,True,True
2023,155,True,True,True,True
2023,15500,True,True,True,True
2023,15507,True,True,True,True
2023,15671,True,True,True,True
2023,15700,True,True,True,True
2023,15748,True,True,True,True
2023,15783,True,True,True,True
2023,1579,True,True,True,True
2023,1591,True,True,True,True
2023,15978,True,True,True,True
2023,15979,True,True,True,True
2023,15989,True,True,True,True
2023,16057,True,True,True,True
2023,16060,True,True,True,True
2023,16063,True,True,True,True
2023,16082,True,True,False,False
2023,16088,True,True,True,True
2023,16101,True,True,True,True
2023,1613,True,True,True,True
2023,16146,True,True,True,True
2023,16179,True,True,True,True
2023,16181,True,True,True,True
2023,16183,True,True,True,True
2023,16195,True,True,True,True
2023,16196,True,True,True,True
2023,162,True,True,True,True
2023,16213,True,True,True,True
2023,16223,True,True,True,True
2023,16226,True,True,True,True
2023,1625,True,True,True,True
2023,16259,True,True,True,True
2023,16295,True,True,True,True
2023,16368,True,True,True,True
2023,16382,True,True,True,True
2023,16461,True,True,True,True
2023,16463,True,True,True,True
2023,16496,True,True,True,True
2023,16534,True,True,True,True
2023,16555,True,True,True,True
2023,16558,True,True,False,False
2023,16565,True,True,True,True
2023,16572,True,True,True,True
2023,16587,True,True,True,True
2023,16603,True,True,True,True
2023,16604,True,True,True,True
2023,16606,True,True,True,True
2023,16609,True,True,True,True
2023,16611,True,True,True,True
2023,16613,True,True,True,True
2023,16616,True,True,True,True
2023,16627,True,True,True,True
2023,16638,True,True,True,True
2023,16655,True,True,True,True
2023,16740,True,True,True,True
2023,16751,True,True,True,True
2023,16805,True,True,True,True
2023,16829,True,True,True,True
2023,16865,True,True,True,True
2023,16868,True,True,True,True
2023,16900,True,True,True,True
2023,16930,True,True,True,True
2023,16949,True,True,True,True
2023,16971,True,True,True,True
2023,17011,True,True,True,True
2023,17038,True,True,True,True
2023,17044,True,True,True,True
2023,17047,True,True,True,True
2023,17066,True,True,True,True
2023,1708,True,True,True,True
2023,17127,True,True,True,True
2023,17166,True,True,True,True
2023,17184,True,True,True,True
2023,1723,True,True,True,True
2023,17252,True,True,True,True
2023,17260,True,True,True,True
2023,17267,True,True,True,True
2023,17324,True,True,True,True
2023,17470,True,True,True,True
2023,17534,True,True,True,True
2023,17539,True,True,True,True
2023,17543,True,True,True,True
2023,17550,True,True,True,True
2023,17564,True,True,True,True
2023,17565,True,True,False,False
2023,17572,True,True,True,True
2023,17585,True,True,True,True
2023,17592,True,True,True,True
2023,17599,True,True,True,True
2023,17603,True,True,True,True
2023,17609,True,True,True,True
2023,17612,True,True,True,True
2023,1763,True,True,True,True
2023,17633,True,True,True,True
2023,17637,True,True,False,False
2023,17647,True,True,True,True
2023,17671,True,True,True,True
2023,17683,True,True,True,True
2023,17684,True,True,False,False
2023,1769,True,True,True,True
2023,17692,True,True,True,True
2023,17694,True,True,True,True
2023,17697,True,True,False,False
2023,17698,True,True,False,False
2023,17718,True,True,True,True
2023,1775,True,True,True,True
2023,17828,True,True,True,True
2023,17832,True,True,True,True
2023,17833,True,True,True,True
2023,17839,True,True,True,True
2023,17845,True,True,True,True
2023,17860,True,True,True,True
2023,17874,True,True,True,True
2023,17896,True,True,True,True
2023,18006,True,True,True,True
2023,18019,True,True,True,True
2023,18022,True,True,True,True
2023,18047,True,True,True,True
2023,18085,True,True,True,True
2023,18087,True,True,True,True
2023,18125,True,True,True,True
2023,18181,True,True,True,True
2023,18203,True,True,True,True
2023,18206,True,True,True,True
2023,18249,True,True,True,True
2023,18252,True,True,False,False
2023,18280,True,True,True,True
2023,18304,True,True,True,True
2023,18305,True,True,True,True
2023,18312,True,True,True,True
2023,18336,True,True,True,True
2023,18339,True,True,True,True
2023,18360,True,True,True,True
2023,18429,True,True,True,True
2023,18445,True,True,True,True
2023,18447,True,True,True,True
2023,18449,True,True,True,True
2023,18454,True,True,True,True
2023,18488,True,True,True,True
2023,18498,True,True,True,True
2023,18499,True,True,True,True
2023,1884,True,True,True,True
2023,18848,True,True,True,True
2023,1886,True,True,True,True
2023,1889,True,True,True,True
2023,1890,True,True,True,True
2023,1891,True,True,True,True
2023,1892,True,True,True,True
2023,18940,True,True,True,True
2023,18955,True,True,False,False
2023,18956,True,True,True,True
2023,18957,True,True,True,True
2023,18976,True,True,True,True
2023,18997,True,True,True,True
2023,19108,True,True,True,True
2023,19125,True,True,True,True
2023,19156,True,True,True,True
2023,19157,True,True,True,True
2023,19159,True,True,True,True
2023,19160,True,True,True,True
2023,19161,True,True,True,True
2023,19162,True,True,True,True
2023,19189,True,True,True,True
2023,19219,True,True,True,True
2023,19266,True,True,True,True
2023,19281,True,True,True,True
2023,19293,True,True,True,True
2023,19324,True,True,True,True
2023,19325,True,True,True,True
2023,1936,True,True,True,True
2023,19390,True,True,True,True
2023,19396,True,True,True,True
2023,19435,True,True,True,True
2023,19436,True,True,False,False
2023,19445,True,True,True,True
2023,19446,True,True,True,True
2023,19490,True,True,True,True
2023,19497,True,True,False,False
2023,19499,True,True,True,True
2023,195,True,True,False,False
2023,19501,True,True,True,True
2023,19502,True,True,True,True
2023,19545,True,True,True,True
2023,19547,True,True,True,True
2023,19558,True,True,True,True
2023,19574,True,True,True,True
2023,19578,True,True,True,True
2023,19579,True,True,True,True
2023,19667,True,True,True,True
2023,19728,True,True,True,True
2023,19785,True,True,True,True
2023,19790,True,True,True,True
2023,19791,True,True,True,True
2023,19798,True,True,True,True
2023,19806,True,True,True,True
2023,19820,True,True,True,True
2023,19840,True,True,True,True
2023,19876,True,True,False,False
2023,19882,True,True,True,True
2023,19898,True,True,True,True
2023,19951,True,True,True,True
2023,19981,True,True,True,True
2023,2001,True,True,True,True
2023,20038,True,True,False,False
2023,20065,True,True,True,True
2023,20077,True,True,True,True
2023,20130,True,True,True,True
2023,20146,True,True,True,True
2023,20169,True,True,True,True
2023,20187,True,True,True,True
2023,20211,True,True,True,True
2023,20213,True,True,True,True
2023,20216,True,True,True,True
2023,20228,True,True,True,True
2023,20230,True,True,True,True
2023,20310,True,True,True,True
2023,20318,True,True,True,True
2023,20334,True,True,True,True
2023,20363,True,True,True,True
2023,20371,True,True,True,True
2023,20377,True,True,True,True
2023,20387,True,True,True,True
2023,20401,True,True,True,True
2023,20404,True,True,True,True
2023,20413,True,True,True,True
2023,20477,True,True,True,True
2023,20481,True,True,True,True
2023,2049,True,True,True,True
2023,20510,True,True,True,True
2023,20521,True,True,True,True
2023,2054,True,True,True,True
2023,2056,True,True,True,True
2023,20576,True,True,True,True
2023,20603,True,True,True,True
2023,20639,True,True,True,True
2023,207,True,True,True,True
2023,20737,True,True,True,True
2023,20785,True,True,True,True
2023,20841,True,True,True,True
2023,20847,True,True,True,True
2023,20856,True,True,True,True
2023,20860,True,True,True,True
2023,20862,True,True,True,True
2023,20885,True,True,True,True
2023,2089,True,True,False,False
2023,20927,True,True,True,True
2023,20948,True,True,True,True
2023,20963,True,True,False,False
2023,20996,True,True,True,True
2023,21002,True,True,True,True
2023,21013,True,True,True,True
2023,21048,True,True,True,True
2023,21075,True,True,True,True
2023,21081,True,True,True,True
2023,21111,True,True,True,True
2023,21158,True,True,True,True
2023,21244,True,True,True,True
2023,213,True,True,True,True
2023,2144,True,True,True,True
2023,21513,True,True,True,True
2023,21538,True,True,True,True
2023,21567,True,True,False,False
2023,21632,True,True,True,True
2023,219,True,True,False,False
2023,22053,True,True,True,True
2023,2212,True,True,True,True
2023,2247,True,True,True,True
2023,2248,True,True,True,True
2023,22500,True,True,True,True
2023,22815,True,True,True,True
2023,22822,True,True,True,True
2023,2285,True,True,True,True
2023,230,True,True,True,True
2023,240,True,True,True,True
2023,2409,True,True,True,True
2023,24211,True,True,True,True
2023,2442,True,True,True,True
2023,24590,True,True,True,True
2023,24753,True,True,True,True
2023,24889,True,True,True,True
2023,24949,True,True,True,True
2023,2502,True,True,True,True
2023,2507,True,True,True,True
2023,25177,True,True,True,True
2023,25295,True,True,True,True
2023,2548,True,True,True,True
2023,2651,True,True,True,True
2023,26510,True,True,True,True
2023,2652,True,True,True,True
2023,27222,True,True,True,True
2023,27238,True,True,False,False
2023,27369,True,True,True,True
2023,27599,True,True,True,True
2023,276,True,True,True,True
2023,2812,True,True,True,True
2023,2849,True,True,True,True
2023,28541,True,True,True,True
2023,28604,True,True,True,True
2023,28978,True,True,True,True
2023,2911,True,True,True,True
2023,295,True,True,True,True
2023,296,True,True,True,True
2023,2960,True,True,True,True
2023,2985,True,True,True,True
2023,3046,True,True,True,True
2023,305,True,True,True,True
2023,30518,True,True,True,True
2023,3081,True,True,True,True
2023,3093,True,True,True,True
2023,3107,True,True,True,True
2023,3113,True,True,True,True
2023,31833,True,True,True,True
2023,3203,True,True,True,True
2023,3208,True,True,True,True
2023,3222,True,True,True,True
2023,3226,True,True,True,True
2023,3245,True,True,True,True
2023,3248,True,True,True,True
2023,3249,True,True,True,True
2023,3250,True,True,True,True
2023,3264,True,True,True,True
2023,3265,True,True,False,False
2023,3266,True,True,True,True
2023,3268,True,True,True,True
2023,3273,True,True,True,True
2023,3278,True,True,True,True
2023,3282,True,True,True,True
2023,3287,True,True,True,True
2023,3291,True,True,True,True
2023,3295,True,True,True,True
2023,3329,True,True,True,True
2023,3400,True,True,True,True
2023,3408,True,True,True,True
2023,3413,True,True,True,True
2023,3436,True,True,True,True
2023,3461,True,True,True,True
2023,3470,True,True,True,True
2023,3477,True,True,True,True
2023,3478,True,True,True,True
2023,3502,True,True,True,True
2023,3503,True,True,False,False
2023,3522,True,True,True,True
2023,3527,True,True,True,True
2023,3542,True,True,True,True
2023,3597,True,True,True,True
2023,3600,True,True,False,False
2023,3644,True,True,True,True
2023,3647,True,True,True,True
2023,3660,True,True,True,True
2023,3687,True,True,True,True
2023,3704,True,True,True,True
2023,3712,True,True,True,True
2023,3755,True,True,True,True
2023,3757,True,True,True,True
2023,3758,True,True,True,True
2023,3762,True,True,True,True
2023,38084,True,True,True,True
2023,3812,True,True,True,True
2023,3828,True,True,True,True
2023,3841,True,True,True,True
2023,3843,True,True,True,True
2023,3855,True,True,True,True
2023,3892,True,True,True,True
2023,3915,True,True,True,True
2023,3916,True,True,True,True
2023,392,True,True,True,True
2023,3940,True,True,True,True
2023,3989,True,True,True,True
2023,4003,True,True,True,True
2023,40051,True,True,True,True
2023,40165,True,True,True,True
2023,40228,True,True,True,True
2023,40236,True,True,True,True
2023,40302,True,True,True,True
2023,40304,True,True,True,True
2023,4041,True,True,True,True
2023,40438,True,True,True,True
2023,4045,True,True,True,True
2023,40606,True,True,True,True
2023,4063,True,True,True,True
2023,4065,True,True,True,True
2023,4068,True,True,True,True
2023,407,True,True,True,True
2023,4110,True,True,True,True
2023,4146,True,True,True,True
2023,4150,True,True,True,True
2023,4176,True,True,False,False
2023,4226,True,True,True,True
2023,4237,True,True,True,True
2023,4254,True,True,False,False
2023,4262,True,True,True,True
2023,4265,True,True,True,True
2023,4280,True,True,True,True
2023,4296,True,True,True,True
2023,4317,True,True,True,True
2023,4327,True,True,False,False
2023,4362,True,True,False,False
2023,4373,True,True,True,True
2023,4401,True,True,True,True
2023,4430,True,True,True,True
2023,4432,True,True,True,True
2023,44372,True,True,True,True
2023,4442,True,True,True,True
2023,4508,True,True,True,True
2023,4509,True,True,True,True
2023,4524,True,True,True,True
2023,4577,True,True,True,True
2023,4618,True,True,True,True
2023,4622,True,True,True,True
2023,4624,True,True,True,True
2023,4671,True,True,True,True
2023,4675,True,True,False,False
2023,4683,True,True,True,True
2023,4717,True,True,True,True
2023,4743,True,True,True,True
2023,4848,True,True,True,True
2023,4911,True,True,True,True
2023,4922,True,True,True,True
2023,4939,True,True,True,True
2023,4958,True,True,True,True
2023,4960,True,True,True,True
2023,4975,True,True,True,True
2023,5027,True,True,False,False
2023,5063,True,True,True,True
2023,5070,True,True,True,True
2023,5078,True,True,True,True
2023,5109,True,True,False,False
2023,5148,True,True,True,True
2023,5175,True,True,True,True
2023,5202,True,True,False,False
2023,5204,True,True,True,True
2023,5336,True,True,True,True
2023,5394,True,True,True,True
2023,5399,True,True,True,True
2023,5416,True,True,True,True
2023,5417,True,True,False,False
2023,5480,True,True,True,True
2023,5487,True,True,True,True
2023,54913,True,True,True,True
2023,5509,True,True,True,True
2023,5535,True,True,False,False
2023,554,True,True,True,True
2023,5574,True,True,True,True
2023,5578,True,True,True,True
2023,55787,True,True,True,True
2023,5585,True,True,True,True
2023,5588,True,True,True,True
2023,55937,True,True,True,True
2023,5598,True,True,True,True
2023,55982,True,True,True,True
2023,5605,True,True,True,True
2023,5609,True,True,True,True
2023,56146,True,True,True,True
2023,562,True,True,True,True
2023,5625,True,True,True,True
2023,5644,True,True,True,True
2023,5656,True,True,True,True
2023,5661,True,True,True,True
2023,56621,True,True,True,True
2023,56697,True,True,False,False
2023,5701,True,True,False,False
2023,57483,True,True,True,True
2023,5773,True,True,True,True
2023,5780,True,True,True,True
2023,5860,True,True,False,False
2023,5862,True,True,True,True
2023,58789,True,True,True,True
2023,590,True,True,True,True
2023,59013,True,True,True,True
2023,5905,True,True,True,True
2023,5929,True,True,True,True
2023,5930,True,True,True,True
2023,5961,True,True,True,True
2023,6022,True,True,True,True
2023,60482,True,True,True,True
2023,60631,True,True,True,True
2023,60839,True,True,True,True
2023,6169,True,True,True,True
2023,6181,True,True,True,True
2023,6182,True,True,True,True
2023,6194,True,True,True,True
2023,6198,True,True,True,True
2023,6204,True,True,True,True
2023,6234,True,True,True,True
2023,6235,True,True,True,True
2023,6258,True,True,True,True
2023,6342,True,True,True,True
2023,636,True,True,True,True
2023,6374,True,True,True,True
2023,6395,True,True,True,True
2023,6411,True,True,True,True
2023,6424,True,True,True,True
2023,6427,True,True,True,True
2023,6442,True,True,True,True
2023,6443,True,True,True,True
2023,6452,True,True,False,False
2023,6455,True,True,True,True
2023,6457,True,True,True,True
2023,6491,True,True,True,True
2023,65261,True,True,True,True
2023,6582,True,True,True,True
2023,6604,True,True,True,True
2023,66073,True,True,True,True
2023,6608,True,True,True,True
2023,6616,True,True,False,False
2023,6640,True,True,True,True
2023,6641,True,True,True,True
2023,6708,True,True,True,True
2023,6709,True,True,True,True
2023,6716,True,True,True,True
2023,6775,True,True,True,True
2023,6779,True,True,True,True
2023,6782,True,True,True,True
2023,6784,True,True,True,True
2023,689,True,True,True,True
2023,6894,True,True,True,True
2023,6909,True,True,True,True
2023,691,True,True,True,True
2023,6923,True,True,True,True
2023,6941,True,True,True,True
2023,6957,True,True,True,True
2023,6958,True,True,True,True
2023,7027,True,True,True,True
2023,7090,True,True,True,True
2023,7096,True,True,True,True
2023,7129,True,True,True,True
2023,7140,True,True,True,True
2023,719,True,True,True,True
2023,7222,True,True,True,True
2023,7264,True,True,True,True
2023,727,True,True,True,True
2023,7270,True,True,True,True
2023,7294,True,True,True,True
2023,733,True,True,False,False
2023,7353,True,True,True,True
2023,7450,True,True,True,True
2023,7483,True,True,True,True
2023,7490,True,True,True,True
2023,7548,True,True,True,True
2023,7558,True,True,True,True
2023,7559,True,True,True,True
2023,7563,True,True,True,True
2023,7601,True,True,True,True
2023,7625,True,True,True,True
2023,7627,True,True,True,True
2023,7634,True,True,True,True
2023,7639,True,True,True,True
2023,7654,True,True,True,True
2023,7716,True,True,False,False
2023,7752,True,True,True,True
2023,7785,True,True,True,True
2023,7887,True,True,True,True
2023,7891,True,True,True,True
2023,7977,True,True,True,True
2023,8000,True,True,True,True
2023,803,True,True,True,True
2023,8034,True,True,True,True
2023,8055,True,True,True,True
2023,814,True,True,False,False
2023,8147,True,True,True,True
2023,817,True,True,True,True
2023,8179,True,True,True,True
2023,8198,True,True,True,True
2023,8210,True,True,True,True
2023,8212,True,True,True,True
2023,8245,True,True,True,True
2023,8287,True,True,True,True
2023,8319,True,True,True,True
2023,8333,True,True,True,True
2023,84,True,True,True,True
2023,8447,True,True,True,True
2023,8449,True,True,True,True
2023,8566,True,True,True,True
2023,8571,True,True,True,True
2023,8620,True,True,True,True
2023,8699,True,True,True,True
2023,8723,True,True,True,True
2023,8761,True,True,True,True
2023,8764,True,True,True,True
2023,8773,True,True,True,True
2023,8774,True,True,True,True
2023,8786,True,True,True,True
2023,8795,True,True,True,True
2023,8840,True,True,True,True
2023,8898,True,True,True,True
2023,8901,True,True,True,True
2023,8973,True,True,True,True
2023,9087,True,True,True,True
2023,9094,True,True,True,True
2023,9096,True,True,True,True
2023,9130,True,True,True,True
2023,9187,True,True,True,True
2023,9191,True,True,True,True
2023,9216,True,True,True,True
2023,9230,True,True,True,True
2023,9231,True,True,True,True
2023,9246,True,True,True,True
2023,9273,True,True,True,True
2023,9292,True,True,True,True
2023,9324,True,True,False,False
2023,9331,True,True,True,True
2023,9336,True,True,True,True
2023,9417,True,True,True,True
2023,9425,True,True,True,True
2023,9475,True,True,True,True
2023,9575,True,True,True,True
2023,9576,True,True,True,True
2023,9601,True,True,True,True
2023,9605,True,True,True,True
2023,9612,True,True,True,True
2023,9613,True,True,True,True
2023,9616,True,True,False,False
2023,9617,True,True,False,False
2023,963,True,True,True,True
2023,9645,True,True,True,True
2023,9665,True,True,True,True
2023,9667,True,True,True,True
2023,9668,True,True,True,True
2023,9682,True,True,True,True
2023,9689,True,True,True,True
2023,9699,True,True,True,True
2023,9726,True,True,True,True
2023,9739,True,True,True,True
2023,9750,True,True,True,True
2023,9777,True,True,True,True
2023,9778,True,True,True,True
2023,9837,True,True,True,True
2023,9964,True,True,True,True
2023,9996,True,True,True,True
2024,10000,True,True,True,True
2024,10005,True,True,True,True
2024,10009,True,True,True,True
2024,10019,True,True,True,True
2024,10056,True,True,True,True
2024,10071,True,True,True,True
2024,1009,True,True,True,True
2024,1015,True,True,True,True
2024,10170,True,True,True,True
2024,10171,True,True,True,True
2024,10210,True,True,True,True
2024,10226,True,True,True,True
2024,10331,True,True,True,True
2024,10345,True,True,True,True
2024,10370,True,True,False,False
2024,10376,True,True,True,True
2024,10378,True,True,True,True
2024,10393,True,True,True,True
2024,10421,True,True,True,True
2024,10448,True,True,True,True
2024,10454,True,True,True,True
2024,1050,True,True,True,True
2024,10539,True,True,True,True
2024,10579,True,True,True,True
2024,10599,True,True,True,True
2024,10603,True,True,True,True
2024,10618,True,True,True,True
2024,10620,True,True,True,True
2024,10623,True,True,True,True
2024,10624,True,True,True,True
2024,10625,True,True,True,True
2024,10649,True,True,True,True
2024,10668,True,True,True,True
2024,10681,True,True,True,True
2024,10697,True,True,False,False
2024,10704,True,True,True,True
2024,10768,True,True,True,True
2024,108,True,True,True,True
2024,10817,True,True,True,True
2024,10857,True,True,True,True
2024,10868,True,True,True,True
2024,10879,True,True,True,True
2024,10944,True,True,True,True
2024,10960,True,True,True,True
2024,10966,True,True,True,True
2024,11011,True,True,True,True
2024,11018,True,True,True,True
2024,11053,True,True,True,True
2024,11124,True,True,True,True
2024,11135,True,True,True,True
2024,11171,True,True,True,True
2024,11187,True,True,True,True
2024,11200,True,True,True,True
2024,11204,True,True,True,True
2024,11208,True,True,True,True
2024,11241,True,True,False,False
2024,11249,True,True,True,True
2024,11251,True,True,True,True
2024,11256,True,True,True,True
2024,11272,True,True,True,True
2024,11291,True,True,True,True
2024,11318,True,True,True,True
2024,11355,True,True,True,True
2024,11364,True,True,True,True
2024,11463,True,True,True,True
2024,11479,True,True,True,True
2024,1149,True,True,True,True
2024,11501,True,True,True,True
2024,11519,True,True,True,True
2024,11560,True,True,True,True
2024,11571,True,True,True,True
2024,11586,True,True,True,True
2024,11646,True,True,True,True
2024,1167,True,True,False,False
2024,11701,True,True,True,True
2024,11731,True,True,True,True
2024,11740,True,True,True,True
2024,1175,True,True,True,True
2024,11788,True,True,True,True
2024,11789,True,True,True,True
2024,1179,True,True,True,True
2024,11804,True,True,True,True
2024,11811,True,True,False,False
2024,11824,True,True,True,True
2024,11843,True,True,True,True
2024,12087,True,True,True,True
2024,12186,True,True,True,True
2024,12187,True,True,True,True
2024,12199,True,True,True,True
2024,12208,True,True,True,True
2024,12227,True,True,True,True
2024,12243,True,True,True,True
2024,12260,True,True,True,True
2024,12268,True,True,True,True
2024,12293,True,True,True,True
2024,12298,True,True,True,True
2024,12301,True,True,True,True
2024,12330,True,True,True,True
2024,12341,True,True,True,True
2024,12351,True,True,True,True
2024,12377,True,True,False,False
2024,12395,True,True,True,True
2024,12439,True,True,True,True
2024,12450,True,True,True,True
2024,12452,True,True,True,True
2024,12462,True,True,True,True
2024,12470,True,True,True,True
2024,12473,True,True,True,True
2024,1251,True,True,True,True
2024,12515,True,True,True,True
2024,12524,True,True,True,True
2024,12532,True,True,True,True
2024,12539,True,True,True,True
2024,12540,True,True,True,True
2024,12546,True,True,True,True
2024,12642,True,True,True,True
2024,12647,True,True,False,False
2024,12651,True,True,True,True
2024,12685,True,True,True,True
2024,12686,True,True,True,True
2024,12692,True,True,True,True
2024,12698,True,True,False,False
2024,12706,True,True,True,True
2024,1273,True,True,True,True
2024,12745,True,True,True,True
2024,12782,True,True,True,True
2024,12796,True,True,True,True
2024,12801,True,True,True,True
2024,12825,True,True,True,True
2024,1283,True,True,True,True
2024,12860,True,True,True,True
2024,12866,True,True,True,True
2024,12894,True,True,True,True
2024,12929,True,True,True,True
2024,12944,True,True,True,True
2024,12988,True,True,True,True
2024,12990,True,True,True,True
2024,1300,True,True,True,True
2024,13027,True,True,True,True
2024,13032,True,True,True,True
2024,13050,True,True,True,True
2024,13058,True,True,True,True
2024,13137,True,True,True,True
2024,13143,True,True,True,True
2024,13145,True,True,True,True
2024,13196,True,True,True,True
2024,13206,True,True,True,True
2024,13208,True,True,True,True
2024,13214,True,True,True,True
2024,13216,True,False,True,False
2024,1325,True,True,True,True
2024,13314,True,True,True,True
2024,13337,True,True,True,True
2024,13407,True,True,True,True
2024,13416,True,True,True,True
2024,13418,True,True,True,True
2024,13441,True,True,True,True
2024,13448,True,True,True,True
2024,13478,True,True,False,False
2024,13481,True,True,False,False
2024,13482,True,True,True,True
2024,13485,True,True,True,True
2024,13511,True,True,True,True
2024,13519,True,True,True,True
2024,13524,True,True,True,True
2024,13547,True,True,True,True
2024,13573,True,True,False,False
2024,13640,True,True,False,False
2024,13647,True,True,True,True
2024,13651,True,True,True,True
2024,1366,True,True,True,True
2024,13664,True,True,True,True
2024,13676,True,True,True,True
2024,13679,True,True,True,True
2024,13693,True,True,True,True
2024,13716,True,True,True,True
2024,13718,True,True,True,True
2024,13735,True,True,True,True
2024,13750,True,True,True,True
2024,13756,True,True,False,False
2024,13757,True,True,True,True
2024,13758,True,True,True,True
2024,13762,True,True,False,False
2024,13780,True,True,False,False
2024,13781,True,True,True,True
2024,13783,True,True,True,True
2024,13788,True,True,True,True
2024,13799,True,True,True,True
2024,13809,True,True,True,True
2024,13830,True,True,True,True
2024,13831,True,True,False,False
2024,13839,True,True,True,True
2024,13936,True,True,True,True
2024,13955,True,True,True,True
2024,13963,True,True,True,True
2024,13998,True,True,True,True
2024,14006,True,True,True,True
2024,14055,True,True,True,True
2024,14062,True,True,True,True
2024,14063,True,True,True,True
2024,14109,True,True,True,True
2024,14127,True,True,True,True
2024,14146,True,True,True,True
2024,14154,True,True,True,True
2024,14164,True,True,True,True
2024,14170,True,True,True,True
2024,14175,True,True,True,True
2024,14192,True,True,False,False
2024,14194,True,True,True,True
2024,14232,True,True,True,True
2024,14245,True,True,True,True
2024,14246,True,True,True,True
2024,14251,True,True,True,True
2024,14268,True,True,True,True
2024,14275,True,True,True,True
2024,14289,True,True,True,True
2024,14328,True,True,True,True
2024,14354,True,True,True,True
2024,14371,True,True,True,True
2024,14381,True,True,True,True
2024,14398,True,True,True,True
2024,14401,True,True,True,True
2024,14424,True,True,False,False
2024,14455,True,True,True,True
2024,14468,True,True,True,True
2024,14534,True,True,True,True
2024,14563,True,True,True,True
2024,1458,True,True,True,True
2024,14606,True,True,True,True
2024,14610,True,True,True,True
2024,14624,True,True,True,True
2024,14626,True,True,True,True
2024,14668,True,True,True,True
2024,14715,True,True,True,True
2024,14717,True,True,True,True
2024,14724,True,True,True,True
2024,14775,True,True,True,True
2024,14839,True,True,True,True
2024,14864,True,True,True,True
2024,14940,True,True,True,True
2024,15016,True,True,True,True
2024,15023,True,True,True,True
2024,15045,True,True,True,True
2024,15048,True,True,True,True
2024,15054,True,True,True,True
2024,15073,True,True,True,True
2024,15095,True,True,True,True
2024,15138,True,True,True,True
2024,15141,True,True,True,True
2024,15159,True,True,True,True
2024,15175,True,True,True,True
2024,15202,True,True,True,True
2024,15229,True,True,True,True
2024,15248,True,True,True,True
2024,15257,True,True,True,True
2024,15263,True,True,True,True
2024,15270,True,True,False,False
2024,1529,True,True,True,True
2024,15291,True,True,True,True
2024,15293,True,True,True,True
2024,15340,True,True,True,True
2024,15344,True,True,False,False
2024,15410,True,True,True,True
2024,15419,True,True,True,True
2024,15444,True,True,True,True
2024,15466,True,True,True,True
2024,15470,True,True,True,True
2024,15472,True,True,True,True
2024,15473,True,True,False,False
2024,15474,True,True,True,True
2024,15477,True,True,True,True
2024,155,True,True,True,True
2024,15500,True,True,True,True
2024,15507,True,True,True,True
2024,15671,True,True,True,True
2024,15700,True,True,True,True
2024,15748,True,True,True,True
2024,15783,True,True,True,True
2024,1579,True,True,True,True
2024,1591,True,True,True,True
2024,15978,True,True,True,True
2024,15979,True,True,True,True
2024,15989,True,True,True,True
2024,16057,True,True,True,True
2024,16060,True,True,True,True
2024,16063,True,True,True,True
2024,16082,True,True,False,False
2024,16088,True,True,True,True
2024,16101,True,True,True,True
2024,1613,True,True,True,True
2024,16146,True,True,True,True
2024,16179,True,True,True,True
2024,16181,True,True,True,True
2024,16183,True,True,True,True
2024,16195,True,True,True,True
2024,16196,True,True,True,True
2024,162,True,True,True,True
2024,16213,True,True,True,True
2024,16223,True,True,True,True
2024,16226,True,True,True,True
2024,1625,True,True,True,True
2024,16259,True,True,True,True
2024,16286,True,True,True,True
2024,16295,True,True,True,True
2024,16368,True,True,True,True
2024,16382,True,True,True,True
2024,16461,True,True,True,True
2024,16463,True,True,True,True
2024,16496,True,True,True,True
2024,16534,True,True,True,True
2024,16555,True,True,True,True
2024,16558,True,True,False,False
2024,16565,True,True,True,True
2024,16572,True,True,True,True
2024,16587,True,True,True,True
2024,16603,True,True,True,True
2024,16604,True,True,True,True
2024,16606,True,True,True,True
2024,16609,True,True,True,True
2024,16611,True,True,True,True
2024,16613,True,True,True,True
2024,16616,True,True,True,True
2024,16627,True,True,True,True
2024,16638,True,True,True,True
2024,16655,True,True,True,True
2024,16740,True,True,True,True
2024,16751,True,True,True,True
2024,16805,True,True,True,True
2024,16829,True,True,True,True
2024,16865,True,True,True,True
2024,16868,True,True,True,True
2024,16900,True,True,True,True
2024,16930,True,True,True,True
2024,16949,True,True,True,True
2024,16971,True,True,True,True
2024,17011,True,True,True,True
2024,17038,True,True,True,True
2024,17044,True,True,True,True
2024,17047,True,True,True,True
2024,17066,True,True,True,True
2024,1708,True,True,True,True
2024,17127,True,True,True,True
2024,17166,True,True,True,True
2024,17184,True,True,True,True
2024,1723,True,True,True,True
2024,17252,True,True,True,True
2024,17260,True,True,True,True
2024,17267,True,True,True,True
2024,17324,True,True,True,True
2024,17470,True,True,True,True
2024,17534,True,True,True,True
2024,17539,True,True,True,True
2024,17543,True,True,True,True
2024,17550,True,True,True,True
2024,17564,True,True,True,True
2024,17565,True,True,False,False
2024,17572,True,True,True,True
2024,17585,True,True,True,True
2024,17592,True,True,True,True
2024,17599,True,True,True,True
2024,17603,True,True,True,True
2024,17609,True,True,True,True
2024,17612,True,True,True,True
2024,1763,True,True,True,True
2024,17633,True,True,True,True
2024,17637,True,True,False,False
2024,17647,True,True,True,True
2024,17671,True,True,True,True
2024,17683,True,True,True,True
2024,17684,True,True,False,False
2024,1769,True,True,True,True
2024,17692,True,True,True,True
2024,17697,True,True,False,False
2024,17698,True,True,False,False
2024,17718,True,True,True,True
2024,1775,True,True,True,True
2024,17828,True,True,True,True
2024,17832,True,True,True,True
2024,17833,True,True,True,True
2024,17839,True,True,True,True
2024,17845,True,True,True,True
2024,17860,True,True,True,True
2024,17874,True,True,True,True
2024,17896,True,True,True,True
2024,18006,True,True,True,True
2024,18019,True,True,True,True
2024,18022,True,True,True,True
2024,18047,True,True,True,True
2024,18085,True,True,True,True
2024,18125,True,True,True,True
2024,18181,True,True,True,True
2024,18203,True,True,True,True
2024,18206,True,True,True,True
2024,18249,True,True,True,True
2024,18252,True,True,False,False
2024,18280,True,True,True,True
2024,18304,True,True,True,True
2024,18305,True,True,True,True
2024,18312,True,True,True,True
2024,18336,True,True,True,True
2024,18339,True,True,True,True
2024,18360,True,True,True,True
2024,18429,True,True,True,True
2024,18445,True,True,True,True
2024,18447,True,True,True,True
2024,18449,True,True,True,True
2024,18454,True,True,True,True
2024,18488,True,True,True,True
2024,18498,True,True,True,True
2024,18499,True,True,True,True
2024,1884,True,True,True,True
2024,18848,True,True,True,True
2024,1886,True,True,True,True
2024,1889,True,True,True,True
2024,1890,True,True,True,True
2024,1891,True,True,True,True
2024,1892,True,True,True,True
2024,18940,True,True,True,True
2024,18955,True,True,False,False
2024,18956,True,True,True,True
2024,18957,True,True,True,True
2024,18976,True,True,True,True
2024,18997,True,True,True,True
2024,19108,True,True,True,True
2024,19125,True,True,True,True
2024,19156,True,True,True,True
2024,19157,True,True,True,True
2024,19159,True,True,True,True
2024,19160,True,True,True,True
2024,19161,True,True,True,True
2024,19162,True,True,True,True
2024,19189,True,True,True,True
2024,19219,True,True,True,True
2024,19266,True,True,True,True
2024,19281,True,True,True,True
2024,19293,True,True,True,True
2024,19324,True,True,True,True
2024,19325,True,True,True,True
2024,1936,True,True,True,True
2024,19390,True,True,True,True
2024,19396,True,True,True,True
2024,19435,True,True,True,True
2024,19436,True,True,False,False
2024,19445,True,True,True,True
2024,19446,True,True,True,True
2024,19490,True,True,True,True
2024,19497,True,True,False,False
2024,19499,True,True,True,True
2024,195,True,True,False,False
2024,19501,True,True,True,True
2024,19502,True,True,True,True
2024,19545,True,True,True,True
2024,19547,True,True,True,True
2024,19558,True,True,True,True
2024,19578,True,True,True,True
2024,19579,True,True,True,True
2024,19667,True,True,True,True
2024,19728,True,True,True,True
2024,19785,True,True,True,True
2024,19790,True,True,True,True
2024,19791,True,True,True,True
2024,19798,True,True,True,True
2024,19806,True,True,True,True
2024,19820,True,True,True,True
2024,19840,True,True,True,True
2024,19876,True,True,False,False
2024,19882,True,True,True,True
2024,19898,True,True,True,True
2024,19951,True,True,True,True
2024,19981,True,True,True,True
2024,2001,True,True,True,True
2024,20038,True,True,False,False
2024,20065,True,True,True,True
2024,2008,True,True,True,True
2024,20130,True,True,True,True
2024,20146,True,True,True,True
2024,20169,True,True,True,True
2024,20187,True,True,True,True
2024,20211,True,True,True,True
2024,20213,True,True,True,True
2024,20216,True,True,True,True
2024,20228,True,True,True,True
2024,20230,True,True,True,True
2024,20310,True,True,True,True
2024,20318,True,True,True,True
2024,20334,True,True,True,True
2024,20363,True,True,True,True
2024,20371,True,True,True,True
2024,20377,True,True,True,True
2024,20401,True,True,True,True
2024,20404,True,True,True,True
2024,20413,True,True,True,True
2024,20477,True,True,True,True
2024,20481,True,True,True,True
2024,2049,True,True,True,True
2024,20510,True,True,True,True
2024,20521,True,True,True,True
2024,2054,True,True,True,True
2024,2056,True,True,True,True
2024,20576,True,True,True,True
2024,20603,True,True,True,True
2024,20639,True,True,True,True
2024,207,True,True,True,True
2024,20737,True,True,True,True
2024,20785,True,True,True,True
2024,20793,True,True,True,True
2024,20841,True,True,True,True
2024,20847,True,True,True,True
2024,20856,True,True,True,True
2024,20860,True,True,True,True
2024,20862,True,True,True,True
2024,20885,True,True,True,True
2024,2089,True,True,False,False
2024,20927,True,True,True,True
2024,20948,True,True,True,True
2024,20963,True,True,False,False
2024,20996,True,True,True,True
2024,21002,True,True,True,True
2024,21013,True,True,True,True
2024,21048,True,True,True,True
2024,21075,True,True,True,True
2024,21081,True,True,True,True
2024,21111,True,True,True,True
2024,21158,True,True,True,True
2024,21244,True,True,True,True
2024,213,True,True,True,True
2024,2138,True,True,True,True
2024,2144,True,True,True,True
2024,21513,True,True,True,True
2024,21538,True,True,True,True
2024,21567,True,True,False,False
2024,21632,True,True,True,True
2024,219,True,True,False,False
2024,22053,True,True,True,True
2024,2212,True,True,True,True
2024,2247,True,True,True,True
2024,2248,True,True,True,True
2024,22500,True,True,True,True
2024,22815,True,True,True,True
2024,22822,True,True,True,True
2024,2285,True,True,True,True
2024,230,True,True,True,True
2024,232,True,True,True,True
2024,240,True,True,True,True
2024,2409,True,True,True,True
2024,24211,True,True,True,True
2024,2442,True,True,True,True
2024,24590,True,True,True,True
2024,24753,True,True,True,True
2024,24889,True,True,True,True
2024,24949,True,True,True,True
2024,2502,True,True,True,True
2024,2507,True,True,True,True
2024,25177,True,True,True,True
2024,25295,True,True,True,True
2024,2548,True,True,True,True
2024,2651,True,True,True,True
2024,26510,True,True,True,True
2024,2652,True,True,True,True
2024,27222,True,True,True,True
2024,27238,True,True,False,False
2024,27369,True,True,True,True
2024,27599,True,True,True,True
2024,276,True,True,True,True
2024,2812,True,True,True,True
2024,2849,True,True,True,True
2024,28541,True,True,True,True
2024,28604,True,True,True,True
2024,28978,True,True,True,True
2024,2911,True,True,True,True
2024,295,True,True,True,True
2024,296,True,True,True,True
2024,2960,True,True,True,True
2024,2985,True,True,True,True
2024,3046,True,True,True,True
2024,305,True,True,True,True
2024,30518,True,True,True,True
2024,3081,True,True,True,True
2024,3093,True,True,True,True
2024,3107,True,True,True,True
2024,3113,True,True,True,True
2024,31833,True,True,True,True
2024,3203,True,True,True,True
2024,3208,True,True,True,True
2024,3222,True,True,True,True
2024,3226,True,True,True,True
2024,3245,True,True,True,True
2024,3248,True,True,True,True
2024,3249,True,True,True,True
2024,3250,True,True,True,True
2024,3264,True,True,True,True
2024,3265,True,True,False,False
2024,3266,True,True,True,True
2024,3268,True,True,True,True
2024,3273,True,True,True,True
2024,3278,True,True,True,True
2024,3282,True,True,True,True
2024,3287,True,True,True,True
2024,3291,True,True,True,True
2024,3295,True,True,True,True
2024,3329,True,True,True,True
2024,3400,True,True,True,True
2024,3408,True,True,True,True
2024,3413,True,True,True,True
2024,3436,True,True,True,True
2024,3461,True,True,True,True
2024,3470,True,True,True,True
2024,3477,True,True,True,True
2024,3478,True,True,True,True
2024,3502,True,True,True,True
2024,3503,True,True,False,False
2024,3522,True,True,True,True
2024,3527,True,True,True,True
2024,3542,True,True,True,True
2024,3597,True,True,True,True
2024,3600,True,True,False,False
2024,3644,True,True,True,True
2024,3647,True,True,True,True
2024,3660,True,True,True,True
2024,3687,True,True,True,True
2024,3704,True,True,True,True
2024,3712,True,True,True,True
2024,3755,True,True,True,True
2024,3757,True,True,True,True
2024,3758,True,True,True,True
2024,3762,True,True,True,True
2024,38084,True,True,True,True
2024,3812,True,True,True,True
2024,3828,True,True,True,True
2024,3841,True,True,True,True
2024,3843,True,True,True,True
2024,3855,True,True,True,True
2024,3892,True,True,True,True
2024,3915,True,True,True,True
2024,3916,True,True,True,True
2024,392,True,True,True,True
2024,3940,True,True,True,True
2024,3989,True,True,True,True
2024,4003,True,True,True,True
2024,40051,True,True,True,True
2024,40165,True,True,True,True
2024,40228,True,True,True,True
2024,40236,True,True,True,True
2024,40302,True,True,True,True
2024,40304,True,True,True,True
2024,4041,True,True,True,True
2024,40438,True,True,True,True
2024,4045,True,True,True,True
2024,40606,True,True,True,True
2024,4063,True,True,True,True
2024,4065,True,True,True,True
2024,4068,True,True,True,True
2024,407,True,True,True,True
2024,4110,True,True,True,True
2024,4146,True,True,True,True
2024,4150,True,True,True,True
2024,4176,True,True,False,False
2024,4226,True,True,True,True
2024,4237,True,True,True,True
2024,4254,True,True,False,False
2024,4262,True,True,True,True
2024,4265,True,True,True,True
2024,4280,True,True,True,True
2024,4296,True,True,True,True
2024,4317,True,True,True,True
2024,4327,True,True,False,False
2024,4362,True,True,False,False
2024,4373,True,True,True,True
2024,4390,True,False,True,False
2024,4401,True,True,True,True
2024,4430,True,True,True,True
2024,4432,True,True,True,True
2024,44372,True,True,True,True
2024,4442,True,True,True,True
2024,4508,True,True,True,True
2024,4509,True,True,True,True
2024,4524,True,True,True,True
2024,4577,True,True,True,True
2024,4618,True,True,True,True
2024,4622,True,True,True,True
2024,4624,True,True,True,True
2024,4671,True,True,True,True
2024,4675,True,True,False,False
2024,4683,True,True,True,True
2024,4717,True,True,True,True
2024,4743,True,True,True,True
2024,4848,True,True,True,True
2024,4911,True,True,True,True
2024,4922,True,True,True,True
2024,4939,True,True,True,True
2024,4958,True,True,True,True
2024,4960,True,True,True,True
2024,4975,True,True,True,True
2024,5027,True,True,False,False
2024,5063,True,True,True,True
2024,5070,True,True,True,True
2024,5078,True,True,True,True
2024,5086,True,True,True,True
2024,5109,True,True,False,False
2024,5148,True,True,True,True
2024,5175,True,True,True,True
2024,5202,True,True,False,False
2024,5204,True,True,True,True
2024,5309,True,True,True,True
2024,5336,True,True,True,True
2024,5394,True,True,True,True
2024,5399,True,True,True,True
2024,5416,True,True,True,True
2024,5417,True,True,False,False
2024,5480,True,True,True,True
2024,5487,True,True,True,True
2024,54913,True,True,True,True
2024,5509,True,True,True,True
2024,5535,True,True,False,False
2024,554,True,True,True,True
2024,5574,True,True,True,True
2024,5578,True,True,True,True
2024,55787,True,True,True,True
2024,5585,True,True,True,True
2024,5588,True,True,True,True
2024,55937,True,True,True,True
2024,5598,True,True,True,True
2024,55982,True,True,True,True
2024,5605,True,True,True,True
2024,5609,True,True,True,True
2024,56146,True,True,True,True
2024,562,True,True,True,True
2024,5625,True,True,True,True
2024,5644,True,True,True,True
2024,5656,True,True,True,True
2024,5661,True,True,True,True
2024,56697,True,True,False,False
2024,5701,True,True,False,False
2024,57483,True,True,True,True
2024,5773,True,True,True,True
2024,5780,True,True,True,True
2024,58124,True,True,True,True
2024,5860,True,True,False,False
2024,5862,True,True,True,True
2024,590,True,True,True,True
2024,59013,True,True,True,True
2024,5905,True,True,True,True
2024,5929,True,True,True,True
2024,5930,True,True,True,True
2024,5961,True,True,True,True
2024,6022,True,True,True,True
2024,60482,True,True,True,True
2024,60631,True,True,True,True
2024,60839,True,True,True,True
2024,6169,True,True,True,True
2024,6173,True,True,True,True
2024,6181,True,True,True,True
2024,6182,True,True,True,True
2024,6194,True,True,True,True
2024,6198,True,True,True,True
2024,6204,True,True,True,True
2024,6234,True,True,True,True
2024,6235,True,True,True,True
2024,6258,True,True,True,True
2024,6342,True,True,True,True
2024,636,True,True,True,True
2024,6374,True,True,True,True
2024,6395,True,True,True,True
2024,6411,True,True,True,True
2024,6424,True,True,True,True
2024,6427,True,True,True,True
2024,6442,True,True,True,True
2024,6443,True,True,True,True
2024,6452,True,True,False,False
2024,6455,True,True,True,True
2024,6457,True,True,True,True
2024,6491,True,True,True,True
2024,65261,True,True,True,True
2024,6582,True,True,True,True
2024,6604,True,True,True,True
2024,66073,True,True,True,True
2024,6608,True,True,True,True
2024,66101,True,True,True,True
2024,6616,True,True,False,False
2024,6638,True,True,True,True
2024,6640,True,True,True,True
2024,6641,True,True,True,True
2024,6708,True,True,True,True
2024,6709,True,True,True,True
2024,6716,True,True,True,True
2024,6775,True,True,True,True
2024,6779,True,True,True,True
2024,6782,True,True,True,True
2024,6784,True,True,True,True
2024,689,True,True,True,True
2024,6894,True,True,True,True
2024,6909,True,True,True,True
2024,691,True,True,True,True
2024,6923,True,True,True,True
2024,6941,True,True,True,True
2024,6957,True,True,True,True
2024,6958,True,True,True,True
2024,7027,True,True,True,True
2024,7090,True,True,True,True
2024,7096,True,True,True,True
2024,7129,True,True,True,True
2024,7140,True,True,True,True
2024,7174,True,True,True,True
2024,719,True,True,True,True
2024,7222,True,True,True,True
2024,7264,True,True,True,True
2024,727,True,True,True,True
2024,7270,True,True,True,True
2024,7294,True,True,True,True
2024,733,True,True,False,False
2024,7353,True,True,True,True
2024,7450,True,True,True,True
2024,7483,True,True,True,True
2024,7490,True,True,True,True
2024,7548,True,True,True,True
2024,7558,True,True,True,True
2024,7559,True,True,True,True
2024,7563,True,True,True,True
2024,7601,True,True,True,True
2024,7625,True,True,True,True
2024,7627,True,True,True,True
2024,7634,True,True,True,True
2024,7639,True,True,True,True
2024,7646,True,True,True,True
2024,7654,True,True,True,True
2024,7716,True,True,False,False
2024,7752,True,True,True,True
2024,7785,True,True,True,True
2024,7887,True,True,True,True
2024,7891,True,True,True,True
2024,7977,True,True,True,True
2024,8000,True,True,True,True
2024,803,True,True,True,True
2024,8034,True,True,True,True
2024,8055,True,True,True,True
2024,814,True,True,False,False
2024,8147,True,True,True,True
2024,817,True,True,True,True
2024,8179,True,True,True,True
2024,8198,True,True,True,True
2024,8210,True,True,True,True
2024,8212,True,True,True,True
2024,8245,True,True,True,True
2024,8287,True,True,True,True
2024,8319,True,True,True,True
2024,8333,True,True,True,True
2024,84,True,True,True,True
2024,8447,True,True,True,True
2024,8449,True,True,True,True
2024,8566,True,True,True,True
2024,8571,True,True,True,True
2024,8620,True,True,True,True
2024,8699,True,True,True,True
2024,8723,True,True,True,True
2024,8761,True,True,True,True
2024,8764,True,True,True,True
2024,8773,True,True,True,True
2024,8774,True,True,True,True
2024,8786,True,True,True,True
2024,8795,True,True,True,True
2024,8840,True,True,True,True
2024,8898,True,True,True,True
2024,8901,True,True,True,True
2024,8973,True,True,True,True
2024,9087,True,True,True,True
2024,9094,True,True,True,True
2024,9096,True,True,True,True
2024,9130,True,True,True,True
2024,9187,True,True,True,True
2024,9191,True,True,True,True
2024,9216,True,True,True,True
2024,9230,True,True,True,True
2024,9231,True,True,True,True
2024,9246,True,True,True,True
2024,9273,True,True,True,True
2024,9292,True,True,True,True
2024,9324,True,True,False,False
2024,9331,True,True,True,True
2024,9336,True,True,True,True
2024,9417,True,True,True,True
2024,9425,True,True,True,True
2024,9475,True,True,True,True
2024,9575,True,True,True,True
2024,9576,True,True,True,True
2024,9601,True,True,True,True
2024,9605,True,True,True,True
2024,9612,True,True,True,True
2024,9613,True,True,True,True
2024,9616,True,True,False,False
2024,9617,True,True,False,False
2024,963,True,True,True,True
2024,9645,True,True,True,True
2024,9665,True,True,True,True
2024,9667,True,True,True,True
2024,9668,True,True,True,True
2024,9682,True,True,True,True
2024,9689,True,True,True,True
2024,9699,True,True,True,True
2024,9726,True,True,True,True
2024,9739,True,True,True,True
2024,9750,True,True,True,True
2024,9777,True,True,True,True
2024,9778,True,True,True,True
2024,9837,True,True,True,True
2024,9964,True,True,True,True
2024,9996,True,True,True,True
2024,9999,True,True,False,False
