port,prefecture,jma_history_station,jma_obsdl_stid,year_month
むつ小川原,青森県,31336,a1027,2019-01
むつ小川原,青森県,31336,a1027,2019-02
むつ小川原,青森県,31336,a1027,2019-03
むつ小川原,青森県,31336,a1027,2019-04
むつ小川原,青森県,31336,a1027,2019-05
むつ小川原,青森県,31336,a1027,2019-06
むつ小川原,青森県,31336,a1027,2019-07
むつ小川原,青森県,31336,a1027,2019-08
むつ小川原,青森県,31336,a1027,2019-09
むつ小川原,青森県,31336,a1027,2019-10
むつ小川原,青森県,31336,a1027,2019-11
むつ小川原,青森県,31336,a1027,2020-01
むつ小川原,青森県,31336,a1027,2020-02
むつ小川原,青森県,31336,a1027,2020-03
むつ小川原,青森県,31336,a1027,2020-04
むつ小川原,青森県,31336,a1027,2020-05
むつ小川原,青森県,31336,a1027,2020-06
むつ小川原,青森県,31336,a1027,2020-07
むつ小川原,青森県,31336,a1027,2020-08
むつ小川原,青森県,31336,a1027,2020-09
むつ小川原,青森県,31336,a1027,2020-10
むつ小川原,青森県,31336,a1027,2020-11
むつ小川原,青森県,31336,a1027,2020-12
むつ小川原,青森県,31336,a1027,2021-01
むつ小川原,青森県,31336,a1027,2021-02
むつ小川原,青森県,31336,a1027,2021-03
むつ小川原,青森県,31336,a1027,2021-04
むつ小川原,青森県,31336,a1027,2021-05
むつ小川原,青森県,31336,a1027,2021-06
むつ小川原,青森県,31336,a1027,2021-07
むつ小川原,青森県,31336,a1027,2021-08
むつ小川原,青森県,31336,a1027,2021-09
むつ小川原,青森県,31336,a1027,2021-10
むつ小川原,青森県,31336,a1027,2021-11
むつ小川原,青森県,31336,a1027,2021-12
むつ小川原,青森県,31336,a1027,2022-01
むつ小川原,青森県,31336,a1027,2022-02
むつ小川原,青森県,31336,a1027,2022-03
むつ小川原,青森県,31336,a1027,2022-04
むつ小川原,青森県,31336,a1027,2022-05
むつ小川原,青森県,31336,a1027,2022-06
むつ小川原,青森県,31336,a1027,2022-07
むつ小川原,青森県,31336,a1027,2022-08
むつ小川原,青森県,31336,a1027,2022-09
むつ小川原,青森県,31336,a1027,2022-10
むつ小川原,青森県,31336,a1027,2022-11
むつ小川原,青森県,31336,a1027,2022-12
むつ小川原,青森県,31336,a1027,2023-03
むつ小川原,青森県,31336,a1027,2023-04
むつ小川原,青森県,31336,a1027,2023-05
むつ小川原,青森県,31336,a1027,2023-06
むつ小川原,青森県,31336,a1027,2023-07
むつ小川原,青森県,31336,a1027,2023-08
むつ小川原,青森県,31336,a1027,2023-09
むつ小川原,青森県,31336,a1027,2023-10
むつ小川原,青森県,31336,a1027,2023-11
むつ小川原,青森県,31336,a1027,2023-12
むつ小川原,青森県,31336,a1027,2024-01
むつ小川原,青森県,31336,a1027,2024-02
むつ小川原,青森県,31336,a1027,2024-03
むつ小川原,青森県,31336,a1027,2024-04
むつ小川原,青森県,31336,a1027,2024-05
むつ小川原,青森県,31336,a1027,2024-06
むつ小川原,青森県,31336,a1027,2024-07
むつ小川原,青森県,31336,a1027,2024-08
むつ小川原,青森県,31336,a1027,2024-09
むつ小川原,青森県,31336,a1027,2024-10
むつ小川原,青森県,31336,a1027,2024-11
むつ小川原,青森県,31336,a1027,2024-12
七尾,石川県,56146,a0565,2019-03
七尾,石川県,56146,a0565,2019-04
七尾,石川県,56146,a0565,2019-05
七尾,石川県,56146,a0565,2019-06
七尾,石川県,56146,a0565,2019-07
七尾,石川県,56146,a0565,2019-08
七尾,石川県,56146,a0565,2019-09
七尾,石川県,56146,a0565,2019-10
七尾,石川県,56146,a0565,2019-11
七尾,石川県,56146,a0565,2019-12
七尾,石川県,56146,a0565,2020-01
七尾,石川県,56146,a0565,2020-03
七尾,石川県,56146,a0565,2020-04
七尾,石川県,56146,a0565,2020-05
七尾,石川県,56146,a0565,2020-06
七尾,石川県,56146,a0565,2020-07
七尾,石川県,56146,a0565,2020-08
七尾,石川県,56146,a0565,2020-09
七尾,石川県,56146,a0565,2020-10
七尾,石川県,56146,a0565,2020-11
七尾,石川県,56146,a0565,2021-02
七尾,石川県,56146,a0565,2021-03
七尾,石川県,56146,a0565,2021-04
七尾,石川県,56146,a0565,2021-05
七尾,石川県,56146,a0565,2021-06
七尾,石川県,56146,a0565,2021-07
七尾,石川県,56146,a0565,2021-08
七尾,石川県,56146,a0565,2021-09
七尾,石川県,56146,a0565,2021-10
七尾,石川県,56146,a0565,2021-11
七尾,石川県,56146,a0565,2021-12
七尾,石川県,56146,a0565,2022-01
七尾,石川県,56146,a0565,2022-02
七尾,石川県,56146,a0565,2022-03
七尾,石川県,56146,a0565,2022-04
七尾,石川県,56146,a0565,2022-05
七尾,石川県,56146,a0565,2022-06
七尾,石川県,56146,a0565,2022-07
七尾,石川県,56146,a0565,2022-08
七尾,石川県,56146,a0565,2022-09
七尾,石川県,56146,a0565,2022-10
七尾,石川県,56146,a0565,2022-11
七尾,石川県,56146,a0565,2022-12
七尾,石川県,56146,a0565,2023-01
七尾,石川県,56146,a0565,2023-02
七尾,石川県,56146,a0565,2023-03
七尾,石川県,56146,a0565,2023-04
七尾,石川県,56146,a0565,2023-05
七尾,石川県,56146,a0565,2023-06
七尾,石川県,56146,a0565,2023-07
七尾,石川県,56146,a0565,2023-08
七尾,石川県,56146,a0565,2023-09
七尾,石川県,56146,a0565,2023-10
七尾,石川県,56146,a0565,2023-11
七尾,石川県,56146,a0565,2023-12
七尾,石川県,56146,a0565,2024-01
七尾,石川県,56146,a0565,2024-02
七尾,石川県,56146,a0565,2024-03
七尾,石川県,56146,a0565,2024-04
七尾,石川県,56146,a0565,2024-05
七尾,石川県,56146,a0565,2024-06
七尾,石川県,56146,a0565,2024-07
七尾,石川県,56146,a0565,2024-08
七尾,石川県,56146,a0565,2024-09
七尾,石川県,56146,a0565,2024-10
七尾,石川県,56146,a0565,2024-11
七尾,石川県,56146,a0565,2024-12
三島川之江,愛媛県,73151,a0735,2019-01
三島川之江,愛媛県,73151,a0735,2019-02
三島川之江,愛媛県,73151,a0735,2019-03
三島川之江,愛媛県,73151,a0735,2019-04
三島川之江,愛媛県,73151,a0735,2019-05
三島川之江,愛媛県,73151,a0735,2019-06
三島川之江,愛媛県,73151,a0735,2019-07
三島川之江,愛媛県,73151,a0735,2019-08
三島川之江,愛媛県,73151,a0735,2019-09
三島川之江,愛媛県,73151,a0735,2019-10
三島川之江,愛媛県,73151,a0735,2019-11
三島川之江,愛媛県,73151,a0735,2019-12
三島川之江,愛媛県,73151,a0735,2020-01
三島川之江,愛媛県,73151,a0735,2020-02
三島川之江,愛媛県,73151,a0735,2020-03
三島川之江,愛媛県,73151,a0735,2020-04
三島川之江,愛媛県,73151,a0735,2020-05
三島川之江,愛媛県,73151,a0735,2020-06
三島川之江,愛媛県,73151,a0735,2020-07
三島川之江,愛媛県,73151,a0735,2020-08
三島川之江,愛媛県,73151,a0735,2020-09
三島川之江,愛媛県,73151,a0735,2020-10
三島川之江,愛媛県,73151,a0735,2020-11
三島川之江,愛媛県,73151,a0735,2020-12
三島川之江,愛媛県,73151,a0735,2021-01
三島川之江,愛媛県,73151,a0735,2021-03
三島川之江,愛媛県,73151,a0735,2021-04
三島川之江,愛媛県,73151,a0735,2021-05
三島川之江,愛媛県,73151,a0735,2021-06
三島川之江,愛媛県,73151,a0735,2021-07
三島川之江,愛媛県,73151,a0735,2021-08
三島川之江,愛媛県,73151,a0735,2021-09
三島川之江,愛媛県,73151,a0735,2021-10
三島川之江,愛媛県,73151,a0735,2021-11
三島川之江,愛媛県,73151,a0735,2021-12
三島川之江,愛媛県,73151,a0735,2022-01
三島川之江,愛媛県,73151,a0735,2022-02
三島川之江,愛媛県,73151,a0735,2022-03
三島川之江,愛媛県,73151,a0735,2022-04
三島川之江,愛媛県,73151,a0735,2022-05
三島川之江,愛媛県,73151,a0735,2022-06
三島川之江,愛媛県,73151,a0735,2022-07
三島川之江,愛媛県,73151,a0735,2022-08
三島川之江,愛媛県,73151,a0735,2022-09
三島川之江,愛媛県,73151,a0735,2022-10
三島川之江,愛媛県,73151,a0735,2022-11
三島川之江,愛媛県,73151,a0735,2022-12
三島川之江,愛媛県,73151,a0735,2023-01
三島川之江,愛媛県,73151,a0735,2023-02
三島川之江,愛媛県,73151,a0735,2023-03
三島川之江,愛媛県,73151,a0735,2023-04
三島川之江,愛媛県,73151,a0735,2023-05
三島川之江,愛媛県,73151,a0735,2023-06
三島川之江,愛媛県,73151,a0735,2023-07
三島川之江,愛媛県,73151,a0735,2023-08
三島川之江,愛媛県,73151,a0735,2023-09
三島川之江,愛媛県,73151,a0735,2023-10
三島川之江,愛媛県,73151,a0735,2023-11
三島川之江,愛媛県,73151,a0735,2023-12
三島川之江,愛媛県,73151,a0735,2024-01
三島川之江,愛媛県,73151,a0735,2024-02
三島川之江,愛媛県,73151,a0735,2024-03
三島川之江,愛媛県,73151,a0735,2024-04
三島川之江,愛媛県,73151,a0735,2024-05
三島川之江,愛媛県,73151,a0735,2024-06
三島川之江,愛媛県,73151,a0735,2024-07
三島川之江,愛媛県,73151,a0735,2024-08
三島川之江,愛媛県,73151,a0735,2024-09
三島川之江,愛媛県,73151,a0735,2024-10
三島川之江,愛媛県,73151,a0735,2024-11
三島川之江,愛媛県,73151,a0735,2024-12
三河,愛知県,51331,a0470,2019-01
三河,愛知県,51331,a0470,2019-02
三河,愛知県,51331,a0470,2019-03
三河,愛知県,51331,a0470,2019-04
三河,愛知県,51331,a0470,2019-05
三河,愛知県,51331,a0470,2019-06
三河,愛知県,51331,a0470,2019-07
三河,愛知県,51331,a0470,2019-08
三河,愛知県,51331,a0470,2019-09
三河,愛知県,51331,a0470,2019-10
三河,愛知県,51331,a0470,2019-11
三河,愛知県,51331,a0470,2019-12
三河,愛知県,51331,a0470,2020-01
三河,愛知県,51331,a0470,2020-02
三河,愛知県,51331,a0470,2020-03
三河,愛知県,51331,a0470,2020-04
三河,愛知県,51331,a0470,2020-05
三河,愛知県,51331,a0470,2020-06
三河,愛知県,51331,a0470,2020-07
三河,愛知県,51331,a0470,2020-08
三河,愛知県,51331,a0470,2020-09
三河,愛知県,51331,a0470,2020-10
三河,愛知県,51331,a0470,2020-11
三河,愛知県,51331,a0470,2020-12
三河,愛知県,51331,a0470,2021-01
三河,愛知県,51331,a0470,2021-02
三河,愛知県,51331,a0470,2021-03
三河,愛知県,51331,a0470,2021-04
三河,愛知県,51331,a0470,2021-05
三河,愛知県,51331,a0470,2021-06
三河,愛知県,51331,a0470,2021-07
三河,愛知県,51331,a0470,2021-08
三河,愛知県,51331,a0470,2021-09
三河,愛知県,51331,a0470,2021-10
三河,愛知県,51331,a0470,2021-11
三河,愛知県,51331,a0470,2021-12
三河,愛知県,51331,a0470,2022-01
三河,愛知県,51331,a0470,2022-02
三河,愛知県,51331,a0470,2022-03
三河,愛知県,51331,a0470,2022-04
三河,愛知県,51331,a0470,2022-05
三河,愛知県,51331,a0470,2022-06
三河,愛知県,51331,a0470,2022-07
三河,愛知県,51331,a0470,2022-08
三河,愛知県,51331,a0470,2022-09
三河,愛知県,51331,a0470,2022-10
三河,愛知県,51331,a0470,2022-11
三河,愛知県,51331,a0470,2022-12
三河,愛知県,51331,a0470,2023-01
三河,愛知県,51331,a0470,2023-02
三河,愛知県,51331,a0470,2023-03
三河,愛知県,51331,a0470,2023-04
三河,愛知県,51331,a0470,2023-05
三河,愛知県,51331,a0470,2023-06
三河,愛知県,51331,a0470,2023-07
三河,愛知県,51331,a0470,2023-08
三河,愛知県,51331,a0470,2023-09
三河,愛知県,51331,a0470,2023-10
三河,愛知県,51331,a0470,2023-11
三河,愛知県,51331,a0470,2023-12
三河,愛知県,51331,a0470,2024-01
三河,愛知県,51331,a0470,2024-02
三河,愛知県,51331,a0470,2024-03
三河,愛知県,51331,a0470,2024-04
三河,愛知県,51331,a0470,2024-05
三河,愛知県,51331,a0470,2024-06
三河,愛知県,51331,a0470,2024-07
三河,愛知県,51331,a0470,2024-08
三河,愛知県,51331,a0470,2024-09
三河,愛知県,51331,a0470,2024-10
三河,愛知県,51331,a0470,2024-11
三河,愛知県,51331,a0470,2024-12
三田尻中関,山口県,81371,a0775,2019-01
三田尻中関,山口県,81371,a0775,2019-02
三田尻中関,山口県,81371,a0775,2019-03
三田尻中関,山口県,81371,a0775,2019-04
三田尻中関,山口県,81371,a0775,2019-05
三田尻中関,山口県,81371,a0775,2019-06
三田尻中関,山口県,81371,a0775,2019-07
三田尻中関,山口県,81371,a0775,2019-08
三田尻中関,山口県,81371,a0775,2019-09
三田尻中関,山口県,81371,a0775,2019-10
三田尻中関,山口県,81371,a0775,2019-11
三田尻中関,山口県,81371,a0775,2019-12
三田尻中関,山口県,81371,a0775,2020-01
三田尻中関,山口県,81371,a0775,2020-02
三田尻中関,山口県,81371,a0775,2020-03
三田尻中関,山口県,81371,a0775,2020-04
三田尻中関,山口県,81371,a0775,2020-05
三田尻中関,山口県,81371,a0775,2020-06
三田尻中関,山口県,81371,a0775,2020-07
三田尻中関,山口県,81371,a0775,2020-08
三田尻中関,山口県,81371,a0775,2020-09
三田尻中関,山口県,81371,a0775,2020-10
三田尻中関,山口県,81371,a0775,2020-11
三田尻中関,山口県,81371,a0775,2020-12
三田尻中関,山口県,81371,a0775,2021-01
三田尻中関,山口県,81371,a0775,2021-02
三田尻中関,山口県,81371,a0775,2021-03
三田尻中関,山口県,81371,a0775,2021-04
三田尻中関,山口県,81371,a0775,2021-05
三田尻中関,山口県,81371,a0775,2021-06
三田尻中関,山口県,81371,a0775,2021-07
三田尻中関,山口県,81371,a0775,2021-08
三田尻中関,山口県,81371,a0775,2021-09
三田尻中関,山口県,81371,a0775,2021-10
三田尻中関,山口県,81371,a0775,2021-11
三田尻中関,山口県,81371,a0775,2021-12
三田尻中関,山口県,81371,a0775,2022-01
三田尻中関,山口県,81371,a0775,2022-02
三田尻中関,山口県,81371,a0775,2022-03
三田尻中関,山口県,81371,a0775,2022-04
三田尻中関,山口県,81371,a0775,2022-05
三田尻中関,山口県,81371,a0775,2022-06
三田尻中関,山口県,81371,a0775,2022-07
三田尻中関,山口県,81371,a0775,2022-08
三田尻中関,山口県,81371,a0775,2022-09
三田尻中関,山口県,81371,a0775,2022-10
三田尻中関,山口県,81371,a0775,2022-11
三田尻中関,山口県,81371,a0775,2022-12
三田尻中関,山口県,81371,a0775,2023-01
三田尻中関,山口県,81371,a0775,2023-02
三田尻中関,山口県,81371,a0775,2023-03
三田尻中関,山口県,81371,a0775,2023-04
三田尻中関,山口県,81371,a0775,2023-05
三田尻中関,山口県,81371,a0775,2023-06
三田尻中関,山口県,81371,a0775,2023-07
三田尻中関,山口県,81371,a0775,2023-08
三田尻中関,山口県,81371,a0775,2023-09
三田尻中関,山口県,81371,a0775,2023-10
三田尻中関,山口県,81371,a0775,2023-11
三田尻中関,山口県,81371,a0775,2023-12
三田尻中関,山口県,81371,a0775,2024-01
三田尻中関,山口県,81371,a0775,2024-02
三田尻中関,山口県,81371,a0775,2024-03
三田尻中関,山口県,81371,a0775,2024-04
三田尻中関,山口県,81371,a0775,2024-05
三田尻中関,山口県,81371,a0775,2024-06
三田尻中関,山口県,81371,a0775,2024-07
三田尻中関,山口県,81371,a0775,2024-08
三田尻中関,山口県,81371,a0775,2024-09
三田尻中関,山口県,81371,a0775,2024-10
三田尻中関,山口県,81371,a0775,2024-11
三田尻中関,山口県,81371,a0775,2024-12
三角,熊本県,86216,a1081,2019-01
三角,熊本県,86216,a1081,2019-02
三角,熊本県,86216,a1081,2019-03
三角,熊本県,86216,a1081,2019-04
三角,熊本県,86216,a1081,2019-05
三角,熊本県,86216,a1081,2019-06
三角,熊本県,86216,a1081,2019-07
三角,熊本県,86216,a1081,2019-08
三角,熊本県,86216,a1081,2019-09
三角,熊本県,86216,a1081,2019-10
三角,熊本県,86216,a1081,2019-11
三角,熊本県,86216,a1081,2019-12
三角,熊本県,86216,a1081,2020-01
三角,熊本県,86216,a1081,2020-02
三角,熊本県,86216,a1081,2020-03
三角,熊本県,86216,a1081,2020-04
三角,熊本県,86216,a1081,2020-05
三角,熊本県,86216,a1081,2020-06
三角,熊本県,86216,a1081,2020-07
三角,熊本県,86216,a1081,2020-08
三角,熊本県,86216,a1081,2020-09
三角,熊本県,86216,a1081,2020-10
三角,熊本県,86216,a1081,2020-11
三角,熊本県,86216,a1081,2020-12
三角,熊本県,86216,a1081,2021-01
三角,熊本県,86216,a1081,2021-02
三角,熊本県,86216,a1081,2021-03
三角,熊本県,86216,a1081,2021-04
三角,熊本県,86216,a1081,2021-05
三角,熊本県,86216,a1081,2021-06
三角,熊本県,86216,a1081,2021-07
三角,熊本県,86216,a1081,2021-08
三角,熊本県,86216,a1081,2021-09
三角,熊本県,86216,a1081,2021-10
三角,熊本県,86216,a1081,2021-11
三角,熊本県,86216,a1081,2021-12
三角,熊本県,86216,a1081,2022-01
三角,熊本県,86216,a1081,2022-02
三角,熊本県,86216,a1081,2022-03
三角,熊本県,86216,a1081,2022-04
三角,熊本県,86216,a1081,2022-05
三角,熊本県,86216,a1081,2022-06
三角,熊本県,86216,a1081,2022-07
三角,熊本県,86216,a1081,2022-08
三角,熊本県,86216,a1081,2022-09
三角,熊本県,86216,a1081,2022-10
三角,熊本県,86216,a1081,2022-11
三角,熊本県,86216,a1081,2022-12
三角,熊本県,86216,a1081,2023-01
三角,熊本県,86216,a1081,2023-02
三角,熊本県,86216,a1081,2023-03
三角,熊本県,86216,a1081,2023-04
三角,熊本県,86216,a1081,2023-05
三角,熊本県,86216,a1081,2023-06
三角,熊本県,86216,a1081,2023-07
三角,熊本県,86216,a1081,2023-08
三角,熊本県,86216,a1081,2023-09
三角,熊本県,86216,a1081,2023-10
三角,熊本県,86216,a1081,2023-11
三角,熊本県,86216,a1081,2023-12
三角,熊本県,86216,a1081,2024-01
三角,熊本県,86216,a1081,2024-02
三角,熊本県,86216,a1081,2024-03
三角,熊本県,86216,a1081,2024-04
三角,熊本県,86216,a1081,2024-05
三角,熊本県,86216,a1081,2024-06
三角,熊本県,86216,a1081,2024-07
三角,熊本県,86216,a1081,2024-08
三角,熊本県,86216,a1081,2024-09
三角,熊本県,86216,a1081,2024-10
三角,熊本県,86216,a1081,2024-11
三角,熊本県,86216,a1081,2024-12
三隅,島根県,68431,a1321,2019-01
三隅,島根県,68431,a1321,2019-04
三隅,島根県,68431,a1321,2019-05
三隅,島根県,68431,a1321,2019-06
三隅,島根県,68431,a1321,2019-07
三隅,島根県,68431,a1321,2019-08
三隅,島根県,68431,a1321,2019-09
三隅,島根県,68431,a1321,2019-10
三隅,島根県,68431,a1321,2019-11
三隅,島根県,68431,a1321,2019-12
三隅,島根県,68431,a1321,2020-01
三隅,島根県,68431,a1321,2020-02
三隅,島根県,68431,a1321,2020-03
三隅,島根県,68431,a1321,2020-04
三隅,島根県,68431,a1321,2020-05
三隅,島根県,68431,a1321,2020-06
三隅,島根県,68431,a1321,2020-07
三隅,島根県,68431,a1321,2020-08
三隅,島根県,68431,a1321,2020-09
三隅,島根県,68431,a1321,2020-10
三隅,島根県,68431,a1321,2020-11
三隅,島根県,68431,a1321,2020-12
三隅,島根県,68431,a1321,2021-01
三隅,島根県,68431,a1321,2021-02
三隅,島根県,68431,a1321,2021-03
三隅,島根県,68431,a1321,2021-04
三隅,島根県,68431,a1321,2021-05
三隅,島根県,68431,a1321,2021-06
三隅,島根県,68431,a1321,2021-07
三隅,島根県,68431,a1321,2021-08
三隅,島根県,68431,a1321,2021-09
三隅,島根県,68431,a1321,2021-10
三隅,島根県,68431,a1321,2021-11
三隅,島根県,68431,a1321,2021-12
三隅,島根県,68431,a1321,2022-01
三隅,島根県,68431,a1321,2022-03
三隅,島根県,68431,a1321,2022-04
三隅,島根県,68431,a1321,2022-05
三隅,島根県,68431,a1321,2022-06
三隅,島根県,68431,a1321,2022-08
三隅,島根県,68431,a1321,2022-09
三隅,島根県,68431,a1321,2022-10
三隅,島根県,68431,a1321,2022-11
三隅,島根県,68431,a1321,2022-12
三隅,島根県,68431,a1321,2023-01
三隅,島根県,68431,a1321,2023-02
三隅,島根県,68431,a1321,2023-03
三隅,島根県,68431,a1321,2023-04
三隅,島根県,68431,a1321,2023-05
三隅,島根県,68431,a1321,2023-06
三隅,島根県,68431,a1321,2023-07
三隅,島根県,68431,a1321,2023-08
三隅,島根県,68431,a1321,2023-09
三隅,島根県,68431,a1321,2023-10
三隅,島根県,68431,a1321,2023-11
三隅,島根県,68431,a1321,2023-12
三隅,島根県,68431,a1321,2024-01
三隅,島根県,68431,a1321,2024-02
三隅,島根県,68431,a1321,2024-03
三隅,島根県,68431,a1321,2024-04
三隅,島根県,68431,a1321,2024-05
三隅,島根県,68431,a1321,2024-06
三隅,島根県,68431,a1321,2024-07
三隅,島根県,68431,a1321,2024-08
三隅,島根県,68431,a1321,2024-09
三隅,島根県,68431,a1321,2024-11
三隅,島根県,68431,a1321,2024-12
両津,新潟県,54166,a0518,2019-01
両津,新潟県,54166,a0518,2019-02
両津,新潟県,54166,a0518,2019-03
両津,新潟県,54166,a0518,2019-04
両津,新潟県,54166,a0518,2019-05
両津,新潟県,54166,a0518,2019-06
両津,新潟県,54166,a0518,2019-07
両津,新潟県,54166,a0518,2019-08
両津,新潟県,54166,a0518,2019-09
両津,新潟県,54166,a0518,2019-10
両津,新潟県,54166,a0518,2019-11
両津,新潟県,54166,a0518,2019-12
両津,新潟県,54166,a0518,2020-01
両津,新潟県,54166,a0518,2020-02
両津,新潟県,54166,a0518,2020-03
両津,新潟県,54166,a0518,2020-04
両津,新潟県,54166,a0518,2020-05
両津,新潟県,54166,a0518,2020-06
両津,新潟県,54166,a0518,2020-07
両津,新潟県,54166,a0518,2020-08
両津,新潟県,54166,a0518,2020-09
両津,新潟県,54166,a0518,2020-10
両津,新潟県,54166,a0518,2020-11
両津,新潟県,54166,a0518,2020-12
両津,新潟県,54166,a0518,2021-01
両津,新潟県,54166,a0518,2021-02
両津,新潟県,54166,a0518,2021-03
両津,新潟県,54166,a0518,2021-04
両津,新潟県,54166,a0518,2021-05
両津,新潟県,54166,a0518,2021-06
両津,新潟県,54166,a0518,2021-08
両津,新潟県,54166,a0518,2021-09
両津,新潟県,54166,a0518,2021-10
両津,新潟県,54166,a0518,2021-11
両津,新潟県,54166,a0518,2021-12
両津,新潟県,54166,a0518,2022-01
両津,新潟県,54166,a0518,2022-02
両津,新潟県,54166,a0518,2022-03
両津,新潟県,54166,a0518,2022-04
両津,新潟県,54166,a0518,2022-05
両津,新潟県,54166,a0518,2022-06
両津,新潟県,54166,a0518,2022-08
両津,新潟県,54166,a0518,2022-09
両津,新潟県,54166,a0518,2022-10
両津,新潟県,54166,a0518,2022-11
両津,新潟県,54166,a0518,2022-12
両津,新潟県,54166,a0518,2023-01
両津,新潟県,54166,a0518,2023-02
両津,新潟県,54166,a0518,2023-03
両津,新潟県,54166,a0518,2023-04
両津,新潟県,54166,a0518,2023-05
両津,新潟県,54166,a0518,2023-06
両津,新潟県,54166,a0518,2023-07
両津,新潟県,54166,a0518,2023-08
両津,新潟県,54166,a0518,2023-09
両津,新潟県,54166,a0518,2023-10
両津,新潟県,54166,a0518,2023-11
両津,新潟県,54166,a0518,2023-12
両津,新潟県,54166,a0518,2024-01
両津,新潟県,54166,a0518,2024-02
両津,新潟県,54166,a0518,2024-03
両津,新潟県,54166,a0518,2024-04
両津,新潟県,54166,a0518,2024-05
両津,新潟県,54166,a0518,2024-06
両津,新潟県,54166,a0518,2024-07
両津,新潟県,54166,a0518,2024-08
両津,新潟県,54166,a0518,2024-09
両津,新潟県,54166,a0518,2024-10
両津,新潟県,54166,a0518,2024-11
両津,新潟県,54166,a0518,2024-12
中城湾,沖縄県,91241,a0909,2019-01
中城湾,沖縄県,91241,a0909,2019-02
中城湾,沖縄県,91241,a0909,2019-03
中城湾,沖縄県,91241,a0909,2019-04
中城湾,沖縄県,91241,a0909,2019-05
中城湾,沖縄県,91241,a0909,2019-06
中城湾,沖縄県,91241,a0909,2019-07
中城湾,沖縄県,91241,a0909,2019-08
中城湾,沖縄県,91241,a0909,2019-09
中城湾,沖縄県,91241,a0909,2019-10
中城湾,沖縄県,91241,a0909,2019-11
中城湾,沖縄県,91241,a0909,2019-12
中城湾,沖縄県,91241,a0909,2020-01
中城湾,沖縄県,91241,a0909,2020-02
中城湾,沖縄県,91241,a0909,2020-03
中城湾,沖縄県,91241,a0909,2020-04
中城湾,沖縄県,91241,a0909,2020-05
中城湾,沖縄県,91241,a0909,2020-06
中城湾,沖縄県,91241,a0909,2020-07
中城湾,沖縄県,91241,a0909,2020-08
中城湾,沖縄県,91241,a0909,2020-09
中城湾,沖縄県,91241,a0909,2020-10
中城湾,沖縄県,91241,a0909,2020-11
中城湾,沖縄県,91241,a0909,2020-12
中城湾,沖縄県,91241,a0909,2021-01
中城湾,沖縄県,91241,a0909,2021-02
中城湾,沖縄県,91241,a0909,2021-03
中城湾,沖縄県,91241,a0909,2021-04
中城湾,沖縄県,91241,a0909,2021-05
中城湾,沖縄県,91241,a0909,2021-06
中城湾,沖縄県,91241,a0909,2021-07
中城湾,沖縄県,91241,a0909,2021-08
中城湾,沖縄県,91241,a0909,2021-09
中城湾,沖縄県,91241,a0909,2021-10
中城湾,沖縄県,91241,a0909,2021-11
中城湾,沖縄県,91241,a0909,2021-12
中城湾,沖縄県,91241,a0909,2022-01
中城湾,沖縄県,91241,a0909,2022-02
中城湾,沖縄県,91241,a0909,2022-03
中城湾,沖縄県,91241,a0909,2022-04
中城湾,沖縄県,91241,a0909,2022-05
中城湾,沖縄県,91241,a0909,2022-06
中城湾,沖縄県,91241,a0909,2022-07
中城湾,沖縄県,91241,a0909,2022-08
中城湾,沖縄県,91241,a0909,2022-09
中城湾,沖縄県,91241,a0909,2022-10
中城湾,沖縄県,91241,a0909,2022-11
中城湾,沖縄県,91241,a0909,2022-12
中城湾,沖縄県,91241,a0909,2023-01
中城湾,沖縄県,91241,a0909,2023-02
中城湾,沖縄県,91241,a0909,2023-03
中城湾,沖縄県,91241,a0909,2023-04
中城湾,沖縄県,91241,a0909,2023-05
中城湾,沖縄県,91241,a0909,2023-06
中城湾,沖縄県,91241,a0909,2023-07
中城湾,沖縄県,91241,a0909,2023-08
中城湾,沖縄県,91241,a0909,2023-09
中城湾,沖縄県,91241,a0909,2023-10
中城湾,沖縄県,91241,a0909,2023-11
中城湾,沖縄県,91241,a0909,2023-12
中城湾,沖縄県,91241,a0909,2024-01
中城湾,沖縄県,91241,a0909,2024-02
中城湾,沖縄県,91241,a0909,2024-03
中城湾,沖縄県,91241,a0909,2024-04
中城湾,沖縄県,91241,a0909,2024-05
中城湾,沖縄県,91241,a0909,2024-06
中城湾,沖縄県,91241,a0909,2024-07
中城湾,沖縄県,91241,a0909,2024-08
中城湾,沖縄県,91241,a0909,2024-09
中城湾,沖縄県,91241,a0909,2024-10
中城湾,沖縄県,91241,a0909,2024-11
中城湾,沖縄県,91241,a0909,2024-12
中津,大分県,83051,a0794,2019-01
中津,大分県,83051,a0794,2019-02
中津,大分県,83051,a0794,2019-03
中津,大分県,83051,a0794,2019-04
中津,大分県,83051,a0794,2019-05
中津,大分県,83051,a0794,2019-06
中津,大分県,83051,a0794,2019-07
中津,大分県,83051,a0794,2019-08
中津,大分県,83051,a0794,2019-09
中津,大分県,83051,a0794,2019-10
中津,大分県,83051,a0794,2019-11
中津,大分県,83051,a0794,2019-12
中津,大分県,83051,a0794,2020-01
中津,大分県,83051,a0794,2020-02
中津,大分県,83051,a0794,2020-03
中津,大分県,83051,a0794,2020-04
中津,大分県,83051,a0794,2020-05
中津,大分県,83051,a0794,2020-06
中津,大分県,83051,a0794,2020-07
中津,大分県,83051,a0794,2020-08
中津,大分県,83051,a0794,2020-09
中津,大分県,83051,a0794,2020-10
中津,大分県,83051,a0794,2020-11
中津,大分県,83051,a0794,2020-12
中津,大分県,83051,a0794,2021-01
中津,大分県,83051,a0794,2021-02
中津,大分県,83051,a0794,2021-03
中津,大分県,83051,a0794,2021-04
中津,大分県,83051,a0794,2021-05
中津,大分県,83051,a0794,2021-06
中津,大分県,83051,a0794,2021-07
中津,大分県,83051,a0794,2021-08
中津,大分県,83051,a0794,2021-09
中津,大分県,83051,a0794,2021-10
中津,大分県,83051,a0794,2021-11
中津,大分県,83051,a0794,2021-12
中津,大分県,83051,a0794,2022-01
中津,大分県,83051,a0794,2022-02
中津,大分県,83051,a0794,2022-03
中津,大分県,83051,a0794,2022-04
中津,大分県,83051,a0794,2022-05
中津,大分県,83051,a0794,2022-06
中津,大分県,83051,a0794,2022-07
中津,大分県,83051,a0794,2022-08
中津,大分県,83051,a0794,2022-09
中津,大分県,83051,a0794,2022-10
中津,大分県,83051,a0794,2022-11
中津,大分県,83051,a0794,2022-12
中津,大分県,83051,a0794,2023-01
中津,大分県,83051,a0794,2023-02
中津,大分県,83051,a0794,2023-03
中津,大分県,83051,a0794,2023-04
中津,大分県,83051,a0794,2023-05
中津,大分県,83051,a0794,2023-06
中津,大分県,83051,a0794,2023-07
中津,大分県,83051,a0794,2023-08
中津,大分県,83051,a0794,2023-09
中津,大分県,83051,a0794,2023-10
中津,大分県,83051,a0794,2023-11
中津,大分県,83051,a0794,2023-12
中津,大分県,83051,a0794,2024-01
中津,大分県,83051,a0794,2024-02
中津,大分県,83051,a0794,2024-03
中津,大分県,83051,a0794,2024-04
中津,大分県,83051,a0794,2024-05
中津,大分県,83051,a0794,2024-06
中津,大分県,83051,a0794,2024-07
中津,大分県,83051,a0794,2024-08
中津,大分県,83051,a0794,2024-09
中津,大分県,83051,a0794,2024-10
中津,大分県,83051,a0794,2024-11
中津,大分県,83051,a0794,2024-12
丸亀,香川県,72111,s47890,2019-01
丸亀,香川県,72111,s47890,2019-02
丸亀,香川県,72111,s47890,2019-03
丸亀,香川県,72111,s47890,2019-04
丸亀,香川県,72111,s47890,2019-05
丸亀,香川県,72111,s47890,2019-06
丸亀,香川県,72111,s47890,2019-07
丸亀,香川県,72111,s47890,2019-08
丸亀,香川県,72111,s47890,2019-09
丸亀,香川県,72111,s47890,2019-10
丸亀,香川県,72111,s47890,2019-11
丸亀,香川県,72111,s47890,2019-12
丸亀,香川県,72111,s47890,2020-01
丸亀,香川県,72111,s47890,2020-02
丸亀,香川県,72111,s47890,2020-03
丸亀,香川県,72111,s47890,2020-04
丸亀,香川県,72111,s47890,2020-05
丸亀,香川県,72111,s47890,2020-06
丸亀,香川県,72111,s47890,2020-07
丸亀,香川県,72111,s47890,2020-08
丸亀,香川県,72111,s47890,2020-09
丸亀,香川県,72111,s47890,2020-10
丸亀,香川県,72111,s47890,2020-11
丸亀,香川県,72111,s47890,2020-12
丸亀,香川県,72111,s47890,2021-01
丸亀,香川県,72111,s47890,2021-02
丸亀,香川県,72111,s47890,2021-03
丸亀,香川県,72111,s47890,2021-04
丸亀,香川県,72111,s47890,2021-05
丸亀,香川県,72111,s47890,2021-06
丸亀,香川県,72111,s47890,2021-07
丸亀,香川県,72111,s47890,2021-08
丸亀,香川県,72111,s47890,2021-09
丸亀,香川県,72111,s47890,2021-10
丸亀,香川県,72111,s47890,2021-11
丸亀,香川県,72111,s47890,2021-12
丸亀,香川県,72111,s47890,2022-01
丸亀,香川県,72111,s47890,2022-02
丸亀,香川県,72111,s47890,2022-03
丸亀,香川県,72111,s47890,2022-04
丸亀,香川県,72111,s47890,2022-05
丸亀,香川県,72111,s47890,2022-06
丸亀,香川県,72111,s47890,2022-07
丸亀,香川県,72111,s47890,2022-08
丸亀,香川県,72111,s47890,2022-09
丸亀,香川県,72111,s47890,2022-10
丸亀,香川県,72111,s47890,2022-11
丸亀,香川県,72111,s47890,2022-12
丸亀,香川県,72111,s47890,2023-01
丸亀,香川県,72111,s47890,2023-02
丸亀,香川県,72111,s47890,2023-03
丸亀,香川県,72111,s47890,2023-04
丸亀,香川県,72111,s47890,2023-05
丸亀,香川県,72111,s47890,2023-06
丸亀,香川県,72111,s47890,2023-07
丸亀,香川県,72111,s47890,2023-08
丸亀,香川県,72111,s47890,2023-09
丸亀,香川県,72111,s47890,2023-10
丸亀,香川県,72111,s47890,2023-11
丸亀,香川県,72111,s47890,2023-12
丸亀,香川県,72111,s47890,2024-01
丸亀,香川県,72111,s47890,2024-02
丸亀,香川県,72111,s47890,2024-03
丸亀,香川県,72111,s47890,2024-04
丸亀,香川県,72111,s47890,2024-05
丸亀,香川県,72111,s47890,2024-06
丸亀,香川県,72111,s47890,2024-07
丸亀,香川県,72111,s47890,2024-08
丸亀,香川県,72111,s47890,2024-09
丸亀,香川県,72111,s47890,2024-10
丸亀,香川県,72111,s47890,2024-11
丸亀,香川県,72111,s47890,2024-12
久慈,岩手県,33146,a0209,2019-01
久慈,岩手県,33146,a0209,2019-03
久慈,岩手県,33146,a0209,2019-05
久慈,岩手県,33146,a0209,2019-06
久慈,岩手県,33146,a0209,2019-07
久慈,岩手県,33146,a0209,2019-08
久慈,岩手県,33146,a0209,2019-09
久慈,岩手県,33146,a0209,2019-10
久慈,岩手県,33146,a0209,2019-11
久慈,岩手県,33146,a0209,2019-12
久慈,岩手県,33146,a0209,2020-03
久慈,岩手県,33146,a0209,2020-04
久慈,岩手県,33146,a0209,2020-05
久慈,岩手県,33146,a0209,2020-06
久慈,岩手県,33146,a0209,2020-07
久慈,岩手県,33146,a0209,2020-08
久慈,岩手県,33146,a0209,2020-09
久慈,岩手県,33146,a0209,2020-10
久慈,岩手県,33146,a0209,2020-11
久慈,岩手県,33146,a0209,2020-12
久慈,岩手県,33146,a0209,2021-01
久慈,岩手県,33146,a0209,2021-02
久慈,岩手県,33146,a0209,2021-03
久慈,岩手県,33146,a0209,2021-04
久慈,岩手県,33146,a0209,2021-05
久慈,岩手県,33146,a0209,2021-06
久慈,岩手県,33146,a0209,2021-07
久慈,岩手県,33146,a0209,2021-08
久慈,岩手県,33146,a0209,2021-09
久慈,岩手県,33146,a0209,2021-10
久慈,岩手県,33146,a0209,2021-11
久慈,岩手県,33146,a0209,2021-12
久慈,岩手県,33146,a0209,2022-01
久慈,岩手県,33146,a0209,2022-03
久慈,岩手県,33146,a0209,2022-04
久慈,岩手県,33146,a0209,2022-05
久慈,岩手県,33146,a0209,2022-06
久慈,岩手県,33146,a0209,2022-07
久慈,岩手県,33146,a0209,2022-08
久慈,岩手県,33146,a0209,2022-09
久慈,岩手県,33146,a0209,2022-10
久慈,岩手県,33146,a0209,2022-11
久慈,岩手県,33146,a0209,2022-12
久慈,岩手県,33146,a0209,2023-01
久慈,岩手県,33146,a0209,2023-02
久慈,岩手県,33146,a0209,2023-03
久慈,岩手県,33146,a0209,2023-04
久慈,岩手県,33146,a0209,2023-05
久慈,岩手県,33146,a0209,2023-06
久慈,岩手県,33146,a0209,2023-07
久慈,岩手県,33146,a0209,2023-08
久慈,岩手県,33146,a0209,2023-09
久慈,岩手県,33146,a0209,2023-10
久慈,岩手県,33146,a0209,2023-11
久慈,岩手県,33146,a0209,2023-12
久慈,岩手県,33146,a0209,2024-01
久慈,岩手県,33146,a0209,2024-02
久慈,岩手県,33146,a0209,2024-03
久慈,岩手県,33146,a0209,2024-04
久慈,岩手県,33146,a0209,2024-05
久慈,岩手県,33146,a0209,2024-06
久慈,岩手県,33146,a0209,2024-07
久慈,岩手県,33146,a0209,2024-08
久慈,岩手県,33146,a0209,2024-09
久慈,岩手県,33146,a0209,2024-10
久慈,岩手県,33146,a0209,2024-11
久慈,岩手県,33146,a0209,2024-12
今治,愛媛県,73076,a1077,2019-01
今治,愛媛県,73076,a1077,2019-02
今治,愛媛県,73076,a1077,2019-03
今治,愛媛県,73076,a1077,2019-04
今治,愛媛県,73076,a1077,2019-05
今治,愛媛県,73076,a1077,2019-06
今治,愛媛県,73076,a1077,2019-07
今治,愛媛県,73076,a1077,2019-08
今治,愛媛県,73076,a1077,2019-09
今治,愛媛県,73076,a1077,2019-10
今治,愛媛県,73076,a1077,2019-11
今治,愛媛県,73076,a1077,2019-12
今治,愛媛県,73076,a1077,2020-01
今治,愛媛県,73076,a1077,2020-02
今治,愛媛県,73076,a1077,2020-03
今治,愛媛県,73076,a1077,2020-04
今治,愛媛県,73076,a1077,2020-05
今治,愛媛県,73076,a1077,2020-06
今治,愛媛県,73076,a1077,2020-07
今治,愛媛県,73076,a1077,2020-08
今治,愛媛県,73076,a1077,2020-09
今治,愛媛県,73076,a1077,2020-10
今治,愛媛県,73076,a1077,2020-11
今治,愛媛県,73076,a1077,2020-12
今治,愛媛県,73076,a1077,2021-01
今治,愛媛県,73076,a1077,2021-02
今治,愛媛県,73076,a1077,2021-03
今治,愛媛県,73076,a1077,2021-04
今治,愛媛県,73076,a1077,2021-05
今治,愛媛県,73076,a1077,2021-06
今治,愛媛県,73076,a1077,2021-07
今治,愛媛県,73076,a1077,2021-08
今治,愛媛県,73076,a1077,2021-09
今治,愛媛県,73076,a1077,2021-10
今治,愛媛県,73076,a1077,2021-11
今治,愛媛県,73076,a1077,2021-12
今治,愛媛県,73076,a1077,2022-01
今治,愛媛県,73076,a1077,2022-02
今治,愛媛県,73076,a1077,2022-03
今治,愛媛県,73076,a1077,2022-04
今治,愛媛県,73076,a1077,2022-05
今治,愛媛県,73076,a1077,2022-06
今治,愛媛県,73076,a1077,2022-07
今治,愛媛県,73076,a1077,2022-08
今治,愛媛県,73076,a1077,2022-09
今治,愛媛県,73076,a1077,2022-10
今治,愛媛県,73076,a1077,2022-11
今治,愛媛県,73076,a1077,2022-12
今治,愛媛県,73076,a1077,2023-01
今治,愛媛県,73076,a1077,2023-02
今治,愛媛県,73076,a1077,2023-03
今治,愛媛県,73076,a1077,2023-04
今治,愛媛県,73076,a1077,2023-05
今治,愛媛県,73076,a1077,2023-06
今治,愛媛県,73076,a1077,2023-07
今治,愛媛県,73076,a1077,2023-08
今治,愛媛県,73076,a1077,2023-09
今治,愛媛県,73076,a1077,2023-10
今治,愛媛県,73076,a1077,2023-11
今治,愛媛県,73076,a1077,2023-12
今治,愛媛県,73076,a1077,2024-01
今治,愛媛県,73076,a1077,2024-02
今治,愛媛県,73076,a1077,2024-03
今治,愛媛県,73076,a1077,2024-04
今治,愛媛県,73076,a1077,2024-05
今治,愛媛県,73076,a1077,2024-06
今治,愛媛県,73076,a1077,2024-07
今治,愛媛県,73076,a1077,2024-08
今治,愛媛県,73076,a1077,2024-09
今治,愛媛県,73076,a1077,2024-10
今治,愛媛県,73076,a1077,2024-11
今治,愛媛県,73076,a1077,2024-12
仙台塩釜,宮城県,34331,a1030,2019-01
仙台塩釜,宮城県,34331,a1030,2019-02
仙台塩釜,宮城県,34331,a1030,2019-04
仙台塩釜,宮城県,34331,a1030,2019-05
仙台塩釜,宮城県,34331,a1030,2019-06
仙台塩釜,宮城県,34331,a1030,2019-07
仙台塩釜,宮城県,34331,a1030,2019-08
仙台塩釜,宮城県,34331,a1030,2019-09
仙台塩釜,宮城県,34331,a1030,2019-10
仙台塩釜,宮城県,34331,a1030,2019-11
仙台塩釜,宮城県,34331,a1030,2019-12
仙台塩釜,宮城県,34331,a1030,2020-01
仙台塩釜,宮城県,34331,a1030,2020-02
仙台塩釜,宮城県,34331,a1030,2020-03
仙台塩釜,宮城県,34331,a1030,2020-04
仙台塩釜,宮城県,34331,a1030,2020-05
仙台塩釜,宮城県,34331,a1030,2020-06
仙台塩釜,宮城県,34331,a1030,2020-07
仙台塩釜,宮城県,34331,a1030,2020-08
仙台塩釜,宮城県,34331,a1030,2020-09
仙台塩釜,宮城県,34331,a1030,2020-10
仙台塩釜,宮城県,34331,a1030,2020-11
仙台塩釜,宮城県,34331,a1030,2020-12
仙台塩釜,宮城県,34331,a1030,2021-01
仙台塩釜,宮城県,34331,a1030,2021-02
仙台塩釜,宮城県,34331,a1030,2021-03
仙台塩釜,宮城県,34331,a1030,2021-04
仙台塩釜,宮城県,34331,a1030,2021-05
仙台塩釜,宮城県,34331,a1030,2021-06
仙台塩釜,宮城県,34331,a1030,2021-07
仙台塩釜,宮城県,34331,a1030,2021-08
仙台塩釜,宮城県,34331,a1030,2021-09
仙台塩釜,宮城県,34331,a1030,2021-10
仙台塩釜,宮城県,34331,a1030,2021-11
仙台塩釜,宮城県,34331,a1030,2021-12
仙台塩釜,宮城県,34331,a1030,2022-01
仙台塩釜,宮城県,34331,a1030,2022-02
仙台塩釜,宮城県,34331,a1030,2022-03
仙台塩釜,宮城県,34331,a1030,2022-04
仙台塩釜,宮城県,34331,a1030,2022-05
仙台塩釜,宮城県,34331,a1030,2022-06
仙台塩釜,宮城県,34331,a1030,2022-07
仙台塩釜,宮城県,34331,a1030,2022-08
仙台塩釜,宮城県,34331,a1030,2022-09
仙台塩釜,宮城県,34331,a1030,2022-10
仙台塩釜,宮城県,34331,a1030,2022-11
仙台塩釜,宮城県,34331,a1030,2022-12
仙台塩釜,宮城県,34331,a1030,2023-01
仙台塩釜,宮城県,34331,a1030,2023-02
仙台塩釜,宮城県,34331,a1030,2023-03
仙台塩釜,宮城県,34331,a1030,2023-04
仙台塩釜,宮城県,34331,a1030,2023-05
仙台塩釜,宮城県,34331,a1030,2023-06
仙台塩釜,宮城県,34331,a1030,2023-07
仙台塩釜,宮城県,34331,a1030,2023-08
仙台塩釜,宮城県,34331,a1030,2023-09
仙台塩釜,宮城県,34331,a1030,2023-10
仙台塩釜,宮城県,34331,a1030,2023-11
仙台塩釜,宮城県,34331,a1030,2023-12
仙台塩釜,宮城県,34331,a1030,2024-01
仙台塩釜,宮城県,34331,a1030,2024-02
仙台塩釜,宮城県,34331,a1030,2024-03
仙台塩釜,宮城県,34331,a1030,2024-04
仙台塩釜,宮城県,34331,a1030,2024-05
仙台塩釜,宮城県,34331,a1030,2024-06
仙台塩釜,宮城県,34331,a1030,2024-07
仙台塩釜,宮城県,34331,a1030,2024-08
仙台塩釜,宮城県,34331,a1030,2024-09
仙台塩釜,宮城県,34331,a1030,2024-10
仙台塩釜,宮城県,34331,a1030,2024-11
仙台塩釜,宮城県,34331,a1030,2024-12
伊万里,佐賀県,85116,a1075,2019-01
伊万里,佐賀県,85116,a1075,2019-02
伊万里,佐賀県,85116,a1075,2019-03
伊万里,佐賀県,85116,a1075,2019-04
伊万里,佐賀県,85116,a1075,2019-05
伊万里,佐賀県,85116,a1075,2019-06
伊万里,佐賀県,85116,a1075,2019-07
伊万里,佐賀県,85116,a1075,2019-08
伊万里,佐賀県,85116,a1075,2019-09
伊万里,佐賀県,85116,a1075,2019-10
伊万里,佐賀県,85116,a1075,2019-11
伊万里,佐賀県,85116,a1075,2019-12
伊万里,佐賀県,85116,a1075,2020-01
伊万里,佐賀県,85116,a1075,2020-02
伊万里,佐賀県,85116,a1075,2020-03
伊万里,佐賀県,85116,a1075,2020-04
伊万里,佐賀県,85116,a1075,2020-05
伊万里,佐賀県,85116,a1075,2020-06
伊万里,佐賀県,85116,a1075,2020-07
伊万里,佐賀県,85116,a1075,2020-08
伊万里,佐賀県,85116,a1075,2020-09
伊万里,佐賀県,85116,a1075,2020-10
伊万里,佐賀県,85116,a1075,2020-11
伊万里,佐賀県,85116,a1075,2020-12
伊万里,佐賀県,85116,a1075,2021-01
伊万里,佐賀県,85116,a1075,2021-02
伊万里,佐賀県,85116,a1075,2021-03
伊万里,佐賀県,85116,a1075,2021-04
伊万里,佐賀県,85116,a1075,2021-05
伊万里,佐賀県,85116,a1075,2021-06
伊万里,佐賀県,85116,a1075,2021-07
伊万里,佐賀県,85116,a1075,2021-08
伊万里,佐賀県,85116,a1075,2021-09
伊万里,佐賀県,85116,a1075,2021-10
伊万里,佐賀県,85116,a1075,2021-11
伊万里,佐賀県,85116,a1075,2021-12
伊万里,佐賀県,85116,a1075,2022-01
伊万里,佐賀県,85116,a1075,2022-02
伊万里,佐賀県,85116,a1075,2022-03
伊万里,佐賀県,85116,a1075,2022-04
伊万里,佐賀県,85116,a1075,2022-05
伊万里,佐賀県,85116,a1075,2022-06
伊万里,佐賀県,85116,a1075,2022-07
伊万里,佐賀県,85116,a1075,2022-08
伊万里,佐賀県,85116,a1075,2022-09
伊万里,佐賀県,85116,a1075,2022-10
伊万里,佐賀県,85116,a1075,2022-11
伊万里,佐賀県,85116,a1075,2022-12
伊万里,佐賀県,85116,a1075,2023-01
伊万里,佐賀県,85116,a1075,2023-02
伊万里,佐賀県,85116,a1075,2023-03
伊万里,佐賀県,85116,a1075,2023-04
伊万里,佐賀県,85116,a1075,2023-05
伊万里,佐賀県,85116,a1075,2023-06
伊万里,佐賀県,85116,a1075,2023-07
伊万里,佐賀県,85116,a1075,2023-08
伊万里,佐賀県,85116,a1075,2023-09
伊万里,佐賀県,85116,a1075,2023-10
伊万里,佐賀県,85116,a1075,2023-11
伊万里,佐賀県,85116,a1075,2023-12
伊万里,佐賀県,85116,a1075,2024-01
伊万里,佐賀県,85116,a1075,2024-02
伊万里,佐賀県,85116,a1075,2024-03
伊万里,佐賀県,85116,a1075,2024-04
伊万里,佐賀県,85116,a1075,2024-05
伊万里,佐賀県,85116,a1075,2024-06
伊万里,佐賀県,85116,a1075,2024-07
伊万里,佐賀県,85116,a1075,2024-08
伊万里,佐賀県,85116,a1075,2024-09
伊万里,佐賀県,85116,a1075,2024-10
伊万里,佐賀県,85116,a1075,2024-11
伊万里,佐賀県,85116,a1075,2024-12
佐世保,長崎県,84266,s47812,2019-01
佐世保,長崎県,84266,s47812,2019-02
佐世保,長崎県,84266,s47812,2019-03
佐世保,長崎県,84266,s47812,2019-04
佐世保,長崎県,84266,s47812,2019-05
佐世保,長崎県,84266,s47812,2019-06
佐世保,長崎県,84266,s47812,2019-07
佐世保,長崎県,84266,s47812,2019-08
佐世保,長崎県,84266,s47812,2019-09
佐世保,長崎県,84266,s47812,2019-10
佐世保,長崎県,84266,s47812,2019-11
佐世保,長崎県,84266,s47812,2019-12
佐世保,長崎県,84266,s47812,2020-01
佐世保,長崎県,84266,s47812,2020-02
佐世保,長崎県,84266,s47812,2020-03
佐世保,長崎県,84266,s47812,2020-04
佐世保,長崎県,84266,s47812,2020-05
佐世保,長崎県,84266,s47812,2020-06
佐世保,長崎県,84266,s47812,2020-07
佐世保,長崎県,84266,s47812,2020-08
佐世保,長崎県,84266,s47812,2020-09
佐世保,長崎県,84266,s47812,2020-10
佐世保,長崎県,84266,s47812,2020-11
佐世保,長崎県,84266,s47812,2020-12
佐世保,長崎県,84266,s47812,2021-01
佐世保,長崎県,84266,s47812,2021-02
佐世保,長崎県,84266,s47812,2021-03
佐世保,長崎県,84266,s47812,2021-04
佐世保,長崎県,84266,s47812,2021-05
佐世保,長崎県,84266,s47812,2021-06
佐世保,長崎県,84266,s47812,2021-07
佐世保,長崎県,84266,s47812,2021-08
佐世保,長崎県,84266,s47812,2021-09
佐世保,長崎県,84266,s47812,2021-10
佐世保,長崎県,84266,s47812,2021-11
佐世保,長崎県,84266,s47812,2021-12
佐世保,長崎県,84266,s47812,2022-01
佐世保,長崎県,84266,s47812,2022-02
佐世保,長崎県,84266,s47812,2022-03
佐世保,長崎県,84266,s47812,2022-04
佐世保,長崎県,84266,s47812,2022-05
佐世保,長崎県,84266,s47812,2022-06
佐世保,長崎県,84266,s47812,2022-07
佐世保,長崎県,84266,s47812,2022-08
佐世保,長崎県,84266,s47812,2022-09
佐世保,長崎県,84266,s47812,2022-10
佐世保,長崎県,84266,s47812,2022-11
佐世保,長崎県,84266,s47812,2022-12
佐世保,長崎県,84266,s47812,2023-01
佐世保,長崎県,84266,s47812,2023-02
佐世保,長崎県,84266,s47812,2023-03
佐世保,長崎県,84266,s47812,2023-04
佐世保,長崎県,84266,s47812,2023-05
佐世保,長崎県,84266,s47812,2023-06
佐世保,長崎県,84266,s47812,2023-07
佐世保,長崎県,84266,s47812,2023-08
佐世保,長崎県,84266,s47812,2023-09
佐世保,長崎県,84266,s47812,2023-10
佐世保,長崎県,84266,s47812,2023-11
佐世保,長崎県,84266,s47812,2023-12
佐世保,長崎県,84266,s47812,2024-01
佐世保,長崎県,84266,s47812,2024-02
佐世保,長崎県,84266,s47812,2024-03
佐世保,長崎県,84266,s47812,2024-04
佐世保,長崎県,84266,s47812,2024-05
佐世保,長崎県,84266,s47812,2024-06
佐世保,長崎県,84266,s47812,2024-07
佐世保,長崎県,84266,s47812,2024-08
佐世保,長崎県,84266,s47812,2024-09
佐世保,長崎県,84266,s47812,2024-10
佐世保,長崎県,84266,s47812,2024-11
佐世保,長崎県,84266,s47812,2024-12
佐伯,大分県,83401,a0808,2019-01
佐伯,大分県,83401,a0808,2019-02
佐伯,大分県,83401,a0808,2019-03
佐伯,大分県,83401,a0808,2019-04
佐伯,大分県,83401,a0808,2019-05
佐伯,大分県,83401,a0808,2019-06
佐伯,大分県,83401,a0808,2019-07
佐伯,大分県,83401,a0808,2019-08
佐伯,大分県,83401,a0808,2019-09
佐伯,大分県,83401,a0808,2019-10
佐伯,大分県,83401,a0808,2019-11
佐伯,大分県,83401,a0808,2019-12
佐伯,大分県,83401,a0808,2020-01
佐伯,大分県,83401,a0808,2020-02
佐伯,大分県,83401,a0808,2020-03
佐伯,大分県,83401,a0808,2020-04
佐伯,大分県,83401,a0808,2020-05
佐伯,大分県,83401,a0808,2020-06
佐伯,大分県,83401,a0808,2020-07
佐伯,大分県,83401,a0808,2020-08
佐伯,大分県,83401,a0808,2020-09
佐伯,大分県,83401,a0808,2020-10
佐伯,大分県,83401,a0808,2020-11
佐伯,大分県,83401,a0808,2020-12
佐伯,大分県,83401,a0808,2021-01
佐伯,大分県,83401,a0808,2021-02
佐伯,大分県,83401,a0808,2021-03
佐伯,大分県,83401,a0808,2021-04
佐伯,大分県,83401,a0808,2021-05
佐伯,大分県,83401,a0808,2021-06
佐伯,大分県,83401,a0808,2021-07
佐伯,大分県,83401,a0808,2021-08
佐伯,大分県,83401,a0808,2021-09
佐伯,大分県,83401,a0808,2021-10
佐伯,大分県,83401,a0808,2021-11
佐伯,大分県,83401,a0808,2021-12
佐伯,大分県,83401,a0808,2022-01
佐伯,大分県,83401,a0808,2022-02
佐伯,大分県,83401,a0808,2022-03
佐伯,大分県,83401,a0808,2022-04
佐伯,大分県,83401,a0808,2022-05
佐伯,大分県,83401,a0808,2022-06
佐伯,大分県,83401,a0808,2022-07
佐伯,大分県,83401,a0808,2022-08
佐伯,大分県,83401,a0808,2022-09
佐伯,大分県,83401,a0808,2022-10
佐伯,大分県,83401,a0808,2022-11
佐伯,大分県,83401,a0808,2022-12
佐伯,大分県,83401,a0808,2023-01
佐伯,大分県,83401,a0808,2023-02
佐伯,大分県,83401,a0808,2023-03
佐伯,大分県,83401,a0808,2023-04
佐伯,大分県,83401,a0808,2023-05
佐伯,大分県,83401,a0808,2023-06
佐伯,大分県,83401,a0808,2023-07
佐伯,大分県,83401,a0808,2023-08
佐伯,大分県,83401,a0808,2023-09
佐伯,大分県,83401,a0808,2023-10
佐伯,大分県,83401,a0808,2023-11
佐伯,大分県,83401,a0808,2023-12
佐伯,大分県,83401,a0808,2024-01
佐伯,大分県,83401,a0808,2024-02
佐伯,大分県,83401,a0808,2024-03
佐伯,大分県,83401,a0808,2024-04
佐伯,大分県,83401,a0808,2024-05
佐伯,大分県,83401,a0808,2024-06
佐伯,大分県,83401,a0808,2024-07
佐伯,大分県,83401,a0808,2024-08
佐伯,大分県,83401,a0808,2024-09
佐伯,大分県,83401,a0808,2024-10
佐伯,大分県,83401,a0808,2024-11
佐伯,大分県,83401,a0808,2024-12
佐賀関,大分県,83216,s47815,2019-01
佐賀関,大分県,83216,s47815,2019-02
佐賀関,大分県,83216,s47815,2019-03
佐賀関,大分県,83216,s47815,2019-04
佐賀関,大分県,83216,s47815,2019-05
佐賀関,大分県,83216,s47815,2019-06
佐賀関,大分県,83216,s47815,2019-07
佐賀関,大分県,83216,s47815,2019-08
佐賀関,大分県,83216,s47815,2019-09
佐賀関,大分県,83216,s47815,2019-10
佐賀関,大分県,83216,s47815,2019-11
佐賀関,大分県,83216,s47815,2019-12
佐賀関,大分県,83216,s47815,2020-01
佐賀関,大分県,83216,s47815,2020-02
佐賀関,大分県,83216,s47815,2020-03
佐賀関,大分県,83216,s47815,2020-04
佐賀関,大分県,83216,s47815,2020-05
佐賀関,大分県,83216,s47815,2020-06
佐賀関,大分県,83216,s47815,2020-07
佐賀関,大分県,83216,s47815,2020-08
佐賀関,大分県,83216,s47815,2020-09
佐賀関,大分県,83216,s47815,2020-10
佐賀関,大分県,83216,s47815,2020-11
佐賀関,大分県,83216,s47815,2020-12
佐賀関,大分県,83216,s47815,2021-01
佐賀関,大分県,83216,s47815,2021-02
佐賀関,大分県,83216,s47815,2021-03
佐賀関,大分県,83216,s47815,2021-04
佐賀関,大分県,83216,s47815,2021-05
佐賀関,大分県,83216,s47815,2021-06
佐賀関,大分県,83216,s47815,2021-07
佐賀関,大分県,83216,s47815,2021-08
佐賀関,大分県,83216,s47815,2021-09
佐賀関,大分県,83216,s47815,2021-10
佐賀関,大分県,83216,s47815,2021-11
佐賀関,大分県,83216,s47815,2021-12
佐賀関,大分県,83216,s47815,2022-01
佐賀関,大分県,83216,s47815,2022-02
佐賀関,大分県,83216,s47815,2022-03
佐賀関,大分県,83216,s47815,2022-04
佐賀関,大分県,83216,s47815,2022-05
佐賀関,大分県,83216,s47815,2022-06
佐賀関,大分県,83216,s47815,2022-07
佐賀関,大分県,83216,s47815,2022-08
佐賀関,大分県,83216,s47815,2022-09
佐賀関,大分県,83216,s47815,2022-10
佐賀関,大分県,83216,s47815,2022-11
佐賀関,大分県,83216,s47815,2022-12
佐賀関,大分県,83216,s47815,2023-01
佐賀関,大分県,83216,s47815,2023-02
佐賀関,大分県,83216,s47815,2023-03
佐賀関,大分県,83216,s47815,2023-04
佐賀関,大分県,83216,s47815,2023-05
佐賀関,大分県,83216,s47815,2023-06
佐賀関,大分県,83216,s47815,2023-07
佐賀関,大分県,83216,s47815,2023-08
佐賀関,大分県,83216,s47815,2023-09
佐賀関,大分県,83216,s47815,2023-10
佐賀関,大分県,83216,s47815,2023-11
佐賀関,大分県,83216,s47815,2023-12
佐賀関,大分県,83216,s47815,2024-01
佐賀関,大分県,83216,s47815,2024-02
佐賀関,大分県,83216,s47815,2024-03
佐賀関,大分県,83216,s47815,2024-04
佐賀関,大分県,83216,s47815,2024-05
佐賀関,大分県,83216,s47815,2024-06
佐賀関,大分県,83216,s47815,2024-07
佐賀関,大分県,83216,s47815,2024-08
佐賀関,大分県,83216,s47815,2024-09
佐賀関,大分県,83216,s47815,2024-10
佐賀関,大分県,83216,s47815,2024-11
佐賀関,大分県,83216,s47815,2024-12
八代,熊本県,86271,a0843,2019-01
八代,熊本県,86271,a0843,2019-02
八代,熊本県,86271,a0843,2019-03
八代,熊本県,86271,a0843,2019-04
八代,熊本県,86271,a0843,2019-05
八代,熊本県,86271,a0843,2019-06
八代,熊本県,86271,a0843,2019-07
八代,熊本県,86271,a0843,2019-08
八代,熊本県,86271,a0843,2019-09
八代,熊本県,86271,a0843,2019-10
八代,熊本県,86271,a0843,2019-11
八代,熊本県,86271,a0843,2019-12
八代,熊本県,86271,a0843,2020-01
八代,熊本県,86271,a0843,2020-02
八代,熊本県,86271,a0843,2020-03
八代,熊本県,86271,a0843,2020-04
八代,熊本県,86271,a0843,2020-05
八代,熊本県,86271,a0843,2020-06
八代,熊本県,86271,a0843,2020-07
八代,熊本県,86271,a0843,2020-08
八代,熊本県,86271,a0843,2020-09
八代,熊本県,86271,a0843,2020-10
八代,熊本県,86271,a0843,2020-11
八代,熊本県,86271,a0843,2020-12
八代,熊本県,86271,a0843,2021-01
八代,熊本県,86271,a0843,2021-02
八代,熊本県,86271,a0843,2021-03
八代,熊本県,86271,a0843,2021-04
八代,熊本県,86271,a0843,2021-05
八代,熊本県,86271,a0843,2021-06
八代,熊本県,86271,a0843,2021-07
八代,熊本県,86271,a0843,2021-08
八代,熊本県,86271,a0843,2021-09
八代,熊本県,86271,a0843,2021-10
八代,熊本県,86271,a0843,2021-11
八代,熊本県,86271,a0843,2021-12
八代,熊本県,86271,a0843,2022-01
八代,熊本県,86271,a0843,2022-02
八代,熊本県,86271,a0843,2022-03
八代,熊本県,86271,a0843,2022-04
八代,熊本県,86271,a0843,2022-05
八代,熊本県,86271,a0843,2022-06
八代,熊本県,86271,a0843,2022-07
八代,熊本県,86271,a0843,2022-08
八代,熊本県,86271,a0843,2022-09
八代,熊本県,86271,a0843,2022-10
八代,熊本県,86271,a0843,2022-11
八代,熊本県,86271,a0843,2022-12
八代,熊本県,86271,a0843,2023-01
八代,熊本県,86271,a0843,2023-02
八代,熊本県,86271,a0843,2023-03
八代,熊本県,86271,a0843,2023-04
八代,熊本県,86271,a0843,2023-05
八代,熊本県,86271,a0843,2023-06
八代,熊本県,86271,a0843,2023-07
八代,熊本県,86271,a0843,2023-08
八代,熊本県,86271,a0843,2023-09
八代,熊本県,86271,a0843,2023-10
八代,熊本県,86271,a0843,2023-11
八代,熊本県,86271,a0843,2023-12
八代,熊本県,86271,a0843,2024-01
八代,熊本県,86271,a0843,2024-02
八代,熊本県,86271,a0843,2024-03
八代,熊本県,86271,a0843,2024-04
八代,熊本県,86271,a0843,2024-05
八代,熊本県,86271,a0843,2024-06
八代,熊本県,86271,a0843,2024-07
八代,熊本県,86271,a0843,2024-08
八代,熊本県,86271,a0843,2024-09
八代,熊本県,86271,a0843,2024-10
八代,熊本県,86271,a0843,2024-11
八代,熊本県,86271,a0843,2024-12
八戸,青森県,31602,s47581,2019-01
八戸,青森県,31602,s47581,2019-02
八戸,青森県,31602,s47581,2019-03
八戸,青森県,31602,s47581,2019-04
八戸,青森県,31602,s47581,2019-05
八戸,青森県,31602,s47581,2019-06
八戸,青森県,31602,s47581,2019-07
八戸,青森県,31602,s47581,2019-08
八戸,青森県,31602,s47581,2019-09
八戸,青森県,31602,s47581,2019-10
八戸,青森県,31602,s47581,2019-11
八戸,青森県,31602,s47581,2019-12
八戸,青森県,31602,s47581,2020-01
八戸,青森県,31602,s47581,2020-02
八戸,青森県,31602,s47581,2020-03
八戸,青森県,31602,s47581,2020-04
八戸,青森県,31602,s47581,2020-05
八戸,青森県,31602,s47581,2020-06
八戸,青森県,31602,s47581,2020-07
八戸,青森県,31602,s47581,2020-08
八戸,青森県,31602,s47581,2020-09
八戸,青森県,31602,s47581,2020-10
八戸,青森県,31602,s47581,2020-11
八戸,青森県,31602,s47581,2020-12
八戸,青森県,31602,s47581,2021-01
八戸,青森県,31602,s47581,2021-02
八戸,青森県,31602,s47581,2021-03
八戸,青森県,31602,s47581,2021-04
八戸,青森県,31602,s47581,2021-05
八戸,青森県,31602,s47581,2021-06
八戸,青森県,31602,s47581,2021-07
八戸,青森県,31602,s47581,2021-08
八戸,青森県,31602,s47581,2021-09
八戸,青森県,31602,s47581,2021-10
八戸,青森県,31602,s47581,2021-11
八戸,青森県,31602,s47581,2021-12
八戸,青森県,31602,s47581,2022-01
八戸,青森県,31602,s47581,2022-02
八戸,青森県,31602,s47581,2022-03
八戸,青森県,31602,s47581,2022-04
八戸,青森県,31602,s47581,2022-05
八戸,青森県,31602,s47581,2022-06
八戸,青森県,31602,s47581,2022-07
八戸,青森県,31602,s47581,2022-08
八戸,青森県,31602,s47581,2022-09
八戸,青森県,31602,s47581,2022-10
八戸,青森県,31602,s47581,2022-11
八戸,青森県,31602,s47581,2022-12
八戸,青森県,31602,s47581,2023-01
八戸,青森県,31602,s47581,2023-02
八戸,青森県,31602,s47581,2023-03
八戸,青森県,31602,s47581,2023-04
八戸,青森県,31602,s47581,2023-05
八戸,青森県,31602,s47581,2023-06
八戸,青森県,31602,s47581,2023-07
八戸,青森県,31602,s47581,2023-08
八戸,青森県,31602,s47581,2023-09
八戸,青森県,31602,s47581,2023-10
八戸,青森県,31602,s47581,2023-11
八戸,青森県,31602,s47581,2023-12
八戸,青森県,31602,s47581,2024-01
八戸,青森県,31602,s47581,2024-02
八戸,青森県,31602,s47581,2024-03
八戸,青森県,31602,s47581,2024-04
八戸,青森県,31602,s47581,2024-05
八戸,青森県,31602,s47581,2024-06
八戸,青森県,31602,s47581,2024-07
八戸,青森県,31602,s47581,2024-08
八戸,青森県,31602,s47581,2024-09
八戸,青森県,31602,s47581,2024-10
八戸,青森県,31602,s47581,2024-11
八戸,青森県,31602,s47581,2024-12
内浦,福井県,61111,s47750,2019-01
内浦,福井県,61111,s47750,2019-02
内浦,福井県,61111,s47750,2019-03
内浦,福井県,61111,s47750,2019-04
内浦,福井県,61111,s47750,2019-05
内浦,福井県,61111,s47750,2019-06
内浦,福井県,61111,s47750,2019-07
内浦,福井県,61111,s47750,2019-08
内浦,福井県,61111,s47750,2019-09
内浦,福井県,61111,s47750,2019-10
内浦,福井県,61111,s47750,2019-11
内浦,福井県,61111,s47750,2019-12
内浦,福井県,61111,s47750,2020-01
内浦,福井県,61111,s47750,2020-02
内浦,福井県,61111,s47750,2020-03
内浦,福井県,61111,s47750,2020-04
内浦,福井県,61111,s47750,2020-05
内浦,福井県,61111,s47750,2020-06
内浦,福井県,61111,s47750,2020-07
内浦,福井県,61111,s47750,2020-08
内浦,福井県,61111,s47750,2020-09
内浦,福井県,61111,s47750,2020-10
内浦,福井県,61111,s47750,2020-11
内浦,福井県,61111,s47750,2020-12
内浦,福井県,61111,s47750,2021-01
内浦,福井県,61111,s47750,2021-02
内浦,福井県,61111,s47750,2021-03
内浦,福井県,61111,s47750,2021-04
内浦,福井県,61111,s47750,2021-05
内浦,福井県,61111,s47750,2021-06
内浦,福井県,61111,s47750,2021-07
内浦,福井県,61111,s47750,2021-08
内浦,福井県,61111,s47750,2021-09
内浦,福井県,61111,s47750,2021-10
内浦,福井県,61111,s47750,2021-11
内浦,福井県,61111,s47750,2021-12
内浦,福井県,61111,s47750,2022-01
内浦,福井県,61111,s47750,2022-03
内浦,福井県,61111,s47750,2022-04
内浦,福井県,61111,s47750,2022-05
内浦,福井県,61111,s47750,2022-06
内浦,福井県,61111,s47750,2022-07
内浦,福井県,61111,s47750,2022-08
内浦,福井県,61111,s47750,2022-09
内浦,福井県,61111,s47750,2022-10
内浦,福井県,61111,s47750,2022-11
内浦,福井県,61111,s47750,2022-12
内浦,福井県,61111,s47750,2023-01
内浦,福井県,61111,s47750,2023-02
内浦,福井県,61111,s47750,2023-03
内浦,福井県,61111,s47750,2023-04
内浦,福井県,61111,s47750,2023-05
内浦,福井県,61111,s47750,2023-06
内浦,福井県,61111,s47750,2023-07
内浦,福井県,61111,s47750,2023-08
内浦,福井県,61111,s47750,2023-09
内浦,福井県,61111,s47750,2023-10
内浦,福井県,61111,s47750,2023-11
内浦,福井県,61111,s47750,2023-12
内浦,福井県,61111,s47750,2024-01
内浦,福井県,61111,s47750,2024-02
内浦,福井県,61111,s47750,2024-03
内浦,福井県,61111,s47750,2024-04
内浦,福井県,61111,s47750,2024-05
内浦,福井県,61111,s47750,2024-06
内浦,福井県,61111,s47750,2024-07
内浦,福井県,61111,s47750,2024-08
内浦,福井県,61111,s47750,2024-09
内浦,福井県,61111,s47750,2024-10
内浦,福井県,61111,s47750,2024-11
内浦,福井県,61111,s47750,2024-12
函館,北海道,23232,s47430,2019-01
函館,北海道,23232,s47430,2019-02
函館,北海道,23232,s47430,2019-03
函館,北海道,23232,s47430,2019-04
函館,北海道,23232,s47430,2019-05
函館,北海道,23232,s47430,2019-06
函館,北海道,23232,s47430,2019-07
函館,北海道,23232,s47430,2019-08
函館,北海道,23232,s47430,2019-09
函館,北海道,23232,s47430,2019-10
函館,北海道,23232,s47430,2019-11
函館,北海道,23232,s47430,2019-12
函館,北海道,23232,s47430,2020-01
函館,北海道,23232,s47430,2020-02
函館,北海道,23232,s47430,2020-03
函館,北海道,23232,s47430,2020-04
函館,北海道,23232,s47430,2020-05
函館,北海道,23232,s47430,2020-06
函館,北海道,23232,s47430,2020-07
函館,北海道,23232,s47430,2020-08
函館,北海道,23232,s47430,2020-09
函館,北海道,23232,s47430,2020-10
函館,北海道,23232,s47430,2020-11
函館,北海道,23232,s47430,2020-12
函館,北海道,23232,s47430,2021-01
函館,北海道,23232,s47430,2021-02
函館,北海道,23232,s47430,2021-03
函館,北海道,23232,s47430,2021-04
函館,北海道,23232,s47430,2021-05
函館,北海道,23232,s47430,2021-06
函館,北海道,23232,s47430,2021-07
函館,北海道,23232,s47430,2021-08
函館,北海道,23232,s47430,2021-09
函館,北海道,23232,s47430,2021-10
函館,北海道,23232,s47430,2021-11
函館,北海道,23232,s47430,2021-12
函館,北海道,23232,s47430,2022-01
函館,北海道,23232,s47430,2022-02
函館,北海道,23232,s47430,2022-03
函館,北海道,23232,s47430,2022-04
函館,北海道,23232,s47430,2022-05
函館,北海道,23232,s47430,2022-06
函館,北海道,23232,s47430,2022-07
函館,北海道,23232,s47430,2022-08
函館,北海道,23232,s47430,2022-09
函館,北海道,23232,s47430,2022-10
函館,北海道,23232,s47430,2022-11
函館,北海道,23232,s47430,2022-12
函館,北海道,23232,s47430,2023-01
函館,北海道,23232,s47430,2023-02
函館,北海道,23232,s47430,2023-03
函館,北海道,23232,s47430,2023-04
函館,北海道,23232,s47430,2023-05
函館,北海道,23232,s47430,2023-06
函館,北海道,23232,s47430,2023-07
函館,北海道,23232,s47430,2023-08
函館,北海道,23232,s47430,2023-09
函館,北海道,23232,s47430,2023-10
函館,北海道,23232,s47430,2023-11
函館,北海道,23232,s47430,2023-12
函館,北海道,23232,s47430,2024-01
函館,北海道,23232,s47430,2024-02
函館,北海道,23232,s47430,2024-03
函館,北海道,23232,s47430,2024-04
函館,北海道,23232,s47430,2024-05
函館,北海道,23232,s47430,2024-06
函館,北海道,23232,s47430,2024-07
函館,北海道,23232,s47430,2024-08
函館,北海道,23232,s47430,2024-09
函館,北海道,23232,s47430,2024-10
函館,北海道,23232,s47430,2024-11
函館,北海道,23232,s47430,2024-12
加治木,鹿児島県,88166,a0881,2019-01
加治木,鹿児島県,88166,a0881,2019-02
加治木,鹿児島県,88166,a0881,2019-03
加治木,鹿児島県,88166,a0881,2019-04
加治木,鹿児島県,88166,a0881,2019-05
加治木,鹿児島県,88166,a0881,2019-06
加治木,鹿児島県,88166,a0881,2019-07
加治木,鹿児島県,88166,a0881,2019-08
加治木,鹿児島県,88166,a0881,2019-09
加治木,鹿児島県,88166,a0881,2019-10
加治木,鹿児島県,88166,a0881,2019-11
加治木,鹿児島県,88166,a0881,2019-12
加治木,鹿児島県,88166,a0881,2020-01
加治木,鹿児島県,88166,a0881,2020-02
加治木,鹿児島県,88166,a0881,2020-03
加治木,鹿児島県,88166,a0881,2020-04
加治木,鹿児島県,88166,a0881,2020-05
加治木,鹿児島県,88166,a0881,2020-06
加治木,鹿児島県,88166,a0881,2020-07
加治木,鹿児島県,88166,a0881,2020-08
加治木,鹿児島県,88166,a0881,2020-09
加治木,鹿児島県,88166,a0881,2020-10
加治木,鹿児島県,88166,a0881,2020-11
加治木,鹿児島県,88166,a0881,2020-12
加治木,鹿児島県,88166,a0881,2021-01
加治木,鹿児島県,88166,a0881,2021-04
加治木,鹿児島県,88166,a0881,2021-05
加治木,鹿児島県,88166,a0881,2021-07
加治木,鹿児島県,88166,a0881,2021-08
加治木,鹿児島県,88166,a0881,2021-09
加治木,鹿児島県,88166,a0881,2021-10
加治木,鹿児島県,88166,a0881,2021-11
加治木,鹿児島県,88166,a0881,2021-12
加治木,鹿児島県,88166,a0881,2022-01
加治木,鹿児島県,88166,a0881,2022-02
加治木,鹿児島県,88166,a0881,2022-03
加治木,鹿児島県,88166,a0881,2022-04
加治木,鹿児島県,88166,a0881,2022-05
加治木,鹿児島県,88166,a0881,2022-06
加治木,鹿児島県,88166,a0881,2022-07
加治木,鹿児島県,88166,a0881,2022-08
加治木,鹿児島県,88166,a0881,2022-09
加治木,鹿児島県,88166,a0881,2022-10
加治木,鹿児島県,88166,a0881,2022-11
加治木,鹿児島県,88166,a0881,2022-12
加治木,鹿児島県,88166,a0881,2023-01
加治木,鹿児島県,88166,a0881,2023-02
加治木,鹿児島県,88166,a0881,2023-03
加治木,鹿児島県,88166,a0881,2023-04
加治木,鹿児島県,88166,a0881,2023-05
加治木,鹿児島県,88166,a0881,2023-06
加治木,鹿児島県,88166,a0881,2023-07
加治木,鹿児島県,88166,a0881,2023-08
加治木,鹿児島県,88166,a0881,2023-09
加治木,鹿児島県,88166,a0881,2023-10
加治木,鹿児島県,88166,a0881,2023-11
加治木,鹿児島県,88166,a0881,2023-12
加治木,鹿児島県,88166,a0881,2024-01
加治木,鹿児島県,88166,a0881,2024-02
加治木,鹿児島県,88166,a0881,2024-03
加治木,鹿児島県,88166,a0881,2024-04
加治木,鹿児島県,88166,a0881,2024-05
加治木,鹿児島県,88166,a0881,2024-06
加治木,鹿児島県,88166,a0881,2024-07
加治木,鹿児島県,88166,a0881,2024-08
加治木,鹿児島県,88166,a0881,2024-09
加治木,鹿児島県,88166,a0881,2024-10
加治木,鹿児島県,88166,a0881,2024-11
加治木,鹿児島県,88166,a0881,2024-12
十勝,北海道,20751,s47440,2019-01
十勝,北海道,20751,s47440,2019-02
十勝,北海道,20751,s47440,2019-03
十勝,北海道,20751,s47440,2019-04
十勝,北海道,20751,s47440,2019-05
十勝,北海道,20751,s47440,2019-06
十勝,北海道,20751,s47440,2019-07
十勝,北海道,20751,s47440,2019-08
十勝,北海道,20751,s47440,2019-09
十勝,北海道,20751,s47440,2019-10
十勝,北海道,20751,s47440,2019-11
十勝,北海道,20751,s47440,2019-12
十勝,北海道,20751,s47440,2020-01
十勝,北海道,20751,s47440,2020-02
十勝,北海道,20751,s47440,2020-03
十勝,北海道,20751,s47440,2020-04
十勝,北海道,20751,s47440,2020-05
十勝,北海道,20751,s47440,2020-06
十勝,北海道,20751,s47440,2020-07
十勝,北海道,20751,s47440,2020-08
十勝,北海道,20751,s47440,2020-09
十勝,北海道,20751,s47440,2020-10
十勝,北海道,20751,s47440,2020-11
十勝,北海道,20751,s47440,2020-12
十勝,北海道,20751,s47440,2021-01
十勝,北海道,20751,s47440,2021-02
十勝,北海道,20751,s47440,2021-03
十勝,北海道,20751,s47440,2021-04
十勝,北海道,20751,s47440,2021-05
十勝,北海道,20751,s47440,2021-06
十勝,北海道,20751,s47440,2021-07
十勝,北海道,20751,s47440,2021-08
十勝,北海道,20751,s47440,2021-09
十勝,北海道,20751,s47440,2021-10
十勝,北海道,20751,s47440,2021-11
十勝,北海道,20751,s47440,2021-12
十勝,北海道,20751,s47440,2022-01
十勝,北海道,20751,s47440,2022-02
十勝,北海道,20751,s47440,2022-03
十勝,北海道,20751,s47440,2022-04
十勝,北海道,20751,s47440,2022-05
十勝,北海道,20751,s47440,2022-06
十勝,北海道,20751,s47440,2022-07
十勝,北海道,20751,s47440,2022-08
十勝,北海道,20751,s47440,2022-09
十勝,北海道,20751,s47440,2022-10
十勝,北海道,20751,s47440,2022-11
十勝,北海道,20751,s47440,2022-12
十勝,北海道,20751,s47440,2023-01
十勝,北海道,20751,s47440,2023-02
十勝,北海道,20751,s47440,2023-03
十勝,北海道,20751,s47440,2023-04
十勝,北海道,20751,s47440,2023-05
十勝,北海道,20751,s47440,2023-06
十勝,北海道,20751,s47440,2023-07
十勝,北海道,20751,s47440,2023-08
十勝,北海道,20751,s47440,2023-09
十勝,北海道,20751,s47440,2023-10
十勝,北海道,20751,s47440,2023-11
十勝,北海道,20751,s47440,2023-12
十勝,北海道,20751,s47440,2024-01
十勝,北海道,20751,s47440,2024-02
十勝,北海道,20751,s47440,2024-03
十勝,北海道,20751,s47440,2024-04
十勝,北海道,20751,s47440,2024-05
十勝,北海道,20751,s47440,2024-06
十勝,北海道,20751,s47440,2024-07
十勝,北海道,20751,s47440,2024-08
十勝,北海道,20751,s47440,2024-09
十勝,北海道,20751,s47440,2024-10
十勝,北海道,20751,s47440,2024-11
十勝,北海道,20751,s47440,2024-12
千葉,千葉県,45212,s47682,2019-01
千葉,千葉県,45212,s47682,2019-02
千葉,千葉県,45212,s47682,2019-03
千葉,千葉県,45212,s47682,2019-04
千葉,千葉県,45212,s47682,2019-05
千葉,千葉県,45212,s47682,2019-06
千葉,千葉県,45212,s47682,2019-07
千葉,千葉県,45212,s47682,2019-08
千葉,千葉県,45212,s47682,2019-09
千葉,千葉県,45212,s47682,2019-10
千葉,千葉県,45212,s47682,2019-11
千葉,千葉県,45212,s47682,2019-12
千葉,千葉県,45212,s47682,2020-01
千葉,千葉県,45212,s47682,2020-02
千葉,千葉県,45212,s47682,2020-03
千葉,千葉県,45212,s47682,2020-04
千葉,千葉県,45212,s47682,2020-05
千葉,千葉県,45212,s47682,2020-06
千葉,千葉県,45212,s47682,2020-07
千葉,千葉県,45212,s47682,2020-08
千葉,千葉県,45212,s47682,2020-09
千葉,千葉県,45212,s47682,2020-10
千葉,千葉県,45212,s47682,2020-11
千葉,千葉県,45212,s47682,2020-12
千葉,千葉県,45212,s47682,2021-01
千葉,千葉県,45212,s47682,2021-02
千葉,千葉県,45212,s47682,2021-03
千葉,千葉県,45212,s47682,2021-04
千葉,千葉県,45212,s47682,2021-05
千葉,千葉県,45212,s47682,2021-06
千葉,千葉県,45212,s47682,2021-07
千葉,千葉県,45212,s47682,2021-08
千葉,千葉県,45212,s47682,2021-09
千葉,千葉県,45212,s47682,2021-10
千葉,千葉県,45212,s47682,2021-11
千葉,千葉県,45212,s47682,2021-12
千葉,千葉県,45212,s47682,2022-01
千葉,千葉県,45212,s47682,2022-02
千葉,千葉県,45212,s47682,2022-03
千葉,千葉県,45212,s47682,2022-04
千葉,千葉県,45212,s47682,2022-05
千葉,千葉県,45212,s47682,2022-06
千葉,千葉県,45212,s47682,2022-07
千葉,千葉県,45212,s47682,2022-08
千葉,千葉県,45212,s47682,2022-09
千葉,千葉県,45212,s47682,2022-10
千葉,千葉県,45212,s47682,2022-11
千葉,千葉県,45212,s47682,2022-12
千葉,千葉県,45212,s47682,2023-01
千葉,千葉県,45212,s47682,2023-02
千葉,千葉県,45212,s47682,2023-03
千葉,千葉県,45212,s47682,2023-04
千葉,千葉県,45212,s47682,2023-05
千葉,千葉県,45212,s47682,2023-06
千葉,千葉県,45212,s47682,2023-07
千葉,千葉県,45212,s47682,2023-08
千葉,千葉県,45212,s47682,2023-09
千葉,千葉県,45212,s47682,2023-10
千葉,千葉県,45212,s47682,2023-11
千葉,千葉県,45212,s47682,2023-12
千葉,千葉県,45212,s47682,2024-01
千葉,千葉県,45212,s47682,2024-02
千葉,千葉県,45212,s47682,2024-03
千葉,千葉県,45212,s47682,2024-04
千葉,千葉県,45212,s47682,2024-05
千葉,千葉県,45212,s47682,2024-06
千葉,千葉県,45212,s47682,2024-07
千葉,千葉県,45212,s47682,2024-08
千葉,千葉県,45212,s47682,2024-09
千葉,千葉県,45212,s47682,2024-10
千葉,千葉県,45212,s47682,2024-11
千葉,千葉県,45212,s47682,2024-12
博多,福岡県,82182,s47807,2019-01
博多,福岡県,82182,s47807,2019-02
博多,福岡県,82182,s47807,2019-03
博多,福岡県,82182,s47807,2019-04
博多,福岡県,82182,s47807,2019-05
博多,福岡県,82182,s47807,2019-06
博多,福岡県,82182,s47807,2019-07
博多,福岡県,82182,s47807,2019-08
博多,福岡県,82182,s47807,2019-09
博多,福岡県,82182,s47807,2019-10
博多,福岡県,82182,s47807,2019-11
博多,福岡県,82182,s47807,2019-12
博多,福岡県,82182,s47807,2020-01
博多,福岡県,82182,s47807,2020-02
博多,福岡県,82182,s47807,2020-03
博多,福岡県,82182,s47807,2020-04
博多,福岡県,82182,s47807,2020-05
博多,福岡県,82182,s47807,2020-06
博多,福岡県,82182,s47807,2020-07
博多,福岡県,82182,s47807,2020-08
博多,福岡県,82182,s47807,2020-09
博多,福岡県,82182,s47807,2020-10
博多,福岡県,82182,s47807,2020-11
博多,福岡県,82182,s47807,2020-12
博多,福岡県,82182,s47807,2021-01
博多,福岡県,82182,s47807,2021-02
博多,福岡県,82182,s47807,2021-03
博多,福岡県,82182,s47807,2021-04
博多,福岡県,82182,s47807,2021-05
博多,福岡県,82182,s47807,2021-06
博多,福岡県,82182,s47807,2021-07
博多,福岡県,82182,s47807,2021-08
博多,福岡県,82182,s47807,2021-09
博多,福岡県,82182,s47807,2021-10
博多,福岡県,82182,s47807,2021-11
博多,福岡県,82182,s47807,2021-12
博多,福岡県,82182,s47807,2022-01
博多,福岡県,82182,s47807,2022-02
博多,福岡県,82182,s47807,2022-03
博多,福岡県,82182,s47807,2022-04
博多,福岡県,82182,s47807,2022-05
博多,福岡県,82182,s47807,2022-06
博多,福岡県,82182,s47807,2022-07
博多,福岡県,82182,s47807,2022-08
博多,福岡県,82182,s47807,2022-09
博多,福岡県,82182,s47807,2022-10
博多,福岡県,82182,s47807,2022-11
博多,福岡県,82182,s47807,2022-12
博多,福岡県,82182,s47807,2023-01
博多,福岡県,82182,s47807,2023-02
博多,福岡県,82182,s47807,2023-03
博多,福岡県,82182,s47807,2023-04
博多,福岡県,82182,s47807,2023-05
博多,福岡県,82182,s47807,2023-06
博多,福岡県,82182,s47807,2023-07
博多,福岡県,82182,s47807,2023-08
博多,福岡県,82182,s47807,2023-09
博多,福岡県,82182,s47807,2023-10
博多,福岡県,82182,s47807,2023-11
博多,福岡県,82182,s47807,2023-12
博多,福岡県,82182,s47807,2024-01
博多,福岡県,82182,s47807,2024-02
博多,福岡県,82182,s47807,2024-03
博多,福岡県,82182,s47807,2024-04
博多,福岡県,82182,s47807,2024-05
博多,福岡県,82182,s47807,2024-06
博多,福岡県,82182,s47807,2024-07
博多,福岡県,82182,s47807,2024-08
博多,福岡県,82182,s47807,2024-09
博多,福岡県,82182,s47807,2024-10
博多,福岡県,82182,s47807,2024-11
博多,福岡県,82182,s47807,2024-12
厳原,長崎県,84072,s47800,2019-01
厳原,長崎県,84072,s47800,2019-02
厳原,長崎県,84072,s47800,2019-03
厳原,長崎県,84072,s47800,2019-04
厳原,長崎県,84072,s47800,2019-05
厳原,長崎県,84072,s47800,2019-06
厳原,長崎県,84072,s47800,2019-07
厳原,長崎県,84072,s47800,2019-08
厳原,長崎県,84072,s47800,2019-09
厳原,長崎県,84072,s47800,2019-10
厳原,長崎県,84072,s47800,2019-11
厳原,長崎県,84072,s47800,2019-12
厳原,長崎県,84072,s47800,2020-01
厳原,長崎県,84072,s47800,2020-02
厳原,長崎県,84072,s47800,2020-03
厳原,長崎県,84072,s47800,2020-04
厳原,長崎県,84072,s47800,2020-05
厳原,長崎県,84072,s47800,2020-06
厳原,長崎県,84072,s47800,2020-07
厳原,長崎県,84072,s47800,2020-08
厳原,長崎県,84072,s47800,2020-09
厳原,長崎県,84072,s47800,2020-10
厳原,長崎県,84072,s47800,2020-11
厳原,長崎県,84072,s47800,2020-12
厳原,長崎県,84072,s47800,2021-01
厳原,長崎県,84072,s47800,2021-02
厳原,長崎県,84072,s47800,2021-03
厳原,長崎県,84072,s47800,2021-04
厳原,長崎県,84072,s47800,2021-05
厳原,長崎県,84072,s47800,2021-06
厳原,長崎県,84072,s47800,2021-07
厳原,長崎県,84072,s47800,2021-08
厳原,長崎県,84072,s47800,2021-09
厳原,長崎県,84072,s47800,2021-10
厳原,長崎県,84072,s47800,2021-11
厳原,長崎県,84072,s47800,2021-12
厳原,長崎県,84072,s47800,2022-01
厳原,長崎県,84072,s47800,2022-02
厳原,長崎県,84072,s47800,2022-03
厳原,長崎県,84072,s47800,2022-04
厳原,長崎県,84072,s47800,2022-05
厳原,長崎県,84072,s47800,2022-06
厳原,長崎県,84072,s47800,2022-07
厳原,長崎県,84072,s47800,2022-08
厳原,長崎県,84072,s47800,2022-09
厳原,長崎県,84072,s47800,2022-10
厳原,長崎県,84072,s47800,2022-11
厳原,長崎県,84072,s47800,2022-12
厳原,長崎県,84072,s47800,2023-01
厳原,長崎県,84072,s47800,2023-02
厳原,長崎県,84072,s47800,2023-03
厳原,長崎県,84072,s47800,2023-04
厳原,長崎県,84072,s47800,2023-05
厳原,長崎県,84072,s47800,2023-06
厳原,長崎県,84072,s47800,2023-07
厳原,長崎県,84072,s47800,2023-08
厳原,長崎県,84072,s47800,2023-09
厳原,長崎県,84072,s47800,2023-10
厳原,長崎県,84072,s47800,2023-11
厳原,長崎県,84072,s47800,2023-12
厳原,長崎県,84072,s47800,2024-01
厳原,長崎県,84072,s47800,2024-02
厳原,長崎県,84072,s47800,2024-03
厳原,長崎県,84072,s47800,2024-04
厳原,長崎県,84072,s47800,2024-05
厳原,長崎県,84072,s47800,2024-06
厳原,長崎県,84072,s47800,2024-07
厳原,長崎県,84072,s47800,2024-08
厳原,長崎県,84072,s47800,2024-09
厳原,長崎県,84072,s47800,2024-10
厳原,長崎県,84072,s47800,2024-11
厳原,長崎県,84072,s47800,2024-12
吉津,三重県,53296,a1258,2019-01
吉津,三重県,53296,a1258,2019-02
吉津,三重県,53296,a1258,2019-03
吉津,三重県,53296,a1258,2019-04
吉津,三重県,53296,a1258,2019-05
吉津,三重県,53296,a1258,2019-06
吉津,三重県,53296,a1258,2019-07
吉津,三重県,53296,a1258,2019-08
吉津,三重県,53296,a1258,2019-09
吉津,三重県,53296,a1258,2019-10
吉津,三重県,53296,a1258,2019-11
吉津,三重県,53296,a1258,2019-12
吉津,三重県,53296,a1258,2020-01
吉津,三重県,53296,a1258,2020-02
吉津,三重県,53296,a1258,2020-03
吉津,三重県,53296,a1258,2020-04
吉津,三重県,53296,a1258,2020-05
吉津,三重県,53296,a1258,2020-06
吉津,三重県,53296,a1258,2020-07
吉津,三重県,53296,a1258,2020-08
吉津,三重県,53296,a1258,2020-09
吉津,三重県,53296,a1258,2020-10
吉津,三重県,53296,a1258,2020-11
吉津,三重県,53296,a1258,2020-12
吉津,三重県,53296,a1258,2021-01
吉津,三重県,53296,a1258,2021-02
吉津,三重県,53296,a1258,2021-03
吉津,三重県,53296,a1258,2021-04
吉津,三重県,53296,a1258,2021-05
吉津,三重県,53296,a1258,2021-06
吉津,三重県,53296,a1258,2021-07
吉津,三重県,53296,a1258,2021-08
吉津,三重県,53296,a1258,2021-09
吉津,三重県,53296,a1258,2021-10
吉津,三重県,53296,a1258,2021-11
吉津,三重県,53296,a1258,2021-12
吉津,三重県,53296,a1258,2022-01
吉津,三重県,53296,a1258,2022-02
吉津,三重県,53296,a1258,2022-03
吉津,三重県,53296,a1258,2022-04
吉津,三重県,53296,a1258,2022-05
吉津,三重県,53296,a1258,2022-06
吉津,三重県,53296,a1258,2022-07
吉津,三重県,53296,a1258,2022-08
吉津,三重県,53296,a1258,2022-09
吉津,三重県,53296,a1258,2022-10
吉津,三重県,53296,a1258,2022-11
吉津,三重県,53296,a1258,2022-12
吉津,三重県,53296,a1258,2023-01
吉津,三重県,53296,a1258,2023-02
吉津,三重県,53296,a1258,2023-03
吉津,三重県,53296,a1258,2023-04
吉津,三重県,53296,a1258,2023-05
吉津,三重県,53296,a1258,2023-06
吉津,三重県,53296,a1258,2023-07
吉津,三重県,53296,a1258,2023-08
吉津,三重県,53296,a1258,2023-09
吉津,三重県,53296,a1258,2023-10
吉津,三重県,53296,a1258,2023-11
吉津,三重県,53296,a1258,2023-12
吉津,三重県,53296,a1258,2024-01
吉津,三重県,53296,a1258,2024-02
吉津,三重県,53296,a1258,2024-03
吉津,三重県,53296,a1258,2024-04
吉津,三重県,53296,a1258,2024-05
吉津,三重県,53296,a1258,2024-06
吉津,三重県,53296,a1258,2024-07
吉津,三重県,53296,a1258,2024-08
吉津,三重県,53296,a1258,2024-09
吉津,三重県,53296,a1258,2024-10
吉津,三重県,53296,a1258,2024-11
吉津,三重県,53296,a1258,2024-12
名古屋,愛知県,51216,a1638,2019-01
名古屋,愛知県,51216,a1638,2019-02
名古屋,愛知県,51216,a1638,2019-03
名古屋,愛知県,51216,a1638,2019-04
名古屋,愛知県,51216,a1638,2019-05
名古屋,愛知県,51216,a1638,2019-06
名古屋,愛知県,51216,a1638,2019-07
名古屋,愛知県,51216,a1638,2019-08
名古屋,愛知県,51216,a1638,2019-09
名古屋,愛知県,51216,a1638,2019-10
名古屋,愛知県,51216,a1638,2019-11
名古屋,愛知県,51216,a1638,2019-12
名古屋,愛知県,51216,a1638,2020-01
名古屋,愛知県,51216,a1638,2020-02
名古屋,愛知県,51216,a1638,2020-03
名古屋,愛知県,51216,a1638,2020-04
名古屋,愛知県,51216,a1638,2020-05
名古屋,愛知県,51216,a1638,2020-06
名古屋,愛知県,51216,a1638,2020-07
名古屋,愛知県,51216,a1638,2020-08
名古屋,愛知県,51216,a1638,2020-09
名古屋,愛知県,51216,a1638,2020-10
名古屋,愛知県,51216,a1638,2020-11
名古屋,愛知県,51216,a1638,2020-12
名古屋,愛知県,51216,a1638,2021-01
名古屋,愛知県,51216,a1638,2021-02
名古屋,愛知県,51216,a1638,2021-03
名古屋,愛知県,51216,a1638,2021-04
名古屋,愛知県,51216,a1638,2021-05
名古屋,愛知県,51216,a1638,2021-06
名古屋,愛知県,51216,a1638,2021-07
名古屋,愛知県,51216,a1638,2021-08
名古屋,愛知県,51216,a1638,2021-09
名古屋,愛知県,51216,a1638,2021-10
名古屋,愛知県,51216,a1638,2021-11
名古屋,愛知県,51216,a1638,2021-12
名古屋,愛知県,51216,a1638,2022-01
名古屋,愛知県,51216,a1638,2022-02
名古屋,愛知県,51216,a1638,2022-03
名古屋,愛知県,51216,a1638,2022-04
名古屋,愛知県,51216,a1638,2022-05
名古屋,愛知県,51216,a1638,2022-06
名古屋,愛知県,51216,a1638,2022-07
名古屋,愛知県,51216,a1638,2022-08
名古屋,愛知県,51216,a1638,2022-09
名古屋,愛知県,51216,a1638,2022-10
名古屋,愛知県,51216,a1638,2022-11
名古屋,愛知県,51216,a1638,2022-12
名古屋,愛知県,51216,a1638,2023-01
名古屋,愛知県,51216,a1638,2023-02
名古屋,愛知県,51216,a1638,2023-03
名古屋,愛知県,51216,a1638,2023-04
名古屋,愛知県,51216,a1638,2023-05
名古屋,愛知県,51216,a1638,2023-06
名古屋,愛知県,51216,a1638,2023-07
名古屋,愛知県,51216,a1638,2023-08
名古屋,愛知県,51216,a1638,2023-09
名古屋,愛知県,51216,a1638,2023-10
名古屋,愛知県,51216,a1638,2023-11
名古屋,愛知県,51216,a1638,2023-12
名古屋,愛知県,51216,a1638,2024-01
名古屋,愛知県,51216,a1638,2024-02
名古屋,愛知県,51216,a1638,2024-03
名古屋,愛知県,51216,a1638,2024-04
名古屋,愛知県,51216,a1638,2024-05
名古屋,愛知県,51216,a1638,2024-06
名古屋,愛知県,51216,a1638,2024-07
名古屋,愛知県,51216,a1638,2024-08
名古屋,愛知県,51216,a1638,2024-09
名古屋,愛知県,51216,a1638,2024-10
名古屋,愛知県,51216,a1638,2024-11
名古屋,愛知県,51216,a1638,2024-12
名瀬,鹿児島県,88821,a1520,2019-01
名瀬,鹿児島県,88821,a1520,2019-02
名瀬,鹿児島県,88821,a1520,2019-03
名瀬,鹿児島県,88821,a1520,2019-04
名瀬,鹿児島県,88821,a1520,2019-05
名瀬,鹿児島県,88821,a1520,2019-06
名瀬,鹿児島県,88821,a1520,2019-07
名瀬,鹿児島県,88821,a1520,2019-08
名瀬,鹿児島県,88821,a1520,2019-09
名瀬,鹿児島県,88821,a1520,2019-10
名瀬,鹿児島県,88821,a1520,2019-11
名瀬,鹿児島県,88821,a1520,2019-12
名瀬,鹿児島県,88821,a1520,2020-01
名瀬,鹿児島県,88821,a1520,2020-02
名瀬,鹿児島県,88821,a1520,2020-03
名瀬,鹿児島県,88821,a1520,2020-04
名瀬,鹿児島県,88821,a1520,2020-05
名瀬,鹿児島県,88821,a1520,2020-06
名瀬,鹿児島県,88821,a1520,2020-07
名瀬,鹿児島県,88821,a1520,2020-08
名瀬,鹿児島県,88821,a1520,2020-09
名瀬,鹿児島県,88821,a1520,2020-10
名瀬,鹿児島県,88821,a1520,2021-02
名瀬,鹿児島県,88821,a1520,2021-04
名瀬,鹿児島県,88821,a1520,2021-05
名瀬,鹿児島県,88821,a1520,2021-07
名瀬,鹿児島県,88821,a1520,2021-08
名瀬,鹿児島県,88821,a1520,2021-09
名瀬,鹿児島県,88821,a1520,2021-10
名瀬,鹿児島県,88821,a1520,2021-11
名瀬,鹿児島県,88821,a1520,2021-12
名瀬,鹿児島県,88821,a1520,2022-01
名瀬,鹿児島県,88821,a1520,2022-02
名瀬,鹿児島県,88821,a1520,2022-03
名瀬,鹿児島県,88821,a1520,2022-04
名瀬,鹿児島県,88821,a1520,2022-05
名瀬,鹿児島県,88821,a1520,2022-06
名瀬,鹿児島県,88821,a1520,2022-07
名瀬,鹿児島県,88821,a1520,2022-08
名瀬,鹿児島県,88821,a1520,2022-09
名瀬,鹿児島県,88821,a1520,2022-10
名瀬,鹿児島県,88821,a1520,2022-11
名瀬,鹿児島県,88821,a1520,2022-12
名瀬,鹿児島県,88821,a1520,2023-01
名瀬,鹿児島県,88821,a1520,2023-02
名瀬,鹿児島県,88821,a1520,2023-03
名瀬,鹿児島県,88821,a1520,2023-04
名瀬,鹿児島県,88821,a1520,2023-05
名瀬,鹿児島県,88821,a1520,2023-06
名瀬,鹿児島県,88821,a1520,2023-07
名瀬,鹿児島県,88821,a1520,2023-08
名瀬,鹿児島県,88821,a1520,2023-09
名瀬,鹿児島県,88821,a1520,2023-10
名瀬,鹿児島県,88821,a1520,2023-11
名瀬,鹿児島県,88821,a1520,2023-12
名瀬,鹿児島県,88821,a1520,2024-01
名瀬,鹿児島県,88821,a1520,2024-02
名瀬,鹿児島県,88821,a1520,2024-03
名瀬,鹿児島県,88821,a1520,2024-04
名瀬,鹿児島県,88821,a1520,2024-05
名瀬,鹿児島県,88821,a1520,2024-06
名瀬,鹿児島県,88821,a1520,2024-07
名瀬,鹿児島県,88821,a1520,2024-08
名瀬,鹿児島県,88821,a1520,2024-09
名瀬,鹿児島県,88821,a1520,2024-10
名瀬,鹿児島県,88821,a1520,2024-11
名瀬,鹿児島県,88821,a1520,2024-12
呉,広島県,67511,s47766,2019-01
呉,広島県,67511,s47766,2019-02
呉,広島県,67511,s47766,2019-03
呉,広島県,67511,s47766,2019-04
呉,広島県,67511,s47766,2019-05
呉,広島県,67511,s47766,2019-06
呉,広島県,67511,s47766,2019-07
呉,広島県,67511,s47766,2019-08
呉,広島県,67511,s47766,2019-09
呉,広島県,67511,s47766,2019-10
呉,広島県,67511,s47766,2019-11
呉,広島県,67511,s47766,2019-12
呉,広島県,67511,s47766,2020-01
呉,広島県,67511,s47766,2020-02
呉,広島県,67511,s47766,2020-03
呉,広島県,67511,s47766,2020-04
呉,広島県,67511,s47766,2020-05
呉,広島県,67511,s47766,2020-06
呉,広島県,67511,s47766,2020-07
呉,広島県,67511,s47766,2020-08
呉,広島県,67511,s47766,2020-09
呉,広島県,67511,s47766,2020-10
呉,広島県,67511,s47766,2020-11
呉,広島県,67511,s47766,2020-12
呉,広島県,67511,s47766,2021-01
呉,広島県,67511,s47766,2021-02
呉,広島県,67511,s47766,2021-03
呉,広島県,67511,s47766,2021-04
呉,広島県,67511,s47766,2021-05
呉,広島県,67511,s47766,2021-06
呉,広島県,67511,s47766,2021-07
呉,広島県,67511,s47766,2021-08
呉,広島県,67511,s47766,2021-09
呉,広島県,67511,s47766,2021-10
呉,広島県,67511,s47766,2021-11
呉,広島県,67511,s47766,2021-12
呉,広島県,67511,s47766,2022-01
呉,広島県,67511,s47766,2022-02
呉,広島県,67511,s47766,2022-03
呉,広島県,67511,s47766,2022-04
呉,広島県,67511,s47766,2022-05
呉,広島県,67511,s47766,2022-06
呉,広島県,67511,s47766,2022-07
呉,広島県,67511,s47766,2022-08
呉,広島県,67511,s47766,2022-09
呉,広島県,67511,s47766,2022-10
呉,広島県,67511,s47766,2022-11
呉,広島県,67511,s47766,2022-12
呉,広島県,67511,s47766,2023-01
呉,広島県,67511,s47766,2023-02
呉,広島県,67511,s47766,2023-03
呉,広島県,67511,s47766,2023-04
呉,広島県,67511,s47766,2023-05
呉,広島県,67511,s47766,2023-06
呉,広島県,67511,s47766,2023-07
呉,広島県,67511,s47766,2023-08
呉,広島県,67511,s47766,2023-09
呉,広島県,67511,s47766,2023-10
呉,広島県,67511,s47766,2023-11
呉,広島県,67511,s47766,2023-12
呉,広島県,67511,s47766,2024-01
呉,広島県,67511,s47766,2024-02
呉,広島県,67511,s47766,2024-03
呉,広島県,67511,s47766,2024-04
呉,広島県,67511,s47766,2024-05
呉,広島県,67511,s47766,2024-06
呉,広島県,67511,s47766,2024-07
呉,広島県,67511,s47766,2024-08
呉,広島県,67511,s47766,2024-09
呉,広島県,67511,s47766,2024-10
呉,広島県,67511,s47766,2024-11
呉,広島県,67511,s47766,2024-12
和歌山下津,和歌山県,65042,s47777,2019-01
和歌山下津,和歌山県,65042,s47777,2019-02
和歌山下津,和歌山県,65042,s47777,2019-03
和歌山下津,和歌山県,65042,s47777,2019-04
和歌山下津,和歌山県,65042,s47777,2019-05
和歌山下津,和歌山県,65042,s47777,2019-06
和歌山下津,和歌山県,65042,s47777,2019-07
和歌山下津,和歌山県,65042,s47777,2019-08
和歌山下津,和歌山県,65042,s47777,2019-09
和歌山下津,和歌山県,65042,s47777,2019-10
和歌山下津,和歌山県,65042,s47777,2019-11
和歌山下津,和歌山県,65042,s47777,2019-12
和歌山下津,和歌山県,65042,s47777,2020-01
和歌山下津,和歌山県,65042,s47777,2020-02
和歌山下津,和歌山県,65042,s47777,2020-03
和歌山下津,和歌山県,65042,s47777,2020-04
和歌山下津,和歌山県,65042,s47777,2020-05
和歌山下津,和歌山県,65042,s47777,2020-06
和歌山下津,和歌山県,65042,s47777,2020-07
和歌山下津,和歌山県,65042,s47777,2020-08
和歌山下津,和歌山県,65042,s47777,2020-09
和歌山下津,和歌山県,65042,s47777,2020-10
和歌山下津,和歌山県,65042,s47777,2020-11
和歌山下津,和歌山県,65042,s47777,2020-12
和歌山下津,和歌山県,65042,s47777,2021-01
和歌山下津,和歌山県,65042,s47777,2021-02
和歌山下津,和歌山県,65042,s47777,2021-03
和歌山下津,和歌山県,65042,s47777,2021-04
和歌山下津,和歌山県,65042,s47777,2021-05
和歌山下津,和歌山県,65042,s47777,2021-06
和歌山下津,和歌山県,65042,s47777,2021-07
和歌山下津,和歌山県,65042,s47777,2021-08
和歌山下津,和歌山県,65042,s47777,2021-09
和歌山下津,和歌山県,65042,s47777,2021-10
和歌山下津,和歌山県,65042,s47777,2021-11
和歌山下津,和歌山県,65042,s47777,2021-12
和歌山下津,和歌山県,65042,s47777,2022-01
和歌山下津,和歌山県,65042,s47777,2022-02
和歌山下津,和歌山県,65042,s47777,2022-03
和歌山下津,和歌山県,65042,s47777,2022-04
和歌山下津,和歌山県,65042,s47777,2022-05
和歌山下津,和歌山県,65042,s47777,2022-06
和歌山下津,和歌山県,65042,s47777,2022-07
和歌山下津,和歌山県,65042,s47777,2022-08
和歌山下津,和歌山県,65042,s47777,2022-09
和歌山下津,和歌山県,65042,s47777,2022-10
和歌山下津,和歌山県,65042,s47777,2022-11
和歌山下津,和歌山県,65042,s47777,2022-12
和歌山下津,和歌山県,65042,s47777,2023-01
和歌山下津,和歌山県,65042,s47777,2023-02
和歌山下津,和歌山県,65042,s47777,2023-03
和歌山下津,和歌山県,65042,s47777,2023-04
和歌山下津,和歌山県,65042,s47777,2023-05
和歌山下津,和歌山県,65042,s47777,2023-06
和歌山下津,和歌山県,65042,s47777,2023-07
和歌山下津,和歌山県,65042,s47777,2023-08
和歌山下津,和歌山県,65042,s47777,2023-09
和歌山下津,和歌山県,65042,s47777,2023-10
和歌山下津,和歌山県,65042,s47777,2023-11
和歌山下津,和歌山県,65042,s47777,2023-12
和歌山下津,和歌山県,65042,s47777,2024-01
和歌山下津,和歌山県,65042,s47777,2024-02
和歌山下津,和歌山県,65042,s47777,2024-03
和歌山下津,和歌山県,65042,s47777,2024-04
和歌山下津,和歌山県,65042,s47777,2024-05
和歌山下津,和歌山県,65042,s47777,2024-06
和歌山下津,和歌山県,65042,s47777,2024-07
和歌山下津,和歌山県,65042,s47777,2024-08
和歌山下津,和歌山県,65042,s47777,2024-09
和歌山下津,和歌山県,65042,s47777,2024-10
和歌山下津,和歌山県,65042,s47777,2024-11
和歌山下津,和歌山県,65042,s47777,2024-12
唐津,佐賀県,85033,a1610,2019-01
唐津,佐賀県,85033,a1610,2019-02
唐津,佐賀県,85033,a1610,2019-03
唐津,佐賀県,85033,a1610,2019-04
唐津,佐賀県,85033,a1610,2019-05
唐津,佐賀県,85033,a1610,2019-06
唐津,佐賀県,85033,a1610,2019-07
唐津,佐賀県,85033,a1610,2019-08
唐津,佐賀県,85033,a1610,2019-09
唐津,佐賀県,85033,a1610,2019-10
唐津,佐賀県,85033,a1610,2019-11
唐津,佐賀県,85033,a1610,2019-12
唐津,佐賀県,85033,a1610,2020-01
唐津,佐賀県,85033,a1610,2020-02
唐津,佐賀県,85033,a1610,2020-03
唐津,佐賀県,85033,a1610,2020-04
唐津,佐賀県,85033,a1610,2020-05
唐津,佐賀県,85033,a1610,2020-06
唐津,佐賀県,85033,a1610,2020-07
唐津,佐賀県,85033,a1610,2020-08
唐津,佐賀県,85033,a1610,2020-09
唐津,佐賀県,85033,a1610,2020-10
唐津,佐賀県,85033,a1610,2020-11
唐津,佐賀県,85033,a1610,2020-12
唐津,佐賀県,85033,a1610,2021-01
唐津,佐賀県,85033,a1610,2021-02
唐津,佐賀県,85033,a1610,2021-03
唐津,佐賀県,85033,a1610,2021-04
唐津,佐賀県,85033,a1610,2021-05
唐津,佐賀県,85033,a1610,2021-06
唐津,佐賀県,85033,a1610,2021-07
唐津,佐賀県,85033,a1610,2021-08
唐津,佐賀県,85033,a1610,2021-09
唐津,佐賀県,85033,a1610,2021-10
唐津,佐賀県,85033,a1610,2021-11
唐津,佐賀県,85033,a1610,2021-12
唐津,佐賀県,85033,a1610,2022-01
唐津,佐賀県,85033,a1610,2022-02
唐津,佐賀県,85033,a1610,2022-03
唐津,佐賀県,85033,a1610,2022-04
唐津,佐賀県,85033,a1610,2022-05
唐津,佐賀県,85033,a1610,2022-06
唐津,佐賀県,85033,a1610,2022-07
唐津,佐賀県,85033,a1610,2022-08
唐津,佐賀県,85033,a1610,2022-09
唐津,佐賀県,85033,a1610,2022-10
唐津,佐賀県,85033,a1610,2022-11
唐津,佐賀県,85033,a1610,2022-12
唐津,佐賀県,85033,a1610,2023-01
唐津,佐賀県,85033,a1610,2023-02
唐津,佐賀県,85033,a1610,2023-03
唐津,佐賀県,85033,a1610,2023-04
唐津,佐賀県,85033,a1610,2023-05
唐津,佐賀県,85033,a1610,2023-06
唐津,佐賀県,85033,a1610,2023-07
唐津,佐賀県,85033,a1610,2023-08
唐津,佐賀県,85033,a1610,2023-09
唐津,佐賀県,85033,a1610,2023-10
唐津,佐賀県,85033,a1610,2023-11
唐津,佐賀県,85033,a1610,2023-12
唐津,佐賀県,85033,a1610,2024-01
唐津,佐賀県,85033,a1610,2024-02
唐津,佐賀県,85033,a1610,2024-03
唐津,佐賀県,85033,a1610,2024-04
唐津,佐賀県,85033,a1610,2024-05
唐津,佐賀県,85033,a1610,2024-06
唐津,佐賀県,85033,a1610,2024-07
唐津,佐賀県,85033,a1610,2024-08
唐津,佐賀県,85033,a1610,2024-09
唐津,佐賀県,85033,a1610,2024-10
唐津,佐賀県,85033,a1610,2024-11
唐津,佐賀県,85033,a1610,2024-12
喜入,鹿児島県,88432,a0890,2019-01
喜入,鹿児島県,88432,a0890,2019-02
喜入,鹿児島県,88432,a0890,2019-03
喜入,鹿児島県,88432,a0890,2019-04
喜入,鹿児島県,88432,a0890,2019-05
喜入,鹿児島県,88432,a0890,2019-06
喜入,鹿児島県,88432,a0890,2019-07
喜入,鹿児島県,88432,a0890,2019-08
喜入,鹿児島県,88432,a0890,2019-09
喜入,鹿児島県,88432,a0890,2019-10
喜入,鹿児島県,88432,a0890,2019-11
喜入,鹿児島県,88432,a0890,2019-12
喜入,鹿児島県,88432,a0890,2020-01
喜入,鹿児島県,88432,a0890,2020-02
喜入,鹿児島県,88432,a0890,2020-03
喜入,鹿児島県,88432,a0890,2020-04
喜入,鹿児島県,88432,a0890,2020-05
喜入,鹿児島県,88432,a0890,2020-06
喜入,鹿児島県,88432,a0890,2020-07
喜入,鹿児島県,88432,a0890,2020-08
喜入,鹿児島県,88432,a0890,2020-09
喜入,鹿児島県,88432,a0890,2020-10
喜入,鹿児島県,88432,a0890,2020-11
喜入,鹿児島県,88432,a0890,2020-12
喜入,鹿児島県,88432,a0890,2021-01
喜入,鹿児島県,88432,a0890,2021-02
喜入,鹿児島県,88432,a0890,2021-03
喜入,鹿児島県,88432,a0890,2021-04
喜入,鹿児島県,88432,a0890,2021-05
喜入,鹿児島県,88432,a0890,2021-06
喜入,鹿児島県,88432,a0890,2021-07
喜入,鹿児島県,88432,a0890,2021-08
喜入,鹿児島県,88432,a0890,2021-09
喜入,鹿児島県,88432,a0890,2021-10
喜入,鹿児島県,88432,a0890,2021-11
喜入,鹿児島県,88432,a0890,2021-12
喜入,鹿児島県,88432,a0890,2022-01
喜入,鹿児島県,88432,a0890,2022-02
喜入,鹿児島県,88432,a0890,2022-03
喜入,鹿児島県,88432,a0890,2022-04
喜入,鹿児島県,88432,a0890,2022-05
喜入,鹿児島県,88432,a0890,2022-06
喜入,鹿児島県,88432,a0890,2022-07
喜入,鹿児島県,88432,a0890,2022-08
喜入,鹿児島県,88432,a0890,2022-09
喜入,鹿児島県,88432,a0890,2022-10
喜入,鹿児島県,88432,a0890,2022-11
喜入,鹿児島県,88432,a0890,2022-12
喜入,鹿児島県,88432,a0890,2023-01
喜入,鹿児島県,88432,a0890,2023-02
喜入,鹿児島県,88432,a0890,2023-03
喜入,鹿児島県,88432,a0890,2023-04
喜入,鹿児島県,88432,a0890,2023-05
喜入,鹿児島県,88432,a0890,2023-06
喜入,鹿児島県,88432,a0890,2023-07
喜入,鹿児島県,88432,a0890,2023-08
喜入,鹿児島県,88432,a0890,2023-09
喜入,鹿児島県,88432,a0890,2023-10
喜入,鹿児島県,88432,a0890,2023-11
喜入,鹿児島県,88432,a0890,2023-12
喜入,鹿児島県,88432,a0890,2024-01
喜入,鹿児島県,88432,a0890,2024-02
喜入,鹿児島県,88432,a0890,2024-03
喜入,鹿児島県,88432,a0890,2024-04
喜入,鹿児島県,88432,a0890,2024-05
喜入,鹿児島県,88432,a0890,2024-06
喜入,鹿児島県,88432,a0890,2024-07
喜入,鹿児島県,88432,a0890,2024-08
喜入,鹿児島県,88432,a0890,2024-09
喜入,鹿児島県,88432,a0890,2024-10
喜入,鹿児島県,88432,a0890,2024-11
喜入,鹿児島県,88432,a0890,2024-12
四日市,三重県,53061,s47684,2019-01
四日市,三重県,53061,s47684,2019-02
四日市,三重県,53061,s47684,2019-03
四日市,三重県,53061,s47684,2019-04
四日市,三重県,53061,s47684,2019-05
四日市,三重県,53061,s47684,2019-06
四日市,三重県,53061,s47684,2019-07
四日市,三重県,53061,s47684,2019-08
四日市,三重県,53061,s47684,2019-09
四日市,三重県,53061,s47684,2019-10
四日市,三重県,53061,s47684,2019-11
四日市,三重県,53061,s47684,2019-12
四日市,三重県,53061,s47684,2020-01
四日市,三重県,53061,s47684,2020-02
四日市,三重県,53061,s47684,2020-03
四日市,三重県,53061,s47684,2020-04
四日市,三重県,53061,s47684,2020-05
四日市,三重県,53061,s47684,2020-06
四日市,三重県,53061,s47684,2020-07
四日市,三重県,53061,s47684,2020-08
四日市,三重県,53061,s47684,2020-09
四日市,三重県,53061,s47684,2020-10
四日市,三重県,53061,s47684,2020-11
四日市,三重県,53061,s47684,2020-12
四日市,三重県,53061,s47684,2021-01
四日市,三重県,53061,s47684,2021-02
四日市,三重県,53061,s47684,2021-03
四日市,三重県,53061,s47684,2021-04
四日市,三重県,53061,s47684,2021-05
四日市,三重県,53061,s47684,2021-06
四日市,三重県,53061,s47684,2021-07
四日市,三重県,53061,s47684,2021-08
四日市,三重県,53061,s47684,2021-09
四日市,三重県,53061,s47684,2021-10
四日市,三重県,53061,s47684,2021-11
四日市,三重県,53061,s47684,2021-12
四日市,三重県,53061,s47684,2022-01
四日市,三重県,53061,s47684,2022-02
四日市,三重県,53061,s47684,2022-03
四日市,三重県,53061,s47684,2022-04
四日市,三重県,53061,s47684,2022-05
四日市,三重県,53061,s47684,2022-06
四日市,三重県,53061,s47684,2022-07
四日市,三重県,53061,s47684,2022-08
四日市,三重県,53061,s47684,2022-09
四日市,三重県,53061,s47684,2022-10
四日市,三重県,53061,s47684,2022-11
四日市,三重県,53061,s47684,2022-12
四日市,三重県,53061,s47684,2023-01
四日市,三重県,53061,s47684,2023-02
四日市,三重県,53061,s47684,2023-03
四日市,三重県,53061,s47684,2023-04
四日市,三重県,53061,s47684,2023-05
四日市,三重県,53061,s47684,2023-06
四日市,三重県,53061,s47684,2023-07
四日市,三重県,53061,s47684,2023-08
四日市,三重県,53061,s47684,2023-09
四日市,三重県,53061,s47684,2023-10
四日市,三重県,53061,s47684,2023-11
四日市,三重県,53061,s47684,2023-12
四日市,三重県,53061,s47684,2024-01
四日市,三重県,53061,s47684,2024-02
四日市,三重県,53061,s47684,2024-03
四日市,三重県,53061,s47684,2024-04
四日市,三重県,53061,s47684,2024-05
四日市,三重県,53061,s47684,2024-06
四日市,三重県,53061,s47684,2024-07
四日市,三重県,53061,s47684,2024-08
四日市,三重県,53061,s47684,2024-09
四日市,三重県,53061,s47684,2024-10
四日市,三重県,53061,s47684,2024-11
四日市,三重県,53061,s47684,2024-12
坂出,香川県,72111,s47890,2019-01
坂出,香川県,72111,s47890,2019-02
坂出,香川県,72111,s47890,2019-03
坂出,香川県,72111,s47890,2019-04
坂出,香川県,72111,s47890,2019-05
坂出,香川県,72111,s47890,2019-06
坂出,香川県,72111,s47890,2019-07
坂出,香川県,72111,s47890,2019-08
坂出,香川県,72111,s47890,2019-09
坂出,香川県,72111,s47890,2019-10
坂出,香川県,72111,s47890,2019-11
坂出,香川県,72111,s47890,2019-12
坂出,香川県,72111,s47890,2020-01
坂出,香川県,72111,s47890,2020-02
坂出,香川県,72111,s47890,2020-03
坂出,香川県,72111,s47890,2020-04
坂出,香川県,72111,s47890,2020-05
坂出,香川県,72111,s47890,2020-06
坂出,香川県,72111,s47890,2020-07
坂出,香川県,72111,s47890,2020-08
坂出,香川県,72111,s47890,2020-09
坂出,香川県,72111,s47890,2020-10
坂出,香川県,72111,s47890,2020-11
坂出,香川県,72111,s47890,2020-12
坂出,香川県,72111,s47890,2021-01
坂出,香川県,72111,s47890,2021-02
坂出,香川県,72111,s47890,2021-03
坂出,香川県,72111,s47890,2021-04
坂出,香川県,72111,s47890,2021-05
坂出,香川県,72111,s47890,2021-06
坂出,香川県,72111,s47890,2021-07
坂出,香川県,72111,s47890,2021-08
坂出,香川県,72111,s47890,2021-09
坂出,香川県,72111,s47890,2021-10
坂出,香川県,72111,s47890,2021-11
坂出,香川県,72111,s47890,2021-12
坂出,香川県,72111,s47890,2022-01
坂出,香川県,72111,s47890,2022-02
坂出,香川県,72111,s47890,2022-03
坂出,香川県,72111,s47890,2022-04
坂出,香川県,72111,s47890,2022-05
坂出,香川県,72111,s47890,2022-06
坂出,香川県,72111,s47890,2022-07
坂出,香川県,72111,s47890,2022-08
坂出,香川県,72111,s47890,2022-09
坂出,香川県,72111,s47890,2022-10
坂出,香川県,72111,s47890,2022-11
坂出,香川県,72111,s47890,2022-12
坂出,香川県,72111,s47890,2023-01
坂出,香川県,72111,s47890,2023-02
坂出,香川県,72111,s47890,2023-03
坂出,香川県,72111,s47890,2023-04
坂出,香川県,72111,s47890,2023-05
坂出,香川県,72111,s47890,2023-06
坂出,香川県,72111,s47890,2023-07
坂出,香川県,72111,s47890,2023-08
坂出,香川県,72111,s47890,2023-09
坂出,香川県,72111,s47890,2023-10
坂出,香川県,72111,s47890,2023-11
坂出,香川県,72111,s47890,2023-12
坂出,香川県,72111,s47890,2024-01
坂出,香川県,72111,s47890,2024-02
坂出,香川県,72111,s47890,2024-03
坂出,香川県,72111,s47890,2024-04
坂出,香川県,72111,s47890,2024-05
坂出,香川県,72111,s47890,2024-06
坂出,香川県,72111,s47890,2024-07
坂出,香川県,72111,s47890,2024-08
坂出,香川県,72111,s47890,2024-09
坂出,香川県,72111,s47890,2024-10
坂出,香川県,72111,s47890,2024-11
坂出,香川県,72111,s47890,2024-12
堺泉北,大阪府,62091,a1062,2019-01
堺泉北,大阪府,62091,a1062,2019-02
堺泉北,大阪府,62091,a1062,2019-03
堺泉北,大阪府,62091,a1062,2019-04
堺泉北,大阪府,62091,a1062,2019-05
堺泉北,大阪府,62091,a1062,2019-06
堺泉北,大阪府,62091,a1062,2019-07
堺泉北,大阪府,62091,a1062,2019-08
堺泉北,大阪府,62091,a1062,2019-09
堺泉北,大阪府,62091,a1062,2019-10
堺泉北,大阪府,62091,a1062,2019-11
堺泉北,大阪府,62091,a1062,2019-12
堺泉北,大阪府,62091,a1062,2020-01
堺泉北,大阪府,62091,a1062,2020-02
堺泉北,大阪府,62091,a1062,2020-03
堺泉北,大阪府,62091,a1062,2020-04
堺泉北,大阪府,62091,a1062,2020-05
堺泉北,大阪府,62091,a1062,2020-06
堺泉北,大阪府,62091,a1062,2020-07
堺泉北,大阪府,62091,a1062,2020-08
堺泉北,大阪府,62091,a1062,2020-09
堺泉北,大阪府,62091,a1062,2020-10
堺泉北,大阪府,62091,a1062,2020-11
堺泉北,大阪府,62091,a1062,2020-12
堺泉北,大阪府,62091,a1062,2021-01
堺泉北,大阪府,62091,a1062,2021-02
堺泉北,大阪府,62091,a1062,2021-03
堺泉北,大阪府,62091,a1062,2021-04
堺泉北,大阪府,62091,a1062,2021-05
堺泉北,大阪府,62091,a1062,2021-06
堺泉北,大阪府,62091,a1062,2021-07
堺泉北,大阪府,62091,a1062,2021-08
堺泉北,大阪府,62091,a1062,2021-09
堺泉北,大阪府,62091,a1062,2021-10
堺泉北,大阪府,62091,a1062,2021-11
堺泉北,大阪府,62091,a1062,2021-12
堺泉北,大阪府,62091,a1062,2022-01
堺泉北,大阪府,62091,a1062,2022-02
堺泉北,大阪府,62091,a1062,2022-03
堺泉北,大阪府,62091,a1062,2022-04
堺泉北,大阪府,62091,a1062,2022-05
堺泉北,大阪府,62091,a1062,2022-06
堺泉北,大阪府,62091,a1062,2022-07
堺泉北,大阪府,62091,a1062,2022-08
堺泉北,大阪府,62091,a1062,2022-09
堺泉北,大阪府,62091,a1062,2022-10
堺泉北,大阪府,62091,a1062,2022-11
堺泉北,大阪府,62091,a1062,2022-12
堺泉北,大阪府,62091,a1062,2023-01
堺泉北,大阪府,62091,a1062,2023-02
堺泉北,大阪府,62091,a1062,2023-03
堺泉北,大阪府,62091,a1062,2023-04
堺泉北,大阪府,62091,a1062,2023-05
堺泉北,大阪府,62091,a1062,2023-06
堺泉北,大阪府,62091,a1062,2023-07
堺泉北,大阪府,62091,a1062,2023-08
堺泉北,大阪府,62091,a1062,2023-09
堺泉北,大阪府,62091,a1062,2023-10
堺泉北,大阪府,62091,a1062,2023-11
堺泉北,大阪府,62091,a1062,2023-12
堺泉北,大阪府,62091,a1062,2024-01
堺泉北,大阪府,62091,a1062,2024-02
堺泉北,大阪府,62091,a1062,2024-03
堺泉北,大阪府,62091,a1062,2024-04
堺泉北,大阪府,62091,a1062,2024-05
堺泉北,大阪府,62091,a1062,2024-06
堺泉北,大阪府,62091,a1062,2024-07
堺泉北,大阪府,62091,a1062,2024-08
堺泉北,大阪府,62091,a1062,2024-09
堺泉北,大阪府,62091,a1062,2024-10
堺泉北,大阪府,62091,a1062,2024-11
堺泉北,大阪府,62091,a1062,2024-12
境,鳥取県,69006,s47742,2019-01
境,鳥取県,69006,s47742,2019-02
境,鳥取県,69006,s47742,2019-03
境,鳥取県,69006,s47742,2019-04
境,鳥取県,69006,s47742,2019-05
境,鳥取県,69006,s47742,2019-06
境,鳥取県,69006,s47742,2019-07
境,鳥取県,69006,s47742,2019-08
境,鳥取県,69006,s47742,2019-09
境,鳥取県,69006,s47742,2019-10
境,鳥取県,69006,s47742,2019-11
境,鳥取県,69006,s47742,2019-12
境,鳥取県,69006,s47742,2020-01
境,鳥取県,69006,s47742,2020-02
境,鳥取県,69006,s47742,2020-03
境,鳥取県,69006,s47742,2020-04
境,鳥取県,69006,s47742,2020-05
境,鳥取県,69006,s47742,2020-06
境,鳥取県,69006,s47742,2020-07
境,鳥取県,69006,s47742,2020-08
境,鳥取県,69006,s47742,2020-09
境,鳥取県,69006,s47742,2020-10
境,鳥取県,69006,s47742,2020-11
境,鳥取県,69006,s47742,2020-12
境,鳥取県,69006,s47742,2021-01
境,鳥取県,69006,s47742,2021-02
境,鳥取県,69006,s47742,2021-03
境,鳥取県,69006,s47742,2021-04
境,鳥取県,69006,s47742,2021-05
境,鳥取県,69006,s47742,2021-06
境,鳥取県,69006,s47742,2021-07
境,鳥取県,69006,s47742,2021-08
境,鳥取県,69006,s47742,2021-09
境,鳥取県,69006,s47742,2021-10
境,鳥取県,69006,s47742,2021-11
境,鳥取県,69006,s47742,2021-12
境,鳥取県,69006,s47742,2022-01
境,鳥取県,69006,s47742,2022-02
境,鳥取県,69006,s47742,2022-03
境,鳥取県,69006,s47742,2022-04
境,鳥取県,69006,s47742,2022-05
境,鳥取県,69006,s47742,2022-06
境,鳥取県,69006,s47742,2022-07
境,鳥取県,69006,s47742,2022-08
境,鳥取県,69006,s47742,2022-09
境,鳥取県,69006,s47742,2022-10
境,鳥取県,69006,s47742,2022-11
境,鳥取県,69006,s47742,2022-12
境,鳥取県,69006,s47742,2023-01
境,鳥取県,69006,s47742,2023-02
境,鳥取県,69006,s47742,2023-03
境,鳥取県,69006,s47742,2023-04
境,鳥取県,69006,s47742,2023-05
境,鳥取県,69006,s47742,2023-06
境,鳥取県,69006,s47742,2023-07
境,鳥取県,69006,s47742,2023-08
境,鳥取県,69006,s47742,2023-09
境,鳥取県,69006,s47742,2023-10
境,鳥取県,69006,s47742,2023-11
境,鳥取県,69006,s47742,2023-12
境,鳥取県,69006,s47742,2024-01
境,鳥取県,69006,s47742,2024-02
境,鳥取県,69006,s47742,2024-03
境,鳥取県,69006,s47742,2024-04
境,鳥取県,69006,s47742,2024-05
境,鳥取県,69006,s47742,2024-06
境,鳥取県,69006,s47742,2024-07
境,鳥取県,69006,s47742,2024-08
境,鳥取県,69006,s47742,2024-09
境,鳥取県,69006,s47742,2024-10
境,鳥取県,69006,s47742,2024-11
境,鳥取県,69006,s47742,2024-12
多度津,香川県,72111,s47890,2019-01
多度津,香川県,72111,s47890,2019-02
多度津,香川県,72111,s47890,2019-03
多度津,香川県,72111,s47890,2019-04
多度津,香川県,72111,s47890,2019-05
多度津,香川県,72111,s47890,2019-06
多度津,香川県,72111,s47890,2019-07
多度津,香川県,72111,s47890,2019-08
多度津,香川県,72111,s47890,2019-09
多度津,香川県,72111,s47890,2019-10
多度津,香川県,72111,s47890,2019-11
多度津,香川県,72111,s47890,2019-12
多度津,香川県,72111,s47890,2020-01
多度津,香川県,72111,s47890,2020-02
多度津,香川県,72111,s47890,2020-03
多度津,香川県,72111,s47890,2020-04
多度津,香川県,72111,s47890,2020-05
多度津,香川県,72111,s47890,2020-06
多度津,香川県,72111,s47890,2020-07
多度津,香川県,72111,s47890,2020-08
多度津,香川県,72111,s47890,2020-09
多度津,香川県,72111,s47890,2020-10
多度津,香川県,72111,s47890,2020-11
多度津,香川県,72111,s47890,2020-12
多度津,香川県,72111,s47890,2021-01
多度津,香川県,72111,s47890,2021-02
多度津,香川県,72111,s47890,2021-03
多度津,香川県,72111,s47890,2021-04
多度津,香川県,72111,s47890,2021-05
多度津,香川県,72111,s47890,2021-06
多度津,香川県,72111,s47890,2021-07
多度津,香川県,72111,s47890,2021-08
多度津,香川県,72111,s47890,2021-09
多度津,香川県,72111,s47890,2021-10
多度津,香川県,72111,s47890,2021-11
多度津,香川県,72111,s47890,2021-12
多度津,香川県,72111,s47890,2022-01
多度津,香川県,72111,s47890,2022-02
多度津,香川県,72111,s47890,2022-03
多度津,香川県,72111,s47890,2022-04
多度津,香川県,72111,s47890,2022-05
多度津,香川県,72111,s47890,2022-06
多度津,香川県,72111,s47890,2022-07
多度津,香川県,72111,s47890,2022-08
多度津,香川県,72111,s47890,2022-09
多度津,香川県,72111,s47890,2022-10
多度津,香川県,72111,s47890,2022-11
多度津,香川県,72111,s47890,2022-12
多度津,香川県,72111,s47890,2023-01
多度津,香川県,72111,s47890,2023-02
多度津,香川県,72111,s47890,2023-03
多度津,香川県,72111,s47890,2023-04
多度津,香川県,72111,s47890,2023-05
多度津,香川県,72111,s47890,2023-06
多度津,香川県,72111,s47890,2023-07
多度津,香川県,72111,s47890,2023-08
多度津,香川県,72111,s47890,2023-09
多度津,香川県,72111,s47890,2023-10
多度津,香川県,72111,s47890,2023-11
多度津,香川県,72111,s47890,2023-12
多度津,香川県,72111,s47890,2024-01
多度津,香川県,72111,s47890,2024-02
多度津,香川県,72111,s47890,2024-03
多度津,香川県,72111,s47890,2024-04
多度津,香川県,72111,s47890,2024-05
多度津,香川県,72111,s47890,2024-06
多度津,香川県,72111,s47890,2024-07
多度津,香川県,72111,s47890,2024-08
多度津,香川県,72111,s47890,2024-09
多度津,香川県,72111,s47890,2024-10
多度津,香川県,72111,s47890,2024-11
多度津,香川県,72111,s47890,2024-12
大井川,静岡県,50477,a1601,2019-01
大井川,静岡県,50477,a1601,2019-02
大井川,静岡県,50477,a1601,2019-03
大井川,静岡県,50477,a1601,2019-04
大井川,静岡県,50477,a1601,2019-05
大井川,静岡県,50477,a1601,2019-06
大井川,静岡県,50477,a1601,2019-07
大井川,静岡県,50477,a1601,2019-08
大井川,静岡県,50477,a1601,2019-09
大井川,静岡県,50477,a1601,2019-10
大井川,静岡県,50477,a1601,2019-11
大井川,静岡県,50477,a1601,2019-12
大井川,静岡県,50477,a1601,2020-01
大井川,静岡県,50477,a1601,2020-02
大井川,静岡県,50477,a1601,2020-03
大井川,静岡県,50477,a1601,2020-04
大井川,静岡県,50477,a1601,2020-05
大井川,静岡県,50477,a1601,2020-06
大井川,静岡県,50477,a1601,2020-07
大井川,静岡県,50477,a1601,2020-08
大井川,静岡県,50477,a1601,2020-09
大井川,静岡県,50477,a1601,2020-10
大井川,静岡県,50477,a1601,2020-12
大井川,静岡県,50477,a1601,2021-04
大井川,静岡県,50477,a1601,2021-05
大井川,静岡県,50477,a1601,2021-06
大井川,静岡県,50477,a1601,2021-07
大井川,静岡県,50477,a1601,2021-08
大井川,静岡県,50477,a1601,2021-09
大井川,静岡県,50477,a1601,2021-10
大井川,静岡県,50477,a1601,2021-11
大井川,静岡県,50477,a1601,2021-12
大井川,静岡県,50477,a1601,2022-01
大井川,静岡県,50477,a1601,2022-02
大井川,静岡県,50477,a1601,2022-03
大井川,静岡県,50477,a1601,2022-04
大井川,静岡県,50477,a1601,2022-05
大井川,静岡県,50477,a1601,2022-06
大井川,静岡県,50477,a1601,2022-07
大井川,静岡県,50477,a1601,2022-08
大井川,静岡県,50477,a1601,2022-09
大井川,静岡県,50477,a1601,2022-10
大井川,静岡県,50477,a1601,2022-11
大井川,静岡県,50477,a1601,2022-12
大井川,静岡県,50477,a1601,2023-01
大井川,静岡県,50477,a1601,2023-03
大井川,静岡県,50477,a1601,2023-04
大井川,静岡県,50477,a1601,2023-05
大井川,静岡県,50477,a1601,2023-06
大井川,静岡県,50477,a1601,2023-07
大井川,静岡県,50477,a1601,2023-08
大井川,静岡県,50477,a1601,2023-09
大井川,静岡県,50477,a1601,2023-10
大井川,静岡県,50477,a1601,2023-11
大井川,静岡県,50477,a1601,2023-12
大井川,静岡県,50477,a1601,2024-01
大井川,静岡県,50477,a1601,2024-02
大井川,静岡県,50477,a1601,2024-03
大井川,静岡県,50477,a1601,2024-04
大井川,静岡県,50477,a1601,2024-05
大井川,静岡県,50477,a1601,2024-06
大井川,静岡県,50477,a1601,2024-07
大井川,静岡県,50477,a1601,2024-08
大井川,静岡県,50477,a1601,2024-09
大井川,静岡県,50477,a1601,2024-10
大井川,静岡県,50477,a1601,2024-11
大井川,静岡県,50477,a1601,2024-12
大分,大分県,83216,s47815,2019-01
大分,大分県,83216,s47815,2019-02
大分,大分県,83216,s47815,2019-03
大分,大分県,83216,s47815,2019-04
大分,大分県,83216,s47815,2019-05
大分,大分県,83216,s47815,2019-06
大分,大分県,83216,s47815,2019-07
大分,大分県,83216,s47815,2019-08
大分,大分県,83216,s47815,2019-09
大分,大分県,83216,s47815,2019-10
大分,大分県,83216,s47815,2019-11
大分,大分県,83216,s47815,2019-12
大分,大分県,83216,s47815,2020-01
大分,大分県,83216,s47815,2020-02
大分,大分県,83216,s47815,2020-03
大分,大分県,83216,s47815,2020-04
大分,大分県,83216,s47815,2020-05
大分,大分県,83216,s47815,2020-06
大分,大分県,83216,s47815,2020-07
大分,大分県,83216,s47815,2020-08
大分,大分県,83216,s47815,2020-09
大分,大分県,83216,s47815,2020-10
大分,大分県,83216,s47815,2020-11
大分,大分県,83216,s47815,2020-12
大分,大分県,83216,s47815,2021-01
大分,大分県,83216,s47815,2021-02
大分,大分県,83216,s47815,2021-03
大分,大分県,83216,s47815,2021-04
大分,大分県,83216,s47815,2021-05
大分,大分県,83216,s47815,2021-06
大分,大分県,83216,s47815,2021-07
大分,大分県,83216,s47815,2021-08
大分,大分県,83216,s47815,2021-09
大分,大分県,83216,s47815,2021-10
大分,大分県,83216,s47815,2021-11
大分,大分県,83216,s47815,2021-12
大分,大分県,83216,s47815,2022-01
大分,大分県,83216,s47815,2022-02
大分,大分県,83216,s47815,2022-03
大分,大分県,83216,s47815,2022-04
大分,大分県,83216,s47815,2022-05
大分,大分県,83216,s47815,2022-06
大分,大分県,83216,s47815,2022-07
大分,大分県,83216,s47815,2022-08
大分,大分県,83216,s47815,2022-09
大分,大分県,83216,s47815,2022-10
大分,大分県,83216,s47815,2022-11
大分,大分県,83216,s47815,2022-12
大分,大分県,83216,s47815,2023-01
大分,大分県,83216,s47815,2023-02
大分,大分県,83216,s47815,2023-03
大分,大分県,83216,s47815,2023-04
大分,大分県,83216,s47815,2023-05
大分,大分県,83216,s47815,2023-06
大分,大分県,83216,s47815,2023-07
大分,大分県,83216,s47815,2023-08
大分,大分県,83216,s47815,2023-09
大分,大分県,83216,s47815,2023-10
大分,大分県,83216,s47815,2023-11
大分,大分県,83216,s47815,2023-12
大分,大分県,83216,s47815,2024-01
大分,大分県,83216,s47815,2024-02
大分,大分県,83216,s47815,2024-03
大分,大分県,83216,s47815,2024-04
大分,大分県,83216,s47815,2024-05
大分,大分県,83216,s47815,2024-06
大分,大分県,83216,s47815,2024-07
大分,大分県,83216,s47815,2024-08
大分,大分県,83216,s47815,2024-09
大分,大分県,83216,s47815,2024-10
大分,大分県,83216,s47815,2024-11
大分,大分県,83216,s47815,2024-12
大竹,広島県,67496,a0688,2019-01
大竹,広島県,67496,a0688,2019-02
大竹,広島県,67496,a0688,2019-03
大竹,広島県,67496,a0688,2019-04
大竹,広島県,67496,a0688,2019-05
大竹,広島県,67496,a0688,2019-06
大竹,広島県,67496,a0688,2019-07
大竹,広島県,67496,a0688,2019-08
大竹,広島県,67496,a0688,2019-09
大竹,広島県,67496,a0688,2019-10
大竹,広島県,67496,a0688,2019-11
大竹,広島県,67496,a0688,2019-12
大竹,広島県,67496,a0688,2020-01
大竹,広島県,67496,a0688,2020-02
大竹,広島県,67496,a0688,2020-03
大竹,広島県,67496,a0688,2020-04
大竹,広島県,67496,a0688,2020-05
大竹,広島県,67496,a0688,2020-06
大竹,広島県,67496,a0688,2020-07
大竹,広島県,67496,a0688,2020-08
大竹,広島県,67496,a0688,2020-09
大竹,広島県,67496,a0688,2020-10
大竹,広島県,67496,a0688,2020-11
大竹,広島県,67496,a0688,2020-12
大竹,広島県,67496,a0688,2021-01
大竹,広島県,67496,a0688,2021-02
大竹,広島県,67496,a0688,2021-03
大竹,広島県,67496,a0688,2021-04
大竹,広島県,67496,a0688,2021-05
大竹,広島県,67496,a0688,2021-06
大竹,広島県,67496,a0688,2021-07
大竹,広島県,67496,a0688,2021-08
大竹,広島県,67496,a0688,2021-09
大竹,広島県,67496,a0688,2021-10
大竹,広島県,67496,a0688,2021-11
大竹,広島県,67496,a0688,2021-12
大竹,広島県,67496,a0688,2022-01
大竹,広島県,67496,a0688,2022-02
大竹,広島県,67496,a0688,2022-03
大竹,広島県,67496,a0688,2022-04
大竹,広島県,67496,a0688,2022-05
大竹,広島県,67496,a0688,2022-06
大竹,広島県,67496,a0688,2022-07
大竹,広島県,67496,a0688,2022-08
大竹,広島県,67496,a0688,2022-09
大竹,広島県,67496,a0688,2022-10
大竹,広島県,67496,a0688,2022-11
大竹,広島県,67496,a0688,2022-12
大竹,広島県,67496,a0688,2023-01
大竹,広島県,67496,a0688,2023-02
大竹,広島県,67496,a0688,2023-03
大竹,広島県,67496,a0688,2023-04
大竹,広島県,67496,a0688,2023-05
大竹,広島県,67496,a0688,2023-06
大竹,広島県,67496,a0688,2023-07
大竹,広島県,67496,a0688,2023-08
大竹,広島県,67496,a0688,2023-09
大竹,広島県,67496,a0688,2023-10
大竹,広島県,67496,a0688,2023-11
大竹,広島県,67496,a0688,2023-12
大竹,広島県,67496,a0688,2024-01
大竹,広島県,67496,a0688,2024-02
大竹,広島県,67496,a0688,2024-03
大竹,広島県,67496,a0688,2024-04
大竹,広島県,67496,a0688,2024-05
大竹,広島県,67496,a0688,2024-06
大竹,広島県,67496,a0688,2024-07
大竹,広島県,67496,a0688,2024-08
大竹,広島県,67496,a0688,2024-09
大竹,広島県,67496,a0688,2024-10
大竹,広島県,67496,a0688,2024-11
大竹,広島県,67496,a0688,2024-12
大船渡,岩手県,33877,s47512,2019-01
大船渡,岩手県,33877,s47512,2019-02
大船渡,岩手県,33877,s47512,2019-03
大船渡,岩手県,33877,s47512,2019-04
大船渡,岩手県,33877,s47512,2019-05
大船渡,岩手県,33877,s47512,2019-06
大船渡,岩手県,33877,s47512,2019-07
大船渡,岩手県,33877,s47512,2019-08
大船渡,岩手県,33877,s47512,2019-09
大船渡,岩手県,33877,s47512,2019-10
大船渡,岩手県,33877,s47512,2019-11
大船渡,岩手県,33877,s47512,2019-12
大船渡,岩手県,33877,s47512,2020-01
大船渡,岩手県,33877,s47512,2020-02
大船渡,岩手県,33877,s47512,2020-03
大船渡,岩手県,33877,s47512,2020-04
大船渡,岩手県,33877,s47512,2020-05
大船渡,岩手県,33877,s47512,2020-06
大船渡,岩手県,33877,s47512,2020-07
大船渡,岩手県,33877,s47512,2020-08
大船渡,岩手県,33877,s47512,2020-09
大船渡,岩手県,33877,s47512,2020-10
大船渡,岩手県,33877,s47512,2020-11
大船渡,岩手県,33877,s47512,2020-12
大船渡,岩手県,33877,s47512,2021-01
大船渡,岩手県,33877,s47512,2021-02
大船渡,岩手県,33877,s47512,2021-03
大船渡,岩手県,33877,s47512,2021-04
大船渡,岩手県,33877,s47512,2021-05
大船渡,岩手県,33877,s47512,2021-06
大船渡,岩手県,33877,s47512,2021-07
大船渡,岩手県,33877,s47512,2021-08
大船渡,岩手県,33877,s47512,2021-09
大船渡,岩手県,33877,s47512,2021-10
大船渡,岩手県,33877,s47512,2021-11
大船渡,岩手県,33877,s47512,2021-12
大船渡,岩手県,33877,s47512,2022-01
大船渡,岩手県,33877,s47512,2022-02
大船渡,岩手県,33877,s47512,2022-03
大船渡,岩手県,33877,s47512,2022-04
大船渡,岩手県,33877,s47512,2022-05
大船渡,岩手県,33877,s47512,2022-06
大船渡,岩手県,33877,s47512,2022-07
大船渡,岩手県,33877,s47512,2022-09
大船渡,岩手県,33877,s47512,2022-10
大船渡,岩手県,33877,s47512,2022-11
大船渡,岩手県,33877,s47512,2022-12
大船渡,岩手県,33877,s47512,2023-01
大船渡,岩手県,33877,s47512,2023-02
大船渡,岩手県,33877,s47512,2023-03
大船渡,岩手県,33877,s47512,2023-04
大船渡,岩手県,33877,s47512,2023-05
大船渡,岩手県,33877,s47512,2023-06
大船渡,岩手県,33877,s47512,2023-07
大船渡,岩手県,33877,s47512,2023-08
大船渡,岩手県,33877,s47512,2023-09
大船渡,岩手県,33877,s47512,2023-10
大船渡,岩手県,33877,s47512,2023-11
大船渡,岩手県,33877,s47512,2023-12
大船渡,岩手県,33877,s47512,2024-01
大船渡,岩手県,33877,s47512,2024-02
大船渡,岩手県,33877,s47512,2024-03
大船渡,岩手県,33877,s47512,2024-04
大船渡,岩手県,33877,s47512,2024-05
大船渡,岩手県,33877,s47512,2024-06
大船渡,岩手県,33877,s47512,2024-07
大船渡,岩手県,33877,s47512,2024-08
大船渡,岩手県,33877,s47512,2024-09
大船渡,岩手県,33877,s47512,2024-10
大船渡,岩手県,33877,s47512,2024-11
大船渡,岩手県,33877,s47512,2024-12
大阪,大阪府,62091,a1062,2019-01
大阪,大阪府,62091,a1062,2019-02
大阪,大阪府,62091,a1062,2019-03
大阪,大阪府,62091,a1062,2019-04
大阪,大阪府,62091,a1062,2019-05
大阪,大阪府,62091,a1062,2019-06
大阪,大阪府,62091,a1062,2019-07
大阪,大阪府,62091,a1062,2019-08
大阪,大阪府,62091,a1062,2019-09
大阪,大阪府,62091,a1062,2019-10
大阪,大阪府,62091,a1062,2019-11
大阪,大阪府,62091,a1062,2019-12
大阪,大阪府,62091,a1062,2020-01
大阪,大阪府,62091,a1062,2020-02
大阪,大阪府,62091,a1062,2020-03
大阪,大阪府,62091,a1062,2020-04
大阪,大阪府,62091,a1062,2020-05
大阪,大阪府,62091,a1062,2020-06
大阪,大阪府,62091,a1062,2020-07
大阪,大阪府,62091,a1062,2020-08
大阪,大阪府,62091,a1062,2020-09
大阪,大阪府,62091,a1062,2020-10
大阪,大阪府,62091,a1062,2020-11
大阪,大阪府,62091,a1062,2020-12
大阪,大阪府,62091,a1062,2021-01
大阪,大阪府,62091,a1062,2021-02
大阪,大阪府,62091,a1062,2021-03
大阪,大阪府,62091,a1062,2021-04
大阪,大阪府,62091,a1062,2021-05
大阪,大阪府,62091,a1062,2021-06
大阪,大阪府,62091,a1062,2021-07
大阪,大阪府,62091,a1062,2021-08
大阪,大阪府,62091,a1062,2021-09
大阪,大阪府,62091,a1062,2021-10
大阪,大阪府,62091,a1062,2021-11
大阪,大阪府,62091,a1062,2021-12
大阪,大阪府,62091,a1062,2022-01
大阪,大阪府,62091,a1062,2022-02
大阪,大阪府,62091,a1062,2022-03
大阪,大阪府,62091,a1062,2022-04
大阪,大阪府,62091,a1062,2022-05
大阪,大阪府,62091,a1062,2022-06
大阪,大阪府,62091,a1062,2022-07
大阪,大阪府,62091,a1062,2022-08
大阪,大阪府,62091,a1062,2022-09
大阪,大阪府,62091,a1062,2022-10
大阪,大阪府,62091,a1062,2022-11
大阪,大阪府,62091,a1062,2022-12
大阪,大阪府,62091,a1062,2023-01
大阪,大阪府,62091,a1062,2023-02
大阪,大阪府,62091,a1062,2023-03
大阪,大阪府,62091,a1062,2023-04
大阪,大阪府,62091,a1062,2023-05
大阪,大阪府,62091,a1062,2023-06
大阪,大阪府,62091,a1062,2023-07
大阪,大阪府,62091,a1062,2023-08
大阪,大阪府,62091,a1062,2023-09
大阪,大阪府,62091,a1062,2023-10
大阪,大阪府,62091,a1062,2023-11
大阪,大阪府,62091,a1062,2023-12
大阪,大阪府,62091,a1062,2024-01
大阪,大阪府,62091,a1062,2024-02
大阪,大阪府,62091,a1062,2024-03
大阪,大阪府,62091,a1062,2024-04
大阪,大阪府,62091,a1062,2024-05
大阪,大阪府,62091,a1062,2024-06
大阪,大阪府,62091,a1062,2024-07
大阪,大阪府,62091,a1062,2024-08
大阪,大阪府,62091,a1062,2024-09
大阪,大阪府,62091,a1062,2024-10
大阪,大阪府,62091,a1062,2024-11
大阪,大阪府,62091,a1062,2024-12
姫川,新潟県,54711,a0539,2019-01
姫川,新潟県,54711,a0539,2019-03
姫川,新潟県,54711,a0539,2019-04
姫川,新潟県,54711,a0539,2019-05
姫川,新潟県,54711,a0539,2019-06
姫川,新潟県,54711,a0539,2019-07
姫川,新潟県,54711,a0539,2019-08
姫川,新潟県,54711,a0539,2019-09
姫川,新潟県,54711,a0539,2019-10
姫川,新潟県,54711,a0539,2019-11
姫川,新潟県,54711,a0539,2019-12
姫川,新潟県,54711,a0539,2020-01
姫川,新潟県,54711,a0539,2020-02
姫川,新潟県,54711,a0539,2020-03
姫川,新潟県,54711,a0539,2020-04
姫川,新潟県,54711,a0539,2020-05
姫川,新潟県,54711,a0539,2020-06
姫川,新潟県,54711,a0539,2020-07
姫川,新潟県,54711,a0539,2020-08
姫川,新潟県,54711,a0539,2020-09
姫川,新潟県,54711,a0539,2020-10
姫川,新潟県,54711,a0539,2020-11
姫川,新潟県,54711,a0539,2020-12
姫川,新潟県,54711,a0539,2021-01
姫川,新潟県,54711,a0539,2021-02
姫川,新潟県,54711,a0539,2021-03
姫川,新潟県,54711,a0539,2021-04
姫川,新潟県,54711,a0539,2021-05
姫川,新潟県,54711,a0539,2021-06
姫川,新潟県,54711,a0539,2021-07
姫川,新潟県,54711,a0539,2021-08
姫川,新潟県,54711,a0539,2021-09
姫川,新潟県,54711,a0539,2021-10
姫川,新潟県,54711,a0539,2021-11
姫川,新潟県,54711,a0539,2021-12
姫川,新潟県,54711,a0539,2022-01
姫川,新潟県,54711,a0539,2022-02
姫川,新潟県,54711,a0539,2022-03
姫川,新潟県,54711,a0539,2022-04
姫川,新潟県,54711,a0539,2022-05
姫川,新潟県,54711,a0539,2022-06
姫川,新潟県,54711,a0539,2022-07
姫川,新潟県,54711,a0539,2022-08
姫川,新潟県,54711,a0539,2022-09
姫川,新潟県,54711,a0539,2022-10
姫川,新潟県,54711,a0539,2022-11
姫川,新潟県,54711,a0539,2022-12
姫川,新潟県,54711,a0539,2023-01
姫川,新潟県,54711,a0539,2023-02
姫川,新潟県,54711,a0539,2023-03
姫川,新潟県,54711,a0539,2023-04
姫川,新潟県,54711,a0539,2023-05
姫川,新潟県,54711,a0539,2023-06
姫川,新潟県,54711,a0539,2023-07
姫川,新潟県,54711,a0539,2023-08
姫川,新潟県,54711,a0539,2023-09
姫川,新潟県,54711,a0539,2023-10
姫川,新潟県,54711,a0539,2023-11
姫川,新潟県,54711,a0539,2023-12
姫川,新潟県,54711,a0539,2024-01
姫川,新潟県,54711,a0539,2024-02
姫川,新潟県,54711,a0539,2024-03
姫川,新潟県,54711,a0539,2024-04
姫川,新潟県,54711,a0539,2024-05
姫川,新潟県,54711,a0539,2024-06
姫川,新潟県,54711,a0539,2024-07
姫川,新潟県,54711,a0539,2024-08
姫川,新潟県,54711,a0539,2024-09
姫川,新潟県,54711,a0539,2024-10
姫川,新潟県,54711,a0539,2024-11
姫川,新潟県,54711,a0539,2024-12
姫路,兵庫県,63383,s47769,2019-01
姫路,兵庫県,63383,s47769,2019-02
姫路,兵庫県,63383,s47769,2019-03
姫路,兵庫県,63383,s47769,2019-04
姫路,兵庫県,63383,s47769,2019-05
姫路,兵庫県,63383,s47769,2019-06
姫路,兵庫県,63383,s47769,2019-07
姫路,兵庫県,63383,s47769,2019-08
姫路,兵庫県,63383,s47769,2019-09
姫路,兵庫県,63383,s47769,2019-10
姫路,兵庫県,63383,s47769,2019-11
姫路,兵庫県,63383,s47769,2019-12
姫路,兵庫県,63383,s47769,2020-01
姫路,兵庫県,63383,s47769,2020-02
姫路,兵庫県,63383,s47769,2020-03
姫路,兵庫県,63383,s47769,2020-04
姫路,兵庫県,63383,s47769,2020-05
姫路,兵庫県,63383,s47769,2020-06
姫路,兵庫県,63383,s47769,2020-07
姫路,兵庫県,63383,s47769,2020-08
姫路,兵庫県,63383,s47769,2020-09
姫路,兵庫県,63383,s47769,2020-10
姫路,兵庫県,63383,s47769,2020-11
姫路,兵庫県,63383,s47769,2020-12
姫路,兵庫県,63383,s47769,2021-01
姫路,兵庫県,63383,s47769,2021-02
姫路,兵庫県,63383,s47769,2021-03
姫路,兵庫県,63383,s47769,2021-04
姫路,兵庫県,63383,s47769,2021-05
姫路,兵庫県,63383,s47769,2021-06
姫路,兵庫県,63383,s47769,2021-07
姫路,兵庫県,63383,s47769,2021-08
姫路,兵庫県,63383,s47769,2021-09
姫路,兵庫県,63383,s47769,2021-10
姫路,兵庫県,63383,s47769,2021-11
姫路,兵庫県,63383,s47769,2021-12
姫路,兵庫県,63383,s47769,2022-01
姫路,兵庫県,63383,s47769,2022-02
姫路,兵庫県,63383,s47769,2022-03
姫路,兵庫県,63383,s47769,2022-04
姫路,兵庫県,63383,s47769,2022-05
姫路,兵庫県,63383,s47769,2022-06
姫路,兵庫県,63383,s47769,2022-07
姫路,兵庫県,63383,s47769,2022-08
姫路,兵庫県,63383,s47769,2022-09
姫路,兵庫県,63383,s47769,2022-10
姫路,兵庫県,63383,s47769,2022-11
姫路,兵庫県,63383,s47769,2022-12
姫路,兵庫県,63383,s47769,2023-01
姫路,兵庫県,63383,s47769,2023-02
姫路,兵庫県,63383,s47769,2023-03
姫路,兵庫県,63383,s47769,2023-04
姫路,兵庫県,63383,s47769,2023-05
姫路,兵庫県,63383,s47769,2023-06
姫路,兵庫県,63383,s47769,2023-07
姫路,兵庫県,63383,s47769,2023-08
姫路,兵庫県,63383,s47769,2023-09
姫路,兵庫県,63383,s47769,2023-10
姫路,兵庫県,63383,s47769,2023-11
姫路,兵庫県,63383,s47769,2023-12
姫路,兵庫県,63383,s47769,2024-01
姫路,兵庫県,63383,s47769,2024-02
姫路,兵庫県,63383,s47769,2024-03
姫路,兵庫県,63383,s47769,2024-04
姫路,兵庫県,63383,s47769,2024-05
姫路,兵庫県,63383,s47769,2024-06
姫路,兵庫県,63383,s47769,2024-07
姫路,兵庫県,63383,s47769,2024-08
姫路,兵庫県,63383,s47769,2024-09
姫路,兵庫県,63383,s47769,2024-10
姫路,兵庫県,63383,s47769,2024-11
姫路,兵庫県,63383,s47769,2024-12
宇和島,愛媛県,73442,s47892,2019-01
宇和島,愛媛県,73442,s47892,2019-02
宇和島,愛媛県,73442,s47892,2019-03
宇和島,愛媛県,73442,s47892,2019-04
宇和島,愛媛県,73442,s47892,2019-05
宇和島,愛媛県,73442,s47892,2019-06
宇和島,愛媛県,73442,s47892,2019-07
宇和島,愛媛県,73442,s47892,2019-08
宇和島,愛媛県,73442,s47892,2019-09
宇和島,愛媛県,73442,s47892,2019-10
宇和島,愛媛県,73442,s47892,2019-11
宇和島,愛媛県,73442,s47892,2019-12
宇和島,愛媛県,73442,s47892,2020-01
宇和島,愛媛県,73442,s47892,2020-02
宇和島,愛媛県,73442,s47892,2020-03
宇和島,愛媛県,73442,s47892,2020-04
宇和島,愛媛県,73442,s47892,2020-05
宇和島,愛媛県,73442,s47892,2020-06
宇和島,愛媛県,73442,s47892,2020-07
宇和島,愛媛県,73442,s47892,2020-08
宇和島,愛媛県,73442,s47892,2020-09
宇和島,愛媛県,73442,s47892,2020-10
宇和島,愛媛県,73442,s47892,2020-11
宇和島,愛媛県,73442,s47892,2020-12
宇和島,愛媛県,73442,s47892,2021-01
宇和島,愛媛県,73442,s47892,2021-02
宇和島,愛媛県,73442,s47892,2021-03
宇和島,愛媛県,73442,s47892,2021-04
宇和島,愛媛県,73442,s47892,2021-05
宇和島,愛媛県,73442,s47892,2021-06
宇和島,愛媛県,73442,s47892,2021-07
宇和島,愛媛県,73442,s47892,2021-08
宇和島,愛媛県,73442,s47892,2021-09
宇和島,愛媛県,73442,s47892,2021-10
宇和島,愛媛県,73442,s47892,2021-11
宇和島,愛媛県,73442,s47892,2021-12
宇和島,愛媛県,73442,s47892,2022-01
宇和島,愛媛県,73442,s47892,2022-02
宇和島,愛媛県,73442,s47892,2022-03
宇和島,愛媛県,73442,s47892,2022-04
宇和島,愛媛県,73442,s47892,2022-05
宇和島,愛媛県,73442,s47892,2022-06
宇和島,愛媛県,73442,s47892,2022-07
宇和島,愛媛県,73442,s47892,2022-08
宇和島,愛媛県,73442,s47892,2022-09
宇和島,愛媛県,73442,s47892,2022-10
宇和島,愛媛県,73442,s47892,2022-11
宇和島,愛媛県,73442,s47892,2022-12
宇和島,愛媛県,73442,s47892,2023-01
宇和島,愛媛県,73442,s47892,2023-02
宇和島,愛媛県,73442,s47892,2023-03
宇和島,愛媛県,73442,s47892,2023-04
宇和島,愛媛県,73442,s47892,2023-05
宇和島,愛媛県,73442,s47892,2023-06
宇和島,愛媛県,73442,s47892,2023-07
宇和島,愛媛県,73442,s47892,2023-08
宇和島,愛媛県,73442,s47892,2023-09
宇和島,愛媛県,73442,s47892,2023-10
宇和島,愛媛県,73442,s47892,2023-11
宇和島,愛媛県,73442,s47892,2023-12
宇和島,愛媛県,73442,s47892,2024-01
宇和島,愛媛県,73442,s47892,2024-02
宇和島,愛媛県,73442,s47892,2024-03
宇和島,愛媛県,73442,s47892,2024-04
宇和島,愛媛県,73442,s47892,2024-05
宇和島,愛媛県,73442,s47892,2024-06
宇和島,愛媛県,73442,s47892,2024-07
宇和島,愛媛県,73442,s47892,2024-08
宇和島,愛媛県,73442,s47892,2024-09
宇和島,愛媛県,73442,s47892,2024-10
宇和島,愛媛県,73442,s47892,2024-11
宇和島,愛媛県,73442,s47892,2024-12
宇部,山口県,81436,a0778,2019-01
宇部,山口県,81436,a0778,2019-02
宇部,山口県,81436,a0778,2019-03
宇部,山口県,81436,a0778,2019-04
宇部,山口県,81436,a0778,2019-05
宇部,山口県,81436,a0778,2019-06
宇部,山口県,81436,a0778,2019-07
宇部,山口県,81436,a0778,2019-08
宇部,山口県,81436,a0778,2019-09
宇部,山口県,81436,a0778,2019-10
宇部,山口県,81436,a0778,2019-11
宇部,山口県,81436,a0778,2019-12
宇部,山口県,81436,a0778,2020-01
宇部,山口県,81436,a0778,2020-02
宇部,山口県,81436,a0778,2020-03
宇部,山口県,81436,a0778,2020-04
宇部,山口県,81436,a0778,2020-05
宇部,山口県,81436,a0778,2020-06
宇部,山口県,81436,a0778,2020-07
宇部,山口県,81436,a0778,2020-08
宇部,山口県,81436,a0778,2020-09
宇部,山口県,81436,a0778,2020-10
宇部,山口県,81436,a0778,2020-12
宇部,山口県,81436,a0778,2021-04
宇部,山口県,81436,a0778,2021-05
宇部,山口県,81436,a0778,2021-06
宇部,山口県,81436,a0778,2021-07
宇部,山口県,81436,a0778,2021-08
宇部,山口県,81436,a0778,2021-09
宇部,山口県,81436,a0778,2021-10
宇部,山口県,81436,a0778,2021-11
宇部,山口県,81436,a0778,2021-12
宇部,山口県,81436,a0778,2022-01
宇部,山口県,81436,a0778,2022-02
宇部,山口県,81436,a0778,2022-03
宇部,山口県,81436,a0778,2022-04
宇部,山口県,81436,a0778,2022-05
宇部,山口県,81436,a0778,2022-06
宇部,山口県,81436,a0778,2022-07
宇部,山口県,81436,a0778,2022-08
宇部,山口県,81436,a0778,2022-09
宇部,山口県,81436,a0778,2022-10
宇部,山口県,81436,a0778,2022-11
宇部,山口県,81436,a0778,2022-12
宇部,山口県,81436,a0778,2023-01
宇部,山口県,81436,a0778,2023-02
宇部,山口県,81436,a0778,2023-03
宇部,山口県,81436,a0778,2023-04
宇部,山口県,81436,a0778,2023-05
宇部,山口県,81436,a0778,2023-06
宇部,山口県,81436,a0778,2023-07
宇部,山口県,81436,a0778,2023-08
宇部,山口県,81436,a0778,2023-09
宇部,山口県,81436,a0778,2023-10
宇部,山口県,81436,a0778,2023-11
宇部,山口県,81436,a0778,2023-12
宇部,山口県,81436,a0778,2024-01
宇部,山口県,81436,a0778,2024-03
宇部,山口県,81436,a0778,2024-04
宇部,山口県,81436,a0778,2024-05
宇部,山口県,81436,a0778,2024-06
宇部,山口県,81436,a0778,2024-07
宇部,山口県,81436,a0778,2024-08
宇部,山口県,81436,a0778,2024-09
宇部,山口県,81436,a0778,2024-10
宇部,山口県,81436,a0778,2024-11
宇部,山口県,81436,a0778,2024-12
宇野,岡山県,66501,a0670,2019-01
宇野,岡山県,66501,a0670,2019-02
宇野,岡山県,66501,a0670,2019-03
宇野,岡山県,66501,a0670,2019-04
宇野,岡山県,66501,a0670,2019-05
宇野,岡山県,66501,a0670,2019-06
宇野,岡山県,66501,a0670,2019-07
宇野,岡山県,66501,a0670,2019-08
宇野,岡山県,66501,a0670,2019-09
宇野,岡山県,66501,a0670,2019-10
宇野,岡山県,66501,a0670,2019-11
宇野,岡山県,66501,a0670,2019-12
宇野,岡山県,66501,a0670,2020-01
宇野,岡山県,66501,a0670,2020-02
宇野,岡山県,66501,a0670,2020-03
宇野,岡山県,66501,a0670,2020-04
宇野,岡山県,66501,a0670,2020-05
宇野,岡山県,66501,a0670,2020-06
宇野,岡山県,66501,a0670,2020-07
宇野,岡山県,66501,a0670,2020-08
宇野,岡山県,66501,a0670,2020-09
宇野,岡山県,66501,a0670,2020-10
宇野,岡山県,66501,a0670,2020-11
宇野,岡山県,66501,a0670,2020-12
宇野,岡山県,66501,a0670,2021-01
宇野,岡山県,66501,a0670,2021-02
宇野,岡山県,66501,a0670,2021-03
宇野,岡山県,66501,a0670,2021-04
宇野,岡山県,66501,a0670,2021-05
宇野,岡山県,66501,a0670,2021-06
宇野,岡山県,66501,a0670,2021-07
宇野,岡山県,66501,a0670,2021-08
宇野,岡山県,66501,a0670,2021-09
宇野,岡山県,66501,a0670,2021-10
宇野,岡山県,66501,a0670,2021-11
宇野,岡山県,66501,a0670,2021-12
宇野,岡山県,66501,a0670,2022-01
宇野,岡山県,66501,a0670,2022-02
宇野,岡山県,66501,a0670,2022-03
宇野,岡山県,66501,a0670,2022-04
宇野,岡山県,66501,a0670,2022-05
宇野,岡山県,66501,a0670,2022-06
宇野,岡山県,66501,a0670,2022-07
宇野,岡山県,66501,a0670,2022-08
宇野,岡山県,66501,a0670,2022-09
宇野,岡山県,66501,a0670,2022-10
宇野,岡山県,66501,a0670,2022-11
宇野,岡山県,66501,a0670,2022-12
宇野,岡山県,66501,a0670,2023-01
宇野,岡山県,66501,a0670,2023-02
宇野,岡山県,66501,a0670,2023-03
宇野,岡山県,66501,a0670,2023-04
宇野,岡山県,66501,a0670,2023-05
宇野,岡山県,66501,a0670,2023-06
宇野,岡山県,66501,a0670,2023-07
宇野,岡山県,66501,a0670,2023-08
宇野,岡山県,66501,a0670,2023-09
宇野,岡山県,66501,a0670,2023-10
宇野,岡山県,66501,a0670,2023-11
宇野,岡山県,66501,a0670,2023-12
宇野,岡山県,66501,a0670,2024-01
宇野,岡山県,66501,a0670,2024-02
宇野,岡山県,66501,a0670,2024-03
宇野,岡山県,66501,a0670,2024-04
宇野,岡山県,66501,a0670,2024-05
宇野,岡山県,66501,a0670,2024-06
宇野,岡山県,66501,a0670,2024-07
宇野,岡山県,66501,a0670,2024-08
宇野,岡山県,66501,a0670,2024-09
宇野,岡山県,66501,a0670,2024-10
宇野,岡山県,66501,a0670,2024-11
宇野,岡山県,66501,a0670,2024-12
室蘭,北海道,21323,s47423,2019-01
室蘭,北海道,21323,s47423,2019-02
室蘭,北海道,21323,s47423,2019-03
室蘭,北海道,21323,s47423,2019-04
室蘭,北海道,21323,s47423,2019-05
室蘭,北海道,21323,s47423,2019-06
室蘭,北海道,21323,s47423,2019-07
室蘭,北海道,21323,s47423,2019-08
室蘭,北海道,21323,s47423,2019-09
室蘭,北海道,21323,s47423,2019-10
室蘭,北海道,21323,s47423,2019-11
室蘭,北海道,21323,s47423,2019-12
室蘭,北海道,21323,s47423,2020-01
室蘭,北海道,21323,s47423,2020-02
室蘭,北海道,21323,s47423,2020-03
室蘭,北海道,21323,s47423,2020-04
室蘭,北海道,21323,s47423,2020-05
室蘭,北海道,21323,s47423,2020-06
室蘭,北海道,21323,s47423,2020-07
室蘭,北海道,21323,s47423,2020-08
室蘭,北海道,21323,s47423,2020-09
室蘭,北海道,21323,s47423,2020-10
室蘭,北海道,21323,s47423,2020-11
室蘭,北海道,21323,s47423,2020-12
室蘭,北海道,21323,s47423,2021-01
室蘭,北海道,21323,s47423,2021-02
室蘭,北海道,21323,s47423,2021-03
室蘭,北海道,21323,s47423,2021-04
室蘭,北海道,21323,s47423,2021-05
室蘭,北海道,21323,s47423,2021-06
室蘭,北海道,21323,s47423,2021-07
室蘭,北海道,21323,s47423,2021-08
室蘭,北海道,21323,s47423,2021-09
室蘭,北海道,21323,s47423,2021-10
室蘭,北海道,21323,s47423,2021-11
室蘭,北海道,21323,s47423,2021-12
室蘭,北海道,21323,s47423,2022-01
室蘭,北海道,21323,s47423,2022-02
室蘭,北海道,21323,s47423,2022-03
室蘭,北海道,21323,s47423,2022-04
室蘭,北海道,21323,s47423,2022-05
室蘭,北海道,21323,s47423,2022-06
室蘭,北海道,21323,s47423,2022-07
室蘭,北海道,21323,s47423,2022-08
室蘭,北海道,21323,s47423,2022-09
室蘭,北海道,21323,s47423,2022-10
室蘭,北海道,21323,s47423,2022-11
室蘭,北海道,21323,s47423,2022-12
室蘭,北海道,21323,s47423,2023-01
室蘭,北海道,21323,s47423,2023-02
室蘭,北海道,21323,s47423,2023-03
室蘭,北海道,21323,s47423,2023-04
室蘭,北海道,21323,s47423,2023-05
室蘭,北海道,21323,s47423,2023-06
室蘭,北海道,21323,s47423,2023-07
室蘭,北海道,21323,s47423,2023-08
室蘭,北海道,21323,s47423,2023-09
室蘭,北海道,21323,s47423,2023-10
室蘭,北海道,21323,s47423,2023-11
室蘭,北海道,21323,s47423,2023-12
室蘭,北海道,21323,s47423,2024-01
室蘭,北海道,21323,s47423,2024-02
室蘭,北海道,21323,s47423,2024-03
室蘭,北海道,21323,s47423,2024-04
室蘭,北海道,21323,s47423,2024-05
室蘭,北海道,21323,s47423,2024-06
室蘭,北海道,21323,s47423,2024-07
室蘭,北海道,21323,s47423,2024-08
室蘭,北海道,21323,s47423,2024-09
室蘭,北海道,21323,s47423,2024-10
室蘭,北海道,21323,s47423,2024-11
室蘭,北海道,21323,s47423,2024-12
宮古,岩手県,33472,s47585,2019-01
宮古,岩手県,33472,s47585,2019-02
宮古,岩手県,33472,s47585,2019-03
宮古,岩手県,33472,s47585,2019-04
宮古,岩手県,33472,s47585,2019-05
宮古,岩手県,33472,s47585,2019-06
宮古,岩手県,33472,s47585,2019-07
宮古,岩手県,33472,s47585,2019-08
宮古,岩手県,33472,s47585,2019-09
宮古,岩手県,33472,s47585,2019-10
宮古,岩手県,33472,s47585,2019-11
宮古,岩手県,33472,s47585,2019-12
宮古,岩手県,33472,s47585,2020-01
宮古,岩手県,33472,s47585,2020-02
宮古,岩手県,33472,s47585,2020-03
宮古,岩手県,33472,s47585,2020-04
宮古,岩手県,33472,s47585,2020-05
宮古,岩手県,33472,s47585,2020-06
宮古,岩手県,33472,s47585,2020-07
宮古,岩手県,33472,s47585,2020-08
宮古,岩手県,33472,s47585,2020-09
宮古,岩手県,33472,s47585,2020-10
宮古,岩手県,33472,s47585,2020-11
宮古,岩手県,33472,s47585,2020-12
宮古,岩手県,33472,s47585,2021-01
宮古,岩手県,33472,s47585,2021-02
宮古,岩手県,33472,s47585,2021-03
宮古,岩手県,33472,s47585,2021-04
宮古,岩手県,33472,s47585,2021-05
宮古,岩手県,33472,s47585,2021-06
宮古,岩手県,33472,s47585,2021-07
宮古,岩手県,33472,s47585,2021-08
宮古,岩手県,33472,s47585,2021-09
宮古,岩手県,33472,s47585,2021-10
宮古,岩手県,33472,s47585,2021-11
宮古,岩手県,33472,s47585,2021-12
宮古,岩手県,33472,s47585,2022-01
宮古,岩手県,33472,s47585,2022-02
宮古,岩手県,33472,s47585,2022-03
宮古,岩手県,33472,s47585,2022-04
宮古,岩手県,33472,s47585,2022-05
宮古,岩手県,33472,s47585,2022-06
宮古,岩手県,33472,s47585,2022-07
宮古,岩手県,33472,s47585,2022-08
宮古,岩手県,33472,s47585,2022-09
宮古,岩手県,33472,s47585,2022-10
宮古,岩手県,33472,s47585,2022-11
宮古,岩手県,33472,s47585,2022-12
宮古,岩手県,33472,s47585,2023-01
宮古,岩手県,33472,s47585,2023-02
宮古,岩手県,33472,s47585,2023-03
宮古,岩手県,33472,s47585,2023-04
宮古,岩手県,33472,s47585,2023-05
宮古,岩手県,33472,s47585,2023-06
宮古,岩手県,33472,s47585,2023-07
宮古,岩手県,33472,s47585,2023-08
宮古,岩手県,33472,s47585,2023-09
宮古,岩手県,33472,s47585,2023-10
宮古,岩手県,33472,s47585,2023-11
宮古,岩手県,33472,s47585,2023-12
宮古,岩手県,33472,s47585,2024-01
宮古,岩手県,33472,s47585,2024-02
宮古,岩手県,33472,s47585,2024-03
宮古,岩手県,33472,s47585,2024-04
宮古,岩手県,33472,s47585,2024-05
宮古,岩手県,33472,s47585,2024-06
宮古,岩手県,33472,s47585,2024-07
宮古,岩手県,33472,s47585,2024-08
宮古,岩手県,33472,s47585,2024-09
宮古,岩手県,33472,s47585,2024-10
宮古,岩手県,33472,s47585,2024-11
宮古,岩手県,33472,s47585,2024-12
宮崎,宮崎県,87412,a1481,2019-01
宮崎,宮崎県,87412,a1481,2019-02
宮崎,宮崎県,87412,a1481,2019-03
宮崎,宮崎県,87412,a1481,2019-04
宮崎,宮崎県,87412,a1481,2019-05
宮崎,宮崎県,87412,a1481,2019-06
宮崎,宮崎県,87412,a1481,2019-07
宮崎,宮崎県,87412,a1481,2019-08
宮崎,宮崎県,87412,a1481,2019-09
宮崎,宮崎県,87412,a1481,2019-10
宮崎,宮崎県,87412,a1481,2019-11
宮崎,宮崎県,87412,a1481,2020-01
宮崎,宮崎県,87412,a1481,2020-02
宮崎,宮崎県,87412,a1481,2020-03
宮崎,宮崎県,87412,a1481,2020-04
宮崎,宮崎県,87412,a1481,2020-05
宮崎,宮崎県,87412,a1481,2020-06
宮崎,宮崎県,87412,a1481,2020-07
宮崎,宮崎県,87412,a1481,2020-08
宮崎,宮崎県,87412,a1481,2020-09
宮崎,宮崎県,87412,a1481,2020-10
宮崎,宮崎県,87412,a1481,2020-12
宮崎,宮崎県,87412,a1481,2021-02
宮崎,宮崎県,87412,a1481,2021-03
宮崎,宮崎県,87412,a1481,2021-04
宮崎,宮崎県,87412,a1481,2021-05
宮崎,宮崎県,87412,a1481,2021-07
宮崎,宮崎県,87412,a1481,2021-08
宮崎,宮崎県,87412,a1481,2021-09
宮崎,宮崎県,87412,a1481,2021-10
宮崎,宮崎県,87412,a1481,2021-11
宮崎,宮崎県,87412,a1481,2021-12
宮崎,宮崎県,87412,a1481,2022-01
宮崎,宮崎県,87412,a1481,2022-02
宮崎,宮崎県,87412,a1481,2022-03
宮崎,宮崎県,87412,a1481,2022-04
宮崎,宮崎県,87412,a1481,2022-05
宮崎,宮崎県,87412,a1481,2022-06
宮崎,宮崎県,87412,a1481,2022-07
宮崎,宮崎県,87412,a1481,2022-08
宮崎,宮崎県,87412,a1481,2022-09
宮崎,宮崎県,87412,a1481,2022-10
宮崎,宮崎県,87412,a1481,2022-11
宮崎,宮崎県,87412,a1481,2022-12
宮崎,宮崎県,87412,a1481,2023-01
宮崎,宮崎県,87412,a1481,2023-02
宮崎,宮崎県,87412,a1481,2023-03
宮崎,宮崎県,87412,a1481,2023-04
宮崎,宮崎県,87412,a1481,2023-05
宮崎,宮崎県,87412,a1481,2023-06
宮崎,宮崎県,87412,a1481,2023-07
宮崎,宮崎県,87412,a1481,2023-08
宮崎,宮崎県,87412,a1481,2023-09
宮崎,宮崎県,87412,a1481,2023-10
宮崎,宮崎県,87412,a1481,2023-11
宮崎,宮崎県,87412,a1481,2023-12
宮崎,宮崎県,87412,a1481,2024-01
宮崎,宮崎県,87412,a1481,2024-02
宮崎,宮崎県,87412,a1481,2024-03
宮崎,宮崎県,87412,a1481,2024-04
宮崎,宮崎県,87412,a1481,2024-05
宮崎,宮崎県,87412,a1481,2024-06
宮崎,宮崎県,87412,a1481,2024-07
宮崎,宮崎県,87412,a1481,2024-08
宮崎,宮崎県,87412,a1481,2024-09
宮崎,宮崎県,87412,a1481,2024-10
宮崎,宮崎県,87412,a1481,2024-11
宮崎,宮崎県,87412,a1481,2024-12
宮津,京都府,61076,a0589,2019-01
宮津,京都府,61076,a0589,2019-02
宮津,京都府,61076,a0589,2019-03
宮津,京都府,61076,a0589,2019-04
宮津,京都府,61076,a0589,2019-05
宮津,京都府,61076,a0589,2019-06
宮津,京都府,61076,a0589,2019-07
宮津,京都府,61076,a0589,2019-08
宮津,京都府,61076,a0589,2019-09
宮津,京都府,61076,a0589,2019-10
宮津,京都府,61076,a0589,2019-11
宮津,京都府,61076,a0589,2019-12
宮津,京都府,61076,a0589,2020-01
宮津,京都府,61076,a0589,2020-02
宮津,京都府,61076,a0589,2020-03
宮津,京都府,61076,a0589,2020-04
宮津,京都府,61076,a0589,2020-05
宮津,京都府,61076,a0589,2020-06
宮津,京都府,61076,a0589,2020-07
宮津,京都府,61076,a0589,2020-08
宮津,京都府,61076,a0589,2020-09
宮津,京都府,61076,a0589,2020-10
宮津,京都府,61076,a0589,2020-11
宮津,京都府,61076,a0589,2020-12
宮津,京都府,61076,a0589,2021-01
宮津,京都府,61076,a0589,2021-02
宮津,京都府,61076,a0589,2021-03
宮津,京都府,61076,a0589,2021-04
宮津,京都府,61076,a0589,2021-05
宮津,京都府,61076,a0589,2021-06
宮津,京都府,61076,a0589,2021-07
宮津,京都府,61076,a0589,2021-08
宮津,京都府,61076,a0589,2021-09
宮津,京都府,61076,a0589,2021-10
宮津,京都府,61076,a0589,2021-11
宮津,京都府,61076,a0589,2021-12
宮津,京都府,61076,a0589,2022-01
宮津,京都府,61076,a0589,2022-03
宮津,京都府,61076,a0589,2022-04
宮津,京都府,61076,a0589,2022-05
宮津,京都府,61076,a0589,2022-06
宮津,京都府,61076,a0589,2022-07
宮津,京都府,61076,a0589,2022-08
宮津,京都府,61076,a0589,2022-09
宮津,京都府,61076,a0589,2022-10
宮津,京都府,61076,a0589,2022-11
宮津,京都府,61076,a0589,2022-12
宮津,京都府,61076,a0589,2023-01
宮津,京都府,61076,a0589,2023-03
宮津,京都府,61076,a0589,2023-04
宮津,京都府,61076,a0589,2023-05
宮津,京都府,61076,a0589,2023-06
宮津,京都府,61076,a0589,2023-07
宮津,京都府,61076,a0589,2023-08
宮津,京都府,61076,a0589,2023-09
宮津,京都府,61076,a0589,2023-10
宮津,京都府,61076,a0589,2023-11
宮津,京都府,61076,a0589,2023-12
宮津,京都府,61076,a0589,2024-01
宮津,京都府,61076,a0589,2024-02
宮津,京都府,61076,a0589,2024-03
宮津,京都府,61076,a0589,2024-04
宮津,京都府,61076,a0589,2024-05
宮津,京都府,61076,a0589,2024-06
宮津,京都府,61076,a0589,2024-07
宮津,京都府,61076,a0589,2024-08
宮津,京都府,61076,a0589,2024-09
宮津,京都府,61076,a0589,2024-10
宮津,京都府,61076,a0589,2024-11
宮津,京都府,61076,a0589,2024-12
宿毛湾,高知県,74447,s47897,2019-01
宿毛湾,高知県,74447,s47897,2019-02
宿毛湾,高知県,74447,s47897,2019-03
宿毛湾,高知県,74447,s47897,2019-04
宿毛湾,高知県,74447,s47897,2019-05
宿毛湾,高知県,74447,s47897,2019-06
宿毛湾,高知県,74447,s47897,2019-07
宿毛湾,高知県,74447,s47897,2019-08
宿毛湾,高知県,74447,s47897,2019-09
宿毛湾,高知県,74447,s47897,2019-10
宿毛湾,高知県,74447,s47897,2019-11
宿毛湾,高知県,74447,s47897,2019-12
宿毛湾,高知県,74447,s47897,2020-01
宿毛湾,高知県,74447,s47897,2020-02
宿毛湾,高知県,74447,s47897,2020-03
宿毛湾,高知県,74447,s47897,2020-04
宿毛湾,高知県,74447,s47897,2020-05
宿毛湾,高知県,74447,s47897,2020-06
宿毛湾,高知県,74447,s47897,2020-07
宿毛湾,高知県,74447,s47897,2020-08
宿毛湾,高知県,74447,s47897,2020-09
宿毛湾,高知県,74447,s47897,2020-10
宿毛湾,高知県,74447,s47897,2020-11
宿毛湾,高知県,74447,s47897,2020-12
宿毛湾,高知県,74447,s47897,2021-01
宿毛湾,高知県,74447,s47897,2021-02
宿毛湾,高知県,74447,s47897,2021-03
宿毛湾,高知県,74447,s47897,2021-04
宿毛湾,高知県,74447,s47897,2021-05
宿毛湾,高知県,74447,s47897,2021-06
宿毛湾,高知県,74447,s47897,2021-07
宿毛湾,高知県,74447,s47897,2021-08
宿毛湾,高知県,74447,s47897,2021-09
宿毛湾,高知県,74447,s47897,2021-10
宿毛湾,高知県,74447,s47897,2021-11
宿毛湾,高知県,74447,s47897,2021-12
宿毛湾,高知県,74447,s47897,2022-01
宿毛湾,高知県,74447,s47897,2022-02
宿毛湾,高知県,74447,s47897,2022-03
宿毛湾,高知県,74447,s47897,2022-04
宿毛湾,高知県,74447,s47897,2022-05
宿毛湾,高知県,74447,s47897,2022-06
宿毛湾,高知県,74447,s47897,2022-07
宿毛湾,高知県,74447,s47897,2022-08
宿毛湾,高知県,74447,s47897,2022-09
宿毛湾,高知県,74447,s47897,2022-10
宿毛湾,高知県,74447,s47897,2022-11
宿毛湾,高知県,74447,s47897,2022-12
宿毛湾,高知県,74447,s47897,2023-01
宿毛湾,高知県,74447,s47897,2023-02
宿毛湾,高知県,74447,s47897,2023-03
宿毛湾,高知県,74447,s47897,2023-04
宿毛湾,高知県,74447,s47897,2023-05
宿毛湾,高知県,74447,s47897,2023-06
宿毛湾,高知県,74447,s47897,2023-07
宿毛湾,高知県,74447,s47897,2023-08
宿毛湾,高知県,74447,s47897,2023-09
宿毛湾,高知県,74447,s47897,2023-10
宿毛湾,高知県,74447,s47897,2023-11
宿毛湾,高知県,74447,s47897,2023-12
宿毛湾,高知県,74447,s47897,2024-01
宿毛湾,高知県,74447,s47897,2024-02
宿毛湾,高知県,74447,s47897,2024-03
宿毛湾,高知県,74447,s47897,2024-04
宿毛湾,高知県,74447,s47897,2024-05
宿毛湾,高知県,74447,s47897,2024-06
宿毛湾,高知県,74447,s47897,2024-07
宿毛湾,高知県,74447,s47897,2024-08
宿毛湾,高知県,74447,s47897,2024-09
宿毛湾,高知県,74447,s47897,2024-10
宿毛湾,高知県,74447,s47897,2024-11
宿毛湾,高知県,74447,s47897,2024-12
小名浜,福島県,36846,s47598,2019-01
小名浜,福島県,36846,s47598,2019-02
小名浜,福島県,36846,s47598,2019-03
小名浜,福島県,36846,s47598,2019-04
小名浜,福島県,36846,s47598,2019-05
小名浜,福島県,36846,s47598,2019-06
小名浜,福島県,36846,s47598,2019-07
小名浜,福島県,36846,s47598,2019-08
小名浜,福島県,36846,s47598,2019-09
小名浜,福島県,36846,s47598,2019-10
小名浜,福島県,36846,s47598,2019-11
小名浜,福島県,36846,s47598,2019-12
小名浜,福島県,36846,s47598,2020-01
小名浜,福島県,36846,s47598,2020-02
小名浜,福島県,36846,s47598,2020-03
小名浜,福島県,36846,s47598,2020-04
小名浜,福島県,36846,s47598,2020-05
小名浜,福島県,36846,s47598,2020-06
小名浜,福島県,36846,s47598,2020-07
小名浜,福島県,36846,s47598,2020-08
小名浜,福島県,36846,s47598,2020-09
小名浜,福島県,36846,s47598,2020-10
小名浜,福島県,36846,s47598,2020-11
小名浜,福島県,36846,s47598,2020-12
小名浜,福島県,36846,s47598,2021-01
小名浜,福島県,36846,s47598,2021-02
小名浜,福島県,36846,s47598,2021-03
小名浜,福島県,36846,s47598,2021-04
小名浜,福島県,36846,s47598,2021-05
小名浜,福島県,36846,s47598,2021-06
小名浜,福島県,36846,s47598,2021-07
小名浜,福島県,36846,s47598,2021-08
小名浜,福島県,36846,s47598,2021-09
小名浜,福島県,36846,s47598,2021-10
小名浜,福島県,36846,s47598,2021-11
小名浜,福島県,36846,s47598,2021-12
小名浜,福島県,36846,s47598,2022-01
小名浜,福島県,36846,s47598,2022-02
小名浜,福島県,36846,s47598,2022-03
小名浜,福島県,36846,s47598,2022-04
小名浜,福島県,36846,s47598,2022-05
小名浜,福島県,36846,s47598,2022-06
小名浜,福島県,36846,s47598,2022-07
小名浜,福島県,36846,s47598,2022-08
小名浜,福島県,36846,s47598,2022-09
小名浜,福島県,36846,s47598,2022-10
小名浜,福島県,36846,s47598,2022-11
小名浜,福島県,36846,s47598,2022-12
小名浜,福島県,36846,s47598,2023-01
小名浜,福島県,36846,s47598,2023-02
小名浜,福島県,36846,s47598,2023-03
小名浜,福島県,36846,s47598,2023-04
小名浜,福島県,36846,s47598,2023-05
小名浜,福島県,36846,s47598,2023-06
小名浜,福島県,36846,s47598,2023-07
小名浜,福島県,36846,s47598,2023-08
小名浜,福島県,36846,s47598,2023-09
小名浜,福島県,36846,s47598,2023-10
小名浜,福島県,36846,s47598,2023-11
小名浜,福島県,36846,s47598,2023-12
小名浜,福島県,36846,s47598,2024-01
小名浜,福島県,36846,s47598,2024-02
小名浜,福島県,36846,s47598,2024-03
小名浜,福島県,36846,s47598,2024-04
小名浜,福島県,36846,s47598,2024-05
小名浜,福島県,36846,s47598,2024-06
小名浜,福島県,36846,s47598,2024-07
小名浜,福島県,36846,s47598,2024-08
小名浜,福島県,36846,s47598,2024-09
小名浜,福島県,36846,s47598,2024-10
小名浜,福島県,36846,s47598,2024-11
小名浜,福島県,36846,s47598,2024-12
小樽,北海道,16091,s47411,2019-01
小樽,北海道,16091,s47411,2019-02
小樽,北海道,16091,s47411,2019-03
小樽,北海道,16091,s47411,2019-04
小樽,北海道,16091,s47411,2019-05
小樽,北海道,16091,s47411,2019-06
小樽,北海道,16091,s47411,2019-07
小樽,北海道,16091,s47411,2019-08
小樽,北海道,16091,s47411,2019-09
小樽,北海道,16091,s47411,2019-10
小樽,北海道,16091,s47411,2019-11
小樽,北海道,16091,s47411,2019-12
小樽,北海道,16091,s47411,2020-01
小樽,北海道,16091,s47411,2020-02
小樽,北海道,16091,s47411,2020-03
小樽,北海道,16091,s47411,2020-04
小樽,北海道,16091,s47411,2020-05
小樽,北海道,16091,s47411,2020-06
小樽,北海道,16091,s47411,2020-07
小樽,北海道,16091,s47411,2020-08
小樽,北海道,16091,s47411,2020-09
小樽,北海道,16091,s47411,2020-10
小樽,北海道,16091,s47411,2020-11
小樽,北海道,16091,s47411,2020-12
小樽,北海道,16091,s47411,2021-01
小樽,北海道,16091,s47411,2021-02
小樽,北海道,16091,s47411,2021-03
小樽,北海道,16091,s47411,2021-04
小樽,北海道,16091,s47411,2021-05
小樽,北海道,16091,s47411,2021-06
小樽,北海道,16091,s47411,2021-07
小樽,北海道,16091,s47411,2021-08
小樽,北海道,16091,s47411,2021-09
小樽,北海道,16091,s47411,2021-10
小樽,北海道,16091,s47411,2021-11
小樽,北海道,16091,s47411,2021-12
小樽,北海道,16091,s47411,2022-01
小樽,北海道,16091,s47411,2022-02
小樽,北海道,16091,s47411,2022-03
小樽,北海道,16091,s47411,2022-04
小樽,北海道,16091,s47411,2022-05
小樽,北海道,16091,s47411,2022-06
小樽,北海道,16091,s47411,2022-07
小樽,北海道,16091,s47411,2022-08
小樽,北海道,16091,s47411,2022-09
小樽,北海道,16091,s47411,2022-10
小樽,北海道,16091,s47411,2022-11
小樽,北海道,16091,s47411,2022-12
小樽,北海道,16091,s47411,2023-01
小樽,北海道,16091,s47411,2023-02
小樽,北海道,16091,s47411,2023-03
小樽,北海道,16091,s47411,2023-04
小樽,北海道,16091,s47411,2023-05
小樽,北海道,16091,s47411,2023-06
小樽,北海道,16091,s47411,2023-07
小樽,北海道,16091,s47411,2023-08
小樽,北海道,16091,s47411,2023-09
小樽,北海道,16091,s47411,2023-10
小樽,北海道,16091,s47411,2023-11
小樽,北海道,16091,s47411,2023-12
小樽,北海道,16091,s47411,2024-01
小樽,北海道,16091,s47411,2024-02
小樽,北海道,16091,s47411,2024-03
小樽,北海道,16091,s47411,2024-04
小樽,北海道,16091,s47411,2024-05
小樽,北海道,16091,s47411,2024-06
小樽,北海道,16091,s47411,2024-07
小樽,北海道,16091,s47411,2024-08
小樽,北海道,16091,s47411,2024-09
小樽,北海道,16091,s47411,2024-10
小樽,北海道,16091,s47411,2024-11
小樽,北海道,16091,s47411,2024-12
小野田,山口県,81436,a0778,2019-01
小野田,山口県,81436,a0778,2019-02
小野田,山口県,81436,a0778,2019-03
小野田,山口県,81436,a0778,2019-04
小野田,山口県,81436,a0778,2019-05
小野田,山口県,81436,a0778,2019-06
小野田,山口県,81436,a0778,2019-07
小野田,山口県,81436,a0778,2019-08
小野田,山口県,81436,a0778,2019-09
小野田,山口県,81436,a0778,2019-10
小野田,山口県,81436,a0778,2019-11
小野田,山口県,81436,a0778,2019-12
小野田,山口県,81436,a0778,2020-01
小野田,山口県,81436,a0778,2020-02
小野田,山口県,81436,a0778,2020-03
小野田,山口県,81436,a0778,2020-04
小野田,山口県,81436,a0778,2020-05
小野田,山口県,81436,a0778,2020-06
小野田,山口県,81436,a0778,2020-07
小野田,山口県,81436,a0778,2020-08
小野田,山口県,81436,a0778,2020-09
小野田,山口県,81436,a0778,2020-10
小野田,山口県,81436,a0778,2020-12
小野田,山口県,81436,a0778,2021-04
小野田,山口県,81436,a0778,2021-05
小野田,山口県,81436,a0778,2021-06
小野田,山口県,81436,a0778,2021-07
小野田,山口県,81436,a0778,2021-08
小野田,山口県,81436,a0778,2021-09
小野田,山口県,81436,a0778,2021-10
小野田,山口県,81436,a0778,2021-11
小野田,山口県,81436,a0778,2021-12
小野田,山口県,81436,a0778,2022-01
小野田,山口県,81436,a0778,2022-02
小野田,山口県,81436,a0778,2022-03
小野田,山口県,81436,a0778,2022-04
小野田,山口県,81436,a0778,2022-05
小野田,山口県,81436,a0778,2022-06
小野田,山口県,81436,a0778,2022-07
小野田,山口県,81436,a0778,2022-08
小野田,山口県,81436,a0778,2022-09
小野田,山口県,81436,a0778,2022-10
小野田,山口県,81436,a0778,2022-11
小野田,山口県,81436,a0778,2022-12
小野田,山口県,81436,a0778,2023-01
小野田,山口県,81436,a0778,2023-02
小野田,山口県,81436,a0778,2023-03
小野田,山口県,81436,a0778,2023-04
小野田,山口県,81436,a0778,2023-05
小野田,山口県,81436,a0778,2023-06
小野田,山口県,81436,a0778,2023-07
小野田,山口県,81436,a0778,2023-08
小野田,山口県,81436,a0778,2023-09
小野田,山口県,81436,a0778,2023-10
小野田,山口県,81436,a0778,2023-11
小野田,山口県,81436,a0778,2023-12
小野田,山口県,81436,a0778,2024-01
小野田,山口県,81436,a0778,2024-03
小野田,山口県,81436,a0778,2024-04
小野田,山口県,81436,a0778,2024-05
小野田,山口県,81436,a0778,2024-06
小野田,山口県,81436,a0778,2024-07
小野田,山口県,81436,a0778,2024-08
小野田,山口県,81436,a0778,2024-09
小野田,山口県,81436,a0778,2024-10
小野田,山口県,81436,a0778,2024-11
小野田,山口県,81436,a0778,2024-12
尻屋岬,青森県,31121,a1122,2019-02
尻屋岬,青森県,31121,a1122,2019-03
尻屋岬,青森県,31121,a1122,2019-04
尻屋岬,青森県,31121,a1122,2019-05
尻屋岬,青森県,31121,a1122,2019-06
尻屋岬,青森県,31121,a1122,2019-07
尻屋岬,青森県,31121,a1122,2019-08
尻屋岬,青森県,31121,a1122,2019-09
尻屋岬,青森県,31121,a1122,2019-10
尻屋岬,青森県,31121,a1122,2019-11
尻屋岬,青森県,31121,a1122,2019-12
尻屋岬,青森県,31121,a1122,2020-01
尻屋岬,青森県,31121,a1122,2020-03
尻屋岬,青森県,31121,a1122,2020-04
尻屋岬,青森県,31121,a1122,2020-05
尻屋岬,青森県,31121,a1122,2020-06
尻屋岬,青森県,31121,a1122,2020-07
尻屋岬,青森県,31121,a1122,2020-08
尻屋岬,青森県,31121,a1122,2020-09
尻屋岬,青森県,31121,a1122,2020-10
尻屋岬,青森県,31121,a1122,2020-11
尻屋岬,青森県,31121,a1122,2020-12
尻屋岬,青森県,31121,a1122,2021-01
尻屋岬,青森県,31121,a1122,2021-02
尻屋岬,青森県,31121,a1122,2021-03
尻屋岬,青森県,31121,a1122,2021-04
尻屋岬,青森県,31121,a1122,2021-05
尻屋岬,青森県,31121,a1122,2021-06
尻屋岬,青森県,31121,a1122,2021-07
尻屋岬,青森県,31121,a1122,2021-08
尻屋岬,青森県,31121,a1122,2021-09
尻屋岬,青森県,31121,a1122,2021-10
尻屋岬,青森県,31121,a1122,2021-11
尻屋岬,青森県,31121,a1122,2021-12
尻屋岬,青森県,31121,a1122,2022-01
尻屋岬,青森県,31121,a1122,2022-02
尻屋岬,青森県,31121,a1122,2022-03
尻屋岬,青森県,31121,a1122,2022-04
尻屋岬,青森県,31121,a1122,2022-05
尻屋岬,青森県,31121,a1122,2022-06
尻屋岬,青森県,31121,a1122,2022-07
尻屋岬,青森県,31121,a1122,2022-08
尻屋岬,青森県,31121,a1122,2022-09
尻屋岬,青森県,31121,a1122,2022-10
尻屋岬,青森県,31121,a1122,2022-11
尻屋岬,青森県,31121,a1122,2022-12
尻屋岬,青森県,31121,a1122,2023-01
尻屋岬,青森県,31121,a1122,2023-03
尻屋岬,青森県,31121,a1122,2023-04
尻屋岬,青森県,31121,a1122,2023-05
尻屋岬,青森県,31121,a1122,2023-06
尻屋岬,青森県,31121,a1122,2023-07
尻屋岬,青森県,31121,a1122,2023-08
尻屋岬,青森県,31121,a1122,2023-09
尻屋岬,青森県,31121,a1122,2023-10
尻屋岬,青森県,31121,a1122,2023-11
尻屋岬,青森県,31121,a1122,2023-12
尻屋岬,青森県,31121,a1122,2024-01
尻屋岬,青森県,31121,a1122,2024-03
尻屋岬,青森県,31121,a1122,2024-04
尻屋岬,青森県,31121,a1122,2024-05
尻屋岬,青森県,31121,a1122,2024-06
尻屋岬,青森県,31121,a1122,2024-07
尻屋岬,青森県,31121,a1122,2024-08
尻屋岬,青森県,31121,a1122,2024-09
尻屋岬,青森県,31121,a1122,2024-10
尻屋岬,青森県,31121,a1122,2024-11
尼崎西宮芦屋,兵庫県,63518,s47770,2019-01
尼崎西宮芦屋,兵庫県,63518,s47770,2019-02
尼崎西宮芦屋,兵庫県,63518,s47770,2019-03
尼崎西宮芦屋,兵庫県,63518,s47770,2019-04
尼崎西宮芦屋,兵庫県,63518,s47770,2019-05
尼崎西宮芦屋,兵庫県,63518,s47770,2019-06
尼崎西宮芦屋,兵庫県,63518,s47770,2019-07
尼崎西宮芦屋,兵庫県,63518,s47770,2019-08
尼崎西宮芦屋,兵庫県,63518,s47770,2019-09
尼崎西宮芦屋,兵庫県,63518,s47770,2019-10
尼崎西宮芦屋,兵庫県,63518,s47770,2019-11
尼崎西宮芦屋,兵庫県,63518,s47770,2019-12
尼崎西宮芦屋,兵庫県,63518,s47770,2020-01
尼崎西宮芦屋,兵庫県,63518,s47770,2020-02
尼崎西宮芦屋,兵庫県,63518,s47770,2020-03
尼崎西宮芦屋,兵庫県,63518,s47770,2020-04
尼崎西宮芦屋,兵庫県,63518,s47770,2020-05
尼崎西宮芦屋,兵庫県,63518,s47770,2020-06
尼崎西宮芦屋,兵庫県,63518,s47770,2020-07
尼崎西宮芦屋,兵庫県,63518,s47770,2020-08
尼崎西宮芦屋,兵庫県,63518,s47770,2020-09
尼崎西宮芦屋,兵庫県,63518,s47770,2020-10
尼崎西宮芦屋,兵庫県,63518,s47770,2020-11
尼崎西宮芦屋,兵庫県,63518,s47770,2020-12
尼崎西宮芦屋,兵庫県,63518,s47770,2021-01
尼崎西宮芦屋,兵庫県,63518,s47770,2021-02
尼崎西宮芦屋,兵庫県,63518,s47770,2021-03
尼崎西宮芦屋,兵庫県,63518,s47770,2021-04
尼崎西宮芦屋,兵庫県,63518,s47770,2021-05
尼崎西宮芦屋,兵庫県,63518,s47770,2021-06
尼崎西宮芦屋,兵庫県,63518,s47770,2021-07
尼崎西宮芦屋,兵庫県,63518,s47770,2021-08
尼崎西宮芦屋,兵庫県,63518,s47770,2021-09
尼崎西宮芦屋,兵庫県,63518,s47770,2021-10
尼崎西宮芦屋,兵庫県,63518,s47770,2021-11
尼崎西宮芦屋,兵庫県,63518,s47770,2021-12
尼崎西宮芦屋,兵庫県,63518,s47770,2022-01
尼崎西宮芦屋,兵庫県,63518,s47770,2022-02
尼崎西宮芦屋,兵庫県,63518,s47770,2022-03
尼崎西宮芦屋,兵庫県,63518,s47770,2022-04
尼崎西宮芦屋,兵庫県,63518,s47770,2022-05
尼崎西宮芦屋,兵庫県,63518,s47770,2022-06
尼崎西宮芦屋,兵庫県,63518,s47770,2022-07
尼崎西宮芦屋,兵庫県,63518,s47770,2022-08
尼崎西宮芦屋,兵庫県,63518,s47770,2022-09
尼崎西宮芦屋,兵庫県,63518,s47770,2022-10
尼崎西宮芦屋,兵庫県,63518,s47770,2022-11
尼崎西宮芦屋,兵庫県,63518,s47770,2022-12
尼崎西宮芦屋,兵庫県,63518,s47770,2023-01
尼崎西宮芦屋,兵庫県,63518,s47770,2023-02
尼崎西宮芦屋,兵庫県,63518,s47770,2023-03
尼崎西宮芦屋,兵庫県,63518,s47770,2023-04
尼崎西宮芦屋,兵庫県,63518,s47770,2023-05
尼崎西宮芦屋,兵庫県,63518,s47770,2023-06
尼崎西宮芦屋,兵庫県,63518,s47770,2023-07
尼崎西宮芦屋,兵庫県,63518,s47770,2023-08
尼崎西宮芦屋,兵庫県,63518,s47770,2023-09
尼崎西宮芦屋,兵庫県,63518,s47770,2023-10
尼崎西宮芦屋,兵庫県,63518,s47770,2023-11
尼崎西宮芦屋,兵庫県,63518,s47770,2023-12
尼崎西宮芦屋,兵庫県,63518,s47770,2024-01
尼崎西宮芦屋,兵庫県,63518,s47770,2024-02
尼崎西宮芦屋,兵庫県,63518,s47770,2024-03
尼崎西宮芦屋,兵庫県,63518,s47770,2024-04
尼崎西宮芦屋,兵庫県,63518,s47770,2024-05
尼崎西宮芦屋,兵庫県,63518,s47770,2024-06
尼崎西宮芦屋,兵庫県,63518,s47770,2024-07
尼崎西宮芦屋,兵庫県,63518,s47770,2024-08
尼崎西宮芦屋,兵庫県,63518,s47770,2024-09
尼崎西宮芦屋,兵庫県,63518,s47770,2024-10
尼崎西宮芦屋,兵庫県,63518,s47770,2024-11
尼崎西宮芦屋,兵庫県,63518,s47770,2024-12
尾道糸崎,広島県,67401,s47767,2019-01
尾道糸崎,広島県,67401,s47767,2019-02
尾道糸崎,広島県,67401,s47767,2019-03
尾道糸崎,広島県,67401,s47767,2019-04
尾道糸崎,広島県,67401,s47767,2019-05
尾道糸崎,広島県,67401,s47767,2019-06
尾道糸崎,広島県,67401,s47767,2019-07
尾道糸崎,広島県,67401,s47767,2019-08
尾道糸崎,広島県,67401,s47767,2019-09
尾道糸崎,広島県,67401,s47767,2019-10
尾道糸崎,広島県,67401,s47767,2019-11
尾道糸崎,広島県,67401,s47767,2019-12
尾道糸崎,広島県,67401,s47767,2020-01
尾道糸崎,広島県,67401,s47767,2020-02
尾道糸崎,広島県,67401,s47767,2020-03
尾道糸崎,広島県,67401,s47767,2020-04
尾道糸崎,広島県,67401,s47767,2020-05
尾道糸崎,広島県,67401,s47767,2020-06
尾道糸崎,広島県,67401,s47767,2020-07
尾道糸崎,広島県,67401,s47767,2020-08
尾道糸崎,広島県,67401,s47767,2020-09
尾道糸崎,広島県,67401,s47767,2020-10
尾道糸崎,広島県,67401,s47767,2020-11
尾道糸崎,広島県,67401,s47767,2020-12
尾道糸崎,広島県,67401,s47767,2021-01
尾道糸崎,広島県,67401,s47767,2021-02
尾道糸崎,広島県,67401,s47767,2021-03
尾道糸崎,広島県,67401,s47767,2021-04
尾道糸崎,広島県,67401,s47767,2021-05
尾道糸崎,広島県,67401,s47767,2021-06
尾道糸崎,広島県,67401,s47767,2021-07
尾道糸崎,広島県,67401,s47767,2021-08
尾道糸崎,広島県,67401,s47767,2021-09
尾道糸崎,広島県,67401,s47767,2021-10
尾道糸崎,広島県,67401,s47767,2021-11
尾道糸崎,広島県,67401,s47767,2021-12
尾道糸崎,広島県,67401,s47767,2022-01
尾道糸崎,広島県,67401,s47767,2022-02
尾道糸崎,広島県,67401,s47767,2022-03
尾道糸崎,広島県,67401,s47767,2022-04
尾道糸崎,広島県,67401,s47767,2022-05
尾道糸崎,広島県,67401,s47767,2022-06
尾道糸崎,広島県,67401,s47767,2022-07
尾道糸崎,広島県,67401,s47767,2022-08
尾道糸崎,広島県,67401,s47767,2022-09
尾道糸崎,広島県,67401,s47767,2022-10
尾道糸崎,広島県,67401,s47767,2022-11
尾道糸崎,広島県,67401,s47767,2022-12
尾道糸崎,広島県,67401,s47767,2023-01
尾道糸崎,広島県,67401,s47767,2023-02
尾道糸崎,広島県,67401,s47767,2023-03
尾道糸崎,広島県,67401,s47767,2023-04
尾道糸崎,広島県,67401,s47767,2023-05
尾道糸崎,広島県,67401,s47767,2023-06
尾道糸崎,広島県,67401,s47767,2023-07
尾道糸崎,広島県,67401,s47767,2023-08
尾道糸崎,広島県,67401,s47767,2023-09
尾道糸崎,広島県,67401,s47767,2023-10
尾道糸崎,広島県,67401,s47767,2023-11
尾道糸崎,広島県,67401,s47767,2023-12
尾道糸崎,広島県,67401,s47767,2024-01
尾道糸崎,広島県,67401,s47767,2024-02
尾道糸崎,広島県,67401,s47767,2024-03
尾道糸崎,広島県,67401,s47767,2024-04
尾道糸崎,広島県,67401,s47767,2024-05
尾道糸崎,広島県,67401,s47767,2024-06
尾道糸崎,広島県,67401,s47767,2024-07
尾道糸崎,広島県,67401,s47767,2024-08
尾道糸崎,広島県,67401,s47767,2024-09
尾道糸崎,広島県,67401,s47767,2024-10
尾道糸崎,広島県,67401,s47767,2024-11
尾道糸崎,広島県,67401,s47767,2024-12
尾鷲,三重県,53378,s47663,2019-01
尾鷲,三重県,53378,s47663,2019-02
尾鷲,三重県,53378,s47663,2019-03
尾鷲,三重県,53378,s47663,2019-04
尾鷲,三重県,53378,s47663,2019-05
尾鷲,三重県,53378,s47663,2019-06
尾鷲,三重県,53378,s47663,2019-07
尾鷲,三重県,53378,s47663,2019-08
尾鷲,三重県,53378,s47663,2019-09
尾鷲,三重県,53378,s47663,2019-10
尾鷲,三重県,53378,s47663,2019-11
尾鷲,三重県,53378,s47663,2019-12
尾鷲,三重県,53378,s47663,2020-01
尾鷲,三重県,53378,s47663,2020-02
尾鷲,三重県,53378,s47663,2020-03
尾鷲,三重県,53378,s47663,2020-04
尾鷲,三重県,53378,s47663,2020-05
尾鷲,三重県,53378,s47663,2020-06
尾鷲,三重県,53378,s47663,2020-07
尾鷲,三重県,53378,s47663,2020-08
尾鷲,三重県,53378,s47663,2020-09
尾鷲,三重県,53378,s47663,2020-10
尾鷲,三重県,53378,s47663,2020-11
尾鷲,三重県,53378,s47663,2020-12
尾鷲,三重県,53378,s47663,2021-01
尾鷲,三重県,53378,s47663,2021-02
尾鷲,三重県,53378,s47663,2021-03
尾鷲,三重県,53378,s47663,2021-04
尾鷲,三重県,53378,s47663,2021-05
尾鷲,三重県,53378,s47663,2021-06
尾鷲,三重県,53378,s47663,2021-07
尾鷲,三重県,53378,s47663,2021-08
尾鷲,三重県,53378,s47663,2021-09
尾鷲,三重県,53378,s47663,2021-10
尾鷲,三重県,53378,s47663,2021-11
尾鷲,三重県,53378,s47663,2021-12
尾鷲,三重県,53378,s47663,2022-01
尾鷲,三重県,53378,s47663,2022-02
尾鷲,三重県,53378,s47663,2022-03
尾鷲,三重県,53378,s47663,2022-04
尾鷲,三重県,53378,s47663,2022-05
尾鷲,三重県,53378,s47663,2022-06
尾鷲,三重県,53378,s47663,2022-07
尾鷲,三重県,53378,s47663,2022-08
尾鷲,三重県,53378,s47663,2022-09
尾鷲,三重県,53378,s47663,2022-10
尾鷲,三重県,53378,s47663,2022-11
尾鷲,三重県,53378,s47663,2022-12
尾鷲,三重県,53378,s47663,2023-01
尾鷲,三重県,53378,s47663,2023-02
尾鷲,三重県,53378,s47663,2023-03
尾鷲,三重県,53378,s47663,2023-04
尾鷲,三重県,53378,s47663,2023-05
尾鷲,三重県,53378,s47663,2023-06
尾鷲,三重県,53378,s47663,2023-07
尾鷲,三重県,53378,s47663,2023-08
尾鷲,三重県,53378,s47663,2023-10
尾鷲,三重県,53378,s47663,2023-11
尾鷲,三重県,53378,s47663,2023-12
尾鷲,三重県,53378,s47663,2024-01
尾鷲,三重県,53378,s47663,2024-02
尾鷲,三重県,53378,s47663,2024-03
尾鷲,三重県,53378,s47663,2024-04
尾鷲,三重県,53378,s47663,2024-05
尾鷲,三重県,53378,s47663,2024-06
尾鷲,三重県,53378,s47663,2024-07
尾鷲,三重県,53378,s47663,2024-08
尾鷲,三重県,53378,s47663,2024-09
尾鷲,三重県,53378,s47663,2024-10
尾鷲,三重県,53378,s47663,2024-11
尾鷲,三重県,53378,s47663,2024-12
岡山,岡山県,66408,s47768,2019-01
岡山,岡山県,66408,s47768,2019-02
岡山,岡山県,66408,s47768,2019-03
岡山,岡山県,66408,s47768,2019-04
岡山,岡山県,66408,s47768,2019-05
岡山,岡山県,66408,s47768,2019-06
岡山,岡山県,66408,s47768,2019-07
岡山,岡山県,66408,s47768,2019-08
岡山,岡山県,66408,s47768,2019-09
岡山,岡山県,66408,s47768,2019-10
岡山,岡山県,66408,s47768,2019-11
岡山,岡山県,66408,s47768,2019-12
岡山,岡山県,66408,s47768,2020-01
岡山,岡山県,66408,s47768,2020-02
岡山,岡山県,66408,s47768,2020-03
岡山,岡山県,66408,s47768,2020-04
岡山,岡山県,66408,s47768,2020-05
岡山,岡山県,66408,s47768,2020-06
岡山,岡山県,66408,s47768,2020-07
岡山,岡山県,66408,s47768,2020-08
岡山,岡山県,66408,s47768,2020-09
岡山,岡山県,66408,s47768,2020-10
岡山,岡山県,66408,s47768,2020-11
岡山,岡山県,66408,s47768,2020-12
岡山,岡山県,66408,s47768,2021-01
岡山,岡山県,66408,s47768,2021-02
岡山,岡山県,66408,s47768,2021-03
岡山,岡山県,66408,s47768,2021-04
岡山,岡山県,66408,s47768,2021-05
岡山,岡山県,66408,s47768,2021-06
岡山,岡山県,66408,s47768,2021-07
岡山,岡山県,66408,s47768,2021-08
岡山,岡山県,66408,s47768,2021-09
岡山,岡山県,66408,s47768,2021-10
岡山,岡山県,66408,s47768,2021-11
岡山,岡山県,66408,s47768,2021-12
岡山,岡山県,66408,s47768,2022-01
岡山,岡山県,66408,s47768,2022-02
岡山,岡山県,66408,s47768,2022-03
岡山,岡山県,66408,s47768,2022-04
岡山,岡山県,66408,s47768,2022-05
岡山,岡山県,66408,s47768,2022-06
岡山,岡山県,66408,s47768,2022-07
岡山,岡山県,66408,s47768,2022-08
岡山,岡山県,66408,s47768,2022-09
岡山,岡山県,66408,s47768,2022-10
岡山,岡山県,66408,s47768,2022-11
岡山,岡山県,66408,s47768,2022-12
岡山,岡山県,66408,s47768,2023-01
岡山,岡山県,66408,s47768,2023-02
岡山,岡山県,66408,s47768,2023-03
岡山,岡山県,66408,s47768,2023-04
岡山,岡山県,66408,s47768,2023-05
岡山,岡山県,66408,s47768,2023-06
岡山,岡山県,66408,s47768,2023-07
岡山,岡山県,66408,s47768,2023-08
岡山,岡山県,66408,s47768,2023-09
岡山,岡山県,66408,s47768,2023-10
岡山,岡山県,66408,s47768,2023-11
岡山,岡山県,66408,s47768,2023-12
岡山,岡山県,66408,s47768,2024-01
岡山,岡山県,66408,s47768,2024-02
岡山,岡山県,66408,s47768,2024-03
岡山,岡山県,66408,s47768,2024-04
岡山,岡山県,66408,s47768,2024-05
岡山,岡山県,66408,s47768,2024-06
岡山,岡山県,66408,s47768,2024-07
岡山,岡山県,66408,s47768,2024-08
岡山,岡山県,66408,s47768,2024-09
岡山,岡山県,66408,s47768,2024-10
岡山,岡山県,66408,s47768,2024-11
岡山,岡山県,66408,s47768,2024-12
岩国,山口県,81321,a0940,2019-01
岩国,山口県,81321,a0940,2019-02
岩国,山口県,81321,a0940,2019-03
岩国,山口県,81321,a0940,2019-04
岩国,山口県,81321,a0940,2019-05
岩国,山口県,81321,a0940,2019-06
岩国,山口県,81321,a0940,2019-07
岩国,山口県,81321,a0940,2019-08
岩国,山口県,81321,a0940,2019-09
岩国,山口県,81321,a0940,2019-10
岩国,山口県,81321,a0940,2019-11
岩国,山口県,81321,a0940,2019-12
岩国,山口県,81321,a0940,2020-01
岩国,山口県,81321,a0940,2020-02
岩国,山口県,81321,a0940,2020-03
岩国,山口県,81321,a0940,2020-04
岩国,山口県,81321,a0940,2020-05
岩国,山口県,81321,a0940,2020-06
岩国,山口県,81321,a0940,2020-07
岩国,山口県,81321,a0940,2020-08
岩国,山口県,81321,a0940,2020-09
岩国,山口県,81321,a0940,2020-10
岩国,山口県,81321,a0940,2020-11
岩国,山口県,81321,a0940,2020-12
岩国,山口県,81321,a0940,2021-01
岩国,山口県,81321,a0940,2021-02
岩国,山口県,81321,a0940,2021-03
岩国,山口県,81321,a0940,2021-04
岩国,山口県,81321,a0940,2021-05
岩国,山口県,81321,a0940,2021-06
岩国,山口県,81321,a0940,2021-07
岩国,山口県,81321,a0940,2021-08
岩国,山口県,81321,a0940,2021-09
岩国,山口県,81321,a0940,2021-10
岩国,山口県,81321,a0940,2021-11
岩国,山口県,81321,a0940,2021-12
岩国,山口県,81321,a0940,2022-01
岩国,山口県,81321,a0940,2022-02
岩国,山口県,81321,a0940,2022-03
岩国,山口県,81321,a0940,2022-04
岩国,山口県,81321,a0940,2022-05
岩国,山口県,81321,a0940,2022-06
岩国,山口県,81321,a0940,2022-07
岩国,山口県,81321,a0940,2022-08
岩国,山口県,81321,a0940,2022-09
岩国,山口県,81321,a0940,2022-10
岩国,山口県,81321,a0940,2022-11
岩国,山口県,81321,a0940,2022-12
岩国,山口県,81321,a0940,2023-01
岩国,山口県,81321,a0940,2023-02
岩国,山口県,81321,a0940,2023-03
岩国,山口県,81321,a0940,2023-04
岩国,山口県,81321,a0940,2023-05
岩国,山口県,81321,a0940,2023-06
岩国,山口県,81321,a0940,2023-07
岩国,山口県,81321,a0940,2023-08
岩国,山口県,81321,a0940,2023-09
岩国,山口県,81321,a0940,2023-10
岩国,山口県,81321,a0940,2023-11
岩国,山口県,81321,a0940,2023-12
岩国,山口県,81321,a0940,2024-01
岩国,山口県,81321,a0940,2024-02
岩国,山口県,81321,a0940,2024-03
岩国,山口県,81321,a0940,2024-04
岩国,山口県,81321,a0940,2024-05
岩国,山口県,81321,a0940,2024-06
岩国,山口県,81321,a0940,2024-07
岩国,山口県,81321,a0940,2024-08
岩国,山口県,81321,a0940,2024-09
岩国,山口県,81321,a0940,2024-10
岩国,山口県,81321,a0940,2024-11
岩国,山口県,81321,a0940,2024-12
島原,長崎県,84523,a0962,2019-01
島原,長崎県,84523,a0962,2019-02
島原,長崎県,84523,a0962,2019-03
島原,長崎県,84523,a0962,2019-04
島原,長崎県,84523,a0962,2019-05
島原,長崎県,84523,a0962,2019-06
島原,長崎県,84523,a0962,2019-07
島原,長崎県,84523,a0962,2019-08
島原,長崎県,84523,a0962,2019-09
島原,長崎県,84523,a0962,2019-10
島原,長崎県,84523,a0962,2019-11
島原,長崎県,84523,a0962,2019-12
島原,長崎県,84523,a0962,2020-01
島原,長崎県,84523,a0962,2020-02
島原,長崎県,84523,a0962,2020-03
島原,長崎県,84523,a0962,2020-04
島原,長崎県,84523,a0962,2020-05
島原,長崎県,84523,a0962,2020-06
島原,長崎県,84523,a0962,2020-07
島原,長崎県,84523,a0962,2020-08
島原,長崎県,84523,a0962,2020-09
島原,長崎県,84523,a0962,2020-10
島原,長崎県,84523,a0962,2020-11
島原,長崎県,84523,a0962,2020-12
島原,長崎県,84523,a0962,2021-01
島原,長崎県,84523,a0962,2021-02
島原,長崎県,84523,a0962,2021-03
島原,長崎県,84523,a0962,2021-04
島原,長崎県,84523,a0962,2021-05
島原,長崎県,84523,a0962,2021-06
島原,長崎県,84523,a0962,2021-07
島原,長崎県,84523,a0962,2021-08
島原,長崎県,84523,a0962,2021-09
島原,長崎県,84523,a0962,2021-10
島原,長崎県,84523,a0962,2021-11
島原,長崎県,84523,a0962,2021-12
島原,長崎県,84523,a0962,2022-01
島原,長崎県,84523,a0962,2022-02
島原,長崎県,84523,a0962,2022-03
島原,長崎県,84523,a0962,2022-04
島原,長崎県,84523,a0962,2022-05
島原,長崎県,84523,a0962,2022-06
島原,長崎県,84523,a0962,2022-07
島原,長崎県,84523,a0962,2022-08
島原,長崎県,84523,a0962,2022-09
島原,長崎県,84523,a0962,2022-10
島原,長崎県,84523,a0962,2022-11
島原,長崎県,84523,a0962,2022-12
島原,長崎県,84523,a0962,2023-01
島原,長崎県,84523,a0962,2023-02
島原,長崎県,84523,a0962,2023-03
島原,長崎県,84523,a0962,2023-04
島原,長崎県,84523,a0962,2023-05
島原,長崎県,84523,a0962,2023-06
島原,長崎県,84523,a0962,2023-07
島原,長崎県,84523,a0962,2023-08
島原,長崎県,84523,a0962,2023-09
島原,長崎県,84523,a0962,2023-10
島原,長崎県,84523,a0962,2023-11
島原,長崎県,84523,a0962,2023-12
島原,長崎県,84523,a0962,2024-01
島原,長崎県,84523,a0962,2024-02
島原,長崎県,84523,a0962,2024-03
島原,長崎県,84523,a0962,2024-04
島原,長崎県,84523,a0962,2024-05
島原,長崎県,84523,a0962,2024-06
島原,長崎県,84523,a0962,2024-07
島原,長崎県,84523,a0962,2024-08
島原,長崎県,84523,a0962,2024-09
島原,長崎県,84523,a0962,2024-10
島原,長崎県,84523,a0962,2024-11
島原,長崎県,84523,a0962,2024-12
川崎,神奈川県,44166,a0371,2019-01
川崎,神奈川県,44166,a0371,2019-02
川崎,神奈川県,44166,a0371,2019-03
川崎,神奈川県,44166,a0371,2019-04
川崎,神奈川県,44166,a0371,2019-05
川崎,神奈川県,44166,a0371,2019-06
川崎,神奈川県,44166,a0371,2019-07
川崎,神奈川県,44166,a0371,2019-08
川崎,神奈川県,44166,a0371,2019-09
川崎,神奈川県,44166,a0371,2019-10
川崎,神奈川県,44166,a0371,2019-11
川崎,神奈川県,44166,a0371,2019-12
川崎,神奈川県,44166,a0371,2020-01
川崎,神奈川県,44166,a0371,2020-02
川崎,神奈川県,44166,a0371,2020-03
川崎,神奈川県,44166,a0371,2020-04
川崎,神奈川県,44166,a0371,2020-05
川崎,神奈川県,44166,a0371,2020-06
川崎,神奈川県,44166,a0371,2020-07
川崎,神奈川県,44166,a0371,2020-08
川崎,神奈川県,44166,a0371,2020-09
川崎,神奈川県,44166,a0371,2020-10
川崎,神奈川県,44166,a0371,2020-12
川崎,神奈川県,44166,a0371,2021-01
川崎,神奈川県,44166,a0371,2021-04
川崎,神奈川県,44166,a0371,2021-05
川崎,神奈川県,44166,a0371,2021-06
川崎,神奈川県,44166,a0371,2021-07
川崎,神奈川県,44166,a0371,2021-08
川崎,神奈川県,44166,a0371,2021-09
川崎,神奈川県,44166,a0371,2021-10
川崎,神奈川県,44166,a0371,2021-11
川崎,神奈川県,44166,a0371,2021-12
川崎,神奈川県,44166,a0371,2022-01
川崎,神奈川県,44166,a0371,2022-02
川崎,神奈川県,44166,a0371,2022-03
川崎,神奈川県,44166,a0371,2022-04
川崎,神奈川県,44166,a0371,2022-05
川崎,神奈川県,44166,a0371,2022-06
川崎,神奈川県,44166,a0371,2022-07
川崎,神奈川県,44166,a0371,2022-08
川崎,神奈川県,44166,a0371,2022-09
川崎,神奈川県,44166,a0371,2022-10
川崎,神奈川県,44166,a0371,2022-11
川崎,神奈川県,44166,a0371,2022-12
川崎,神奈川県,44166,a0371,2023-01
川崎,神奈川県,44166,a0371,2023-02
川崎,神奈川県,44166,a0371,2023-03
川崎,神奈川県,44166,a0371,2023-04
川崎,神奈川県,44166,a0371,2023-05
川崎,神奈川県,44166,a0371,2023-06
川崎,神奈川県,44166,a0371,2023-07
川崎,神奈川県,44166,a0371,2023-08
川崎,神奈川県,44166,a0371,2023-09
川崎,神奈川県,44166,a0371,2023-10
川崎,神奈川県,44166,a0371,2023-11
川崎,神奈川県,44166,a0371,2023-12
川崎,神奈川県,44166,a0371,2024-01
川崎,神奈川県,44166,a0371,2024-02
川崎,神奈川県,44166,a0371,2024-03
川崎,神奈川県,44166,a0371,2024-04
川崎,神奈川県,44166,a0371,2024-05
川崎,神奈川県,44166,a0371,2024-06
川崎,神奈川県,44166,a0371,2024-07
川崎,神奈川県,44166,a0371,2024-08
川崎,神奈川県,44166,a0371,2024-09
川崎,神奈川県,44166,a0371,2024-10
川崎,神奈川県,44166,a0371,2024-11
川崎,神奈川県,44166,a0371,2024-12
平生,山口県,81481,a0942,2019-01
平生,山口県,81481,a0942,2019-02
平生,山口県,81481,a0942,2019-03
平生,山口県,81481,a0942,2019-04
平生,山口県,81481,a0942,2019-05
平生,山口県,81481,a0942,2019-06
平生,山口県,81481,a0942,2019-07
平生,山口県,81481,a0942,2019-08
平生,山口県,81481,a0942,2019-09
平生,山口県,81481,a0942,2019-10
平生,山口県,81481,a0942,2019-11
平生,山口県,81481,a0942,2019-12
平生,山口県,81481,a0942,2020-01
平生,山口県,81481,a0942,2020-02
平生,山口県,81481,a0942,2020-03
平生,山口県,81481,a0942,2020-04
平生,山口県,81481,a0942,2020-05
平生,山口県,81481,a0942,2020-06
平生,山口県,81481,a0942,2020-07
平生,山口県,81481,a0942,2020-08
平生,山口県,81481,a0942,2020-09
平生,山口県,81481,a0942,2020-10
平生,山口県,81481,a0942,2020-11
平生,山口県,81481,a0942,2020-12
平生,山口県,81481,a0942,2021-01
平生,山口県,81481,a0942,2021-02
平生,山口県,81481,a0942,2021-03
平生,山口県,81481,a0942,2021-04
平生,山口県,81481,a0942,2021-05
平生,山口県,81481,a0942,2021-06
平生,山口県,81481,a0942,2021-07
平生,山口県,81481,a0942,2021-08
平生,山口県,81481,a0942,2021-09
平生,山口県,81481,a0942,2021-10
平生,山口県,81481,a0942,2021-11
平生,山口県,81481,a0942,2021-12
平生,山口県,81481,a0942,2022-01
平生,山口県,81481,a0942,2022-02
平生,山口県,81481,a0942,2022-03
平生,山口県,81481,a0942,2022-04
平生,山口県,81481,a0942,2022-05
平生,山口県,81481,a0942,2022-06
平生,山口県,81481,a0942,2022-07
平生,山口県,81481,a0942,2022-08
平生,山口県,81481,a0942,2022-09
平生,山口県,81481,a0942,2022-10
平生,山口県,81481,a0942,2022-11
平生,山口県,81481,a0942,2022-12
平生,山口県,81481,a0942,2023-01
平生,山口県,81481,a0942,2023-02
平生,山口県,81481,a0942,2023-03
平生,山口県,81481,a0942,2023-04
平生,山口県,81481,a0942,2023-05
平生,山口県,81481,a0942,2023-06
平生,山口県,81481,a0942,2023-07
平生,山口県,81481,a0942,2023-08
平生,山口県,81481,a0942,2023-09
平生,山口県,81481,a0942,2023-10
平生,山口県,81481,a0942,2023-11
平生,山口県,81481,a0942,2023-12
平生,山口県,81481,a0942,2024-01
平生,山口県,81481,a0942,2024-02
平生,山口県,81481,a0942,2024-03
平生,山口県,81481,a0942,2024-04
平生,山口県,81481,a0942,2024-05
平生,山口県,81481,a0942,2024-06
平生,山口県,81481,a0942,2024-07
平生,山口県,81481,a0942,2024-08
平生,山口県,81481,a0942,2024-09
平生,山口県,81481,a0942,2024-10
平生,山口県,81481,a0942,2024-11
平生,山口県,81481,a0942,2024-12
平良,沖縄県,93041,s47927,2019-01
平良,沖縄県,93041,s47927,2019-02
平良,沖縄県,93041,s47927,2019-03
平良,沖縄県,93041,s47927,2019-04
平良,沖縄県,93041,s47927,2019-05
平良,沖縄県,93041,s47927,2019-06
平良,沖縄県,93041,s47927,2019-07
平良,沖縄県,93041,s47927,2019-08
平良,沖縄県,93041,s47927,2019-09
平良,沖縄県,93041,s47927,2019-10
平良,沖縄県,93041,s47927,2019-11
平良,沖縄県,93041,s47927,2019-12
平良,沖縄県,93041,s47927,2020-01
平良,沖縄県,93041,s47927,2020-02
平良,沖縄県,93041,s47927,2020-03
平良,沖縄県,93041,s47927,2020-04
平良,沖縄県,93041,s47927,2020-05
平良,沖縄県,93041,s47927,2020-06
平良,沖縄県,93041,s47927,2020-07
平良,沖縄県,93041,s47927,2020-08
平良,沖縄県,93041,s47927,2020-09
平良,沖縄県,93041,s47927,2020-10
平良,沖縄県,93041,s47927,2020-11
平良,沖縄県,93041,s47927,2020-12
平良,沖縄県,93041,s47927,2021-01
平良,沖縄県,93041,s47927,2021-02
平良,沖縄県,93041,s47927,2021-03
平良,沖縄県,93041,s47927,2021-04
平良,沖縄県,93041,s47927,2021-05
平良,沖縄県,93041,s47927,2021-06
平良,沖縄県,93041,s47927,2021-07
平良,沖縄県,93041,s47927,2021-08
平良,沖縄県,93041,s47927,2021-09
平良,沖縄県,93041,s47927,2021-10
平良,沖縄県,93041,s47927,2021-11
平良,沖縄県,93041,s47927,2021-12
平良,沖縄県,93041,s47927,2022-01
平良,沖縄県,93041,s47927,2022-02
平良,沖縄県,93041,s47927,2022-03
平良,沖縄県,93041,s47927,2022-04
平良,沖縄県,93041,s47927,2022-05
平良,沖縄県,93041,s47927,2022-06
平良,沖縄県,93041,s47927,2022-07
平良,沖縄県,93041,s47927,2022-08
平良,沖縄県,93041,s47927,2022-09
平良,沖縄県,93041,s47927,2022-10
平良,沖縄県,93041,s47927,2022-11
平良,沖縄県,93041,s47927,2022-12
平良,沖縄県,93041,s47927,2023-01
平良,沖縄県,93041,s47927,2023-02
平良,沖縄県,93041,s47927,2023-03
平良,沖縄県,93041,s47927,2023-04
平良,沖縄県,93041,s47927,2023-05
平良,沖縄県,93041,s47927,2023-06
平良,沖縄県,93041,s47927,2023-07
平良,沖縄県,93041,s47927,2023-08
平良,沖縄県,93041,s47927,2023-09
平良,沖縄県,93041,s47927,2023-10
平良,沖縄県,93041,s47927,2023-11
平良,沖縄県,93041,s47927,2023-12
平良,沖縄県,93041,s47927,2024-01
平良,沖縄県,93041,s47927,2024-02
平良,沖縄県,93041,s47927,2024-03
平良,沖縄県,93041,s47927,2024-04
平良,沖縄県,93041,s47927,2024-05
平良,沖縄県,93041,s47927,2024-06
平良,沖縄県,93041,s47927,2024-07
平良,沖縄県,93041,s47927,2024-08
平良,沖縄県,93041,s47927,2024-09
平良,沖縄県,93041,s47927,2024-10
平良,沖縄県,93041,s47927,2024-11
平良,沖縄県,93041,s47927,2024-12
広島,広島県,67437,s47765,2019-01
広島,広島県,67437,s47765,2019-02
広島,広島県,67437,s47765,2019-03
広島,広島県,67437,s47765,2019-04
広島,広島県,67437,s47765,2019-05
広島,広島県,67437,s47765,2019-06
広島,広島県,67437,s47765,2019-07
広島,広島県,67437,s47765,2019-08
広島,広島県,67437,s47765,2019-09
広島,広島県,67437,s47765,2019-10
広島,広島県,67437,s47765,2019-11
広島,広島県,67437,s47765,2019-12
広島,広島県,67437,s47765,2020-01
広島,広島県,67437,s47765,2020-02
広島,広島県,67437,s47765,2020-03
広島,広島県,67437,s47765,2020-04
広島,広島県,67437,s47765,2020-05
広島,広島県,67437,s47765,2020-06
広島,広島県,67437,s47765,2020-07
広島,広島県,67437,s47765,2020-08
広島,広島県,67437,s47765,2020-09
広島,広島県,67437,s47765,2020-10
広島,広島県,67437,s47765,2020-11
広島,広島県,67437,s47765,2020-12
広島,広島県,67437,s47765,2021-01
広島,広島県,67437,s47765,2021-02
広島,広島県,67437,s47765,2021-03
広島,広島県,67437,s47765,2021-04
広島,広島県,67437,s47765,2021-05
広島,広島県,67437,s47765,2021-06
広島,広島県,67437,s47765,2021-07
広島,広島県,67437,s47765,2021-08
広島,広島県,67437,s47765,2021-09
広島,広島県,67437,s47765,2021-10
広島,広島県,67437,s47765,2021-11
広島,広島県,67437,s47765,2021-12
広島,広島県,67437,s47765,2022-01
広島,広島県,67437,s47765,2022-02
広島,広島県,67437,s47765,2022-03
広島,広島県,67437,s47765,2022-04
広島,広島県,67437,s47765,2022-05
広島,広島県,67437,s47765,2022-06
広島,広島県,67437,s47765,2022-07
広島,広島県,67437,s47765,2022-08
広島,広島県,67437,s47765,2022-09
広島,広島県,67437,s47765,2022-10
広島,広島県,67437,s47765,2022-11
広島,広島県,67437,s47765,2022-12
広島,広島県,67437,s47765,2023-01
広島,広島県,67437,s47765,2023-02
広島,広島県,67437,s47765,2023-03
広島,広島県,67437,s47765,2023-04
広島,広島県,67437,s47765,2023-05
広島,広島県,67437,s47765,2023-06
広島,広島県,67437,s47765,2023-07
広島,広島県,67437,s47765,2023-08
広島,広島県,67437,s47765,2023-09
広島,広島県,67437,s47765,2023-10
広島,広島県,67437,s47765,2023-11
広島,広島県,67437,s47765,2023-12
広島,広島県,67437,s47765,2024-01
広島,広島県,67437,s47765,2024-02
広島,広島県,67437,s47765,2024-03
広島,広島県,67437,s47765,2024-04
広島,広島県,67437,s47765,2024-05
広島,広島県,67437,s47765,2024-06
広島,広島県,67437,s47765,2024-07
広島,広島県,67437,s47765,2024-08
広島,広島県,67437,s47765,2024-09
広島,広島県,67437,s47765,2024-10
広島,広島県,67437,s47765,2024-11
広島,広島県,67437,s47765,2024-12
御前崎,静岡県,50551,s47655,2019-01
御前崎,静岡県,50551,s47655,2019-02
御前崎,静岡県,50551,s47655,2019-03
御前崎,静岡県,50551,s47655,2019-04
御前崎,静岡県,50551,s47655,2019-05
御前崎,静岡県,50551,s47655,2019-06
御前崎,静岡県,50551,s47655,2019-07
御前崎,静岡県,50551,s47655,2019-08
御前崎,静岡県,50551,s47655,2019-09
御前崎,静岡県,50551,s47655,2019-10
御前崎,静岡県,50551,s47655,2019-11
御前崎,静岡県,50551,s47655,2019-12
御前崎,静岡県,50551,s47655,2020-01
御前崎,静岡県,50551,s47655,2020-02
御前崎,静岡県,50551,s47655,2020-04
御前崎,静岡県,50551,s47655,2020-05
御前崎,静岡県,50551,s47655,2020-06
御前崎,静岡県,50551,s47655,2020-07
御前崎,静岡県,50551,s47655,2020-08
御前崎,静岡県,50551,s47655,2020-09
御前崎,静岡県,50551,s47655,2020-10
御前崎,静岡県,50551,s47655,2020-11
御前崎,静岡県,50551,s47655,2020-12
御前崎,静岡県,50551,s47655,2021-01
御前崎,静岡県,50551,s47655,2021-02
御前崎,静岡県,50551,s47655,2021-03
御前崎,静岡県,50551,s47655,2021-04
御前崎,静岡県,50551,s47655,2021-05
御前崎,静岡県,50551,s47655,2021-06
御前崎,静岡県,50551,s47655,2021-07
御前崎,静岡県,50551,s47655,2021-08
御前崎,静岡県,50551,s47655,2021-09
御前崎,静岡県,50551,s47655,2021-10
御前崎,静岡県,50551,s47655,2021-11
御前崎,静岡県,50551,s47655,2021-12
御前崎,静岡県,50551,s47655,2022-01
御前崎,静岡県,50551,s47655,2022-02
御前崎,静岡県,50551,s47655,2022-03
御前崎,静岡県,50551,s47655,2022-04
御前崎,静岡県,50551,s47655,2022-05
御前崎,静岡県,50551,s47655,2022-06
御前崎,静岡県,50551,s47655,2022-07
御前崎,静岡県,50551,s47655,2022-08
御前崎,静岡県,50551,s47655,2022-09
御前崎,静岡県,50551,s47655,2022-10
御前崎,静岡県,50551,s47655,2022-11
御前崎,静岡県,50551,s47655,2022-12
御前崎,静岡県,50551,s47655,2023-01
御前崎,静岡県,50551,s47655,2023-02
御前崎,静岡県,50551,s47655,2023-03
御前崎,静岡県,50551,s47655,2023-04
御前崎,静岡県,50551,s47655,2023-05
御前崎,静岡県,50551,s47655,2023-06
御前崎,静岡県,50551,s47655,2023-07
御前崎,静岡県,50551,s47655,2023-08
御前崎,静岡県,50551,s47655,2023-09
御前崎,静岡県,50551,s47655,2023-10
御前崎,静岡県,50551,s47655,2023-11
御前崎,静岡県,50551,s47655,2023-12
御前崎,静岡県,50551,s47655,2024-01
御前崎,静岡県,50551,s47655,2024-02
御前崎,静岡県,50551,s47655,2024-03
御前崎,静岡県,50551,s47655,2024-04
御前崎,静岡県,50551,s47655,2024-05
御前崎,静岡県,50551,s47655,2024-06
御前崎,静岡県,50551,s47655,2024-07
御前崎,静岡県,50551,s47655,2024-08
御前崎,静岡県,50551,s47655,2024-09
御前崎,静岡県,50551,s47655,2024-10
御前崎,静岡県,50551,s47655,2024-11
御前崎,静岡県,50551,s47655,2024-12
徳山下松,山口県,81386,a0776,2019-01
徳山下松,山口県,81386,a0776,2019-02
徳山下松,山口県,81386,a0776,2019-03
徳山下松,山口県,81386,a0776,2019-04
徳山下松,山口県,81386,a0776,2019-05
徳山下松,山口県,81386,a0776,2019-06
徳山下松,山口県,81386,a0776,2019-07
徳山下松,山口県,81386,a0776,2019-08
徳山下松,山口県,81386,a0776,2019-09
徳山下松,山口県,81386,a0776,2019-10
徳山下松,山口県,81386,a0776,2019-11
徳山下松,山口県,81386,a0776,2019-12
徳山下松,山口県,81386,a0776,2020-01
徳山下松,山口県,81386,a0776,2020-02
徳山下松,山口県,81386,a0776,2020-03
徳山下松,山口県,81386,a0776,2020-04
徳山下松,山口県,81386,a0776,2020-05
徳山下松,山口県,81386,a0776,2020-06
徳山下松,山口県,81386,a0776,2020-07
徳山下松,山口県,81386,a0776,2020-08
徳山下松,山口県,81386,a0776,2020-09
徳山下松,山口県,81386,a0776,2020-10
徳山下松,山口県,81386,a0776,2020-11
徳山下松,山口県,81386,a0776,2020-12
徳山下松,山口県,81386,a0776,2021-01
徳山下松,山口県,81386,a0776,2021-02
徳山下松,山口県,81386,a0776,2021-03
徳山下松,山口県,81386,a0776,2021-04
徳山下松,山口県,81386,a0776,2021-05
徳山下松,山口県,81386,a0776,2021-06
徳山下松,山口県,81386,a0776,2021-07
徳山下松,山口県,81386,a0776,2021-08
徳山下松,山口県,81386,a0776,2021-09
徳山下松,山口県,81386,a0776,2021-10
徳山下松,山口県,81386,a0776,2021-11
徳山下松,山口県,81386,a0776,2021-12
徳山下松,山口県,81386,a0776,2022-01
徳山下松,山口県,81386,a0776,2022-02
徳山下松,山口県,81386,a0776,2022-03
徳山下松,山口県,81386,a0776,2022-04
徳山下松,山口県,81386,a0776,2022-05
徳山下松,山口県,81386,a0776,2022-06
徳山下松,山口県,81386,a0776,2022-07
徳山下松,山口県,81386,a0776,2022-08
徳山下松,山口県,81386,a0776,2022-09
徳山下松,山口県,81386,a0776,2022-10
徳山下松,山口県,81386,a0776,2022-11
徳山下松,山口県,81386,a0776,2022-12
徳山下松,山口県,81386,a0776,2023-01
徳山下松,山口県,81386,a0776,2023-02
徳山下松,山口県,81386,a0776,2023-03
徳山下松,山口県,81386,a0776,2023-04
徳山下松,山口県,81386,a0776,2023-05
徳山下松,山口県,81386,a0776,2023-06
徳山下松,山口県,81386,a0776,2023-07
徳山下松,山口県,81386,a0776,2023-08
徳山下松,山口県,81386,a0776,2023-09
徳山下松,山口県,81386,a0776,2023-10
徳山下松,山口県,81386,a0776,2023-11
徳山下松,山口県,81386,a0776,2023-12
徳山下松,山口県,81386,a0776,2024-01
徳山下松,山口県,81386,a0776,2024-02
徳山下松,山口県,81386,a0776,2024-03
徳山下松,山口県,81386,a0776,2024-04
徳山下松,山口県,81386,a0776,2024-05
徳山下松,山口県,81386,a0776,2024-06
徳山下松,山口県,81386,a0776,2024-07
徳山下松,山口県,81386,a0776,2024-08
徳山下松,山口県,81386,a0776,2024-09
徳山下松,山口県,81386,a0776,2024-10
徳山下松,山口県,81386,a0776,2024-11
徳山下松,山口県,81386,a0776,2024-12
徳島小松島,徳島県,71106,s47895,2019-01
徳島小松島,徳島県,71106,s47895,2019-02
徳島小松島,徳島県,71106,s47895,2019-03
徳島小松島,徳島県,71106,s47895,2019-04
徳島小松島,徳島県,71106,s47895,2019-05
徳島小松島,徳島県,71106,s47895,2019-06
徳島小松島,徳島県,71106,s47895,2019-07
徳島小松島,徳島県,71106,s47895,2019-08
徳島小松島,徳島県,71106,s47895,2019-09
徳島小松島,徳島県,71106,s47895,2019-10
徳島小松島,徳島県,71106,s47895,2019-11
徳島小松島,徳島県,71106,s47895,2019-12
徳島小松島,徳島県,71106,s47895,2020-01
徳島小松島,徳島県,71106,s47895,2020-02
徳島小松島,徳島県,71106,s47895,2020-03
徳島小松島,徳島県,71106,s47895,2020-04
徳島小松島,徳島県,71106,s47895,2020-05
徳島小松島,徳島県,71106,s47895,2020-06
徳島小松島,徳島県,71106,s47895,2020-07
徳島小松島,徳島県,71106,s47895,2020-08
徳島小松島,徳島県,71106,s47895,2020-09
徳島小松島,徳島県,71106,s47895,2020-10
徳島小松島,徳島県,71106,s47895,2020-11
徳島小松島,徳島県,71106,s47895,2020-12
徳島小松島,徳島県,71106,s47895,2021-01
徳島小松島,徳島県,71106,s47895,2021-02
徳島小松島,徳島県,71106,s47895,2021-03
徳島小松島,徳島県,71106,s47895,2021-04
徳島小松島,徳島県,71106,s47895,2021-05
徳島小松島,徳島県,71106,s47895,2021-06
徳島小松島,徳島県,71106,s47895,2021-07
徳島小松島,徳島県,71106,s47895,2021-08
徳島小松島,徳島県,71106,s47895,2021-09
徳島小松島,徳島県,71106,s47895,2021-10
徳島小松島,徳島県,71106,s47895,2021-11
徳島小松島,徳島県,71106,s47895,2021-12
徳島小松島,徳島県,71106,s47895,2022-01
徳島小松島,徳島県,71106,s47895,2022-02
徳島小松島,徳島県,71106,s47895,2022-03
徳島小松島,徳島県,71106,s47895,2022-04
徳島小松島,徳島県,71106,s47895,2022-05
徳島小松島,徳島県,71106,s47895,2022-06
徳島小松島,徳島県,71106,s47895,2022-07
徳島小松島,徳島県,71106,s47895,2022-08
徳島小松島,徳島県,71106,s47895,2022-09
徳島小松島,徳島県,71106,s47895,2022-10
徳島小松島,徳島県,71106,s47895,2022-11
徳島小松島,徳島県,71106,s47895,2022-12
徳島小松島,徳島県,71106,s47895,2023-01
徳島小松島,徳島県,71106,s47895,2023-02
徳島小松島,徳島県,71106,s47895,2023-03
徳島小松島,徳島県,71106,s47895,2023-04
徳島小松島,徳島県,71106,s47895,2023-05
徳島小松島,徳島県,71106,s47895,2023-06
徳島小松島,徳島県,71106,s47895,2023-07
徳島小松島,徳島県,71106,s47895,2023-08
徳島小松島,徳島県,71106,s47895,2023-09
徳島小松島,徳島県,71106,s47895,2023-10
徳島小松島,徳島県,71106,s47895,2023-11
徳島小松島,徳島県,71106,s47895,2023-12
徳島小松島,徳島県,71106,s47895,2024-01
徳島小松島,徳島県,71106,s47895,2024-02
徳島小松島,徳島県,71106,s47895,2024-03
徳島小松島,徳島県,71106,s47895,2024-04
徳島小松島,徳島県,71106,s47895,2024-05
徳島小松島,徳島県,71106,s47895,2024-06
徳島小松島,徳島県,71106,s47895,2024-07
徳島小松島,徳島県,71106,s47895,2024-08
徳島小松島,徳島県,71106,s47895,2024-09
徳島小松島,徳島県,71106,s47895,2024-10
徳島小松島,徳島県,71106,s47895,2024-11
徳島小松島,徳島県,71106,s47895,2024-12
志布志,鹿児島県,88406,a0936,2019-01
志布志,鹿児島県,88406,a0936,2019-02
志布志,鹿児島県,88406,a0936,2019-03
志布志,鹿児島県,88406,a0936,2019-04
志布志,鹿児島県,88406,a0936,2019-05
志布志,鹿児島県,88406,a0936,2019-06
志布志,鹿児島県,88406,a0936,2019-07
志布志,鹿児島県,88406,a0936,2019-08
志布志,鹿児島県,88406,a0936,2019-09
志布志,鹿児島県,88406,a0936,2019-10
志布志,鹿児島県,88406,a0936,2019-11
志布志,鹿児島県,88406,a0936,2019-12
志布志,鹿児島県,88406,a0936,2020-01
志布志,鹿児島県,88406,a0936,2020-02
志布志,鹿児島県,88406,a0936,2020-03
志布志,鹿児島県,88406,a0936,2020-04
志布志,鹿児島県,88406,a0936,2020-05
志布志,鹿児島県,88406,a0936,2020-06
志布志,鹿児島県,88406,a0936,2020-07
志布志,鹿児島県,88406,a0936,2020-08
志布志,鹿児島県,88406,a0936,2020-09
志布志,鹿児島県,88406,a0936,2020-10
志布志,鹿児島県,88406,a0936,2020-11
志布志,鹿児島県,88406,a0936,2020-12
志布志,鹿児島県,88406,a0936,2021-01
志布志,鹿児島県,88406,a0936,2021-02
志布志,鹿児島県,88406,a0936,2021-03
志布志,鹿児島県,88406,a0936,2021-04
志布志,鹿児島県,88406,a0936,2021-05
志布志,鹿児島県,88406,a0936,2021-06
志布志,鹿児島県,88406,a0936,2021-07
志布志,鹿児島県,88406,a0936,2021-08
志布志,鹿児島県,88406,a0936,2021-09
志布志,鹿児島県,88406,a0936,2021-10
志布志,鹿児島県,88406,a0936,2021-11
志布志,鹿児島県,88406,a0936,2021-12
志布志,鹿児島県,88406,a0936,2022-01
志布志,鹿児島県,88406,a0936,2022-02
志布志,鹿児島県,88406,a0936,2022-03
志布志,鹿児島県,88406,a0936,2022-04
志布志,鹿児島県,88406,a0936,2022-05
志布志,鹿児島県,88406,a0936,2022-06
志布志,鹿児島県,88406,a0936,2022-07
志布志,鹿児島県,88406,a0936,2022-08
志布志,鹿児島県,88406,a0936,2022-09
志布志,鹿児島県,88406,a0936,2022-10
志布志,鹿児島県,88406,a0936,2022-11
志布志,鹿児島県,88406,a0936,2022-12
志布志,鹿児島県,88406,a0936,2023-01
志布志,鹿児島県,88406,a0936,2023-02
志布志,鹿児島県,88406,a0936,2023-03
志布志,鹿児島県,88406,a0936,2023-04
志布志,鹿児島県,88406,a0936,2023-05
志布志,鹿児島県,88406,a0936,2023-06
志布志,鹿児島県,88406,a0936,2023-07
志布志,鹿児島県,88406,a0936,2023-08
志布志,鹿児島県,88406,a0936,2023-09
志布志,鹿児島県,88406,a0936,2023-10
志布志,鹿児島県,88406,a0936,2023-11
志布志,鹿児島県,88406,a0936,2023-12
志布志,鹿児島県,88406,a0936,2024-01
志布志,鹿児島県,88406,a0936,2024-02
志布志,鹿児島県,88406,a0936,2024-03
志布志,鹿児島県,88406,a0936,2024-04
志布志,鹿児島県,88406,a0936,2024-05
志布志,鹿児島県,88406,a0936,2024-06
志布志,鹿児島県,88406,a0936,2024-07
志布志,鹿児島県,88406,a0936,2024-08
志布志,鹿児島県,88406,a0936,2024-09
志布志,鹿児島県,88406,a0936,2024-10
志布志,鹿児島県,88406,a0936,2024-11
志布志,鹿児島県,88406,a0936,2024-12
敦賀,福井県,57248,s47631,2019-01
敦賀,福井県,57248,s47631,2019-02
敦賀,福井県,57248,s47631,2019-03
敦賀,福井県,57248,s47631,2019-04
敦賀,福井県,57248,s47631,2019-05
敦賀,福井県,57248,s47631,2019-06
敦賀,福井県,57248,s47631,2019-07
敦賀,福井県,57248,s47631,2019-08
敦賀,福井県,57248,s47631,2019-09
敦賀,福井県,57248,s47631,2019-10
敦賀,福井県,57248,s47631,2019-11
敦賀,福井県,57248,s47631,2019-12
敦賀,福井県,57248,s47631,2020-01
敦賀,福井県,57248,s47631,2020-02
敦賀,福井県,57248,s47631,2020-03
敦賀,福井県,57248,s47631,2020-04
敦賀,福井県,57248,s47631,2020-05
敦賀,福井県,57248,s47631,2020-06
敦賀,福井県,57248,s47631,2020-07
敦賀,福井県,57248,s47631,2020-08
敦賀,福井県,57248,s47631,2020-09
敦賀,福井県,57248,s47631,2020-10
敦賀,福井県,57248,s47631,2020-11
敦賀,福井県,57248,s47631,2020-12
敦賀,福井県,57248,s47631,2021-01
敦賀,福井県,57248,s47631,2021-02
敦賀,福井県,57248,s47631,2021-03
敦賀,福井県,57248,s47631,2021-04
敦賀,福井県,57248,s47631,2021-05
敦賀,福井県,57248,s47631,2021-06
敦賀,福井県,57248,s47631,2021-07
敦賀,福井県,57248,s47631,2021-08
敦賀,福井県,57248,s47631,2021-09
敦賀,福井県,57248,s47631,2021-10
敦賀,福井県,57248,s47631,2021-11
敦賀,福井県,57248,s47631,2021-12
敦賀,福井県,57248,s47631,2022-01
敦賀,福井県,57248,s47631,2022-02
敦賀,福井県,57248,s47631,2022-03
敦賀,福井県,57248,s47631,2022-04
敦賀,福井県,57248,s47631,2022-05
敦賀,福井県,57248,s47631,2022-06
敦賀,福井県,57248,s47631,2022-07
敦賀,福井県,57248,s47631,2022-08
敦賀,福井県,57248,s47631,2022-09
敦賀,福井県,57248,s47631,2022-10
敦賀,福井県,57248,s47631,2022-11
敦賀,福井県,57248,s47631,2022-12
敦賀,福井県,57248,s47631,2023-01
敦賀,福井県,57248,s47631,2023-02
敦賀,福井県,57248,s47631,2023-03
敦賀,福井県,57248,s47631,2023-04
敦賀,福井県,57248,s47631,2023-05
敦賀,福井県,57248,s47631,2023-06
敦賀,福井県,57248,s47631,2023-07
敦賀,福井県,57248,s47631,2023-08
敦賀,福井県,57248,s47631,2023-09
敦賀,福井県,57248,s47631,2023-10
敦賀,福井県,57248,s47631,2023-11
敦賀,福井県,57248,s47631,2023-12
敦賀,福井県,57248,s47631,2024-01
敦賀,福井県,57248,s47631,2024-02
敦賀,福井県,57248,s47631,2024-03
敦賀,福井県,57248,s47631,2024-04
敦賀,福井県,57248,s47631,2024-05
敦賀,福井県,57248,s47631,2024-06
敦賀,福井県,57248,s47631,2024-07
敦賀,福井県,57248,s47631,2024-08
敦賀,福井県,57248,s47631,2024-09
敦賀,福井県,57248,s47631,2024-10
敦賀,福井県,57248,s47631,2024-11
敦賀,福井県,57248,s47631,2024-12
新宮,和歌山県,65276,a0649,2019-01
新宮,和歌山県,65276,a0649,2019-02
新宮,和歌山県,65276,a0649,2019-03
新宮,和歌山県,65276,a0649,2019-04
新宮,和歌山県,65276,a0649,2019-05
新宮,和歌山県,65276,a0649,2019-06
新宮,和歌山県,65276,a0649,2019-07
新宮,和歌山県,65276,a0649,2019-08
新宮,和歌山県,65276,a0649,2019-09
新宮,和歌山県,65276,a0649,2019-10
新宮,和歌山県,65276,a0649,2019-11
新宮,和歌山県,65276,a0649,2019-12
新宮,和歌山県,65276,a0649,2020-01
新宮,和歌山県,65276,a0649,2020-02
新宮,和歌山県,65276,a0649,2020-03
新宮,和歌山県,65276,a0649,2020-04
新宮,和歌山県,65276,a0649,2020-05
新宮,和歌山県,65276,a0649,2020-06
新宮,和歌山県,65276,a0649,2020-07
新宮,和歌山県,65276,a0649,2020-08
新宮,和歌山県,65276,a0649,2020-09
新宮,和歌山県,65276,a0649,2020-10
新宮,和歌山県,65276,a0649,2020-11
新宮,和歌山県,65276,a0649,2020-12
新宮,和歌山県,65276,a0649,2021-01
新宮,和歌山県,65276,a0649,2021-02
新宮,和歌山県,65276,a0649,2021-03
新宮,和歌山県,65276,a0649,2021-04
新宮,和歌山県,65276,a0649,2021-05
新宮,和歌山県,65276,a0649,2021-06
新宮,和歌山県,65276,a0649,2021-07
新宮,和歌山県,65276,a0649,2021-08
新宮,和歌山県,65276,a0649,2021-09
新宮,和歌山県,65276,a0649,2021-10
新宮,和歌山県,65276,a0649,2021-11
新宮,和歌山県,65276,a0649,2021-12
新宮,和歌山県,65276,a0649,2022-01
新宮,和歌山県,65276,a0649,2022-02
新宮,和歌山県,65276,a0649,2022-03
新宮,和歌山県,65276,a0649,2022-04
新宮,和歌山県,65276,a0649,2022-05
新宮,和歌山県,65276,a0649,2022-06
新宮,和歌山県,65276,a0649,2022-07
新宮,和歌山県,65276,a0649,2022-08
新宮,和歌山県,65276,a0649,2022-09
新宮,和歌山県,65276,a0649,2022-10
新宮,和歌山県,65276,a0649,2022-11
新宮,和歌山県,65276,a0649,2022-12
新宮,和歌山県,65276,a0649,2023-01
新宮,和歌山県,65276,a0649,2023-02
新宮,和歌山県,65276,a0649,2023-03
新宮,和歌山県,65276,a0649,2023-04
新宮,和歌山県,65276,a0649,2023-05
新宮,和歌山県,65276,a0649,2023-06
新宮,和歌山県,65276,a0649,2023-07
新宮,和歌山県,65276,a0649,2023-08
新宮,和歌山県,65276,a0649,2023-09
新宮,和歌山県,65276,a0649,2023-10
新宮,和歌山県,65276,a0649,2023-11
新宮,和歌山県,65276,a0649,2023-12
新宮,和歌山県,65276,a0649,2024-01
新宮,和歌山県,65276,a0649,2024-02
新宮,和歌山県,65276,a0649,2024-03
新宮,和歌山県,65276,a0649,2024-04
新宮,和歌山県,65276,a0649,2024-05
新宮,和歌山県,65276,a0649,2024-06
新宮,和歌山県,65276,a0649,2024-07
新宮,和歌山県,65276,a0649,2024-08
新宮,和歌山県,65276,a0649,2024-09
新宮,和歌山県,65276,a0649,2024-10
新宮,和歌山県,65276,a0649,2024-11
新宮,和歌山県,65276,a0649,2024-12
新居浜,愛媛県,73141,a0734,2019-01
新居浜,愛媛県,73141,a0734,2019-02
新居浜,愛媛県,73141,a0734,2019-03
新居浜,愛媛県,73141,a0734,2019-04
新居浜,愛媛県,73141,a0734,2019-05
新居浜,愛媛県,73141,a0734,2019-06
新居浜,愛媛県,73141,a0734,2019-07
新居浜,愛媛県,73141,a0734,2019-08
新居浜,愛媛県,73141,a0734,2019-09
新居浜,愛媛県,73141,a0734,2019-10
新居浜,愛媛県,73141,a0734,2019-11
新居浜,愛媛県,73141,a0734,2019-12
新居浜,愛媛県,73141,a0734,2020-01
新居浜,愛媛県,73141,a0734,2020-02
新居浜,愛媛県,73141,a0734,2020-03
新居浜,愛媛県,73141,a0734,2020-04
新居浜,愛媛県,73141,a0734,2020-05
新居浜,愛媛県,73141,a0734,2020-06
新居浜,愛媛県,73141,a0734,2020-07
新居浜,愛媛県,73141,a0734,2020-08
新居浜,愛媛県,73141,a0734,2020-09
新居浜,愛媛県,73141,a0734,2020-10
新居浜,愛媛県,73141,a0734,2020-11
新居浜,愛媛県,73141,a0734,2020-12
新居浜,愛媛県,73141,a0734,2021-01
新居浜,愛媛県,73141,a0734,2021-02
新居浜,愛媛県,73141,a0734,2021-03
新居浜,愛媛県,73141,a0734,2021-04
新居浜,愛媛県,73141,a0734,2021-05
新居浜,愛媛県,73141,a0734,2021-06
新居浜,愛媛県,73141,a0734,2021-07
新居浜,愛媛県,73141,a0734,2021-08
新居浜,愛媛県,73141,a0734,2021-09
新居浜,愛媛県,73141,a0734,2021-10
新居浜,愛媛県,73141,a0734,2021-11
新居浜,愛媛県,73141,a0734,2021-12
新居浜,愛媛県,73141,a0734,2022-01
新居浜,愛媛県,73141,a0734,2022-02
新居浜,愛媛県,73141,a0734,2022-03
新居浜,愛媛県,73141,a0734,2022-04
新居浜,愛媛県,73141,a0734,2022-05
新居浜,愛媛県,73141,a0734,2022-06
新居浜,愛媛県,73141,a0734,2022-07
新居浜,愛媛県,73141,a0734,2022-08
新居浜,愛媛県,73141,a0734,2022-09
新居浜,愛媛県,73141,a0734,2022-10
新居浜,愛媛県,73141,a0734,2022-11
新居浜,愛媛県,73141,a0734,2022-12
新居浜,愛媛県,73141,a0734,2023-01
新居浜,愛媛県,73141,a0734,2023-02
新居浜,愛媛県,73141,a0734,2023-03
新居浜,愛媛県,73141,a0734,2023-04
新居浜,愛媛県,73141,a0734,2023-05
新居浜,愛媛県,73141,a0734,2023-06
新居浜,愛媛県,73141,a0734,2023-07
新居浜,愛媛県,73141,a0734,2023-08
新居浜,愛媛県,73141,a0734,2023-09
新居浜,愛媛県,73141,a0734,2023-10
新居浜,愛媛県,73141,a0734,2023-11
新居浜,愛媛県,73141,a0734,2023-12
新居浜,愛媛県,73141,a0734,2024-01
新居浜,愛媛県,73141,a0734,2024-02
新居浜,愛媛県,73141,a0734,2024-03
新居浜,愛媛県,73141,a0734,2024-04
新居浜,愛媛県,73141,a0734,2024-05
新居浜,愛媛県,73141,a0734,2024-06
新居浜,愛媛県,73141,a0734,2024-07
新居浜,愛媛県,73141,a0734,2024-08
新居浜,愛媛県,73141,a0734,2024-09
新居浜,愛媛県,73141,a0734,2024-10
新居浜,愛媛県,73141,a0734,2024-11
新居浜,愛媛県,73141,a0734,2024-12
新潟,新潟県,54236,a1469,2019-01
新潟,新潟県,54236,a1469,2019-02
新潟,新潟県,54236,a1469,2019-03
新潟,新潟県,54236,a1469,2019-04
新潟,新潟県,54236,a1469,2019-05
新潟,新潟県,54236,a1469,2019-06
新潟,新潟県,54236,a1469,2019-07
新潟,新潟県,54236,a1469,2019-08
新潟,新潟県,54236,a1469,2019-09
新潟,新潟県,54236,a1469,2019-10
新潟,新潟県,54236,a1469,2019-11
新潟,新潟県,54236,a1469,2019-12
新潟,新潟県,54236,a1469,2020-01
新潟,新潟県,54236,a1469,2020-02
新潟,新潟県,54236,a1469,2020-03
新潟,新潟県,54236,a1469,2020-04
新潟,新潟県,54236,a1469,2020-05
新潟,新潟県,54236,a1469,2020-06
新潟,新潟県,54236,a1469,2020-07
新潟,新潟県,54236,a1469,2020-08
新潟,新潟県,54236,a1469,2020-09
新潟,新潟県,54236,a1469,2020-10
新潟,新潟県,54236,a1469,2020-12
新潟,新潟県,54236,a1469,2021-04
新潟,新潟県,54236,a1469,2021-05
新潟,新潟県,54236,a1469,2021-06
新潟,新潟県,54236,a1469,2021-07
新潟,新潟県,54236,a1469,2021-08
新潟,新潟県,54236,a1469,2021-09
新潟,新潟県,54236,a1469,2021-10
新潟,新潟県,54236,a1469,2021-11
新潟,新潟県,54236,a1469,2021-12
新潟,新潟県,54236,a1469,2022-01
新潟,新潟県,54236,a1469,2022-02
新潟,新潟県,54236,a1469,2022-03
新潟,新潟県,54236,a1469,2022-04
新潟,新潟県,54236,a1469,2022-05
新潟,新潟県,54236,a1469,2022-06
新潟,新潟県,54236,a1469,2022-07
新潟,新潟県,54236,a1469,2022-08
新潟,新潟県,54236,a1469,2022-09
新潟,新潟県,54236,a1469,2022-10
新潟,新潟県,54236,a1469,2022-11
新潟,新潟県,54236,a1469,2022-12
新潟,新潟県,54236,a1469,2023-01
新潟,新潟県,54236,a1469,2023-02
新潟,新潟県,54236,a1469,2023-03
新潟,新潟県,54236,a1469,2023-04
新潟,新潟県,54236,a1469,2023-05
新潟,新潟県,54236,a1469,2023-06
新潟,新潟県,54236,a1469,2023-07
新潟,新潟県,54236,a1469,2023-08
新潟,新潟県,54236,a1469,2023-09
新潟,新潟県,54236,a1469,2023-10
新潟,新潟県,54236,a1469,2023-11
新潟,新潟県,54236,a1469,2023-12
新潟,新潟県,54236,a1469,2024-01
新潟,新潟県,54236,a1469,2024-02
新潟,新潟県,54236,a1469,2024-03
新潟,新潟県,54236,a1469,2024-04
新潟,新潟県,54236,a1469,2024-05
新潟,新潟県,54236,a1469,2024-06
新潟,新潟県,54236,a1469,2024-07
新潟,新潟県,54236,a1469,2024-08
新潟,新潟県,54236,a1469,2024-09
新潟,新潟県,54236,a1469,2024-10
新潟,新潟県,54236,a1469,2024-11
新潟,新潟県,54236,a1469,2024-12
日高,和歌山県,65201,a1485,2019-01
日高,和歌山県,65201,a1485,2019-02
日高,和歌山県,65201,a1485,2019-03
日高,和歌山県,65201,a1485,2019-04
日高,和歌山県,65201,a1485,2019-05
日高,和歌山県,65201,a1485,2019-06
日高,和歌山県,65201,a1485,2019-07
日高,和歌山県,65201,a1485,2019-08
日高,和歌山県,65201,a1485,2019-09
日高,和歌山県,65201,a1485,2019-10
日高,和歌山県,65201,a1485,2019-11
日高,和歌山県,65201,a1485,2019-12
日高,和歌山県,65201,a1485,2020-01
日高,和歌山県,65201,a1485,2020-02
日高,和歌山県,65201,a1485,2020-03
日高,和歌山県,65201,a1485,2020-04
日高,和歌山県,65201,a1485,2020-05
日高,和歌山県,65201,a1485,2020-06
日高,和歌山県,65201,a1485,2020-07
日高,和歌山県,65201,a1485,2020-08
日高,和歌山県,65201,a1485,2020-09
日高,和歌山県,65201,a1485,2020-10
日高,和歌山県,65201,a1485,2020-11
日高,和歌山県,65201,a1485,2020-12
日高,和歌山県,65201,a1485,2021-01
日高,和歌山県,65201,a1485,2021-02
日高,和歌山県,65201,a1485,2021-03
日高,和歌山県,65201,a1485,2021-04
日高,和歌山県,65201,a1485,2021-05
日高,和歌山県,65201,a1485,2021-06
日高,和歌山県,65201,a1485,2021-07
日高,和歌山県,65201,a1485,2021-08
日高,和歌山県,65201,a1485,2021-09
日高,和歌山県,65201,a1485,2021-10
日高,和歌山県,65201,a1485,2021-11
日高,和歌山県,65201,a1485,2021-12
日高,和歌山県,65201,a1485,2022-01
日高,和歌山県,65201,a1485,2022-02
日高,和歌山県,65201,a1485,2022-03
日高,和歌山県,65201,a1485,2022-04
日高,和歌山県,65201,a1485,2022-05
日高,和歌山県,65201,a1485,2022-06
日高,和歌山県,65201,a1485,2022-07
日高,和歌山県,65201,a1485,2022-08
日高,和歌山県,65201,a1485,2022-09
日高,和歌山県,65201,a1485,2022-10
日高,和歌山県,65201,a1485,2022-11
日高,和歌山県,65201,a1485,2022-12
日高,和歌山県,65201,a1485,2023-01
日高,和歌山県,65201,a1485,2023-02
日高,和歌山県,65201,a1485,2023-03
日高,和歌山県,65201,a1485,2023-04
日高,和歌山県,65201,a1485,2023-05
日高,和歌山県,65201,a1485,2023-06
日高,和歌山県,65201,a1485,2023-07
日高,和歌山県,65201,a1485,2023-08
日高,和歌山県,65201,a1485,2023-09
日高,和歌山県,65201,a1485,2023-10
日高,和歌山県,65201,a1485,2023-11
日高,和歌山県,65201,a1485,2023-12
日高,和歌山県,65201,a1485,2024-01
日高,和歌山県,65201,a1485,2024-02
日高,和歌山県,65201,a1485,2024-03
日高,和歌山県,65201,a1485,2024-04
日高,和歌山県,65201,a1485,2024-05
日高,和歌山県,65201,a1485,2024-06
日高,和歌山県,65201,a1485,2024-07
日高,和歌山県,65201,a1485,2024-08
日高,和歌山県,65201,a1485,2024-09
日高,和歌山県,65201,a1485,2024-10
日高,和歌山県,65201,a1485,2024-11
日高,和歌山県,65201,a1485,2024-12
明石,兵庫県,63496,a0625,2019-01
明石,兵庫県,63496,a0625,2019-02
明石,兵庫県,63496,a0625,2019-03
明石,兵庫県,63496,a0625,2019-04
明石,兵庫県,63496,a0625,2019-05
明石,兵庫県,63496,a0625,2019-06
明石,兵庫県,63496,a0625,2019-07
明石,兵庫県,63496,a0625,2019-08
明石,兵庫県,63496,a0625,2019-09
明石,兵庫県,63496,a0625,2019-10
明石,兵庫県,63496,a0625,2019-11
明石,兵庫県,63496,a0625,2019-12
明石,兵庫県,63496,a0625,2020-01
明石,兵庫県,63496,a0625,2020-02
明石,兵庫県,63496,a0625,2020-03
明石,兵庫県,63496,a0625,2020-04
明石,兵庫県,63496,a0625,2020-05
明石,兵庫県,63496,a0625,2020-06
明石,兵庫県,63496,a0625,2020-07
明石,兵庫県,63496,a0625,2020-08
明石,兵庫県,63496,a0625,2020-09
明石,兵庫県,63496,a0625,2020-10
明石,兵庫県,63496,a0625,2020-11
明石,兵庫県,63496,a0625,2020-12
明石,兵庫県,63496,a0625,2021-01
明石,兵庫県,63496,a0625,2021-02
明石,兵庫県,63496,a0625,2021-03
明石,兵庫県,63496,a0625,2021-04
明石,兵庫県,63496,a0625,2021-05
明石,兵庫県,63496,a0625,2021-06
明石,兵庫県,63496,a0625,2021-07
明石,兵庫県,63496,a0625,2021-08
明石,兵庫県,63496,a0625,2021-09
明石,兵庫県,63496,a0625,2021-10
明石,兵庫県,63496,a0625,2021-11
明石,兵庫県,63496,a0625,2021-12
明石,兵庫県,63496,a0625,2022-01
明石,兵庫県,63496,a0625,2022-02
明石,兵庫県,63496,a0625,2022-03
明石,兵庫県,63496,a0625,2022-04
明石,兵庫県,63496,a0625,2022-05
明石,兵庫県,63496,a0625,2022-06
明石,兵庫県,63496,a0625,2022-07
明石,兵庫県,63496,a0625,2022-08
明石,兵庫県,63496,a0625,2022-09
明石,兵庫県,63496,a0625,2022-10
明石,兵庫県,63496,a0625,2022-11
明石,兵庫県,63496,a0625,2022-12
明石,兵庫県,63496,a0625,2023-01
明石,兵庫県,63496,a0625,2023-02
明石,兵庫県,63496,a0625,2023-03
明石,兵庫県,63496,a0625,2023-04
明石,兵庫県,63496,a0625,2023-05
明石,兵庫県,63496,a0625,2023-06
明石,兵庫県,63496,a0625,2023-07
明石,兵庫県,63496,a0625,2023-08
明石,兵庫県,63496,a0625,2023-09
明石,兵庫県,63496,a0625,2023-10
明石,兵庫県,63496,a0625,2023-11
明石,兵庫県,63496,a0625,2023-12
明石,兵庫県,63496,a0625,2024-01
明石,兵庫県,63496,a0625,2024-02
明石,兵庫県,63496,a0625,2024-03
明石,兵庫県,63496,a0625,2024-04
明石,兵庫県,63496,a0625,2024-05
明石,兵庫県,63496,a0625,2024-06
明石,兵庫県,63496,a0625,2024-07
明石,兵庫県,63496,a0625,2024-08
明石,兵庫県,63496,a0625,2024-09
明石,兵庫県,63496,a0625,2024-10
明石,兵庫県,63496,a0625,2024-11
明石,兵庫県,63496,a0625,2024-12
木更津,千葉県,45282,a0382,2019-01
木更津,千葉県,45282,a0382,2019-02
木更津,千葉県,45282,a0382,2019-03
木更津,千葉県,45282,a0382,2019-04
木更津,千葉県,45282,a0382,2019-05
木更津,千葉県,45282,a0382,2019-06
木更津,千葉県,45282,a0382,2019-07
木更津,千葉県,45282,a0382,2019-08
木更津,千葉県,45282,a0382,2019-10
木更津,千葉県,45282,a0382,2019-11
木更津,千葉県,45282,a0382,2019-12
木更津,千葉県,45282,a0382,2020-01
木更津,千葉県,45282,a0382,2020-02
木更津,千葉県,45282,a0382,2020-03
木更津,千葉県,45282,a0382,2020-04
木更津,千葉県,45282,a0382,2020-05
木更津,千葉県,45282,a0382,2020-06
木更津,千葉県,45282,a0382,2020-07
木更津,千葉県,45282,a0382,2020-08
木更津,千葉県,45282,a0382,2020-09
木更津,千葉県,45282,a0382,2020-10
木更津,千葉県,45282,a0382,2020-11
木更津,千葉県,45282,a0382,2020-12
木更津,千葉県,45282,a0382,2021-01
木更津,千葉県,45282,a0382,2021-02
木更津,千葉県,45282,a0382,2021-03
木更津,千葉県,45282,a0382,2021-04
木更津,千葉県,45282,a0382,2021-05
木更津,千葉県,45282,a0382,2021-06
木更津,千葉県,45282,a0382,2021-07
木更津,千葉県,45282,a0382,2021-08
木更津,千葉県,45282,a0382,2021-09
木更津,千葉県,45282,a0382,2021-10
木更津,千葉県,45282,a0382,2021-11
木更津,千葉県,45282,a0382,2021-12
木更津,千葉県,45282,a0382,2022-01
木更津,千葉県,45282,a0382,2022-02
木更津,千葉県,45282,a0382,2022-03
木更津,千葉県,45282,a0382,2022-04
木更津,千葉県,45282,a0382,2022-05
木更津,千葉県,45282,a0382,2022-06
木更津,千葉県,45282,a0382,2022-07
木更津,千葉県,45282,a0382,2022-08
木更津,千葉県,45282,a0382,2022-09
木更津,千葉県,45282,a0382,2022-10
木更津,千葉県,45282,a0382,2022-11
木更津,千葉県,45282,a0382,2022-12
木更津,千葉県,45282,a0382,2023-01
木更津,千葉県,45282,a0382,2023-02
木更津,千葉県,45282,a0382,2023-03
木更津,千葉県,45282,a0382,2023-04
木更津,千葉県,45282,a0382,2023-05
木更津,千葉県,45282,a0382,2023-06
木更津,千葉県,45282,a0382,2023-07
木更津,千葉県,45282,a0382,2023-08
木更津,千葉県,45282,a0382,2023-09
木更津,千葉県,45282,a0382,2023-10
木更津,千葉県,45282,a0382,2023-11
木更津,千葉県,45282,a0382,2023-12
木更津,千葉県,45282,a0382,2024-01
木更津,千葉県,45282,a0382,2024-02
木更津,千葉県,45282,a0382,2024-03
木更津,千葉県,45282,a0382,2024-04
木更津,千葉県,45282,a0382,2024-05
木更津,千葉県,45282,a0382,2024-06
木更津,千葉県,45282,a0382,2024-07
木更津,千葉県,45282,a0382,2024-08
木更津,千葉県,45282,a0382,2024-09
木更津,千葉県,45282,a0382,2024-10
木更津,千葉県,45282,a0382,2024-11
木更津,千葉県,45282,a0382,2024-12
本部,沖縄県,91107,s47940,2019-01
本部,沖縄県,91107,s47940,2019-02
本部,沖縄県,91107,s47940,2019-03
本部,沖縄県,91107,s47940,2019-04
本部,沖縄県,91107,s47940,2019-05
本部,沖縄県,91107,s47940,2019-06
本部,沖縄県,91107,s47940,2019-07
本部,沖縄県,91107,s47940,2019-08
本部,沖縄県,91107,s47940,2019-09
本部,沖縄県,91107,s47940,2019-10
本部,沖縄県,91107,s47940,2019-11
本部,沖縄県,91107,s47940,2019-12
本部,沖縄県,91107,s47940,2020-01
本部,沖縄県,91107,s47940,2020-02
本部,沖縄県,91107,s47940,2020-03
本部,沖縄県,91107,s47940,2020-04
本部,沖縄県,91107,s47940,2020-05
本部,沖縄県,91107,s47940,2020-06
本部,沖縄県,91107,s47940,2020-07
本部,沖縄県,91107,s47940,2020-08
本部,沖縄県,91107,s47940,2020-09
本部,沖縄県,91107,s47940,2020-10
本部,沖縄県,91107,s47940,2020-11
本部,沖縄県,91107,s47940,2020-12
本部,沖縄県,91107,s47940,2021-01
本部,沖縄県,91107,s47940,2021-02
本部,沖縄県,91107,s47940,2021-03
本部,沖縄県,91107,s47940,2021-04
本部,沖縄県,91107,s47940,2021-05
本部,沖縄県,91107,s47940,2021-06
本部,沖縄県,91107,s47940,2021-07
本部,沖縄県,91107,s47940,2021-08
本部,沖縄県,91107,s47940,2021-09
本部,沖縄県,91107,s47940,2021-10
本部,沖縄県,91107,s47940,2021-11
本部,沖縄県,91107,s47940,2021-12
本部,沖縄県,91107,s47940,2022-01
本部,沖縄県,91107,s47940,2022-02
本部,沖縄県,91107,s47940,2022-03
本部,沖縄県,91107,s47940,2022-04
本部,沖縄県,91107,s47940,2022-05
本部,沖縄県,91107,s47940,2022-06
本部,沖縄県,91107,s47940,2022-07
本部,沖縄県,91107,s47940,2022-08
本部,沖縄県,91107,s47940,2022-09
本部,沖縄県,91107,s47940,2022-10
本部,沖縄県,91107,s47940,2022-11
本部,沖縄県,91107,s47940,2022-12
本部,沖縄県,91107,s47940,2023-01
本部,沖縄県,91107,s47940,2023-02
本部,沖縄県,91107,s47940,2023-03
本部,沖縄県,91107,s47940,2023-04
本部,沖縄県,91107,s47940,2023-05
本部,沖縄県,91107,s47940,2023-06
本部,沖縄県,91107,s47940,2023-07
本部,沖縄県,91107,s47940,2023-08
本部,沖縄県,91107,s47940,2023-09
本部,沖縄県,91107,s47940,2023-10
本部,沖縄県,91107,s47940,2023-11
本部,沖縄県,91107,s47940,2023-12
本部,沖縄県,91107,s47940,2024-01
本部,沖縄県,91107,s47940,2024-02
本部,沖縄県,91107,s47940,2024-03
本部,沖縄県,91107,s47940,2024-04
本部,沖縄県,91107,s47940,2024-05
本部,沖縄県,91107,s47940,2024-06
本部,沖縄県,91107,s47940,2024-07
本部,沖縄県,91107,s47940,2024-08
本部,沖縄県,91107,s47940,2024-09
本部,沖縄県,91107,s47940,2024-10
本部,沖縄県,91107,s47940,2024-11
本部,沖縄県,91107,s47940,2024-12
東予,愛媛県,73126,a0958,2019-01
東予,愛媛県,73126,a0958,2019-02
東予,愛媛県,73126,a0958,2019-03
東予,愛媛県,73126,a0958,2019-04
東予,愛媛県,73126,a0958,2019-05
東予,愛媛県,73126,a0958,2019-06
東予,愛媛県,73126,a0958,2019-07
東予,愛媛県,73126,a0958,2019-08
東予,愛媛県,73126,a0958,2019-09
東予,愛媛県,73126,a0958,2019-10
東予,愛媛県,73126,a0958,2019-11
東予,愛媛県,73126,a0958,2019-12
東予,愛媛県,73126,a0958,2020-01
東予,愛媛県,73126,a0958,2020-02
東予,愛媛県,73126,a0958,2020-03
東予,愛媛県,73126,a0958,2020-04
東予,愛媛県,73126,a0958,2020-05
東予,愛媛県,73126,a0958,2020-06
東予,愛媛県,73126,a0958,2020-07
東予,愛媛県,73126,a0958,2020-08
東予,愛媛県,73126,a0958,2020-09
東予,愛媛県,73126,a0958,2020-10
東予,愛媛県,73126,a0958,2020-11
東予,愛媛県,73126,a0958,2020-12
東予,愛媛県,73126,a0958,2021-01
東予,愛媛県,73126,a0958,2021-02
東予,愛媛県,73126,a0958,2021-03
東予,愛媛県,73126,a0958,2021-04
東予,愛媛県,73126,a0958,2021-05
東予,愛媛県,73126,a0958,2021-06
東予,愛媛県,73126,a0958,2021-07
東予,愛媛県,73126,a0958,2021-08
東予,愛媛県,73126,a0958,2021-09
東予,愛媛県,73126,a0958,2021-10
東予,愛媛県,73126,a0958,2021-11
東予,愛媛県,73126,a0958,2021-12
東予,愛媛県,73126,a0958,2022-01
東予,愛媛県,73126,a0958,2022-02
東予,愛媛県,73126,a0958,2022-03
東予,愛媛県,73126,a0958,2022-04
東予,愛媛県,73126,a0958,2022-05
東予,愛媛県,73126,a0958,2022-06
東予,愛媛県,73126,a0958,2022-07
東予,愛媛県,73126,a0958,2022-08
東予,愛媛県,73126,a0958,2022-09
東予,愛媛県,73126,a0958,2022-10
東予,愛媛県,73126,a0958,2022-11
東予,愛媛県,73126,a0958,2022-12
東予,愛媛県,73126,a0958,2023-01
東予,愛媛県,73126,a0958,2023-02
東予,愛媛県,73126,a0958,2023-03
東予,愛媛県,73126,a0958,2023-04
東予,愛媛県,73126,a0958,2023-05
東予,愛媛県,73126,a0958,2023-06
東予,愛媛県,73126,a0958,2023-07
東予,愛媛県,73126,a0958,2023-08
東予,愛媛県,73126,a0958,2023-09
東予,愛媛県,73126,a0958,2023-10
東予,愛媛県,73126,a0958,2023-11
東予,愛媛県,73126,a0958,2023-12
東予,愛媛県,73126,a0958,2024-01
東予,愛媛県,73126,a0958,2024-02
東予,愛媛県,73126,a0958,2024-04
東予,愛媛県,73126,a0958,2024-05
東予,愛媛県,73126,a0958,2024-06
東予,愛媛県,73126,a0958,2024-07
東予,愛媛県,73126,a0958,2024-08
東予,愛媛県,73126,a0958,2024-09
東予,愛媛県,73126,a0958,2024-10
東予,愛媛県,73126,a0958,2024-11
東予,愛媛県,73126,a0958,2024-12
東京,東京都,44166,a0371,2019-01
東京,東京都,44166,a0371,2019-02
東京,東京都,44166,a0371,2019-03
東京,東京都,44166,a0371,2019-04
東京,東京都,44166,a0371,2019-05
東京,東京都,44166,a0371,2019-06
東京,東京都,44166,a0371,2019-07
東京,東京都,44166,a0371,2019-08
東京,東京都,44166,a0371,2019-09
東京,東京都,44166,a0371,2019-10
東京,東京都,44166,a0371,2019-11
東京,東京都,44166,a0371,2019-12
東京,東京都,44166,a0371,2020-01
東京,東京都,44166,a0371,2020-02
東京,東京都,44166,a0371,2020-03
東京,東京都,44166,a0371,2020-04
東京,東京都,44166,a0371,2020-05
東京,東京都,44166,a0371,2020-06
東京,東京都,44166,a0371,2020-07
東京,東京都,44166,a0371,2020-08
東京,東京都,44166,a0371,2020-09
東京,東京都,44166,a0371,2020-10
東京,東京都,44166,a0371,2020-12
東京,東京都,44166,a0371,2021-01
東京,東京都,44166,a0371,2021-04
東京,東京都,44166,a0371,2021-05
東京,東京都,44166,a0371,2021-06
東京,東京都,44166,a0371,2021-07
東京,東京都,44166,a0371,2021-08
東京,東京都,44166,a0371,2021-09
東京,東京都,44166,a0371,2021-10
東京,東京都,44166,a0371,2021-11
東京,東京都,44166,a0371,2021-12
東京,東京都,44166,a0371,2022-01
東京,東京都,44166,a0371,2022-02
東京,東京都,44166,a0371,2022-03
東京,東京都,44166,a0371,2022-04
東京,東京都,44166,a0371,2022-05
東京,東京都,44166,a0371,2022-06
東京,東京都,44166,a0371,2022-07
東京,東京都,44166,a0371,2022-08
東京,東京都,44166,a0371,2022-09
東京,東京都,44166,a0371,2022-10
東京,東京都,44166,a0371,2022-11
東京,東京都,44166,a0371,2022-12
東京,東京都,44166,a0371,2023-01
東京,東京都,44166,a0371,2023-02
東京,東京都,44166,a0371,2023-03
東京,東京都,44166,a0371,2023-04
東京,東京都,44166,a0371,2023-05
東京,東京都,44166,a0371,2023-06
東京,東京都,44166,a0371,2023-07
東京,東京都,44166,a0371,2023-08
東京,東京都,44166,a0371,2023-09
東京,東京都,44166,a0371,2023-10
東京,東京都,44166,a0371,2023-11
東京,東京都,44166,a0371,2023-12
東京,東京都,44166,a0371,2024-01
東京,東京都,44166,a0371,2024-02
東京,東京都,44166,a0371,2024-03
東京,東京都,44166,a0371,2024-04
東京,東京都,44166,a0371,2024-05
東京,東京都,44166,a0371,2024-06
東京,東京都,44166,a0371,2024-07
東京,東京都,44166,a0371,2024-08
東京,東京都,44166,a0371,2024-09
東京,東京都,44166,a0371,2024-10
東京,東京都,44166,a0371,2024-11
東京,東京都,44166,a0371,2024-12
東備,岡山県,66421,a0668,2019-01
東備,岡山県,66421,a0668,2019-02
東備,岡山県,66421,a0668,2019-03
東備,岡山県,66421,a0668,2019-04
東備,岡山県,66421,a0668,2019-05
東備,岡山県,66421,a0668,2019-06
東備,岡山県,66421,a0668,2019-07
東備,岡山県,66421,a0668,2019-08
東備,岡山県,66421,a0668,2019-09
東備,岡山県,66421,a0668,2019-10
東備,岡山県,66421,a0668,2019-11
東備,岡山県,66421,a0668,2019-12
東備,岡山県,66421,a0668,2020-01
東備,岡山県,66421,a0668,2020-02
東備,岡山県,66421,a0668,2020-03
東備,岡山県,66421,a0668,2020-04
東備,岡山県,66421,a0668,2020-05
東備,岡山県,66421,a0668,2020-06
東備,岡山県,66421,a0668,2020-07
東備,岡山県,66421,a0668,2020-08
東備,岡山県,66421,a0668,2020-09
東備,岡山県,66421,a0668,2020-10
東備,岡山県,66421,a0668,2020-11
東備,岡山県,66421,a0668,2020-12
東備,岡山県,66421,a0668,2021-01
東備,岡山県,66421,a0668,2021-02
東備,岡山県,66421,a0668,2021-03
東備,岡山県,66421,a0668,2021-04
東備,岡山県,66421,a0668,2021-05
東備,岡山県,66421,a0668,2021-06
東備,岡山県,66421,a0668,2021-07
東備,岡山県,66421,a0668,2021-08
東備,岡山県,66421,a0668,2021-09
東備,岡山県,66421,a0668,2021-10
東備,岡山県,66421,a0668,2021-11
東備,岡山県,66421,a0668,2021-12
東備,岡山県,66421,a0668,2023-06
東備,岡山県,66421,a0668,2023-07
東備,岡山県,66421,a0668,2023-08
東備,岡山県,66421,a0668,2023-09
東備,岡山県,66421,a0668,2023-10
東備,岡山県,66421,a0668,2023-11
東備,岡山県,66421,a0668,2023-12
東備,岡山県,66421,a0668,2024-01
東備,岡山県,66421,a0668,2024-02
東備,岡山県,66421,a0668,2024-03
東備,岡山県,66421,a0668,2024-04
東備,岡山県,66421,a0668,2024-05
東備,岡山県,66421,a0668,2024-06
東備,岡山県,66421,a0668,2024-07
東備,岡山県,66421,a0668,2024-08
東備,岡山県,66421,a0668,2024-09
東備,岡山県,66421,a0668,2024-10
東備,岡山県,66421,a0668,2024-11
東備,岡山県,66421,a0668,2024-12
東播磨,兵庫県,63496,a0625,2019-01
東播磨,兵庫県,63496,a0625,2019-02
東播磨,兵庫県,63496,a0625,2019-03
東播磨,兵庫県,63496,a0625,2019-04
東播磨,兵庫県,63496,a0625,2019-05
東播磨,兵庫県,63496,a0625,2019-06
東播磨,兵庫県,63496,a0625,2019-07
東播磨,兵庫県,63496,a0625,2019-08
東播磨,兵庫県,63496,a0625,2019-09
東播磨,兵庫県,63496,a0625,2019-10
東播磨,兵庫県,63496,a0625,2019-11
東播磨,兵庫県,63496,a0625,2019-12
東播磨,兵庫県,63496,a0625,2020-01
東播磨,兵庫県,63496,a0625,2020-02
東播磨,兵庫県,63496,a0625,2020-03
東播磨,兵庫県,63496,a0625,2020-04
東播磨,兵庫県,63496,a0625,2020-05
東播磨,兵庫県,63496,a0625,2020-06
東播磨,兵庫県,63496,a0625,2020-07
東播磨,兵庫県,63496,a0625,2020-08
東播磨,兵庫県,63496,a0625,2020-09
東播磨,兵庫県,63496,a0625,2020-10
東播磨,兵庫県,63496,a0625,2020-11
東播磨,兵庫県,63496,a0625,2020-12
東播磨,兵庫県,63496,a0625,2021-01
東播磨,兵庫県,63496,a0625,2021-02
東播磨,兵庫県,63496,a0625,2021-03
東播磨,兵庫県,63496,a0625,2021-04
東播磨,兵庫県,63496,a0625,2021-05
東播磨,兵庫県,63496,a0625,2021-06
東播磨,兵庫県,63496,a0625,2021-07
東播磨,兵庫県,63496,a0625,2021-08
東播磨,兵庫県,63496,a0625,2021-09
東播磨,兵庫県,63496,a0625,2021-10
東播磨,兵庫県,63496,a0625,2021-11
東播磨,兵庫県,63496,a0625,2021-12
東播磨,兵庫県,63496,a0625,2022-01
東播磨,兵庫県,63496,a0625,2022-02
東播磨,兵庫県,63496,a0625,2022-03
東播磨,兵庫県,63496,a0625,2022-04
東播磨,兵庫県,63496,a0625,2022-05
東播磨,兵庫県,63496,a0625,2022-06
東播磨,兵庫県,63496,a0625,2022-07
東播磨,兵庫県,63496,a0625,2022-08
東播磨,兵庫県,63496,a0625,2022-09
東播磨,兵庫県,63496,a0625,2022-10
東播磨,兵庫県,63496,a0625,2022-11
東播磨,兵庫県,63496,a0625,2022-12
東播磨,兵庫県,63496,a0625,2023-01
東播磨,兵庫県,63496,a0625,2023-02
東播磨,兵庫県,63496,a0625,2023-03
東播磨,兵庫県,63496,a0625,2023-04
東播磨,兵庫県,63496,a0625,2023-05
東播磨,兵庫県,63496,a0625,2023-06
東播磨,兵庫県,63496,a0625,2023-07
東播磨,兵庫県,63496,a0625,2023-08
東播磨,兵庫県,63496,a0625,2023-09
東播磨,兵庫県,63496,a0625,2023-10
東播磨,兵庫県,63496,a0625,2023-11
東播磨,兵庫県,63496,a0625,2023-12
東播磨,兵庫県,63496,a0625,2024-01
東播磨,兵庫県,63496,a0625,2024-02
東播磨,兵庫県,63496,a0625,2024-03
東播磨,兵庫県,63496,a0625,2024-04
東播磨,兵庫県,63496,a0625,2024-05
東播磨,兵庫県,63496,a0625,2024-06
東播磨,兵庫県,63496,a0625,2024-07
東播磨,兵庫県,63496,a0625,2024-08
東播磨,兵庫県,63496,a0625,2024-09
東播磨,兵庫県,63496,a0625,2024-10
東播磨,兵庫県,63496,a0625,2024-11
東播磨,兵庫県,63496,a0625,2024-12
松山,愛媛県,73168,a1521,2019-01
松山,愛媛県,73168,a1521,2019-02
松山,愛媛県,73168,a1521,2019-03
松山,愛媛県,73168,a1521,2019-04
松山,愛媛県,73168,a1521,2019-05
松山,愛媛県,73168,a1521,2019-06
松山,愛媛県,73168,a1521,2019-07
松山,愛媛県,73168,a1521,2019-08
松山,愛媛県,73168,a1521,2019-09
松山,愛媛県,73168,a1521,2019-10
松山,愛媛県,73168,a1521,2019-11
松山,愛媛県,73168,a1521,2019-12
松山,愛媛県,73168,a1521,2020-01
松山,愛媛県,73168,a1521,2020-02
松山,愛媛県,73168,a1521,2020-03
松山,愛媛県,73168,a1521,2020-04
松山,愛媛県,73168,a1521,2020-05
松山,愛媛県,73168,a1521,2020-06
松山,愛媛県,73168,a1521,2020-07
松山,愛媛県,73168,a1521,2020-08
松山,愛媛県,73168,a1521,2020-09
松山,愛媛県,73168,a1521,2020-10
松山,愛媛県,73168,a1521,2021-04
松山,愛媛県,73168,a1521,2021-05
松山,愛媛県,73168,a1521,2021-06
松山,愛媛県,73168,a1521,2021-07
松山,愛媛県,73168,a1521,2021-08
松山,愛媛県,73168,a1521,2021-09
松山,愛媛県,73168,a1521,2021-10
松山,愛媛県,73168,a1521,2021-11
松山,愛媛県,73168,a1521,2021-12
松山,愛媛県,73168,a1521,2022-01
松山,愛媛県,73168,a1521,2022-02
松山,愛媛県,73168,a1521,2022-03
松山,愛媛県,73168,a1521,2022-04
松山,愛媛県,73168,a1521,2022-05
松山,愛媛県,73168,a1521,2022-06
松山,愛媛県,73168,a1521,2022-07
松山,愛媛県,73168,a1521,2022-08
松山,愛媛県,73168,a1521,2022-09
松山,愛媛県,73168,a1521,2022-10
松山,愛媛県,73168,a1521,2022-11
松山,愛媛県,73168,a1521,2022-12
松山,愛媛県,73168,a1521,2023-01
松山,愛媛県,73168,a1521,2023-02
松山,愛媛県,73168,a1521,2023-03
松山,愛媛県,73168,a1521,2023-04
松山,愛媛県,73168,a1521,2023-05
松山,愛媛県,73168,a1521,2023-06
松山,愛媛県,73168,a1521,2023-07
松山,愛媛県,73168,a1521,2023-08
松山,愛媛県,73168,a1521,2023-09
松山,愛媛県,73168,a1521,2023-10
松山,愛媛県,73168,a1521,2023-11
松山,愛媛県,73168,a1521,2023-12
松山,愛媛県,73168,a1521,2024-01
松山,愛媛県,73168,a1521,2024-02
松山,愛媛県,73168,a1521,2024-03
松山,愛媛県,73168,a1521,2024-04
松山,愛媛県,73168,a1521,2024-05
松山,愛媛県,73168,a1521,2024-06
松山,愛媛県,73168,a1521,2024-07
松山,愛媛県,73168,a1521,2024-08
松山,愛媛県,73168,a1521,2024-09
松山,愛媛県,73168,a1521,2024-10
松山,愛媛県,73168,a1521,2024-11
松山,愛媛県,73168,a1521,2024-12
松浦,長崎県,84183,a0814,2019-01
松浦,長崎県,84183,a0814,2019-02
松浦,長崎県,84183,a0814,2019-03
松浦,長崎県,84183,a0814,2019-04
松浦,長崎県,84183,a0814,2019-05
松浦,長崎県,84183,a0814,2019-06
松浦,長崎県,84183,a0814,2019-07
松浦,長崎県,84183,a0814,2019-08
松浦,長崎県,84183,a0814,2019-09
松浦,長崎県,84183,a0814,2019-10
松浦,長崎県,84183,a0814,2019-11
松浦,長崎県,84183,a0814,2019-12
松浦,長崎県,84183,a0814,2020-01
松浦,長崎県,84183,a0814,2020-02
松浦,長崎県,84183,a0814,2020-03
松浦,長崎県,84183,a0814,2020-04
松浦,長崎県,84183,a0814,2020-05
松浦,長崎県,84183,a0814,2020-06
松浦,長崎県,84183,a0814,2020-07
松浦,長崎県,84183,a0814,2020-08
松浦,長崎県,84183,a0814,2020-09
松浦,長崎県,84183,a0814,2020-10
松浦,長崎県,84183,a0814,2020-11
松浦,長崎県,84183,a0814,2020-12
松浦,長崎県,84183,a0814,2021-01
松浦,長崎県,84183,a0814,2021-02
松浦,長崎県,84183,a0814,2021-03
松浦,長崎県,84183,a0814,2021-04
松浦,長崎県,84183,a0814,2021-05
松浦,長崎県,84183,a0814,2021-06
松浦,長崎県,84183,a0814,2021-07
松浦,長崎県,84183,a0814,2021-08
松浦,長崎県,84183,a0814,2021-09
松浦,長崎県,84183,a0814,2021-10
松浦,長崎県,84183,a0814,2021-11
松浦,長崎県,84183,a0814,2021-12
松浦,長崎県,84183,a0814,2022-01
松浦,長崎県,84183,a0814,2022-02
松浦,長崎県,84183,a0814,2022-03
松浦,長崎県,84183,a0814,2022-04
松浦,長崎県,84183,a0814,2022-05
松浦,長崎県,84183,a0814,2022-06
松浦,長崎県,84183,a0814,2022-07
松浦,長崎県,84183,a0814,2022-08
松浦,長崎県,84183,a0814,2022-09
松浦,長崎県,84183,a0814,2022-10
松浦,長崎県,84183,a0814,2022-11
松浦,長崎県,84183,a0814,2022-12
松浦,長崎県,84183,a0814,2023-01
松浦,長崎県,84183,a0814,2023-02
松浦,長崎県,84183,a0814,2023-03
松浦,長崎県,84183,a0814,2023-04
松浦,長崎県,84183,a0814,2023-05
松浦,長崎県,84183,a0814,2023-06
松浦,長崎県,84183,a0814,2023-07
松浦,長崎県,84183,a0814,2023-08
松浦,長崎県,84183,a0814,2023-09
松浦,長崎県,84183,a0814,2023-10
松浦,長崎県,84183,a0814,2023-11
松浦,長崎県,84183,a0814,2023-12
松浦,長崎県,84183,a0814,2024-01
松浦,長崎県,84183,a0814,2024-02
松浦,長崎県,84183,a0814,2024-03
松浦,長崎県,84183,a0814,2024-04
松浦,長崎県,84183,a0814,2024-05
松浦,長崎県,84183,a0814,2024-06
松浦,長崎県,84183,a0814,2024-07
松浦,長崎県,84183,a0814,2024-08
松浦,長崎県,84183,a0814,2024-09
松浦,長崎県,84183,a0814,2024-10
松浦,長崎県,84183,a0814,2024-11
松浦,長崎県,84183,a0814,2024-12
柏崎,新潟県,54541,a0532,2019-01
柏崎,新潟県,54541,a0532,2019-03
柏崎,新潟県,54541,a0532,2019-04
柏崎,新潟県,54541,a0532,2019-05
柏崎,新潟県,54541,a0532,2019-06
柏崎,新潟県,54541,a0532,2019-07
柏崎,新潟県,54541,a0532,2019-08
柏崎,新潟県,54541,a0532,2019-09
柏崎,新潟県,54541,a0532,2019-10
柏崎,新潟県,54541,a0532,2019-11
柏崎,新潟県,54541,a0532,2019-12
柏崎,新潟県,54541,a0532,2020-01
柏崎,新潟県,54541,a0532,2020-04
柏崎,新潟県,54541,a0532,2020-05
柏崎,新潟県,54541,a0532,2020-06
柏崎,新潟県,54541,a0532,2020-07
柏崎,新潟県,54541,a0532,2020-08
柏崎,新潟県,54541,a0532,2020-09
柏崎,新潟県,54541,a0532,2020-10
柏崎,新潟県,54541,a0532,2020-11
柏崎,新潟県,54541,a0532,2020-12
柏崎,新潟県,54541,a0532,2021-02
柏崎,新潟県,54541,a0532,2021-03
柏崎,新潟県,54541,a0532,2021-04
柏崎,新潟県,54541,a0532,2021-05
柏崎,新潟県,54541,a0532,2021-06
柏崎,新潟県,54541,a0532,2021-07
柏崎,新潟県,54541,a0532,2021-08
柏崎,新潟県,54541,a0532,2021-09
柏崎,新潟県,54541,a0532,2021-10
柏崎,新潟県,54541,a0532,2021-11
柏崎,新潟県,54541,a0532,2021-12
柏崎,新潟県,54541,a0532,2022-01
柏崎,新潟県,54541,a0532,2022-02
柏崎,新潟県,54541,a0532,2022-03
柏崎,新潟県,54541,a0532,2022-04
柏崎,新潟県,54541,a0532,2022-05
柏崎,新潟県,54541,a0532,2022-06
柏崎,新潟県,54541,a0532,2022-07
柏崎,新潟県,54541,a0532,2022-08
柏崎,新潟県,54541,a0532,2022-09
柏崎,新潟県,54541,a0532,2022-10
柏崎,新潟県,54541,a0532,2022-11
柏崎,新潟県,54541,a0532,2023-01
柏崎,新潟県,54541,a0532,2023-02
柏崎,新潟県,54541,a0532,2023-03
柏崎,新潟県,54541,a0532,2023-04
柏崎,新潟県,54541,a0532,2023-05
柏崎,新潟県,54541,a0532,2023-06
柏崎,新潟県,54541,a0532,2023-07
柏崎,新潟県,54541,a0532,2023-08
柏崎,新潟県,54541,a0532,2023-09
柏崎,新潟県,54541,a0532,2023-10
柏崎,新潟県,54541,a0532,2023-11
柏崎,新潟県,54541,a0532,2023-12
柏崎,新潟県,54541,a0532,2024-01
柏崎,新潟県,54541,a0532,2024-02
柏崎,新潟県,54541,a0532,2024-03
柏崎,新潟県,54541,a0532,2024-04
柏崎,新潟県,54541,a0532,2024-05
柏崎,新潟県,54541,a0532,2024-06
柏崎,新潟県,54541,a0532,2024-07
柏崎,新潟県,54541,a0532,2024-08
柏崎,新潟県,54541,a0532,2024-09
柏崎,新潟県,54541,a0532,2024-10
柏崎,新潟県,54541,a0532,2024-11
柏崎,新潟県,54541,a0532,2024-12
柳井,山口県,81481,a0942,2019-01
柳井,山口県,81481,a0942,2019-02
柳井,山口県,81481,a0942,2019-03
柳井,山口県,81481,a0942,2019-04
柳井,山口県,81481,a0942,2019-05
柳井,山口県,81481,a0942,2019-06
柳井,山口県,81481,a0942,2019-07
柳井,山口県,81481,a0942,2019-08
柳井,山口県,81481,a0942,2019-09
柳井,山口県,81481,a0942,2019-10
柳井,山口県,81481,a0942,2019-11
柳井,山口県,81481,a0942,2019-12
柳井,山口県,81481,a0942,2020-01
柳井,山口県,81481,a0942,2020-02
柳井,山口県,81481,a0942,2020-03
柳井,山口県,81481,a0942,2020-04
柳井,山口県,81481,a0942,2020-05
柳井,山口県,81481,a0942,2020-06
柳井,山口県,81481,a0942,2020-07
柳井,山口県,81481,a0942,2020-08
柳井,山口県,81481,a0942,2020-09
柳井,山口県,81481,a0942,2020-10
柳井,山口県,81481,a0942,2020-11
柳井,山口県,81481,a0942,2020-12
柳井,山口県,81481,a0942,2021-01
柳井,山口県,81481,a0942,2021-02
柳井,山口県,81481,a0942,2021-03
柳井,山口県,81481,a0942,2021-04
柳井,山口県,81481,a0942,2021-05
柳井,山口県,81481,a0942,2021-06
柳井,山口県,81481,a0942,2021-07
柳井,山口県,81481,a0942,2021-08
柳井,山口県,81481,a0942,2021-09
柳井,山口県,81481,a0942,2021-10
柳井,山口県,81481,a0942,2021-11
柳井,山口県,81481,a0942,2021-12
柳井,山口県,81481,a0942,2022-01
柳井,山口県,81481,a0942,2022-02
柳井,山口県,81481,a0942,2022-03
柳井,山口県,81481,a0942,2022-04
柳井,山口県,81481,a0942,2022-05
柳井,山口県,81481,a0942,2022-06
柳井,山口県,81481,a0942,2022-07
柳井,山口県,81481,a0942,2022-08
柳井,山口県,81481,a0942,2022-09
柳井,山口県,81481,a0942,2022-10
柳井,山口県,81481,a0942,2022-11
柳井,山口県,81481,a0942,2022-12
柳井,山口県,81481,a0942,2023-01
柳井,山口県,81481,a0942,2023-02
柳井,山口県,81481,a0942,2023-03
柳井,山口県,81481,a0942,2023-04
柳井,山口県,81481,a0942,2023-05
柳井,山口県,81481,a0942,2023-06
柳井,山口県,81481,a0942,2023-07
柳井,山口県,81481,a0942,2023-08
柳井,山口県,81481,a0942,2023-09
柳井,山口県,81481,a0942,2023-10
柳井,山口県,81481,a0942,2023-11
柳井,山口県,81481,a0942,2023-12
柳井,山口県,81481,a0942,2024-01
柳井,山口県,81481,a0942,2024-02
柳井,山口県,81481,a0942,2024-03
柳井,山口県,81481,a0942,2024-04
柳井,山口県,81481,a0942,2024-05
柳井,山口県,81481,a0942,2024-06
柳井,山口県,81481,a0942,2024-07
柳井,山口県,81481,a0942,2024-08
柳井,山口県,81481,a0942,2024-09
柳井,山口県,81481,a0942,2024-10
柳井,山口県,81481,a0942,2024-11
柳井,山口県,81481,a0942,2024-12
根室,北海道,18273,s47420,2019-01
根室,北海道,18273,s47420,2019-02
根室,北海道,18273,s47420,2019-03
根室,北海道,18273,s47420,2019-04
根室,北海道,18273,s47420,2019-05
根室,北海道,18273,s47420,2019-06
根室,北海道,18273,s47420,2019-07
根室,北海道,18273,s47420,2019-08
根室,北海道,18273,s47420,2019-09
根室,北海道,18273,s47420,2019-10
根室,北海道,18273,s47420,2019-11
根室,北海道,18273,s47420,2019-12
根室,北海道,18273,s47420,2020-01
根室,北海道,18273,s47420,2020-02
根室,北海道,18273,s47420,2020-03
根室,北海道,18273,s47420,2020-04
根室,北海道,18273,s47420,2020-05
根室,北海道,18273,s47420,2020-06
根室,北海道,18273,s47420,2020-07
根室,北海道,18273,s47420,2020-08
根室,北海道,18273,s47420,2020-09
根室,北海道,18273,s47420,2020-10
根室,北海道,18273,s47420,2020-11
根室,北海道,18273,s47420,2020-12
根室,北海道,18273,s47420,2021-01
根室,北海道,18273,s47420,2021-02
根室,北海道,18273,s47420,2021-03
根室,北海道,18273,s47420,2021-04
根室,北海道,18273,s47420,2021-05
根室,北海道,18273,s47420,2021-06
根室,北海道,18273,s47420,2021-07
根室,北海道,18273,s47420,2021-08
根室,北海道,18273,s47420,2021-09
根室,北海道,18273,s47420,2021-10
根室,北海道,18273,s47420,2021-11
根室,北海道,18273,s47420,2021-12
根室,北海道,18273,s47420,2022-01
根室,北海道,18273,s47420,2022-02
根室,北海道,18273,s47420,2022-03
根室,北海道,18273,s47420,2022-04
根室,北海道,18273,s47420,2022-05
根室,北海道,18273,s47420,2022-06
根室,北海道,18273,s47420,2022-07
根室,北海道,18273,s47420,2022-08
根室,北海道,18273,s47420,2022-09
根室,北海道,18273,s47420,2022-10
根室,北海道,18273,s47420,2022-11
根室,北海道,18273,s47420,2022-12
根室,北海道,18273,s47420,2023-01
根室,北海道,18273,s47420,2023-02
根室,北海道,18273,s47420,2023-03
根室,北海道,18273,s47420,2023-04
根室,北海道,18273,s47420,2023-05
根室,北海道,18273,s47420,2023-06
根室,北海道,18273,s47420,2023-07
根室,北海道,18273,s47420,2023-08
根室,北海道,18273,s47420,2023-09
根室,北海道,18273,s47420,2023-10
根室,北海道,18273,s47420,2023-11
根室,北海道,18273,s47420,2023-12
根室,北海道,18273,s47420,2024-01
根室,北海道,18273,s47420,2024-02
根室,北海道,18273,s47420,2024-03
根室,北海道,18273,s47420,2024-04
根室,北海道,18273,s47420,2024-05
根室,北海道,18273,s47420,2024-06
根室,北海道,18273,s47420,2024-07
根室,北海道,18273,s47420,2024-08
根室,北海道,18273,s47420,2024-09
根室,北海道,18273,s47420,2024-10
根室,北海道,18273,s47420,2024-11
根室,北海道,18273,s47420,2024-12
横浜,神奈川県,46106,s47670,2019-01
横浜,神奈川県,46106,s47670,2019-02
横浜,神奈川県,46106,s47670,2019-03
横浜,神奈川県,46106,s47670,2019-04
横浜,神奈川県,46106,s47670,2019-05
横浜,神奈川県,46106,s47670,2019-06
横浜,神奈川県,46106,s47670,2019-07
横浜,神奈川県,46106,s47670,2019-08
横浜,神奈川県,46106,s47670,2019-09
横浜,神奈川県,46106,s47670,2019-10
横浜,神奈川県,46106,s47670,2019-11
横浜,神奈川県,46106,s47670,2019-12
横浜,神奈川県,46106,s47670,2020-01
横浜,神奈川県,46106,s47670,2020-02
横浜,神奈川県,46106,s47670,2020-03
横浜,神奈川県,46106,s47670,2020-04
横浜,神奈川県,46106,s47670,2020-05
横浜,神奈川県,46106,s47670,2020-06
横浜,神奈川県,46106,s47670,2020-07
横浜,神奈川県,46106,s47670,2020-08
横浜,神奈川県,46106,s47670,2020-09
横浜,神奈川県,46106,s47670,2020-10
横浜,神奈川県,46106,s47670,2020-11
横浜,神奈川県,46106,s47670,2020-12
横浜,神奈川県,46106,s47670,2021-01
横浜,神奈川県,46106,s47670,2021-02
横浜,神奈川県,46106,s47670,2021-03
横浜,神奈川県,46106,s47670,2021-04
横浜,神奈川県,46106,s47670,2021-05
横浜,神奈川県,46106,s47670,2021-06
横浜,神奈川県,46106,s47670,2021-07
横浜,神奈川県,46106,s47670,2021-08
横浜,神奈川県,46106,s47670,2021-09
横浜,神奈川県,46106,s47670,2021-10
横浜,神奈川県,46106,s47670,2021-11
横浜,神奈川県,46106,s47670,2021-12
横浜,神奈川県,46106,s47670,2022-01
横浜,神奈川県,46106,s47670,2022-02
横浜,神奈川県,46106,s47670,2022-03
横浜,神奈川県,46106,s47670,2022-04
横浜,神奈川県,46106,s47670,2022-05
横浜,神奈川県,46106,s47670,2022-06
横浜,神奈川県,46106,s47670,2022-07
横浜,神奈川県,46106,s47670,2022-08
横浜,神奈川県,46106,s47670,2022-09
横浜,神奈川県,46106,s47670,2022-10
横浜,神奈川県,46106,s47670,2022-11
横浜,神奈川県,46106,s47670,2022-12
横浜,神奈川県,46106,s47670,2023-01
横浜,神奈川県,46106,s47670,2023-02
横浜,神奈川県,46106,s47670,2023-03
横浜,神奈川県,46106,s47670,2023-04
横浜,神奈川県,46106,s47670,2023-05
横浜,神奈川県,46106,s47670,2023-06
横浜,神奈川県,46106,s47670,2023-07
横浜,神奈川県,46106,s47670,2023-08
横浜,神奈川県,46106,s47670,2023-09
横浜,神奈川県,46106,s47670,2023-10
横浜,神奈川県,46106,s47670,2023-11
横浜,神奈川県,46106,s47670,2023-12
横浜,神奈川県,46106,s47670,2024-01
横浜,神奈川県,46106,s47670,2024-02
横浜,神奈川県,46106,s47670,2024-03
横浜,神奈川県,46106,s47670,2024-04
横浜,神奈川県,46106,s47670,2024-05
横浜,神奈川県,46106,s47670,2024-06
横浜,神奈川県,46106,s47670,2024-07
横浜,神奈川県,46106,s47670,2024-08
横浜,神奈川県,46106,s47670,2024-09
横浜,神奈川県,46106,s47670,2024-10
横浜,神奈川県,46106,s47670,2024-11
横浜,神奈川県,46106,s47670,2024-12
横須賀,神奈川県,46211,a0392,2019-01
横須賀,神奈川県,46211,a0392,2019-02
横須賀,神奈川県,46211,a0392,2019-03
横須賀,神奈川県,46211,a0392,2019-04
横須賀,神奈川県,46211,a0392,2019-05
横須賀,神奈川県,46211,a0392,2019-06
横須賀,神奈川県,46211,a0392,2019-07
横須賀,神奈川県,46211,a0392,2019-08
横須賀,神奈川県,46211,a0392,2019-09
横須賀,神奈川県,46211,a0392,2019-10
横須賀,神奈川県,46211,a0392,2019-11
横須賀,神奈川県,46211,a0392,2019-12
横須賀,神奈川県,46211,a0392,2020-01
横須賀,神奈川県,46211,a0392,2020-02
横須賀,神奈川県,46211,a0392,2020-03
横須賀,神奈川県,46211,a0392,2020-04
横須賀,神奈川県,46211,a0392,2020-05
横須賀,神奈川県,46211,a0392,2020-06
横須賀,神奈川県,46211,a0392,2020-07
横須賀,神奈川県,46211,a0392,2020-08
横須賀,神奈川県,46211,a0392,2020-09
横須賀,神奈川県,46211,a0392,2020-10
横須賀,神奈川県,46211,a0392,2020-11
横須賀,神奈川県,46211,a0392,2020-12
横須賀,神奈川県,46211,a0392,2021-01
横須賀,神奈川県,46211,a0392,2021-02
横須賀,神奈川県,46211,a0392,2021-03
横須賀,神奈川県,46211,a0392,2021-04
横須賀,神奈川県,46211,a0392,2021-05
横須賀,神奈川県,46211,a0392,2021-06
横須賀,神奈川県,46211,a0392,2021-07
横須賀,神奈川県,46211,a0392,2021-08
横須賀,神奈川県,46211,a0392,2021-09
横須賀,神奈川県,46211,a0392,2021-10
横須賀,神奈川県,46211,a0392,2021-11
横須賀,神奈川県,46211,a0392,2021-12
横須賀,神奈川県,46211,a0392,2022-01
横須賀,神奈川県,46211,a0392,2022-02
横須賀,神奈川県,46211,a0392,2022-03
横須賀,神奈川県,46211,a0392,2022-04
横須賀,神奈川県,46211,a0392,2022-05
横須賀,神奈川県,46211,a0392,2022-06
横須賀,神奈川県,46211,a0392,2022-07
横須賀,神奈川県,46211,a0392,2022-08
横須賀,神奈川県,46211,a0392,2022-09
横須賀,神奈川県,46211,a0392,2022-10
横須賀,神奈川県,46211,a0392,2022-11
横須賀,神奈川県,46211,a0392,2022-12
横須賀,神奈川県,46211,a0392,2023-01
横須賀,神奈川県,46211,a0392,2023-02
横須賀,神奈川県,46211,a0392,2023-03
横須賀,神奈川県,46211,a0392,2023-04
横須賀,神奈川県,46211,a0392,2023-05
横須賀,神奈川県,46211,a0392,2023-06
横須賀,神奈川県,46211,a0392,2023-07
横須賀,神奈川県,46211,a0392,2023-08
横須賀,神奈川県,46211,a0392,2023-09
横須賀,神奈川県,46211,a0392,2023-10
横須賀,神奈川県,46211,a0392,2023-11
横須賀,神奈川県,46211,a0392,2023-12
横須賀,神奈川県,46211,a0392,2024-01
横須賀,神奈川県,46211,a0392,2024-02
横須賀,神奈川県,46211,a0392,2024-03
横須賀,神奈川県,46211,a0392,2024-04
横須賀,神奈川県,46211,a0392,2024-05
横須賀,神奈川県,46211,a0392,2024-06
横須賀,神奈川県,46211,a0392,2024-07
横須賀,神奈川県,46211,a0392,2024-08
横須賀,神奈川県,46211,a0392,2024-09
横須賀,神奈川県,46211,a0392,2024-10
横須賀,神奈川県,46211,a0392,2024-11
横須賀,神奈川県,46211,a0392,2024-12
橘,徳島県,71231,a1242,2019-01
橘,徳島県,71231,a1242,2019-02
橘,徳島県,71231,a1242,2019-03
橘,徳島県,71231,a1242,2019-04
橘,徳島県,71231,a1242,2019-05
橘,徳島県,71231,a1242,2019-06
橘,徳島県,71231,a1242,2019-07
橘,徳島県,71231,a1242,2019-08
橘,徳島県,71231,a1242,2019-09
橘,徳島県,71231,a1242,2019-10
橘,徳島県,71231,a1242,2019-11
橘,徳島県,71231,a1242,2019-12
橘,徳島県,71231,a1242,2020-01
橘,徳島県,71231,a1242,2020-02
橘,徳島県,71231,a1242,2020-03
橘,徳島県,71231,a1242,2020-04
橘,徳島県,71231,a1242,2020-05
橘,徳島県,71231,a1242,2020-06
橘,徳島県,71231,a1242,2020-07
橘,徳島県,71231,a1242,2020-08
橘,徳島県,71231,a1242,2020-09
橘,徳島県,71231,a1242,2020-10
橘,徳島県,71231,a1242,2020-11
橘,徳島県,71231,a1242,2020-12
橘,徳島県,71231,a1242,2021-01
橘,徳島県,71231,a1242,2021-02
橘,徳島県,71231,a1242,2021-03
橘,徳島県,71231,a1242,2021-04
橘,徳島県,71231,a1242,2021-05
橘,徳島県,71231,a1242,2021-06
橘,徳島県,71231,a1242,2021-07
橘,徳島県,71231,a1242,2021-08
橘,徳島県,71231,a1242,2021-09
橘,徳島県,71231,a1242,2021-10
橘,徳島県,71231,a1242,2021-11
橘,徳島県,71231,a1242,2021-12
橘,徳島県,71231,a1242,2022-01
橘,徳島県,71231,a1242,2022-02
橘,徳島県,71231,a1242,2022-03
橘,徳島県,71231,a1242,2022-04
橘,徳島県,71231,a1242,2022-05
橘,徳島県,71231,a1242,2022-06
橘,徳島県,71231,a1242,2022-07
橘,徳島県,71231,a1242,2022-08
橘,徳島県,71231,a1242,2022-09
橘,徳島県,71231,a1242,2022-10
橘,徳島県,71231,a1242,2022-11
橘,徳島県,71231,a1242,2022-12
橘,徳島県,71231,a1242,2023-01
橘,徳島県,71231,a1242,2023-02
橘,徳島県,71231,a1242,2023-03
橘,徳島県,71231,a1242,2023-04
橘,徳島県,71231,a1242,2023-05
橘,徳島県,71231,a1242,2023-06
橘,徳島県,71231,a1242,2023-07
橘,徳島県,71231,a1242,2023-08
橘,徳島県,71231,a1242,2023-09
橘,徳島県,71231,a1242,2023-10
橘,徳島県,71231,a1242,2023-11
橘,徳島県,71231,a1242,2023-12
橘,徳島県,71231,a1242,2024-01
橘,徳島県,71231,a1242,2024-02
橘,徳島県,71231,a1242,2024-03
橘,徳島県,71231,a1242,2024-04
橘,徳島県,71231,a1242,2024-05
橘,徳島県,71231,a1242,2024-06
橘,徳島県,71231,a1242,2024-07
橘,徳島県,71231,a1242,2024-08
橘,徳島県,71231,a1242,2024-09
橘,徳島県,71231,a1242,2024-10
橘,徳島県,71231,a1242,2024-11
橘,徳島県,71231,a1242,2024-12
水俣,熊本県,86451,a0924,2019-01
水俣,熊本県,86451,a0924,2019-02
水俣,熊本県,86451,a0924,2019-03
水俣,熊本県,86451,a0924,2019-04
水俣,熊本県,86451,a0924,2019-05
水俣,熊本県,86451,a0924,2019-06
水俣,熊本県,86451,a0924,2019-07
水俣,熊本県,86451,a0924,2019-08
水俣,熊本県,86451,a0924,2019-09
水俣,熊本県,86451,a0924,2019-10
水俣,熊本県,86451,a0924,2019-11
水俣,熊本県,86451,a0924,2019-12
水俣,熊本県,86451,a0924,2020-01
水俣,熊本県,86451,a0924,2020-02
水俣,熊本県,86451,a0924,2020-03
水俣,熊本県,86451,a0924,2020-04
水俣,熊本県,86451,a0924,2020-05
水俣,熊本県,86451,a0924,2020-06
水俣,熊本県,86451,a0924,2020-07
水俣,熊本県,86451,a0924,2020-08
水俣,熊本県,86451,a0924,2020-09
水俣,熊本県,86451,a0924,2020-10
水俣,熊本県,86451,a0924,2020-11
水俣,熊本県,86451,a0924,2020-12
水俣,熊本県,86451,a0924,2021-01
水俣,熊本県,86451,a0924,2021-02
水俣,熊本県,86451,a0924,2021-03
水俣,熊本県,86451,a0924,2021-04
水俣,熊本県,86451,a0924,2021-05
水俣,熊本県,86451,a0924,2021-06
水俣,熊本県,86451,a0924,2021-07
水俣,熊本県,86451,a0924,2021-08
水俣,熊本県,86451,a0924,2021-09
水俣,熊本県,86451,a0924,2021-10
水俣,熊本県,86451,a0924,2021-11
水俣,熊本県,86451,a0924,2021-12
水俣,熊本県,86451,a0924,2022-01
水俣,熊本県,86451,a0924,2022-02
水俣,熊本県,86451,a0924,2022-03
水俣,熊本県,86451,a0924,2022-04
水俣,熊本県,86451,a0924,2022-05
水俣,熊本県,86451,a0924,2022-06
水俣,熊本県,86451,a0924,2022-07
水俣,熊本県,86451,a0924,2022-08
水俣,熊本県,86451,a0924,2022-09
水俣,熊本県,86451,a0924,2022-10
水俣,熊本県,86451,a0924,2022-11
水俣,熊本県,86451,a0924,2022-12
水俣,熊本県,86451,a0924,2023-01
水俣,熊本県,86451,a0924,2023-02
水俣,熊本県,86451,a0924,2023-03
水俣,熊本県,86451,a0924,2023-04
水俣,熊本県,86451,a0924,2023-05
水俣,熊本県,86451,a0924,2023-06
水俣,熊本県,86451,a0924,2023-07
水俣,熊本県,86451,a0924,2023-08
水俣,熊本県,86451,a0924,2023-09
水俣,熊本県,86451,a0924,2023-10
水俣,熊本県,86451,a0924,2023-11
水俣,熊本県,86451,a0924,2023-12
水俣,熊本県,86451,a0924,2024-01
水俣,熊本県,86451,a0924,2024-02
水俣,熊本県,86451,a0924,2024-03
水俣,熊本県,86451,a0924,2024-04
水俣,熊本県,86451,a0924,2024-05
水俣,熊本県,86451,a0924,2024-06
水俣,熊本県,86451,a0924,2024-07
水俣,熊本県,86451,a0924,2024-08
水俣,熊本県,86451,a0924,2024-09
水俣,熊本県,86451,a0924,2024-10
水俣,熊本県,86451,a0924,2024-11
水俣,熊本県,86451,a0924,2024-12
水島,岡山県,66446,a0669,2019-01
水島,岡山県,66446,a0669,2019-02
水島,岡山県,66446,a0669,2019-03
水島,岡山県,66446,a0669,2019-04
水島,岡山県,66446,a0669,2019-05
水島,岡山県,66446,a0669,2019-06
水島,岡山県,66446,a0669,2019-07
水島,岡山県,66446,a0669,2019-08
水島,岡山県,66446,a0669,2019-09
水島,岡山県,66446,a0669,2019-10
水島,岡山県,66446,a0669,2019-11
水島,岡山県,66446,a0669,2019-12
水島,岡山県,66446,a0669,2020-01
水島,岡山県,66446,a0669,2020-02
水島,岡山県,66446,a0669,2020-03
水島,岡山県,66446,a0669,2020-04
水島,岡山県,66446,a0669,2020-05
水島,岡山県,66446,a0669,2020-06
水島,岡山県,66446,a0669,2020-07
水島,岡山県,66446,a0669,2020-08
水島,岡山県,66446,a0669,2020-09
水島,岡山県,66446,a0669,2020-10
水島,岡山県,66446,a0669,2020-11
水島,岡山県,66446,a0669,2020-12
水島,岡山県,66446,a0669,2021-01
水島,岡山県,66446,a0669,2021-02
水島,岡山県,66446,a0669,2021-03
水島,岡山県,66446,a0669,2021-04
水島,岡山県,66446,a0669,2021-05
水島,岡山県,66446,a0669,2021-06
水島,岡山県,66446,a0669,2021-07
水島,岡山県,66446,a0669,2021-08
水島,岡山県,66446,a0669,2021-09
水島,岡山県,66446,a0669,2021-10
水島,岡山県,66446,a0669,2021-11
水島,岡山県,66446,a0669,2021-12
水島,岡山県,66446,a0669,2022-01
水島,岡山県,66446,a0669,2022-02
水島,岡山県,66446,a0669,2022-03
水島,岡山県,66446,a0669,2022-04
水島,岡山県,66446,a0669,2022-05
水島,岡山県,66446,a0669,2022-06
水島,岡山県,66446,a0669,2022-07
水島,岡山県,66446,a0669,2022-08
水島,岡山県,66446,a0669,2022-09
水島,岡山県,66446,a0669,2022-10
水島,岡山県,66446,a0669,2022-11
水島,岡山県,66446,a0669,2022-12
水島,岡山県,66446,a0669,2023-01
水島,岡山県,66446,a0669,2023-02
水島,岡山県,66446,a0669,2023-03
水島,岡山県,66446,a0669,2023-04
水島,岡山県,66446,a0669,2023-05
水島,岡山県,66446,a0669,2023-06
水島,岡山県,66446,a0669,2023-07
水島,岡山県,66446,a0669,2023-08
水島,岡山県,66446,a0669,2023-09
水島,岡山県,66446,a0669,2023-10
水島,岡山県,66446,a0669,2023-11
水島,岡山県,66446,a0669,2023-12
水島,岡山県,66446,a0669,2024-01
水島,岡山県,66446,a0669,2024-02
水島,岡山県,66446,a0669,2024-03
水島,岡山県,66446,a0669,2024-04
水島,岡山県,66446,a0669,2024-05
水島,岡山県,66446,a0669,2024-06
水島,岡山県,66446,a0669,2024-07
水島,岡山県,66446,a0669,2024-08
水島,岡山県,66446,a0669,2024-09
水島,岡山県,66446,a0669,2024-10
水島,岡山県,66446,a0669,2024-11
水島,岡山県,66446,a0669,2024-12
油津,宮崎県,87492,s47835,2019-01
油津,宮崎県,87492,s47835,2019-02
油津,宮崎県,87492,s47835,2019-03
油津,宮崎県,87492,s47835,2019-04
油津,宮崎県,87492,s47835,2019-05
油津,宮崎県,87492,s47835,2019-06
油津,宮崎県,87492,s47835,2019-07
油津,宮崎県,87492,s47835,2019-08
油津,宮崎県,87492,s47835,2019-09
油津,宮崎県,87492,s47835,2019-10
油津,宮崎県,87492,s47835,2019-11
油津,宮崎県,87492,s47835,2019-12
油津,宮崎県,87492,s47835,2020-01
油津,宮崎県,87492,s47835,2020-02
油津,宮崎県,87492,s47835,2020-03
油津,宮崎県,87492,s47835,2020-04
油津,宮崎県,87492,s47835,2020-05
油津,宮崎県,87492,s47835,2020-06
油津,宮崎県,87492,s47835,2020-07
油津,宮崎県,87492,s47835,2020-08
油津,宮崎県,87492,s47835,2020-09
油津,宮崎県,87492,s47835,2020-10
油津,宮崎県,87492,s47835,2020-11
油津,宮崎県,87492,s47835,2020-12
油津,宮崎県,87492,s47835,2021-01
油津,宮崎県,87492,s47835,2021-02
油津,宮崎県,87492,s47835,2021-03
油津,宮崎県,87492,s47835,2021-04
油津,宮崎県,87492,s47835,2021-05
油津,宮崎県,87492,s47835,2021-06
油津,宮崎県,87492,s47835,2021-07
油津,宮崎県,87492,s47835,2021-08
油津,宮崎県,87492,s47835,2021-09
油津,宮崎県,87492,s47835,2021-10
油津,宮崎県,87492,s47835,2021-11
油津,宮崎県,87492,s47835,2021-12
油津,宮崎県,87492,s47835,2022-01
油津,宮崎県,87492,s47835,2022-02
油津,宮崎県,87492,s47835,2022-03
油津,宮崎県,87492,s47835,2022-04
油津,宮崎県,87492,s47835,2022-05
油津,宮崎県,87492,s47835,2022-06
油津,宮崎県,87492,s47835,2022-07
油津,宮崎県,87492,s47835,2022-08
油津,宮崎県,87492,s47835,2022-10
油津,宮崎県,87492,s47835,2022-11
油津,宮崎県,87492,s47835,2022-12
油津,宮崎県,87492,s47835,2023-01
油津,宮崎県,87492,s47835,2023-02
油津,宮崎県,87492,s47835,2023-03
油津,宮崎県,87492,s47835,2023-04
油津,宮崎県,87492,s47835,2023-05
油津,宮崎県,87492,s47835,2023-06
油津,宮崎県,87492,s47835,2023-07
油津,宮崎県,87492,s47835,2023-08
油津,宮崎県,87492,s47835,2023-09
油津,宮崎県,87492,s47835,2023-10
油津,宮崎県,87492,s47835,2023-11
油津,宮崎県,87492,s47835,2023-12
油津,宮崎県,87492,s47835,2024-01
油津,宮崎県,87492,s47835,2024-02
油津,宮崎県,87492,s47835,2024-03
油津,宮崎県,87492,s47835,2024-04
油津,宮崎県,87492,s47835,2024-05
油津,宮崎県,87492,s47835,2024-06
油津,宮崎県,87492,s47835,2024-07
油津,宮崎県,87492,s47835,2024-08
油津,宮崎県,87492,s47835,2024-09
油津,宮崎県,87492,s47835,2024-10
油津,宮崎県,87492,s47835,2024-11
油津,宮崎県,87492,s47835,2024-12
沼津,静岡県,50206,s47657,2019-01
沼津,静岡県,50206,s47657,2019-02
沼津,静岡県,50206,s47657,2019-03
沼津,静岡県,50206,s47657,2019-04
沼津,静岡県,50206,s47657,2019-05
沼津,静岡県,50206,s47657,2019-06
沼津,静岡県,50206,s47657,2019-07
沼津,静岡県,50206,s47657,2019-08
沼津,静岡県,50206,s47657,2019-09
沼津,静岡県,50206,s47657,2019-10
沼津,静岡県,50206,s47657,2019-11
沼津,静岡県,50206,s47657,2019-12
沼津,静岡県,50206,s47657,2020-01
沼津,静岡県,50206,s47657,2020-02
沼津,静岡県,50206,s47657,2020-03
沼津,静岡県,50206,s47657,2020-04
沼津,静岡県,50206,s47657,2020-05
沼津,静岡県,50206,s47657,2020-06
沼津,静岡県,50206,s47657,2020-07
沼津,静岡県,50206,s47657,2020-08
沼津,静岡県,50206,s47657,2020-09
沼津,静岡県,50206,s47657,2020-10
沼津,静岡県,50206,s47657,2020-11
沼津,静岡県,50206,s47657,2020-12
沼津,静岡県,50206,s47657,2021-01
沼津,静岡県,50206,s47657,2021-02
沼津,静岡県,50206,s47657,2021-03
沼津,静岡県,50206,s47657,2021-04
沼津,静岡県,50206,s47657,2021-05
沼津,静岡県,50206,s47657,2021-06
沼津,静岡県,50206,s47657,2021-07
沼津,静岡県,50206,s47657,2021-08
沼津,静岡県,50206,s47657,2021-09
沼津,静岡県,50206,s47657,2021-10
沼津,静岡県,50206,s47657,2021-11
沼津,静岡県,50206,s47657,2021-12
沼津,静岡県,50206,s47657,2022-01
沼津,静岡県,50206,s47657,2022-02
沼津,静岡県,50206,s47657,2022-03
沼津,静岡県,50206,s47657,2022-04
沼津,静岡県,50206,s47657,2022-05
沼津,静岡県,50206,s47657,2022-06
沼津,静岡県,50206,s47657,2022-07
沼津,静岡県,50206,s47657,2022-08
沼津,静岡県,50206,s47657,2022-09
沼津,静岡県,50206,s47657,2022-10
沼津,静岡県,50206,s47657,2022-11
沼津,静岡県,50206,s47657,2022-12
沼津,静岡県,50206,s47657,2023-01
沼津,静岡県,50206,s47657,2023-02
沼津,静岡県,50206,s47657,2023-03
沼津,静岡県,50206,s47657,2023-04
沼津,静岡県,50206,s47657,2023-05
沼津,静岡県,50206,s47657,2023-06
沼津,静岡県,50206,s47657,2023-07
沼津,静岡県,50206,s47657,2023-08
沼津,静岡県,50206,s47657,2023-09
沼津,静岡県,50206,s47657,2023-10
沼津,静岡県,50206,s47657,2023-11
沼津,静岡県,50206,s47657,2023-12
沼津,静岡県,50206,s47657,2024-01
沼津,静岡県,50206,s47657,2024-02
沼津,静岡県,50206,s47657,2024-03
沼津,静岡県,50206,s47657,2024-04
沼津,静岡県,50206,s47657,2024-05
沼津,静岡県,50206,s47657,2024-06
沼津,静岡県,50206,s47657,2024-07
沼津,静岡県,50206,s47657,2024-08
沼津,静岡県,50206,s47657,2024-09
沼津,静岡県,50206,s47657,2024-10
沼津,静岡県,50206,s47657,2024-11
沼津,静岡県,50206,s47657,2024-12
泉州,大阪府,62101,a1471,2019-01
泉州,大阪府,62101,a1471,2019-02
泉州,大阪府,62101,a1471,2019-03
泉州,大阪府,62101,a1471,2019-04
泉州,大阪府,62101,a1471,2019-05
泉州,大阪府,62101,a1471,2019-06
泉州,大阪府,62101,a1471,2019-07
泉州,大阪府,62101,a1471,2019-08
泉州,大阪府,62101,a1471,2019-09
泉州,大阪府,62101,a1471,2019-10
泉州,大阪府,62101,a1471,2019-11
泉州,大阪府,62101,a1471,2019-12
泉州,大阪府,62101,a1471,2020-01
泉州,大阪府,62101,a1471,2020-02
泉州,大阪府,62101,a1471,2020-03
泉州,大阪府,62101,a1471,2020-04
泉州,大阪府,62101,a1471,2020-05
泉州,大阪府,62101,a1471,2020-06
泉州,大阪府,62101,a1471,2020-07
泉州,大阪府,62101,a1471,2020-08
泉州,大阪府,62101,a1471,2020-09
泉州,大阪府,62101,a1471,2020-10
泉州,大阪府,62101,a1471,2020-12
泉州,大阪府,62101,a1471,2021-04
泉州,大阪府,62101,a1471,2021-05
泉州,大阪府,62101,a1471,2021-07
泉州,大阪府,62101,a1471,2021-08
泉州,大阪府,62101,a1471,2021-09
泉州,大阪府,62101,a1471,2021-10
泉州,大阪府,62101,a1471,2021-11
泉州,大阪府,62101,a1471,2021-12
泉州,大阪府,62101,a1471,2022-01
泉州,大阪府,62101,a1471,2022-02
泉州,大阪府,62101,a1471,2022-03
泉州,大阪府,62101,a1471,2022-04
泉州,大阪府,62101,a1471,2022-05
泉州,大阪府,62101,a1471,2022-06
泉州,大阪府,62101,a1471,2022-07
泉州,大阪府,62101,a1471,2022-08
泉州,大阪府,62101,a1471,2022-09
泉州,大阪府,62101,a1471,2022-10
泉州,大阪府,62101,a1471,2022-11
泉州,大阪府,62101,a1471,2022-12
泉州,大阪府,62101,a1471,2023-01
泉州,大阪府,62101,a1471,2023-02
泉州,大阪府,62101,a1471,2023-03
泉州,大阪府,62101,a1471,2023-04
泉州,大阪府,62101,a1471,2023-05
泉州,大阪府,62101,a1471,2023-06
泉州,大阪府,62101,a1471,2023-07
泉州,大阪府,62101,a1471,2023-08
泉州,大阪府,62101,a1471,2023-09
泉州,大阪府,62101,a1471,2023-10
泉州,大阪府,62101,a1471,2023-11
泉州,大阪府,62101,a1471,2023-12
泉州,大阪府,62101,a1471,2024-01
泉州,大阪府,62101,a1471,2024-02
泉州,大阪府,62101,a1471,2024-03
泉州,大阪府,62101,a1471,2024-04
泉州,大阪府,62101,a1471,2024-05
泉州,大阪府,62101,a1471,2024-06
泉州,大阪府,62101,a1471,2024-07
泉州,大阪府,62101,a1471,2024-08
泉州,大阪府,62101,a1471,2024-09
泉州,大阪府,62101,a1471,2024-10
泉州,大阪府,62101,a1471,2024-11
泉州,大阪府,62101,a1471,2024-12
津久見,大分県,83401,a0808,2019-01
津久見,大分県,83401,a0808,2019-02
津久見,大分県,83401,a0808,2019-03
津久見,大分県,83401,a0808,2019-04
津久見,大分県,83401,a0808,2019-05
津久見,大分県,83401,a0808,2019-06
津久見,大分県,83401,a0808,2019-07
津久見,大分県,83401,a0808,2019-08
津久見,大分県,83401,a0808,2019-09
津久見,大分県,83401,a0808,2019-10
津久見,大分県,83401,a0808,2019-11
津久見,大分県,83401,a0808,2019-12
津久見,大分県,83401,a0808,2020-01
津久見,大分県,83401,a0808,2020-02
津久見,大分県,83401,a0808,2020-03
津久見,大分県,83401,a0808,2020-04
津久見,大分県,83401,a0808,2020-05
津久見,大分県,83401,a0808,2020-06
津久見,大分県,83401,a0808,2020-07
津久見,大分県,83401,a0808,2020-08
津久見,大分県,83401,a0808,2020-09
津久見,大分県,83401,a0808,2020-10
津久見,大分県,83401,a0808,2020-11
津久見,大分県,83401,a0808,2020-12
津久見,大分県,83401,a0808,2021-01
津久見,大分県,83401,a0808,2021-02
津久見,大分県,83401,a0808,2021-03
津久見,大分県,83401,a0808,2021-04
津久見,大分県,83401,a0808,2021-05
津久見,大分県,83401,a0808,2021-06
津久見,大分県,83401,a0808,2021-07
津久見,大分県,83401,a0808,2021-08
津久見,大分県,83401,a0808,2021-09
津久見,大分県,83401,a0808,2021-10
津久見,大分県,83401,a0808,2021-11
津久見,大分県,83401,a0808,2021-12
津久見,大分県,83401,a0808,2022-01
津久見,大分県,83401,a0808,2022-02
津久見,大分県,83401,a0808,2022-03
津久見,大分県,83401,a0808,2022-04
津久見,大分県,83401,a0808,2022-05
津久見,大分県,83401,a0808,2022-06
津久見,大分県,83401,a0808,2022-07
津久見,大分県,83401,a0808,2022-08
津久見,大分県,83401,a0808,2022-09
津久見,大分県,83401,a0808,2022-10
津久見,大分県,83401,a0808,2022-11
津久見,大分県,83401,a0808,2022-12
津久見,大分県,83401,a0808,2023-01
津久見,大分県,83401,a0808,2023-02
津久見,大分県,83401,a0808,2023-03
津久見,大分県,83401,a0808,2023-04
津久見,大分県,83401,a0808,2023-05
津久見,大分県,83401,a0808,2023-06
津久見,大分県,83401,a0808,2023-07
津久見,大分県,83401,a0808,2023-08
津久見,大分県,83401,a0808,2023-09
津久見,大分県,83401,a0808,2023-10
津久見,大分県,83401,a0808,2023-11
津久見,大分県,83401,a0808,2023-12
津久見,大分県,83401,a0808,2024-01
津久見,大分県,83401,a0808,2024-02
津久見,大分県,83401,a0808,2024-03
津久見,大分県,83401,a0808,2024-04
津久見,大分県,83401,a0808,2024-05
津久見,大分県,83401,a0808,2024-06
津久見,大分県,83401,a0808,2024-07
津久見,大分県,83401,a0808,2024-08
津久見,大分県,83401,a0808,2024-09
津久見,大分県,83401,a0808,2024-10
津久見,大分県,83401,a0808,2024-11
津久見,大分県,83401,a0808,2024-12
津松阪,三重県,53133,s47651,2019-01
津松阪,三重県,53133,s47651,2019-02
津松阪,三重県,53133,s47651,2019-03
津松阪,三重県,53133,s47651,2019-04
津松阪,三重県,53133,s47651,2019-05
津松阪,三重県,53133,s47651,2019-06
津松阪,三重県,53133,s47651,2019-07
津松阪,三重県,53133,s47651,2019-08
津松阪,三重県,53133,s47651,2019-09
津松阪,三重県,53133,s47651,2019-10
津松阪,三重県,53133,s47651,2019-11
津松阪,三重県,53133,s47651,2019-12
津松阪,三重県,53133,s47651,2020-01
津松阪,三重県,53133,s47651,2020-02
津松阪,三重県,53133,s47651,2020-03
津松阪,三重県,53133,s47651,2020-04
津松阪,三重県,53133,s47651,2020-05
津松阪,三重県,53133,s47651,2020-06
津松阪,三重県,53133,s47651,2020-07
津松阪,三重県,53133,s47651,2020-08
津松阪,三重県,53133,s47651,2020-09
津松阪,三重県,53133,s47651,2020-10
津松阪,三重県,53133,s47651,2020-11
津松阪,三重県,53133,s47651,2020-12
津松阪,三重県,53133,s47651,2021-01
津松阪,三重県,53133,s47651,2021-02
津松阪,三重県,53133,s47651,2021-03
津松阪,三重県,53133,s47651,2021-04
津松阪,三重県,53133,s47651,2021-05
津松阪,三重県,53133,s47651,2021-06
津松阪,三重県,53133,s47651,2021-07
津松阪,三重県,53133,s47651,2021-08
津松阪,三重県,53133,s47651,2021-09
津松阪,三重県,53133,s47651,2021-10
津松阪,三重県,53133,s47651,2021-11
津松阪,三重県,53133,s47651,2021-12
津松阪,三重県,53133,s47651,2022-01
津松阪,三重県,53133,s47651,2022-02
津松阪,三重県,53133,s47651,2022-03
津松阪,三重県,53133,s47651,2022-04
津松阪,三重県,53133,s47651,2022-05
津松阪,三重県,53133,s47651,2022-06
津松阪,三重県,53133,s47651,2022-07
津松阪,三重県,53133,s47651,2022-08
津松阪,三重県,53133,s47651,2022-09
津松阪,三重県,53133,s47651,2022-10
津松阪,三重県,53133,s47651,2022-11
津松阪,三重県,53133,s47651,2022-12
津松阪,三重県,53133,s47651,2023-01
津松阪,三重県,53133,s47651,2023-02
津松阪,三重県,53133,s47651,2023-03
津松阪,三重県,53133,s47651,2023-04
津松阪,三重県,53133,s47651,2023-05
津松阪,三重県,53133,s47651,2023-06
津松阪,三重県,53133,s47651,2023-07
津松阪,三重県,53133,s47651,2023-08
津松阪,三重県,53133,s47651,2023-09
津松阪,三重県,53133,s47651,2023-10
津松阪,三重県,53133,s47651,2023-11
津松阪,三重県,53133,s47651,2023-12
津松阪,三重県,53133,s47651,2024-01
津松阪,三重県,53133,s47651,2024-02
津松阪,三重県,53133,s47651,2024-03
津松阪,三重県,53133,s47651,2024-04
津松阪,三重県,53133,s47651,2024-05
津松阪,三重県,53133,s47651,2024-06
津松阪,三重県,53133,s47651,2024-07
津松阪,三重県,53133,s47651,2024-08
津松阪,三重県,53133,s47651,2024-09
津松阪,三重県,53133,s47651,2024-10
津松阪,三重県,53133,s47651,2024-11
津松阪,三重県,53133,s47651,2024-12
浜田,島根県,68376,s47755,2019-01
浜田,島根県,68376,s47755,2019-02
浜田,島根県,68376,s47755,2019-03
浜田,島根県,68376,s47755,2019-04
浜田,島根県,68376,s47755,2019-05
浜田,島根県,68376,s47755,2019-06
浜田,島根県,68376,s47755,2019-07
浜田,島根県,68376,s47755,2019-08
浜田,島根県,68376,s47755,2019-09
浜田,島根県,68376,s47755,2019-10
浜田,島根県,68376,s47755,2019-11
浜田,島根県,68376,s47755,2019-12
浜田,島根県,68376,s47755,2020-01
浜田,島根県,68376,s47755,2020-02
浜田,島根県,68376,s47755,2020-03
浜田,島根県,68376,s47755,2020-04
浜田,島根県,68376,s47755,2020-05
浜田,島根県,68376,s47755,2020-06
浜田,島根県,68376,s47755,2020-07
浜田,島根県,68376,s47755,2020-08
浜田,島根県,68376,s47755,2020-09
浜田,島根県,68376,s47755,2020-10
浜田,島根県,68376,s47755,2020-11
浜田,島根県,68376,s47755,2020-12
浜田,島根県,68376,s47755,2021-01
浜田,島根県,68376,s47755,2021-02
浜田,島根県,68376,s47755,2021-03
浜田,島根県,68376,s47755,2021-04
浜田,島根県,68376,s47755,2021-05
浜田,島根県,68376,s47755,2021-06
浜田,島根県,68376,s47755,2021-07
浜田,島根県,68376,s47755,2021-08
浜田,島根県,68376,s47755,2021-09
浜田,島根県,68376,s47755,2021-10
浜田,島根県,68376,s47755,2021-11
浜田,島根県,68376,s47755,2021-12
浜田,島根県,68376,s47755,2022-01
浜田,島根県,68376,s47755,2022-02
浜田,島根県,68376,s47755,2022-03
浜田,島根県,68376,s47755,2022-04
浜田,島根県,68376,s47755,2022-05
浜田,島根県,68376,s47755,2022-06
浜田,島根県,68376,s47755,2022-07
浜田,島根県,68376,s47755,2022-08
浜田,島根県,68376,s47755,2022-09
浜田,島根県,68376,s47755,2022-10
浜田,島根県,68376,s47755,2022-11
浜田,島根県,68376,s47755,2022-12
浜田,島根県,68376,s47755,2023-01
浜田,島根県,68376,s47755,2023-02
浜田,島根県,68376,s47755,2023-03
浜田,島根県,68376,s47755,2023-04
浜田,島根県,68376,s47755,2023-05
浜田,島根県,68376,s47755,2023-06
浜田,島根県,68376,s47755,2023-07
浜田,島根県,68376,s47755,2023-08
浜田,島根県,68376,s47755,2023-09
浜田,島根県,68376,s47755,2023-10
浜田,島根県,68376,s47755,2023-11
浜田,島根県,68376,s47755,2023-12
浜田,島根県,68376,s47755,2024-01
浜田,島根県,68376,s47755,2024-02
浜田,島根県,68376,s47755,2024-03
浜田,島根県,68376,s47755,2024-04
浜田,島根県,68376,s47755,2024-05
浜田,島根県,68376,s47755,2024-06
浜田,島根県,68376,s47755,2024-07
浜田,島根県,68376,s47755,2024-08
浜田,島根県,68376,s47755,2024-09
浜田,島根県,68376,s47755,2024-10
浜田,島根県,68376,s47755,2024-11
浜田,島根県,68376,s47755,2024-12
熊本,熊本県,86141,s47819,2019-01
熊本,熊本県,86141,s47819,2019-02
熊本,熊本県,86141,s47819,2019-03
熊本,熊本県,86141,s47819,2019-04
熊本,熊本県,86141,s47819,2019-05
熊本,熊本県,86141,s47819,2019-06
熊本,熊本県,86141,s47819,2019-07
熊本,熊本県,86141,s47819,2019-08
熊本,熊本県,86141,s47819,2019-09
熊本,熊本県,86141,s47819,2019-10
熊本,熊本県,86141,s47819,2019-11
熊本,熊本県,86141,s47819,2019-12
熊本,熊本県,86141,s47819,2020-01
熊本,熊本県,86141,s47819,2020-02
熊本,熊本県,86141,s47819,2020-03
熊本,熊本県,86141,s47819,2020-04
熊本,熊本県,86141,s47819,2020-05
熊本,熊本県,86141,s47819,2020-06
熊本,熊本県,86141,s47819,2020-07
熊本,熊本県,86141,s47819,2020-08
熊本,熊本県,86141,s47819,2020-09
熊本,熊本県,86141,s47819,2020-10
熊本,熊本県,86141,s47819,2020-11
熊本,熊本県,86141,s47819,2020-12
熊本,熊本県,86141,s47819,2021-01
熊本,熊本県,86141,s47819,2021-02
熊本,熊本県,86141,s47819,2021-03
熊本,熊本県,86141,s47819,2021-04
熊本,熊本県,86141,s47819,2021-05
熊本,熊本県,86141,s47819,2021-06
熊本,熊本県,86141,s47819,2021-07
熊本,熊本県,86141,s47819,2021-08
熊本,熊本県,86141,s47819,2021-09
熊本,熊本県,86141,s47819,2021-10
熊本,熊本県,86141,s47819,2021-11
熊本,熊本県,86141,s47819,2021-12
熊本,熊本県,86141,s47819,2022-01
熊本,熊本県,86141,s47819,2022-02
熊本,熊本県,86141,s47819,2022-03
熊本,熊本県,86141,s47819,2022-04
熊本,熊本県,86141,s47819,2022-05
熊本,熊本県,86141,s47819,2022-06
熊本,熊本県,86141,s47819,2022-07
熊本,熊本県,86141,s47819,2022-08
熊本,熊本県,86141,s47819,2022-09
熊本,熊本県,86141,s47819,2022-10
熊本,熊本県,86141,s47819,2022-11
熊本,熊本県,86141,s47819,2022-12
熊本,熊本県,86141,s47819,2023-01
熊本,熊本県,86141,s47819,2023-02
熊本,熊本県,86141,s47819,2023-03
熊本,熊本県,86141,s47819,2023-04
熊本,熊本県,86141,s47819,2023-05
熊本,熊本県,86141,s47819,2023-06
熊本,熊本県,86141,s47819,2023-07
熊本,熊本県,86141,s47819,2023-08
熊本,熊本県,86141,s47819,2023-09
熊本,熊本県,86141,s47819,2023-10
熊本,熊本県,86141,s47819,2023-11
熊本,熊本県,86141,s47819,2023-12
熊本,熊本県,86141,s47819,2024-01
熊本,熊本県,86141,s47819,2024-02
熊本,熊本県,86141,s47819,2024-03
熊本,熊本県,86141,s47819,2024-04
熊本,熊本県,86141,s47819,2024-05
熊本,熊本県,86141,s47819,2024-06
熊本,熊本県,86141,s47819,2024-07
熊本,熊本県,86141,s47819,2024-08
熊本,熊本県,86141,s47819,2024-09
熊本,熊本県,86141,s47819,2024-10
熊本,熊本県,86141,s47819,2024-11
熊本,熊本県,86141,s47819,2024-12
田子の浦,静岡県,50196,a0442,2019-01
田子の浦,静岡県,50196,a0442,2019-02
田子の浦,静岡県,50196,a0442,2019-03
田子の浦,静岡県,50196,a0442,2019-04
田子の浦,静岡県,50196,a0442,2019-05
田子の浦,静岡県,50196,a0442,2019-06
田子の浦,静岡県,50196,a0442,2019-07
田子の浦,静岡県,50196,a0442,2019-08
田子の浦,静岡県,50196,a0442,2019-09
田子の浦,静岡県,50196,a0442,2019-10
田子の浦,静岡県,50196,a0442,2019-11
田子の浦,静岡県,50196,a0442,2019-12
田子の浦,静岡県,50196,a0442,2020-01
田子の浦,静岡県,50196,a0442,2020-02
田子の浦,静岡県,50196,a0442,2020-03
田子の浦,静岡県,50196,a0442,2020-04
田子の浦,静岡県,50196,a0442,2020-05
田子の浦,静岡県,50196,a0442,2020-06
田子の浦,静岡県,50196,a0442,2020-07
田子の浦,静岡県,50196,a0442,2020-08
田子の浦,静岡県,50196,a0442,2020-09
田子の浦,静岡県,50196,a0442,2020-10
田子の浦,静岡県,50196,a0442,2020-11
田子の浦,静岡県,50196,a0442,2020-12
田子の浦,静岡県,50196,a0442,2021-01
田子の浦,静岡県,50196,a0442,2021-02
田子の浦,静岡県,50196,a0442,2021-03
田子の浦,静岡県,50196,a0442,2021-04
田子の浦,静岡県,50196,a0442,2021-05
田子の浦,静岡県,50196,a0442,2021-06
田子の浦,静岡県,50196,a0442,2021-07
田子の浦,静岡県,50196,a0442,2021-08
田子の浦,静岡県,50196,a0442,2021-09
田子の浦,静岡県,50196,a0442,2021-10
田子の浦,静岡県,50196,a0442,2021-11
田子の浦,静岡県,50196,a0442,2021-12
田子の浦,静岡県,50196,a0442,2022-01
田子の浦,静岡県,50196,a0442,2022-02
田子の浦,静岡県,50196,a0442,2022-03
田子の浦,静岡県,50196,a0442,2022-04
田子の浦,静岡県,50196,a0442,2022-05
田子の浦,静岡県,50196,a0442,2022-06
田子の浦,静岡県,50196,a0442,2022-07
田子の浦,静岡県,50196,a0442,2022-08
田子の浦,静岡県,50196,a0442,2022-09
田子の浦,静岡県,50196,a0442,2022-10
田子の浦,静岡県,50196,a0442,2022-11
田子の浦,静岡県,50196,a0442,2022-12
田子の浦,静岡県,50196,a0442,2023-01
田子の浦,静岡県,50196,a0442,2023-02
田子の浦,静岡県,50196,a0442,2023-03
田子の浦,静岡県,50196,a0442,2023-04
田子の浦,静岡県,50196,a0442,2023-05
田子の浦,静岡県,50196,a0442,2023-06
田子の浦,静岡県,50196,a0442,2023-07
田子の浦,静岡県,50196,a0442,2023-08
田子の浦,静岡県,50196,a0442,2023-09
田子の浦,静岡県,50196,a0442,2023-10
田子の浦,静岡県,50196,a0442,2023-11
田子の浦,静岡県,50196,a0442,2023-12
田子の浦,静岡県,50196,a0442,2024-01
田子の浦,静岡県,50196,a0442,2024-02
田子の浦,静岡県,50196,a0442,2024-03
田子の浦,静岡県,50196,a0442,2024-04
田子の浦,静岡県,50196,a0442,2024-05
田子の浦,静岡県,50196,a0442,2024-06
田子の浦,静岡県,50196,a0442,2024-07
田子の浦,静岡県,50196,a0442,2024-08
田子の浦,静岡県,50196,a0442,2024-09
田子の浦,静岡県,50196,a0442,2024-10
田子の浦,静岡県,50196,a0442,2024-11
田子の浦,静岡県,50196,a0442,2024-12
留萌,北海道,13277,s47406,2019-01
留萌,北海道,13277,s47406,2019-02
留萌,北海道,13277,s47406,2019-03
留萌,北海道,13277,s47406,2019-04
留萌,北海道,13277,s47406,2019-05
留萌,北海道,13277,s47406,2019-06
留萌,北海道,13277,s47406,2019-07
留萌,北海道,13277,s47406,2019-08
留萌,北海道,13277,s47406,2019-09
留萌,北海道,13277,s47406,2019-10
留萌,北海道,13277,s47406,2019-11
留萌,北海道,13277,s47406,2019-12
留萌,北海道,13277,s47406,2020-01
留萌,北海道,13277,s47406,2020-02
留萌,北海道,13277,s47406,2020-03
留萌,北海道,13277,s47406,2020-04
留萌,北海道,13277,s47406,2020-05
留萌,北海道,13277,s47406,2020-06
留萌,北海道,13277,s47406,2020-07
留萌,北海道,13277,s47406,2020-08
留萌,北海道,13277,s47406,2020-09
留萌,北海道,13277,s47406,2020-10
留萌,北海道,13277,s47406,2020-11
留萌,北海道,13277,s47406,2020-12
留萌,北海道,13277,s47406,2021-01
留萌,北海道,13277,s47406,2021-02
留萌,北海道,13277,s47406,2021-03
留萌,北海道,13277,s47406,2021-04
留萌,北海道,13277,s47406,2021-05
留萌,北海道,13277,s47406,2021-06
留萌,北海道,13277,s47406,2021-07
留萌,北海道,13277,s47406,2021-08
留萌,北海道,13277,s47406,2021-09
留萌,北海道,13277,s47406,2021-10
留萌,北海道,13277,s47406,2021-11
留萌,北海道,13277,s47406,2021-12
留萌,北海道,13277,s47406,2022-01
留萌,北海道,13277,s47406,2022-02
留萌,北海道,13277,s47406,2022-03
留萌,北海道,13277,s47406,2022-04
留萌,北海道,13277,s47406,2022-05
留萌,北海道,13277,s47406,2022-06
留萌,北海道,13277,s47406,2022-07
留萌,北海道,13277,s47406,2022-08
留萌,北海道,13277,s47406,2022-09
留萌,北海道,13277,s47406,2022-10
留萌,北海道,13277,s47406,2022-11
留萌,北海道,13277,s47406,2022-12
留萌,北海道,13277,s47406,2023-01
留萌,北海道,13277,s47406,2023-02
留萌,北海道,13277,s47406,2023-03
留萌,北海道,13277,s47406,2023-04
留萌,北海道,13277,s47406,2023-05
留萌,北海道,13277,s47406,2023-06
留萌,北海道,13277,s47406,2023-07
留萌,北海道,13277,s47406,2023-08
留萌,北海道,13277,s47406,2023-09
留萌,北海道,13277,s47406,2023-10
留萌,北海道,13277,s47406,2023-11
留萌,北海道,13277,s47406,2023-12
留萌,北海道,13277,s47406,2024-01
留萌,北海道,13277,s47406,2024-02
留萌,北海道,13277,s47406,2024-03
留萌,北海道,13277,s47406,2024-04
留萌,北海道,13277,s47406,2024-05
留萌,北海道,13277,s47406,2024-06
留萌,北海道,13277,s47406,2024-07
留萌,北海道,13277,s47406,2024-08
留萌,北海道,13277,s47406,2024-09
留萌,北海道,13277,s47406,2024-10
留萌,北海道,13277,s47406,2024-11
留萌,北海道,13277,s47406,2024-12
相馬,福島県,36151,a0285,2019-01
相馬,福島県,36151,a0285,2019-02
相馬,福島県,36151,a0285,2019-03
相馬,福島県,36151,a0285,2019-04
相馬,福島県,36151,a0285,2019-05
相馬,福島県,36151,a0285,2019-06
相馬,福島県,36151,a0285,2019-07
相馬,福島県,36151,a0285,2019-08
相馬,福島県,36151,a0285,2019-09
相馬,福島県,36151,a0285,2019-10
相馬,福島県,36151,a0285,2019-11
相馬,福島県,36151,a0285,2019-12
相馬,福島県,36151,a0285,2020-01
相馬,福島県,36151,a0285,2020-02
相馬,福島県,36151,a0285,2020-03
相馬,福島県,36151,a0285,2020-05
相馬,福島県,36151,a0285,2020-06
相馬,福島県,36151,a0285,2020-07
相馬,福島県,36151,a0285,2020-08
相馬,福島県,36151,a0285,2020-09
相馬,福島県,36151,a0285,2020-10
相馬,福島県,36151,a0285,2020-11
相馬,福島県,36151,a0285,2020-12
相馬,福島県,36151,a0285,2021-01
相馬,福島県,36151,a0285,2021-02
相馬,福島県,36151,a0285,2021-03
相馬,福島県,36151,a0285,2021-04
相馬,福島県,36151,a0285,2021-05
相馬,福島県,36151,a0285,2021-06
相馬,福島県,36151,a0285,2021-07
相馬,福島県,36151,a0285,2021-08
相馬,福島県,36151,a0285,2021-09
相馬,福島県,36151,a0285,2021-10
相馬,福島県,36151,a0285,2021-11
相馬,福島県,36151,a0285,2021-12
相馬,福島県,36151,a0285,2022-01
相馬,福島県,36151,a0285,2022-02
相馬,福島県,36151,a0285,2022-03
相馬,福島県,36151,a0285,2022-04
相馬,福島県,36151,a0285,2022-05
相馬,福島県,36151,a0285,2022-06
相馬,福島県,36151,a0285,2022-07
相馬,福島県,36151,a0285,2022-08
相馬,福島県,36151,a0285,2022-09
相馬,福島県,36151,a0285,2022-10
相馬,福島県,36151,a0285,2022-11
相馬,福島県,36151,a0285,2022-12
相馬,福島県,36151,a0285,2023-01
相馬,福島県,36151,a0285,2023-02
相馬,福島県,36151,a0285,2023-03
相馬,福島県,36151,a0285,2023-04
相馬,福島県,36151,a0285,2023-05
相馬,福島県,36151,a0285,2023-06
相馬,福島県,36151,a0285,2023-07
相馬,福島県,36151,a0285,2023-08
相馬,福島県,36151,a0285,2023-09
相馬,福島県,36151,a0285,2023-10
相馬,福島県,36151,a0285,2023-11
相馬,福島県,36151,a0285,2023-12
相馬,福島県,36151,a0285,2024-01
相馬,福島県,36151,a0285,2024-02
相馬,福島県,36151,a0285,2024-03
相馬,福島県,36151,a0285,2024-04
相馬,福島県,36151,a0285,2024-05
相馬,福島県,36151,a0285,2024-06
相馬,福島県,36151,a0285,2024-07
相馬,福島県,36151,a0285,2024-08
相馬,福島県,36151,a0285,2024-09
相馬,福島県,36151,a0285,2024-10
相馬,福島県,36151,a0285,2024-11
相馬,福島県,36151,a0285,2024-12
石垣,沖縄県,94081,s47918,2019-01
石垣,沖縄県,94081,s47918,2019-02
石垣,沖縄県,94081,s47918,2019-03
石垣,沖縄県,94081,s47918,2019-04
石垣,沖縄県,94081,s47918,2019-05
石垣,沖縄県,94081,s47918,2019-06
石垣,沖縄県,94081,s47918,2019-07
石垣,沖縄県,94081,s47918,2019-08
石垣,沖縄県,94081,s47918,2019-09
石垣,沖縄県,94081,s47918,2019-10
石垣,沖縄県,94081,s47918,2019-11
石垣,沖縄県,94081,s47918,2019-12
石垣,沖縄県,94081,s47918,2020-01
石垣,沖縄県,94081,s47918,2020-02
石垣,沖縄県,94081,s47918,2020-03
石垣,沖縄県,94081,s47918,2020-04
石垣,沖縄県,94081,s47918,2020-05
石垣,沖縄県,94081,s47918,2020-06
石垣,沖縄県,94081,s47918,2020-07
石垣,沖縄県,94081,s47918,2020-08
石垣,沖縄県,94081,s47918,2020-09
石垣,沖縄県,94081,s47918,2020-10
石垣,沖縄県,94081,s47918,2020-11
石垣,沖縄県,94081,s47918,2020-12
石垣,沖縄県,94081,s47918,2021-01
石垣,沖縄県,94081,s47918,2021-02
石垣,沖縄県,94081,s47918,2021-03
石垣,沖縄県,94081,s47918,2021-04
石垣,沖縄県,94081,s47918,2021-05
石垣,沖縄県,94081,s47918,2021-06
石垣,沖縄県,94081,s47918,2021-07
石垣,沖縄県,94081,s47918,2021-08
石垣,沖縄県,94081,s47918,2021-09
石垣,沖縄県,94081,s47918,2021-10
石垣,沖縄県,94081,s47918,2021-11
石垣,沖縄県,94081,s47918,2021-12
石垣,沖縄県,94081,s47918,2022-01
石垣,沖縄県,94081,s47918,2022-02
石垣,沖縄県,94081,s47918,2022-03
石垣,沖縄県,94081,s47918,2022-04
石垣,沖縄県,94081,s47918,2022-05
石垣,沖縄県,94081,s47918,2022-06
石垣,沖縄県,94081,s47918,2022-07
石垣,沖縄県,94081,s47918,2022-08
石垣,沖縄県,94081,s47918,2022-09
石垣,沖縄県,94081,s47918,2022-10
石垣,沖縄県,94081,s47918,2022-11
石垣,沖縄県,94081,s47918,2022-12
石垣,沖縄県,94081,s47918,2023-01
石垣,沖縄県,94081,s47918,2023-02
石垣,沖縄県,94081,s47918,2023-03
石垣,沖縄県,94081,s47918,2023-04
石垣,沖縄県,94081,s47918,2023-05
石垣,沖縄県,94081,s47918,2023-06
石垣,沖縄県,94081,s47918,2023-07
石垣,沖縄県,94081,s47918,2023-08
石垣,沖縄県,94081,s47918,2023-09
石垣,沖縄県,94081,s47918,2023-10
石垣,沖縄県,94081,s47918,2023-11
石垣,沖縄県,94081,s47918,2023-12
石垣,沖縄県,94081,s47918,2024-01
石垣,沖縄県,94081,s47918,2024-02
石垣,沖縄県,94081,s47918,2024-03
石垣,沖縄県,94081,s47918,2024-04
石垣,沖縄県,94081,s47918,2024-05
石垣,沖縄県,94081,s47918,2024-06
石垣,沖縄県,94081,s47918,2024-07
石垣,沖縄県,94081,s47918,2024-08
石垣,沖縄県,94081,s47918,2024-09
石垣,沖縄県,94081,s47918,2024-10
石垣,沖縄県,94081,s47918,2024-11
石垣,沖縄県,94081,s47918,2024-12
神戸,兵庫県,63518,s47770,2019-01
神戸,兵庫県,63518,s47770,2019-02
神戸,兵庫県,63518,s47770,2019-03
神戸,兵庫県,63518,s47770,2019-04
神戸,兵庫県,63518,s47770,2019-05
神戸,兵庫県,63518,s47770,2019-06
神戸,兵庫県,63518,s47770,2019-07
神戸,兵庫県,63518,s47770,2019-08
神戸,兵庫県,63518,s47770,2019-09
神戸,兵庫県,63518,s47770,2019-10
神戸,兵庫県,63518,s47770,2019-11
神戸,兵庫県,63518,s47770,2019-12
神戸,兵庫県,63518,s47770,2020-01
神戸,兵庫県,63518,s47770,2020-02
神戸,兵庫県,63518,s47770,2020-03
神戸,兵庫県,63518,s47770,2020-04
神戸,兵庫県,63518,s47770,2020-05
神戸,兵庫県,63518,s47770,2020-06
神戸,兵庫県,63518,s47770,2020-07
神戸,兵庫県,63518,s47770,2020-08
神戸,兵庫県,63518,s47770,2020-09
神戸,兵庫県,63518,s47770,2020-10
神戸,兵庫県,63518,s47770,2020-11
神戸,兵庫県,63518,s47770,2020-12
神戸,兵庫県,63518,s47770,2021-01
神戸,兵庫県,63518,s47770,2021-02
神戸,兵庫県,63518,s47770,2021-03
神戸,兵庫県,63518,s47770,2021-04
神戸,兵庫県,63518,s47770,2021-05
神戸,兵庫県,63518,s47770,2021-06
神戸,兵庫県,63518,s47770,2021-07
神戸,兵庫県,63518,s47770,2021-08
神戸,兵庫県,63518,s47770,2021-09
神戸,兵庫県,63518,s47770,2021-10
神戸,兵庫県,63518,s47770,2021-11
神戸,兵庫県,63518,s47770,2021-12
神戸,兵庫県,63518,s47770,2022-01
神戸,兵庫県,63518,s47770,2022-02
神戸,兵庫県,63518,s47770,2022-03
神戸,兵庫県,63518,s47770,2022-04
神戸,兵庫県,63518,s47770,2022-05
神戸,兵庫県,63518,s47770,2022-06
神戸,兵庫県,63518,s47770,2022-07
神戸,兵庫県,63518,s47770,2022-08
神戸,兵庫県,63518,s47770,2022-09
神戸,兵庫県,63518,s47770,2022-10
神戸,兵庫県,63518,s47770,2022-11
神戸,兵庫県,63518,s47770,2022-12
神戸,兵庫県,63518,s47770,2023-01
神戸,兵庫県,63518,s47770,2023-02
神戸,兵庫県,63518,s47770,2023-03
神戸,兵庫県,63518,s47770,2023-04
神戸,兵庫県,63518,s47770,2023-05
神戸,兵庫県,63518,s47770,2023-06
神戸,兵庫県,63518,s47770,2023-07
神戸,兵庫県,63518,s47770,2023-08
神戸,兵庫県,63518,s47770,2023-09
神戸,兵庫県,63518,s47770,2023-10
神戸,兵庫県,63518,s47770,2023-11
神戸,兵庫県,63518,s47770,2023-12
神戸,兵庫県,63518,s47770,2024-01
神戸,兵庫県,63518,s47770,2024-02
神戸,兵庫県,63518,s47770,2024-03
神戸,兵庫県,63518,s47770,2024-04
神戸,兵庫県,63518,s47770,2024-05
神戸,兵庫県,63518,s47770,2024-06
神戸,兵庫県,63518,s47770,2024-07
神戸,兵庫県,63518,s47770,2024-08
神戸,兵庫県,63518,s47770,2024-09
神戸,兵庫県,63518,s47770,2024-10
神戸,兵庫県,63518,s47770,2024-11
神戸,兵庫県,63518,s47770,2024-12
福井,福井県,57001,a1071,2019-01
福井,福井県,57001,a1071,2019-02
福井,福井県,57001,a1071,2019-03
福井,福井県,57001,a1071,2019-04
福井,福井県,57001,a1071,2019-05
福井,福井県,57001,a1071,2019-06
福井,福井県,57001,a1071,2019-07
福井,福井県,57001,a1071,2019-08
福井,福井県,57001,a1071,2019-09
福井,福井県,57001,a1071,2019-10
福井,福井県,57001,a1071,2019-11
福井,福井県,57001,a1071,2019-12
福井,福井県,57001,a1071,2020-01
福井,福井県,57001,a1071,2020-02
福井,福井県,57001,a1071,2020-03
福井,福井県,57001,a1071,2020-04
福井,福井県,57001,a1071,2020-05
福井,福井県,57001,a1071,2020-06
福井,福井県,57001,a1071,2020-07
福井,福井県,57001,a1071,2020-08
福井,福井県,57001,a1071,2020-09
福井,福井県,57001,a1071,2020-10
福井,福井県,57001,a1071,2020-11
福井,福井県,57001,a1071,2020-12
福井,福井県,57001,a1071,2021-01
福井,福井県,57001,a1071,2021-02
福井,福井県,57001,a1071,2021-03
福井,福井県,57001,a1071,2021-04
福井,福井県,57001,a1071,2021-05
福井,福井県,57001,a1071,2021-06
福井,福井県,57001,a1071,2021-07
福井,福井県,57001,a1071,2021-08
福井,福井県,57001,a1071,2021-09
福井,福井県,57001,a1071,2021-10
福井,福井県,57001,a1071,2021-11
福井,福井県,57001,a1071,2021-12
福井,福井県,57001,a1071,2022-01
福井,福井県,57001,a1071,2022-02
福井,福井県,57001,a1071,2022-03
福井,福井県,57001,a1071,2022-04
福井,福井県,57001,a1071,2022-05
福井,福井県,57001,a1071,2022-06
福井,福井県,57001,a1071,2022-07
福井,福井県,57001,a1071,2022-08
福井,福井県,57001,a1071,2022-09
福井,福井県,57001,a1071,2022-10
福井,福井県,57001,a1071,2022-11
福井,福井県,57001,a1071,2022-12
福井,福井県,57001,a1071,2023-01
福井,福井県,57001,a1071,2023-02
福井,福井県,57001,a1071,2023-03
福井,福井県,57001,a1071,2023-04
福井,福井県,57001,a1071,2023-05
福井,福井県,57001,a1071,2023-06
福井,福井県,57001,a1071,2023-07
福井,福井県,57001,a1071,2023-08
福井,福井県,57001,a1071,2023-09
福井,福井県,57001,a1071,2023-10
福井,福井県,57001,a1071,2023-11
福井,福井県,57001,a1071,2023-12
福井,福井県,57001,a1071,2024-01
福井,福井県,57001,a1071,2024-02
福井,福井県,57001,a1071,2024-03
福井,福井県,57001,a1071,2024-04
福井,福井県,57001,a1071,2024-05
福井,福井県,57001,a1071,2024-06
福井,福井県,57001,a1071,2024-07
福井,福井県,57001,a1071,2024-08
福井,福井県,57001,a1071,2024-09
福井,福井県,57001,a1071,2024-10
福井,福井県,57001,a1071,2024-11
福井,福井県,57001,a1071,2024-12
秋田,秋田県,32402,s47582,2019-01
秋田,秋田県,32402,s47582,2019-02
秋田,秋田県,32402,s47582,2019-03
秋田,秋田県,32402,s47582,2019-04
秋田,秋田県,32402,s47582,2019-05
秋田,秋田県,32402,s47582,2019-06
秋田,秋田県,32402,s47582,2019-07
秋田,秋田県,32402,s47582,2019-08
秋田,秋田県,32402,s47582,2019-09
秋田,秋田県,32402,s47582,2019-10
秋田,秋田県,32402,s47582,2019-11
秋田,秋田県,32402,s47582,2019-12
秋田,秋田県,32402,s47582,2020-01
秋田,秋田県,32402,s47582,2020-02
秋田,秋田県,32402,s47582,2020-03
秋田,秋田県,32402,s47582,2020-04
秋田,秋田県,32402,s47582,2020-05
秋田,秋田県,32402,s47582,2020-06
秋田,秋田県,32402,s47582,2020-07
秋田,秋田県,32402,s47582,2020-08
秋田,秋田県,32402,s47582,2020-09
秋田,秋田県,32402,s47582,2020-10
秋田,秋田県,32402,s47582,2020-11
秋田,秋田県,32402,s47582,2020-12
秋田,秋田県,32402,s47582,2021-01
秋田,秋田県,32402,s47582,2021-02
秋田,秋田県,32402,s47582,2021-03
秋田,秋田県,32402,s47582,2021-04
秋田,秋田県,32402,s47582,2021-05
秋田,秋田県,32402,s47582,2021-06
秋田,秋田県,32402,s47582,2021-07
秋田,秋田県,32402,s47582,2021-08
秋田,秋田県,32402,s47582,2021-09
秋田,秋田県,32402,s47582,2021-10
秋田,秋田県,32402,s47582,2021-11
秋田,秋田県,32402,s47582,2021-12
秋田,秋田県,32402,s47582,2022-01
秋田,秋田県,32402,s47582,2022-02
秋田,秋田県,32402,s47582,2022-03
秋田,秋田県,32402,s47582,2022-04
秋田,秋田県,32402,s47582,2022-05
秋田,秋田県,32402,s47582,2022-06
秋田,秋田県,32402,s47582,2022-07
秋田,秋田県,32402,s47582,2022-08
秋田,秋田県,32402,s47582,2022-09
秋田,秋田県,32402,s47582,2022-10
秋田,秋田県,32402,s47582,2022-11
秋田,秋田県,32402,s47582,2022-12
秋田,秋田県,32402,s47582,2023-01
秋田,秋田県,32402,s47582,2023-02
秋田,秋田県,32402,s47582,2023-03
秋田,秋田県,32402,s47582,2023-04
秋田,秋田県,32402,s47582,2023-05
秋田,秋田県,32402,s47582,2023-06
秋田,秋田県,32402,s47582,2023-07
秋田,秋田県,32402,s47582,2023-08
秋田,秋田県,32402,s47582,2023-09
秋田,秋田県,32402,s47582,2023-10
秋田,秋田県,32402,s47582,2023-11
秋田,秋田県,32402,s47582,2023-12
秋田,秋田県,32402,s47582,2024-01
秋田,秋田県,32402,s47582,2024-02
秋田,秋田県,32402,s47582,2024-03
秋田,秋田県,32402,s47582,2024-04
秋田,秋田県,32402,s47582,2024-05
秋田,秋田県,32402,s47582,2024-06
秋田,秋田県,32402,s47582,2024-07
秋田,秋田県,32402,s47582,2024-08
秋田,秋田県,32402,s47582,2024-09
秋田,秋田県,32402,s47582,2024-10
秋田,秋田県,32402,s47582,2024-11
秋田,秋田県,32402,s47582,2024-12
稚内,北海道,11016,s47401,2019-01
稚内,北海道,11016,s47401,2019-02
稚内,北海道,11016,s47401,2019-03
稚内,北海道,11016,s47401,2019-04
稚内,北海道,11016,s47401,2019-05
稚内,北海道,11016,s47401,2019-06
稚内,北海道,11016,s47401,2019-07
稚内,北海道,11016,s47401,2019-08
稚内,北海道,11016,s47401,2019-09
稚内,北海道,11016,s47401,2019-10
稚内,北海道,11016,s47401,2019-11
稚内,北海道,11016,s47401,2019-12
稚内,北海道,11016,s47401,2020-01
稚内,北海道,11016,s47401,2020-02
稚内,北海道,11016,s47401,2020-03
稚内,北海道,11016,s47401,2020-04
稚内,北海道,11016,s47401,2020-05
稚内,北海道,11016,s47401,2020-06
稚内,北海道,11016,s47401,2020-07
稚内,北海道,11016,s47401,2020-08
稚内,北海道,11016,s47401,2020-09
稚内,北海道,11016,s47401,2020-10
稚内,北海道,11016,s47401,2020-11
稚内,北海道,11016,s47401,2020-12
稚内,北海道,11016,s47401,2021-01
稚内,北海道,11016,s47401,2021-02
稚内,北海道,11016,s47401,2021-03
稚内,北海道,11016,s47401,2021-04
稚内,北海道,11016,s47401,2021-05
稚内,北海道,11016,s47401,2021-06
稚内,北海道,11016,s47401,2021-07
稚内,北海道,11016,s47401,2021-08
稚内,北海道,11016,s47401,2021-09
稚内,北海道,11016,s47401,2021-10
稚内,北海道,11016,s47401,2021-11
稚内,北海道,11016,s47401,2021-12
稚内,北海道,11016,s47401,2022-01
稚内,北海道,11016,s47401,2022-02
稚内,北海道,11016,s47401,2022-03
稚内,北海道,11016,s47401,2022-04
稚内,北海道,11016,s47401,2022-05
稚内,北海道,11016,s47401,2022-06
稚内,北海道,11016,s47401,2022-07
稚内,北海道,11016,s47401,2022-08
稚内,北海道,11016,s47401,2022-09
稚内,北海道,11016,s47401,2022-10
稚内,北海道,11016,s47401,2022-11
稚内,北海道,11016,s47401,2022-12
稚内,北海道,11016,s47401,2023-01
稚内,北海道,11016,s47401,2023-02
稚内,北海道,11016,s47401,2023-03
稚内,北海道,11016,s47401,2023-04
稚内,北海道,11016,s47401,2023-05
稚内,北海道,11016,s47401,2023-06
稚内,北海道,11016,s47401,2023-07
稚内,北海道,11016,s47401,2023-08
稚内,北海道,11016,s47401,2023-09
稚内,北海道,11016,s47401,2023-10
稚内,北海道,11016,s47401,2023-11
稚内,北海道,11016,s47401,2023-12
稚内,北海道,11016,s47401,2024-01
稚内,北海道,11016,s47401,2024-02
稚内,北海道,11016,s47401,2024-03
稚内,北海道,11016,s47401,2024-04
稚内,北海道,11016,s47401,2024-05
稚内,北海道,11016,s47401,2024-06
稚内,北海道,11016,s47401,2024-07
稚内,北海道,11016,s47401,2024-08
稚内,北海道,11016,s47401,2024-09
稚内,北海道,11016,s47401,2024-10
稚内,北海道,11016,s47401,2024-11
稚内,北海道,11016,s47401,2024-12
竹原,広島県,67461,a0686,2019-01
竹原,広島県,67461,a0686,2019-02
竹原,広島県,67461,a0686,2019-03
竹原,広島県,67461,a0686,2019-04
竹原,広島県,67461,a0686,2019-05
竹原,広島県,67461,a0686,2019-06
竹原,広島県,67461,a0686,2019-07
竹原,広島県,67461,a0686,2019-08
竹原,広島県,67461,a0686,2019-09
竹原,広島県,67461,a0686,2019-10
竹原,広島県,67461,a0686,2019-11
竹原,広島県,67461,a0686,2019-12
竹原,広島県,67461,a0686,2020-01
竹原,広島県,67461,a0686,2020-02
竹原,広島県,67461,a0686,2020-03
竹原,広島県,67461,a0686,2020-04
竹原,広島県,67461,a0686,2020-05
竹原,広島県,67461,a0686,2020-06
竹原,広島県,67461,a0686,2020-07
竹原,広島県,67461,a0686,2020-08
竹原,広島県,67461,a0686,2020-09
竹原,広島県,67461,a0686,2020-10
竹原,広島県,67461,a0686,2020-11
竹原,広島県,67461,a0686,2020-12
竹原,広島県,67461,a0686,2021-01
竹原,広島県,67461,a0686,2021-02
竹原,広島県,67461,a0686,2021-03
竹原,広島県,67461,a0686,2021-04
竹原,広島県,67461,a0686,2021-05
竹原,広島県,67461,a0686,2021-06
竹原,広島県,67461,a0686,2021-07
竹原,広島県,67461,a0686,2021-08
竹原,広島県,67461,a0686,2021-09
竹原,広島県,67461,a0686,2021-10
竹原,広島県,67461,a0686,2021-11
竹原,広島県,67461,a0686,2021-12
竹原,広島県,67461,a0686,2022-01
竹原,広島県,67461,a0686,2022-02
竹原,広島県,67461,a0686,2022-03
竹原,広島県,67461,a0686,2022-04
竹原,広島県,67461,a0686,2022-05
竹原,広島県,67461,a0686,2022-06
竹原,広島県,67461,a0686,2022-07
竹原,広島県,67461,a0686,2022-08
竹原,広島県,67461,a0686,2022-09
竹原,広島県,67461,a0686,2022-10
竹原,広島県,67461,a0686,2022-11
竹原,広島県,67461,a0686,2022-12
竹原,広島県,67461,a0686,2023-01
竹原,広島県,67461,a0686,2023-02
竹原,広島県,67461,a0686,2023-03
竹原,広島県,67461,a0686,2023-04
竹原,広島県,67461,a0686,2023-05
竹原,広島県,67461,a0686,2023-06
竹原,広島県,67461,a0686,2023-07
竹原,広島県,67461,a0686,2023-08
竹原,広島県,67461,a0686,2023-09
竹原,広島県,67461,a0686,2023-10
竹原,広島県,67461,a0686,2023-11
竹原,広島県,67461,a0686,2023-12
竹原,広島県,67461,a0686,2024-01
竹原,広島県,67461,a0686,2024-02
竹原,広島県,67461,a0686,2024-03
竹原,広島県,67461,a0686,2024-04
竹原,広島県,67461,a0686,2024-05
竹原,広島県,67461,a0686,2024-06
竹原,広島県,67461,a0686,2024-07
竹原,広島県,67461,a0686,2024-08
竹原,広島県,67461,a0686,2024-09
竹原,広島県,67461,a0686,2024-10
竹原,広島県,67461,a0686,2024-11
竹原,広島県,67461,a0686,2024-12
笠岡,岡山県,66481,a0919,2019-01
笠岡,岡山県,66481,a0919,2019-02
笠岡,岡山県,66481,a0919,2019-03
笠岡,岡山県,66481,a0919,2019-04
笠岡,岡山県,66481,a0919,2019-05
笠岡,岡山県,66481,a0919,2019-06
笠岡,岡山県,66481,a0919,2019-07
笠岡,岡山県,66481,a0919,2019-08
笠岡,岡山県,66481,a0919,2019-09
笠岡,岡山県,66481,a0919,2019-10
笠岡,岡山県,66481,a0919,2019-11
笠岡,岡山県,66481,a0919,2019-12
笠岡,岡山県,66481,a0919,2020-01
笠岡,岡山県,66481,a0919,2020-02
笠岡,岡山県,66481,a0919,2020-03
笠岡,岡山県,66481,a0919,2020-04
笠岡,岡山県,66481,a0919,2020-05
笠岡,岡山県,66481,a0919,2020-06
笠岡,岡山県,66481,a0919,2020-07
笠岡,岡山県,66481,a0919,2020-08
笠岡,岡山県,66481,a0919,2020-09
笠岡,岡山県,66481,a0919,2020-10
笠岡,岡山県,66481,a0919,2020-11
笠岡,岡山県,66481,a0919,2020-12
笠岡,岡山県,66481,a0919,2021-01
笠岡,岡山県,66481,a0919,2021-02
笠岡,岡山県,66481,a0919,2021-03
笠岡,岡山県,66481,a0919,2021-04
笠岡,岡山県,66481,a0919,2021-05
笠岡,岡山県,66481,a0919,2021-06
笠岡,岡山県,66481,a0919,2021-07
笠岡,岡山県,66481,a0919,2021-08
笠岡,岡山県,66481,a0919,2021-09
笠岡,岡山県,66481,a0919,2021-10
笠岡,岡山県,66481,a0919,2021-11
笠岡,岡山県,66481,a0919,2021-12
笠岡,岡山県,66481,a0919,2022-01
笠岡,岡山県,66481,a0919,2022-02
笠岡,岡山県,66481,a0919,2022-03
笠岡,岡山県,66481,a0919,2022-04
笠岡,岡山県,66481,a0919,2022-05
笠岡,岡山県,66481,a0919,2022-06
笠岡,岡山県,66481,a0919,2022-07
笠岡,岡山県,66481,a0919,2022-08
笠岡,岡山県,66481,a0919,2022-09
笠岡,岡山県,66481,a0919,2022-10
笠岡,岡山県,66481,a0919,2022-11
笠岡,岡山県,66481,a0919,2022-12
笠岡,岡山県,66481,a0919,2023-01
笠岡,岡山県,66481,a0919,2023-02
笠岡,岡山県,66481,a0919,2023-03
笠岡,岡山県,66481,a0919,2023-04
笠岡,岡山県,66481,a0919,2023-05
笠岡,岡山県,66481,a0919,2023-06
笠岡,岡山県,66481,a0919,2023-07
笠岡,岡山県,66481,a0919,2023-08
笠岡,岡山県,66481,a0919,2023-09
笠岡,岡山県,66481,a0919,2023-10
笠岡,岡山県,66481,a0919,2023-11
笠岡,岡山県,66481,a0919,2023-12
笠岡,岡山県,66481,a0919,2024-01
笠岡,岡山県,66481,a0919,2024-02
笠岡,岡山県,66481,a0919,2024-03
笠岡,岡山県,66481,a0919,2024-04
笠岡,岡山県,66481,a0919,2024-05
笠岡,岡山県,66481,a0919,2024-06
笠岡,岡山県,66481,a0919,2024-07
笠岡,岡山県,66481,a0919,2024-08
笠岡,岡山県,66481,a0919,2024-09
笠岡,岡山県,66481,a0919,2024-10
笠岡,岡山県,66481,a0919,2024-11
笠岡,岡山県,66481,a0919,2024-12
米之津,鹿児島県,86451,a0924,2019-01
米之津,鹿児島県,86451,a0924,2019-02
米之津,鹿児島県,86451,a0924,2019-03
米之津,鹿児島県,86451,a0924,2019-04
米之津,鹿児島県,86451,a0924,2019-05
米之津,鹿児島県,86451,a0924,2019-06
米之津,鹿児島県,86451,a0924,2019-07
米之津,鹿児島県,86451,a0924,2019-08
米之津,鹿児島県,86451,a0924,2019-09
米之津,鹿児島県,86451,a0924,2019-10
米之津,鹿児島県,86451,a0924,2019-11
米之津,鹿児島県,86451,a0924,2019-12
米之津,鹿児島県,86451,a0924,2020-01
米之津,鹿児島県,86451,a0924,2020-02
米之津,鹿児島県,86451,a0924,2020-03
米之津,鹿児島県,86451,a0924,2020-04
米之津,鹿児島県,86451,a0924,2020-05
米之津,鹿児島県,86451,a0924,2020-06
米之津,鹿児島県,86451,a0924,2020-07
米之津,鹿児島県,86451,a0924,2020-08
米之津,鹿児島県,86451,a0924,2020-09
米之津,鹿児島県,86451,a0924,2020-10
米之津,鹿児島県,86451,a0924,2020-11
米之津,鹿児島県,86451,a0924,2020-12
米之津,鹿児島県,86451,a0924,2021-01
米之津,鹿児島県,86451,a0924,2021-02
米之津,鹿児島県,86451,a0924,2021-03
米之津,鹿児島県,86451,a0924,2021-04
米之津,鹿児島県,86451,a0924,2021-05
米之津,鹿児島県,86451,a0924,2021-06
米之津,鹿児島県,86451,a0924,2021-07
米之津,鹿児島県,86451,a0924,2021-08
米之津,鹿児島県,86451,a0924,2021-09
米之津,鹿児島県,86451,a0924,2021-10
米之津,鹿児島県,86451,a0924,2021-11
米之津,鹿児島県,86451,a0924,2021-12
米之津,鹿児島県,86451,a0924,2022-01
米之津,鹿児島県,86451,a0924,2022-02
米之津,鹿児島県,86451,a0924,2022-03
米之津,鹿児島県,86451,a0924,2022-04
米之津,鹿児島県,86451,a0924,2022-05
米之津,鹿児島県,86451,a0924,2022-06
米之津,鹿児島県,86451,a0924,2022-07
米之津,鹿児島県,86451,a0924,2022-08
米之津,鹿児島県,86451,a0924,2022-09
米之津,鹿児島県,86451,a0924,2022-10
米之津,鹿児島県,86451,a0924,2022-11
米之津,鹿児島県,86451,a0924,2022-12
米之津,鹿児島県,86451,a0924,2023-01
米之津,鹿児島県,86451,a0924,2023-02
米之津,鹿児島県,86451,a0924,2023-03
米之津,鹿児島県,86451,a0924,2023-04
米之津,鹿児島県,86451,a0924,2023-05
米之津,鹿児島県,86451,a0924,2023-06
米之津,鹿児島県,86451,a0924,2023-07
米之津,鹿児島県,86451,a0924,2023-08
米之津,鹿児島県,86451,a0924,2023-09
米之津,鹿児島県,86451,a0924,2023-10
米之津,鹿児島県,86451,a0924,2023-11
米之津,鹿児島県,86451,a0924,2023-12
米之津,鹿児島県,86451,a0924,2024-01
米之津,鹿児島県,86451,a0924,2024-02
米之津,鹿児島県,86451,a0924,2024-03
米之津,鹿児島県,86451,a0924,2024-04
米之津,鹿児島県,86451,a0924,2024-05
米之津,鹿児島県,86451,a0924,2024-06
米之津,鹿児島県,86451,a0924,2024-07
米之津,鹿児島県,86451,a0924,2024-08
米之津,鹿児島県,86451,a0924,2024-09
米之津,鹿児島県,86451,a0924,2024-10
米之津,鹿児島県,86451,a0924,2024-11
米之津,鹿児島県,86451,a0924,2024-12
紋別,北海道,17112,s47435,2019-01
紋別,北海道,17112,s47435,2019-02
紋別,北海道,17112,s47435,2019-03
紋別,北海道,17112,s47435,2019-04
紋別,北海道,17112,s47435,2019-05
紋別,北海道,17112,s47435,2019-06
紋別,北海道,17112,s47435,2019-07
紋別,北海道,17112,s47435,2019-08
紋別,北海道,17112,s47435,2019-09
紋別,北海道,17112,s47435,2019-10
紋別,北海道,17112,s47435,2019-11
紋別,北海道,17112,s47435,2019-12
紋別,北海道,17112,s47435,2020-01
紋別,北海道,17112,s47435,2020-02
紋別,北海道,17112,s47435,2020-03
紋別,北海道,17112,s47435,2020-04
紋別,北海道,17112,s47435,2020-05
紋別,北海道,17112,s47435,2020-06
紋別,北海道,17112,s47435,2020-07
紋別,北海道,17112,s47435,2020-08
紋別,北海道,17112,s47435,2020-09
紋別,北海道,17112,s47435,2020-10
紋別,北海道,17112,s47435,2020-11
紋別,北海道,17112,s47435,2020-12
紋別,北海道,17112,s47435,2021-01
紋別,北海道,17112,s47435,2021-02
紋別,北海道,17112,s47435,2021-03
紋別,北海道,17112,s47435,2021-04
紋別,北海道,17112,s47435,2021-05
紋別,北海道,17112,s47435,2021-06
紋別,北海道,17112,s47435,2021-07
紋別,北海道,17112,s47435,2021-08
紋別,北海道,17112,s47435,2021-09
紋別,北海道,17112,s47435,2021-10
紋別,北海道,17112,s47435,2021-11
紋別,北海道,17112,s47435,2021-12
紋別,北海道,17112,s47435,2022-01
紋別,北海道,17112,s47435,2022-02
紋別,北海道,17112,s47435,2022-03
紋別,北海道,17112,s47435,2022-04
紋別,北海道,17112,s47435,2022-05
紋別,北海道,17112,s47435,2022-06
紋別,北海道,17112,s47435,2022-07
紋別,北海道,17112,s47435,2022-08
紋別,北海道,17112,s47435,2022-09
紋別,北海道,17112,s47435,2022-10
紋別,北海道,17112,s47435,2022-11
紋別,北海道,17112,s47435,2022-12
紋別,北海道,17112,s47435,2023-01
紋別,北海道,17112,s47435,2023-02
紋別,北海道,17112,s47435,2023-03
紋別,北海道,17112,s47435,2023-04
紋別,北海道,17112,s47435,2023-05
紋別,北海道,17112,s47435,2023-06
紋別,北海道,17112,s47435,2023-07
紋別,北海道,17112,s47435,2023-08
紋別,北海道,17112,s47435,2023-09
紋別,北海道,17112,s47435,2023-10
紋別,北海道,17112,s47435,2023-11
紋別,北海道,17112,s47435,2023-12
紋別,北海道,17112,s47435,2024-01
紋別,北海道,17112,s47435,2024-02
紋別,北海道,17112,s47435,2024-03
紋別,北海道,17112,s47435,2024-04
紋別,北海道,17112,s47435,2024-05
紋別,北海道,17112,s47435,2024-06
紋別,北海道,17112,s47435,2024-07
紋別,北海道,17112,s47435,2024-08
紋別,北海道,17112,s47435,2024-09
紋別,北海道,17112,s47435,2024-10
紋別,北海道,17112,s47435,2024-11
紋別,北海道,17112,s47435,2024-12
細島,宮崎県,87181,a0857,2019-01
細島,宮崎県,87181,a0857,2019-02
細島,宮崎県,87181,a0857,2019-03
細島,宮崎県,87181,a0857,2019-04
細島,宮崎県,87181,a0857,2019-05
細島,宮崎県,87181,a0857,2019-06
細島,宮崎県,87181,a0857,2019-07
細島,宮崎県,87181,a0857,2019-08
細島,宮崎県,87181,a0857,2019-09
細島,宮崎県,87181,a0857,2019-10
細島,宮崎県,87181,a0857,2019-11
細島,宮崎県,87181,a0857,2019-12
細島,宮崎県,87181,a0857,2020-01
細島,宮崎県,87181,a0857,2020-02
細島,宮崎県,87181,a0857,2020-03
細島,宮崎県,87181,a0857,2020-04
細島,宮崎県,87181,a0857,2020-05
細島,宮崎県,87181,a0857,2020-06
細島,宮崎県,87181,a0857,2020-07
細島,宮崎県,87181,a0857,2020-08
細島,宮崎県,87181,a0857,2020-09
細島,宮崎県,87181,a0857,2020-10
細島,宮崎県,87181,a0857,2020-11
細島,宮崎県,87181,a0857,2020-12
細島,宮崎県,87181,a0857,2021-01
細島,宮崎県,87181,a0857,2021-02
細島,宮崎県,87181,a0857,2021-03
細島,宮崎県,87181,a0857,2021-04
細島,宮崎県,87181,a0857,2021-05
細島,宮崎県,87181,a0857,2021-06
細島,宮崎県,87181,a0857,2021-07
細島,宮崎県,87181,a0857,2021-08
細島,宮崎県,87181,a0857,2021-09
細島,宮崎県,87181,a0857,2021-10
細島,宮崎県,87181,a0857,2021-11
細島,宮崎県,87181,a0857,2021-12
細島,宮崎県,87181,a0857,2022-01
細島,宮崎県,87181,a0857,2022-02
細島,宮崎県,87181,a0857,2022-03
細島,宮崎県,87181,a0857,2022-04
細島,宮崎県,87181,a0857,2022-05
細島,宮崎県,87181,a0857,2022-06
細島,宮崎県,87181,a0857,2022-07
細島,宮崎県,87181,a0857,2022-08
細島,宮崎県,87181,a0857,2022-09
細島,宮崎県,87181,a0857,2022-10
細島,宮崎県,87181,a0857,2022-11
細島,宮崎県,87181,a0857,2022-12
細島,宮崎県,87181,a0857,2023-01
細島,宮崎県,87181,a0857,2023-02
細島,宮崎県,87181,a0857,2023-03
細島,宮崎県,87181,a0857,2023-04
細島,宮崎県,87181,a0857,2023-05
細島,宮崎県,87181,a0857,2023-06
細島,宮崎県,87181,a0857,2023-07
細島,宮崎県,87181,a0857,2023-08
細島,宮崎県,87181,a0857,2023-09
細島,宮崎県,87181,a0857,2023-10
細島,宮崎県,87181,a0857,2023-11
細島,宮崎県,87181,a0857,2023-12
細島,宮崎県,87181,a0857,2024-01
細島,宮崎県,87181,a0857,2024-02
細島,宮崎県,87181,a0857,2024-03
細島,宮崎県,87181,a0857,2024-04
細島,宮崎県,87181,a0857,2024-05
細島,宮崎県,87181,a0857,2024-06
細島,宮崎県,87181,a0857,2024-07
細島,宮崎県,87181,a0857,2024-08
細島,宮崎県,87181,a0857,2024-09
細島,宮崎県,87181,a0857,2024-10
細島,宮崎県,87181,a0857,2024-11
細島,宮崎県,87181,a0857,2024-12
網走,北海道,17341,s47409,2019-01
網走,北海道,17341,s47409,2019-02
網走,北海道,17341,s47409,2019-03
網走,北海道,17341,s47409,2019-04
網走,北海道,17341,s47409,2019-05
網走,北海道,17341,s47409,2019-06
網走,北海道,17341,s47409,2019-07
網走,北海道,17341,s47409,2019-08
網走,北海道,17341,s47409,2019-09
網走,北海道,17341,s47409,2019-10
網走,北海道,17341,s47409,2019-11
網走,北海道,17341,s47409,2019-12
網走,北海道,17341,s47409,2020-01
網走,北海道,17341,s47409,2020-02
網走,北海道,17341,s47409,2020-03
網走,北海道,17341,s47409,2020-04
網走,北海道,17341,s47409,2020-05
網走,北海道,17341,s47409,2020-06
網走,北海道,17341,s47409,2020-07
網走,北海道,17341,s47409,2020-08
網走,北海道,17341,s47409,2020-09
網走,北海道,17341,s47409,2020-10
網走,北海道,17341,s47409,2020-11
網走,北海道,17341,s47409,2020-12
網走,北海道,17341,s47409,2021-01
網走,北海道,17341,s47409,2021-02
網走,北海道,17341,s47409,2021-03
網走,北海道,17341,s47409,2021-04
網走,北海道,17341,s47409,2021-05
網走,北海道,17341,s47409,2021-06
網走,北海道,17341,s47409,2021-07
網走,北海道,17341,s47409,2021-08
網走,北海道,17341,s47409,2021-09
網走,北海道,17341,s47409,2021-10
網走,北海道,17341,s47409,2021-11
網走,北海道,17341,s47409,2021-12
網走,北海道,17341,s47409,2022-01
網走,北海道,17341,s47409,2022-02
網走,北海道,17341,s47409,2022-03
網走,北海道,17341,s47409,2022-04
網走,北海道,17341,s47409,2022-05
網走,北海道,17341,s47409,2022-06
網走,北海道,17341,s47409,2022-07
網走,北海道,17341,s47409,2022-08
網走,北海道,17341,s47409,2022-09
網走,北海道,17341,s47409,2022-10
網走,北海道,17341,s47409,2022-11
網走,北海道,17341,s47409,2022-12
網走,北海道,17341,s47409,2023-01
網走,北海道,17341,s47409,2023-02
網走,北海道,17341,s47409,2023-03
網走,北海道,17341,s47409,2023-04
網走,北海道,17341,s47409,2023-05
網走,北海道,17341,s47409,2023-06
網走,北海道,17341,s47409,2023-07
網走,北海道,17341,s47409,2023-08
網走,北海道,17341,s47409,2023-09
網走,北海道,17341,s47409,2023-10
網走,北海道,17341,s47409,2023-11
網走,北海道,17341,s47409,2023-12
網走,北海道,17341,s47409,2024-01
網走,北海道,17341,s47409,2024-02
網走,北海道,17341,s47409,2024-03
網走,北海道,17341,s47409,2024-04
網走,北海道,17341,s47409,2024-05
網走,北海道,17341,s47409,2024-06
網走,北海道,17341,s47409,2024-07
網走,北海道,17341,s47409,2024-08
網走,北海道,17341,s47409,2024-09
網走,北海道,17341,s47409,2024-10
網走,北海道,17341,s47409,2024-11
網走,北海道,17341,s47409,2024-12
能代,秋田県,32111,a0183,2019-01
能代,秋田県,32111,a0183,2019-02
能代,秋田県,32111,a0183,2019-03
能代,秋田県,32111,a0183,2019-04
能代,秋田県,32111,a0183,2019-05
能代,秋田県,32111,a0183,2019-06
能代,秋田県,32111,a0183,2019-07
能代,秋田県,32111,a0183,2019-08
能代,秋田県,32111,a0183,2019-09
能代,秋田県,32111,a0183,2019-10
能代,秋田県,32111,a0183,2019-11
能代,秋田県,32111,a0183,2019-12
能代,秋田県,32111,a0183,2020-01
能代,秋田県,32111,a0183,2020-02
能代,秋田県,32111,a0183,2020-03
能代,秋田県,32111,a0183,2020-04
能代,秋田県,32111,a0183,2020-05
能代,秋田県,32111,a0183,2020-06
能代,秋田県,32111,a0183,2020-07
能代,秋田県,32111,a0183,2020-08
能代,秋田県,32111,a0183,2020-09
能代,秋田県,32111,a0183,2020-10
能代,秋田県,32111,a0183,2020-11
能代,秋田県,32111,a0183,2020-12
能代,秋田県,32111,a0183,2021-01
能代,秋田県,32111,a0183,2021-02
能代,秋田県,32111,a0183,2021-04
能代,秋田県,32111,a0183,2021-05
能代,秋田県,32111,a0183,2021-06
能代,秋田県,32111,a0183,2021-07
能代,秋田県,32111,a0183,2021-08
能代,秋田県,32111,a0183,2021-09
能代,秋田県,32111,a0183,2021-10
能代,秋田県,32111,a0183,2021-11
能代,秋田県,32111,a0183,2021-12
能代,秋田県,32111,a0183,2022-01
能代,秋田県,32111,a0183,2022-02
能代,秋田県,32111,a0183,2022-03
能代,秋田県,32111,a0183,2022-04
能代,秋田県,32111,a0183,2022-05
能代,秋田県,32111,a0183,2022-06
能代,秋田県,32111,a0183,2022-07
能代,秋田県,32111,a0183,2022-08
能代,秋田県,32111,a0183,2022-09
能代,秋田県,32111,a0183,2022-10
能代,秋田県,32111,a0183,2022-11
能代,秋田県,32111,a0183,2022-12
能代,秋田県,32111,a0183,2023-01
能代,秋田県,32111,a0183,2023-02
能代,秋田県,32111,a0183,2023-03
能代,秋田県,32111,a0183,2023-04
能代,秋田県,32111,a0183,2023-05
能代,秋田県,32111,a0183,2023-06
能代,秋田県,32111,a0183,2023-07
能代,秋田県,32111,a0183,2023-08
能代,秋田県,32111,a0183,2023-09
能代,秋田県,32111,a0183,2023-10
能代,秋田県,32111,a0183,2023-11
能代,秋田県,32111,a0183,2023-12
能代,秋田県,32111,a0183,2024-01
能代,秋田県,32111,a0183,2024-02
能代,秋田県,32111,a0183,2024-03
能代,秋田県,32111,a0183,2024-04
能代,秋田県,32111,a0183,2024-05
能代,秋田県,32111,a0183,2024-06
能代,秋田県,32111,a0183,2024-07
能代,秋田県,32111,a0183,2024-08
能代,秋田県,32111,a0183,2024-09
能代,秋田県,32111,a0183,2024-10
能代,秋田県,32111,a0183,2024-11
能代,秋田県,32111,a0183,2024-12
舞鶴,京都府,61111,s47750,2019-01
舞鶴,京都府,61111,s47750,2019-02
舞鶴,京都府,61111,s47750,2019-03
舞鶴,京都府,61111,s47750,2019-04
舞鶴,京都府,61111,s47750,2019-05
舞鶴,京都府,61111,s47750,2019-06
舞鶴,京都府,61111,s47750,2019-07
舞鶴,京都府,61111,s47750,2019-08
舞鶴,京都府,61111,s47750,2019-09
舞鶴,京都府,61111,s47750,2019-10
舞鶴,京都府,61111,s47750,2019-11
舞鶴,京都府,61111,s47750,2019-12
舞鶴,京都府,61111,s47750,2020-01
舞鶴,京都府,61111,s47750,2020-02
舞鶴,京都府,61111,s47750,2020-03
舞鶴,京都府,61111,s47750,2020-04
舞鶴,京都府,61111,s47750,2020-05
舞鶴,京都府,61111,s47750,2020-06
舞鶴,京都府,61111,s47750,2020-07
舞鶴,京都府,61111,s47750,2020-08
舞鶴,京都府,61111,s47750,2020-09
舞鶴,京都府,61111,s47750,2020-10
舞鶴,京都府,61111,s47750,2020-11
舞鶴,京都府,61111,s47750,2020-12
舞鶴,京都府,61111,s47750,2021-01
舞鶴,京都府,61111,s47750,2021-02
舞鶴,京都府,61111,s47750,2021-03
舞鶴,京都府,61111,s47750,2021-04
舞鶴,京都府,61111,s47750,2021-05
舞鶴,京都府,61111,s47750,2021-06
舞鶴,京都府,61111,s47750,2021-07
舞鶴,京都府,61111,s47750,2021-08
舞鶴,京都府,61111,s47750,2021-09
舞鶴,京都府,61111,s47750,2021-10
舞鶴,京都府,61111,s47750,2021-11
舞鶴,京都府,61111,s47750,2021-12
舞鶴,京都府,61111,s47750,2022-01
舞鶴,京都府,61111,s47750,2022-03
舞鶴,京都府,61111,s47750,2022-04
舞鶴,京都府,61111,s47750,2022-05
舞鶴,京都府,61111,s47750,2022-06
舞鶴,京都府,61111,s47750,2022-07
舞鶴,京都府,61111,s47750,2022-08
舞鶴,京都府,61111,s47750,2022-09
舞鶴,京都府,61111,s47750,2022-10
舞鶴,京都府,61111,s47750,2022-11
舞鶴,京都府,61111,s47750,2022-12
舞鶴,京都府,61111,s47750,2023-01
舞鶴,京都府,61111,s47750,2023-02
舞鶴,京都府,61111,s47750,2023-03
舞鶴,京都府,61111,s47750,2023-04
舞鶴,京都府,61111,s47750,2023-05
舞鶴,京都府,61111,s47750,2023-06
舞鶴,京都府,61111,s47750,2023-07
舞鶴,京都府,61111,s47750,2023-08
舞鶴,京都府,61111,s47750,2023-09
舞鶴,京都府,61111,s47750,2023-10
舞鶴,京都府,61111,s47750,2023-11
舞鶴,京都府,61111,s47750,2023-12
舞鶴,京都府,61111,s47750,2024-01
舞鶴,京都府,61111,s47750,2024-02
舞鶴,京都府,61111,s47750,2024-03
舞鶴,京都府,61111,s47750,2024-04
舞鶴,京都府,61111,s47750,2024-05
舞鶴,京都府,61111,s47750,2024-06
舞鶴,京都府,61111,s47750,2024-07
舞鶴,京都府,61111,s47750,2024-08
舞鶴,京都府,61111,s47750,2024-09
舞鶴,京都府,61111,s47750,2024-10
舞鶴,京都府,61111,s47750,2024-11
舞鶴,京都府,61111,s47750,2024-12
船川,秋田県,32286,a1036,2019-01
船川,秋田県,32286,a1036,2019-02
船川,秋田県,32286,a1036,2019-03
船川,秋田県,32286,a1036,2019-04
船川,秋田県,32286,a1036,2019-05
船川,秋田県,32286,a1036,2019-06
船川,秋田県,32286,a1036,2019-07
船川,秋田県,32286,a1036,2019-08
船川,秋田県,32286,a1036,2019-09
船川,秋田県,32286,a1036,2019-10
船川,秋田県,32286,a1036,2019-11
船川,秋田県,32286,a1036,2019-12
船川,秋田県,32286,a1036,2020-01
船川,秋田県,32286,a1036,2020-02
船川,秋田県,32286,a1036,2020-03
船川,秋田県,32286,a1036,2020-04
船川,秋田県,32286,a1036,2020-05
船川,秋田県,32286,a1036,2020-06
船川,秋田県,32286,a1036,2020-07
船川,秋田県,32286,a1036,2020-08
船川,秋田県,32286,a1036,2020-09
船川,秋田県,32286,a1036,2020-10
船川,秋田県,32286,a1036,2020-11
船川,秋田県,32286,a1036,2020-12
船川,秋田県,32286,a1036,2021-01
船川,秋田県,32286,a1036,2021-02
船川,秋田県,32286,a1036,2021-03
船川,秋田県,32286,a1036,2021-04
船川,秋田県,32286,a1036,2021-05
船川,秋田県,32286,a1036,2021-06
船川,秋田県,32286,a1036,2021-07
船川,秋田県,32286,a1036,2021-08
船川,秋田県,32286,a1036,2021-09
船川,秋田県,32286,a1036,2021-10
船川,秋田県,32286,a1036,2021-11
船川,秋田県,32286,a1036,2021-12
船川,秋田県,32286,a1036,2022-01
船川,秋田県,32286,a1036,2022-02
船川,秋田県,32286,a1036,2022-03
船川,秋田県,32286,a1036,2022-04
船川,秋田県,32286,a1036,2022-05
船川,秋田県,32286,a1036,2022-06
船川,秋田県,32286,a1036,2022-07
船川,秋田県,32286,a1036,2022-08
船川,秋田県,32286,a1036,2022-09
船川,秋田県,32286,a1036,2022-10
船川,秋田県,32286,a1036,2022-11
船川,秋田県,32286,a1036,2022-12
船川,秋田県,32286,a1036,2023-01
船川,秋田県,32286,a1036,2023-02
船川,秋田県,32286,a1036,2023-03
船川,秋田県,32286,a1036,2023-04
船川,秋田県,32286,a1036,2023-05
船川,秋田県,32286,a1036,2023-06
船川,秋田県,32286,a1036,2023-07
船川,秋田県,32286,a1036,2023-08
船川,秋田県,32286,a1036,2023-09
船川,秋田県,32286,a1036,2023-10
船川,秋田県,32286,a1036,2023-11
船川,秋田県,32286,a1036,2023-12
船川,秋田県,32286,a1036,2024-01
船川,秋田県,32286,a1036,2024-02
船川,秋田県,32286,a1036,2024-03
船川,秋田県,32286,a1036,2024-04
船川,秋田県,32286,a1036,2024-05
船川,秋田県,32286,a1036,2024-06
船川,秋田県,32286,a1036,2024-07
船川,秋田県,32286,a1036,2024-08
船川,秋田県,32286,a1036,2024-09
船川,秋田県,32286,a1036,2024-10
船川,秋田県,32286,a1036,2024-11
船川,秋田県,32286,a1036,2024-12
苅田,福岡県,82068,a1590,2019-01
苅田,福岡県,82068,a1590,2019-02
苅田,福岡県,82068,a1590,2019-03
苅田,福岡県,82068,a1590,2019-04
苅田,福岡県,82068,a1590,2019-05
苅田,福岡県,82068,a1590,2019-06
苅田,福岡県,82068,a1590,2019-07
苅田,福岡県,82068,a1590,2019-08
苅田,福岡県,82068,a1590,2019-09
苅田,福岡県,82068,a1590,2019-10
苅田,福岡県,82068,a1590,2019-11
苅田,福岡県,82068,a1590,2019-12
苅田,福岡県,82068,a1590,2020-01
苅田,福岡県,82068,a1590,2020-02
苅田,福岡県,82068,a1590,2020-03
苅田,福岡県,82068,a1590,2020-04
苅田,福岡県,82068,a1590,2020-05
苅田,福岡県,82068,a1590,2020-06
苅田,福岡県,82068,a1590,2020-07
苅田,福岡県,82068,a1590,2020-08
苅田,福岡県,82068,a1590,2020-09
苅田,福岡県,82068,a1590,2020-10
苅田,福岡県,82068,a1590,2020-12
苅田,福岡県,82068,a1590,2021-04
苅田,福岡県,82068,a1590,2021-05
苅田,福岡県,82068,a1590,2021-07
苅田,福岡県,82068,a1590,2021-08
苅田,福岡県,82068,a1590,2021-09
苅田,福岡県,82068,a1590,2021-10
苅田,福岡県,82068,a1590,2021-11
苅田,福岡県,82068,a1590,2021-12
苅田,福岡県,82068,a1590,2022-01
苅田,福岡県,82068,a1590,2022-02
苅田,福岡県,82068,a1590,2022-03
苅田,福岡県,82068,a1590,2022-04
苅田,福岡県,82068,a1590,2022-05
苅田,福岡県,82068,a1590,2022-06
苅田,福岡県,82068,a1590,2022-07
苅田,福岡県,82068,a1590,2022-08
苅田,福岡県,82068,a1590,2022-09
苅田,福岡県,82068,a1590,2022-10
苅田,福岡県,82068,a1590,2022-11
苅田,福岡県,82068,a1590,2022-12
苅田,福岡県,82068,a1590,2023-01
苅田,福岡県,82068,a1590,2023-02
苅田,福岡県,82068,a1590,2023-03
苅田,福岡県,82068,a1590,2023-04
苅田,福岡県,82068,a1590,2023-05
苅田,福岡県,82068,a1590,2023-06
苅田,福岡県,82068,a1590,2023-07
苅田,福岡県,82068,a1590,2023-08
苅田,福岡県,82068,a1590,2023-09
苅田,福岡県,82068,a1590,2023-10
苅田,福岡県,82068,a1590,2023-11
苅田,福岡県,82068,a1590,2023-12
苅田,福岡県,82068,a1590,2024-01
苅田,福岡県,82068,a1590,2024-02
苅田,福岡県,82068,a1590,2024-03
苅田,福岡県,82068,a1590,2024-04
苅田,福岡県,82068,a1590,2024-05
苅田,福岡県,82068,a1590,2024-06
苅田,福岡県,82068,a1590,2024-07
苅田,福岡県,82068,a1590,2024-08
苅田,福岡県,82068,a1590,2024-09
苅田,福岡県,82068,a1590,2024-10
苅田,福岡県,82068,a1590,2024-11
苅田,福岡県,82068,a1590,2024-12
苫小牧,北海道,21187,s47424,2019-01
苫小牧,北海道,21187,s47424,2019-02
苫小牧,北海道,21187,s47424,2019-03
苫小牧,北海道,21187,s47424,2019-04
苫小牧,北海道,21187,s47424,2019-05
苫小牧,北海道,21187,s47424,2019-06
苫小牧,北海道,21187,s47424,2019-07
苫小牧,北海道,21187,s47424,2019-08
苫小牧,北海道,21187,s47424,2019-09
苫小牧,北海道,21187,s47424,2019-10
苫小牧,北海道,21187,s47424,2019-11
苫小牧,北海道,21187,s47424,2019-12
苫小牧,北海道,21187,s47424,2020-01
苫小牧,北海道,21187,s47424,2020-02
苫小牧,北海道,21187,s47424,2020-03
苫小牧,北海道,21187,s47424,2020-04
苫小牧,北海道,21187,s47424,2020-05
苫小牧,北海道,21187,s47424,2020-06
苫小牧,北海道,21187,s47424,2020-07
苫小牧,北海道,21187,s47424,2020-08
苫小牧,北海道,21187,s47424,2020-09
苫小牧,北海道,21187,s47424,2020-10
苫小牧,北海道,21187,s47424,2020-11
苫小牧,北海道,21187,s47424,2020-12
苫小牧,北海道,21187,s47424,2021-01
苫小牧,北海道,21187,s47424,2021-02
苫小牧,北海道,21187,s47424,2021-03
苫小牧,北海道,21187,s47424,2021-04
苫小牧,北海道,21187,s47424,2021-05
苫小牧,北海道,21187,s47424,2021-06
苫小牧,北海道,21187,s47424,2021-07
苫小牧,北海道,21187,s47424,2021-08
苫小牧,北海道,21187,s47424,2021-09
苫小牧,北海道,21187,s47424,2021-10
苫小牧,北海道,21187,s47424,2021-11
苫小牧,北海道,21187,s47424,2021-12
苫小牧,北海道,21187,s47424,2022-01
苫小牧,北海道,21187,s47424,2022-02
苫小牧,北海道,21187,s47424,2022-03
苫小牧,北海道,21187,s47424,2022-04
苫小牧,北海道,21187,s47424,2022-05
苫小牧,北海道,21187,s47424,2022-06
苫小牧,北海道,21187,s47424,2022-07
苫小牧,北海道,21187,s47424,2022-08
苫小牧,北海道,21187,s47424,2022-09
苫小牧,北海道,21187,s47424,2022-10
苫小牧,北海道,21187,s47424,2022-11
苫小牧,北海道,21187,s47424,2022-12
苫小牧,北海道,21187,s47424,2023-01
苫小牧,北海道,21187,s47424,2023-02
苫小牧,北海道,21187,s47424,2023-03
苫小牧,北海道,21187,s47424,2023-04
苫小牧,北海道,21187,s47424,2023-05
苫小牧,北海道,21187,s47424,2023-06
苫小牧,北海道,21187,s47424,2023-07
苫小牧,北海道,21187,s47424,2023-08
苫小牧,北海道,21187,s47424,2023-09
苫小牧,北海道,21187,s47424,2023-10
苫小牧,北海道,21187,s47424,2023-11
苫小牧,北海道,21187,s47424,2023-12
苫小牧,北海道,21187,s47424,2024-01
苫小牧,北海道,21187,s47424,2024-02
苫小牧,北海道,21187,s47424,2024-03
苫小牧,北海道,21187,s47424,2024-04
苫小牧,北海道,21187,s47424,2024-05
苫小牧,北海道,21187,s47424,2024-06
苫小牧,北海道,21187,s47424,2024-07
苫小牧,北海道,21187,s47424,2024-08
苫小牧,北海道,21187,s47424,2024-09
苫小牧,北海道,21187,s47424,2024-10
苫小牧,北海道,21187,s47424,2024-11
苫小牧,北海道,21187,s47424,2024-12
茨城,茨城県,40201,s47629,2019-01
茨城,茨城県,40201,s47629,2019-02
茨城,茨城県,40201,s47629,2019-03
茨城,茨城県,40201,s47629,2019-04
茨城,茨城県,40201,s47629,2019-05
茨城,茨城県,40201,s47629,2019-06
茨城,茨城県,40201,s47629,2019-07
茨城,茨城県,40201,s47629,2019-08
茨城,茨城県,40201,s47629,2019-09
茨城,茨城県,40201,s47629,2019-10
茨城,茨城県,40201,s47629,2019-11
茨城,茨城県,40201,s47629,2019-12
茨城,茨城県,40201,s47629,2020-01
茨城,茨城県,40201,s47629,2020-02
茨城,茨城県,40201,s47629,2020-03
茨城,茨城県,40201,s47629,2020-04
茨城,茨城県,40201,s47629,2020-05
茨城,茨城県,40201,s47629,2020-06
茨城,茨城県,40201,s47629,2020-07
茨城,茨城県,40201,s47629,2020-08
茨城,茨城県,40201,s47629,2020-09
茨城,茨城県,40201,s47629,2020-10
茨城,茨城県,40201,s47629,2020-11
茨城,茨城県,40201,s47629,2020-12
茨城,茨城県,40201,s47629,2021-01
茨城,茨城県,40201,s47629,2021-02
茨城,茨城県,40201,s47629,2021-03
茨城,茨城県,40201,s47629,2021-04
茨城,茨城県,40201,s47629,2021-05
茨城,茨城県,40201,s47629,2021-06
茨城,茨城県,40201,s47629,2021-07
茨城,茨城県,40201,s47629,2021-08
茨城,茨城県,40201,s47629,2021-09
茨城,茨城県,40201,s47629,2021-10
茨城,茨城県,40201,s47629,2021-11
茨城,茨城県,40201,s47629,2021-12
茨城,茨城県,40201,s47629,2022-01
茨城,茨城県,40201,s47629,2022-02
茨城,茨城県,40201,s47629,2022-03
茨城,茨城県,40201,s47629,2022-04
茨城,茨城県,40201,s47629,2022-05
茨城,茨城県,40201,s47629,2022-06
茨城,茨城県,40201,s47629,2022-07
茨城,茨城県,40201,s47629,2022-08
茨城,茨城県,40201,s47629,2022-09
茨城,茨城県,40201,s47629,2022-10
茨城,茨城県,40201,s47629,2022-11
茨城,茨城県,40201,s47629,2022-12
茨城,茨城県,40201,s47629,2023-01
茨城,茨城県,40201,s47629,2023-02
茨城,茨城県,40201,s47629,2023-03
茨城,茨城県,40201,s47629,2023-04
茨城,茨城県,40201,s47629,2023-05
茨城,茨城県,40201,s47629,2023-06
茨城,茨城県,40201,s47629,2023-07
茨城,茨城県,40201,s47629,2023-08
茨城,茨城県,40201,s47629,2023-09
茨城,茨城県,40201,s47629,2023-10
茨城,茨城県,40201,s47629,2023-11
茨城,茨城県,40201,s47629,2023-12
茨城,茨城県,40201,s47629,2024-01
茨城,茨城県,40201,s47629,2024-02
茨城,茨城県,40201,s47629,2024-03
茨城,茨城県,40201,s47629,2024-04
茨城,茨城県,40201,s47629,2024-05
茨城,茨城県,40201,s47629,2024-06
茨城,茨城県,40201,s47629,2024-07
茨城,茨城県,40201,s47629,2024-08
茨城,茨城県,40201,s47629,2024-09
茨城,茨城県,40201,s47629,2024-10
茨城,茨城県,40201,s47629,2024-11
茨城,茨城県,40201,s47629,2024-12
衣浦,愛知県,51311,a0984,2019-01
衣浦,愛知県,51311,a0984,2019-02
衣浦,愛知県,51311,a0984,2019-03
衣浦,愛知県,51311,a0984,2019-04
衣浦,愛知県,51311,a0984,2019-05
衣浦,愛知県,51311,a0984,2019-06
衣浦,愛知県,51311,a0984,2019-07
衣浦,愛知県,51311,a0984,2019-08
衣浦,愛知県,51311,a0984,2019-09
衣浦,愛知県,51311,a0984,2019-10
衣浦,愛知県,51311,a0984,2019-11
衣浦,愛知県,51311,a0984,2019-12
衣浦,愛知県,51311,a0984,2020-01
衣浦,愛知県,51311,a0984,2020-02
衣浦,愛知県,51311,a0984,2020-03
衣浦,愛知県,51311,a0984,2020-04
衣浦,愛知県,51311,a0984,2020-05
衣浦,愛知県,51311,a0984,2020-06
衣浦,愛知県,51311,a0984,2020-07
衣浦,愛知県,51311,a0984,2020-08
衣浦,愛知県,51311,a0984,2020-09
衣浦,愛知県,51311,a0984,2020-10
衣浦,愛知県,51311,a0984,2020-11
衣浦,愛知県,51311,a0984,2020-12
衣浦,愛知県,51311,a0984,2021-01
衣浦,愛知県,51311,a0984,2021-02
衣浦,愛知県,51311,a0984,2021-03
衣浦,愛知県,51311,a0984,2021-04
衣浦,愛知県,51311,a0984,2021-05
衣浦,愛知県,51311,a0984,2021-06
衣浦,愛知県,51311,a0984,2021-07
衣浦,愛知県,51311,a0984,2021-08
衣浦,愛知県,51311,a0984,2021-09
衣浦,愛知県,51311,a0984,2021-10
衣浦,愛知県,51311,a0984,2021-11
衣浦,愛知県,51311,a0984,2021-12
衣浦,愛知県,51311,a0984,2022-01
衣浦,愛知県,51311,a0984,2022-02
衣浦,愛知県,51311,a0984,2022-03
衣浦,愛知県,51311,a0984,2022-04
衣浦,愛知県,51311,a0984,2022-05
衣浦,愛知県,51311,a0984,2022-06
衣浦,愛知県,51311,a0984,2022-07
衣浦,愛知県,51311,a0984,2022-08
衣浦,愛知県,51311,a0984,2022-09
衣浦,愛知県,51311,a0984,2022-10
衣浦,愛知県,51311,a0984,2022-11
衣浦,愛知県,51311,a0984,2022-12
衣浦,愛知県,51311,a0984,2023-01
衣浦,愛知県,51311,a0984,2023-02
衣浦,愛知県,51311,a0984,2023-03
衣浦,愛知県,51311,a0984,2023-04
衣浦,愛知県,51311,a0984,2023-05
衣浦,愛知県,51311,a0984,2023-06
衣浦,愛知県,51311,a0984,2023-07
衣浦,愛知県,51311,a0984,2023-08
衣浦,愛知県,51311,a0984,2023-09
衣浦,愛知県,51311,a0984,2023-10
衣浦,愛知県,51311,a0984,2023-11
衣浦,愛知県,51311,a0984,2023-12
衣浦,愛知県,51311,a0984,2024-01
衣浦,愛知県,51311,a0984,2024-02
衣浦,愛知県,51311,a0984,2024-03
衣浦,愛知県,51311,a0984,2024-04
衣浦,愛知県,51311,a0984,2024-05
衣浦,愛知県,51311,a0984,2024-06
衣浦,愛知県,51311,a0984,2024-07
衣浦,愛知県,51311,a0984,2024-08
衣浦,愛知県,51311,a0984,2024-09
衣浦,愛知県,51311,a0984,2024-10
衣浦,愛知県,51311,a0984,2024-11
衣浦,愛知県,51311,a0984,2024-12
西之表,鹿児島県,88612,s47837,2019-01
西之表,鹿児島県,88612,s47837,2019-03
西之表,鹿児島県,88612,s47837,2019-04
西之表,鹿児島県,88612,s47837,2019-05
西之表,鹿児島県,88612,s47837,2019-06
西之表,鹿児島県,88612,s47837,2019-07
西之表,鹿児島県,88612,s47837,2019-08
西之表,鹿児島県,88612,s47837,2019-09
西之表,鹿児島県,88612,s47837,2019-10
西之表,鹿児島県,88612,s47837,2019-11
西之表,鹿児島県,88612,s47837,2019-12
西之表,鹿児島県,88612,s47837,2020-01
西之表,鹿児島県,88612,s47837,2020-02
西之表,鹿児島県,88612,s47837,2020-03
西之表,鹿児島県,88612,s47837,2020-04
西之表,鹿児島県,88612,s47837,2020-05
西之表,鹿児島県,88612,s47837,2020-06
西之表,鹿児島県,88612,s47837,2020-07
西之表,鹿児島県,88612,s47837,2020-08
西之表,鹿児島県,88612,s47837,2020-09
西之表,鹿児島県,88612,s47837,2020-10
西之表,鹿児島県,88612,s47837,2020-11
西之表,鹿児島県,88612,s47837,2020-12
西之表,鹿児島県,88612,s47837,2021-01
西之表,鹿児島県,88612,s47837,2021-02
西之表,鹿児島県,88612,s47837,2021-03
西之表,鹿児島県,88612,s47837,2021-04
西之表,鹿児島県,88612,s47837,2021-05
西之表,鹿児島県,88612,s47837,2021-06
西之表,鹿児島県,88612,s47837,2021-07
西之表,鹿児島県,88612,s47837,2021-08
西之表,鹿児島県,88612,s47837,2021-09
西之表,鹿児島県,88612,s47837,2021-10
西之表,鹿児島県,88612,s47837,2021-11
西之表,鹿児島県,88612,s47837,2021-12
西之表,鹿児島県,88612,s47837,2022-01
西之表,鹿児島県,88612,s47837,2022-02
西之表,鹿児島県,88612,s47837,2022-03
西之表,鹿児島県,88612,s47837,2022-04
西之表,鹿児島県,88612,s47837,2022-05
西之表,鹿児島県,88612,s47837,2022-06
西之表,鹿児島県,88612,s47837,2022-07
西之表,鹿児島県,88612,s47837,2022-08
西之表,鹿児島県,88612,s47837,2022-09
西之表,鹿児島県,88612,s47837,2022-10
西之表,鹿児島県,88612,s47837,2022-11
西之表,鹿児島県,88612,s47837,2022-12
西之表,鹿児島県,88612,s47837,2023-01
西之表,鹿児島県,88612,s47837,2023-02
西之表,鹿児島県,88612,s47837,2023-03
西之表,鹿児島県,88612,s47837,2023-04
西之表,鹿児島県,88612,s47837,2023-05
西之表,鹿児島県,88612,s47837,2023-06
西之表,鹿児島県,88612,s47837,2023-07
西之表,鹿児島県,88612,s47837,2023-08
西之表,鹿児島県,88612,s47837,2023-09
西之表,鹿児島県,88612,s47837,2023-10
西之表,鹿児島県,88612,s47837,2023-11
西之表,鹿児島県,88612,s47837,2023-12
西之表,鹿児島県,88612,s47837,2024-01
西之表,鹿児島県,88612,s47837,2024-02
西之表,鹿児島県,88612,s47837,2024-03
西之表,鹿児島県,88612,s47837,2024-04
西之表,鹿児島県,88612,s47837,2024-05
西之表,鹿児島県,88612,s47837,2024-06
西之表,鹿児島県,88612,s47837,2024-07
西之表,鹿児島県,88612,s47837,2024-08
西之表,鹿児島県,88612,s47837,2024-09
西之表,鹿児島県,88612,s47837,2024-10
西之表,鹿児島県,88612,s47837,2024-11
西之表,鹿児島県,88612,s47837,2024-12
詫間,香川県,72111,s47890,2019-01
詫間,香川県,72111,s47890,2019-02
詫間,香川県,72111,s47890,2019-03
詫間,香川県,72111,s47890,2019-04
詫間,香川県,72111,s47890,2019-05
詫間,香川県,72111,s47890,2019-06
詫間,香川県,72111,s47890,2019-07
詫間,香川県,72111,s47890,2019-08
詫間,香川県,72111,s47890,2019-09
詫間,香川県,72111,s47890,2019-10
詫間,香川県,72111,s47890,2019-11
詫間,香川県,72111,s47890,2019-12
詫間,香川県,72111,s47890,2020-01
詫間,香川県,72111,s47890,2020-02
詫間,香川県,72111,s47890,2020-03
詫間,香川県,72111,s47890,2020-04
詫間,香川県,72111,s47890,2020-05
詫間,香川県,72111,s47890,2020-06
詫間,香川県,72111,s47890,2020-07
詫間,香川県,72111,s47890,2020-08
詫間,香川県,72111,s47890,2020-09
詫間,香川県,72111,s47890,2020-10
詫間,香川県,72111,s47890,2020-11
詫間,香川県,72111,s47890,2020-12
詫間,香川県,72111,s47890,2021-01
詫間,香川県,72111,s47890,2021-02
詫間,香川県,72111,s47890,2021-03
詫間,香川県,72111,s47890,2021-04
詫間,香川県,72111,s47890,2021-05
詫間,香川県,72111,s47890,2021-06
詫間,香川県,72111,s47890,2021-07
詫間,香川県,72111,s47890,2021-08
詫間,香川県,72111,s47890,2021-09
詫間,香川県,72111,s47890,2021-10
詫間,香川県,72111,s47890,2021-11
詫間,香川県,72111,s47890,2021-12
詫間,香川県,72111,s47890,2022-01
詫間,香川県,72111,s47890,2022-02
詫間,香川県,72111,s47890,2022-03
詫間,香川県,72111,s47890,2022-04
詫間,香川県,72111,s47890,2022-05
詫間,香川県,72111,s47890,2022-06
詫間,香川県,72111,s47890,2022-07
詫間,香川県,72111,s47890,2022-08
詫間,香川県,72111,s47890,2022-09
詫間,香川県,72111,s47890,2022-10
詫間,香川県,72111,s47890,2022-11
詫間,香川県,72111,s47890,2022-12
詫間,香川県,72111,s47890,2023-01
詫間,香川県,72111,s47890,2023-02
詫間,香川県,72111,s47890,2023-03
詫間,香川県,72111,s47890,2023-04
詫間,香川県,72111,s47890,2023-05
詫間,香川県,72111,s47890,2023-06
詫間,香川県,72111,s47890,2023-07
詫間,香川県,72111,s47890,2023-08
詫間,香川県,72111,s47890,2023-09
詫間,香川県,72111,s47890,2023-10
詫間,香川県,72111,s47890,2023-11
詫間,香川県,72111,s47890,2023-12
詫間,香川県,72111,s47890,2024-01
詫間,香川県,72111,s47890,2024-02
詫間,香川県,72111,s47890,2024-03
詫間,香川県,72111,s47890,2024-04
詫間,香川県,72111,s47890,2024-05
詫間,香川県,72111,s47890,2024-06
詫間,香川県,72111,s47890,2024-07
詫間,香川県,72111,s47890,2024-08
詫間,香川県,72111,s47890,2024-09
詫間,香川県,72111,s47890,2024-10
詫間,香川県,72111,s47890,2024-11
詫間,香川県,72111,s47890,2024-12
赤穂,兵庫県,63491,a0624,2019-01
赤穂,兵庫県,63491,a0624,2019-02
赤穂,兵庫県,63491,a0624,2019-03
赤穂,兵庫県,63491,a0624,2019-04
赤穂,兵庫県,63491,a0624,2019-05
赤穂,兵庫県,63491,a0624,2019-06
赤穂,兵庫県,63491,a0624,2019-07
赤穂,兵庫県,63491,a0624,2019-08
赤穂,兵庫県,63491,a0624,2019-09
赤穂,兵庫県,63491,a0624,2019-10
赤穂,兵庫県,63491,a0624,2019-11
赤穂,兵庫県,63491,a0624,2019-12
赤穂,兵庫県,63491,a0624,2020-01
赤穂,兵庫県,63491,a0624,2020-02
赤穂,兵庫県,63491,a0624,2020-03
赤穂,兵庫県,63491,a0624,2020-04
赤穂,兵庫県,63491,a0624,2020-05
赤穂,兵庫県,63491,a0624,2020-06
赤穂,兵庫県,63491,a0624,2020-07
赤穂,兵庫県,63491,a0624,2020-08
赤穂,兵庫県,63491,a0624,2020-09
赤穂,兵庫県,63491,a0624,2020-10
赤穂,兵庫県,63491,a0624,2020-11
赤穂,兵庫県,63491,a0624,2020-12
赤穂,兵庫県,63491,a0624,2021-01
赤穂,兵庫県,63491,a0624,2021-02
赤穂,兵庫県,63491,a0624,2021-03
赤穂,兵庫県,63491,a0624,2021-04
赤穂,兵庫県,63491,a0624,2021-05
赤穂,兵庫県,63491,a0624,2021-06
赤穂,兵庫県,63491,a0624,2021-07
赤穂,兵庫県,63491,a0624,2021-08
赤穂,兵庫県,63491,a0624,2021-09
赤穂,兵庫県,63491,a0624,2021-10
赤穂,兵庫県,63491,a0624,2021-11
赤穂,兵庫県,63491,a0624,2021-12
赤穂,兵庫県,63491,a0624,2022-01
赤穂,兵庫県,63491,a0624,2022-02
赤穂,兵庫県,63491,a0624,2022-03
赤穂,兵庫県,63491,a0624,2022-04
赤穂,兵庫県,63491,a0624,2022-05
赤穂,兵庫県,63491,a0624,2022-06
赤穂,兵庫県,63491,a0624,2022-07
赤穂,兵庫県,63491,a0624,2022-08
赤穂,兵庫県,63491,a0624,2022-09
赤穂,兵庫県,63491,a0624,2022-10
赤穂,兵庫県,63491,a0624,2022-11
赤穂,兵庫県,63491,a0624,2022-12
赤穂,兵庫県,63491,a0624,2023-01
赤穂,兵庫県,63491,a0624,2023-02
赤穂,兵庫県,63491,a0624,2023-03
赤穂,兵庫県,63491,a0624,2023-04
赤穂,兵庫県,63491,a0624,2023-05
赤穂,兵庫県,63491,a0624,2023-06
赤穂,兵庫県,63491,a0624,2023-07
赤穂,兵庫県,63491,a0624,2023-08
赤穂,兵庫県,63491,a0624,2023-09
赤穂,兵庫県,63491,a0624,2023-10
赤穂,兵庫県,63491,a0624,2023-11
赤穂,兵庫県,63491,a0624,2023-12
赤穂,兵庫県,63491,a0624,2024-01
赤穂,兵庫県,63491,a0624,2024-02
赤穂,兵庫県,63491,a0624,2024-03
赤穂,兵庫県,63491,a0624,2024-04
赤穂,兵庫県,63491,a0624,2024-05
赤穂,兵庫県,63491,a0624,2024-06
赤穂,兵庫県,63491,a0624,2024-07
赤穂,兵庫県,63491,a0624,2024-08
赤穂,兵庫県,63491,a0624,2024-09
赤穂,兵庫県,63491,a0624,2024-10
赤穂,兵庫県,63491,a0624,2024-11
赤穂,兵庫県,63491,a0624,2024-12
運天,沖縄県,91107,s47940,2019-01
運天,沖縄県,91107,s47940,2019-02
運天,沖縄県,91107,s47940,2019-03
運天,沖縄県,91107,s47940,2019-04
運天,沖縄県,91107,s47940,2019-05
運天,沖縄県,91107,s47940,2019-06
運天,沖縄県,91107,s47940,2019-07
運天,沖縄県,91107,s47940,2019-08
運天,沖縄県,91107,s47940,2019-09
運天,沖縄県,91107,s47940,2019-10
運天,沖縄県,91107,s47940,2019-11
運天,沖縄県,91107,s47940,2019-12
運天,沖縄県,91107,s47940,2020-01
運天,沖縄県,91107,s47940,2020-02
運天,沖縄県,91107,s47940,2020-03
運天,沖縄県,91107,s47940,2020-04
運天,沖縄県,91107,s47940,2020-05
運天,沖縄県,91107,s47940,2020-06
運天,沖縄県,91107,s47940,2020-07
運天,沖縄県,91107,s47940,2020-08
運天,沖縄県,91107,s47940,2020-09
運天,沖縄県,91107,s47940,2020-10
運天,沖縄県,91107,s47940,2020-11
運天,沖縄県,91107,s47940,2020-12
運天,沖縄県,91107,s47940,2021-01
運天,沖縄県,91107,s47940,2021-02
運天,沖縄県,91107,s47940,2021-03
運天,沖縄県,91107,s47940,2021-04
運天,沖縄県,91107,s47940,2021-05
運天,沖縄県,91107,s47940,2021-06
運天,沖縄県,91107,s47940,2021-07
運天,沖縄県,91107,s47940,2021-08
運天,沖縄県,91107,s47940,2021-09
運天,沖縄県,91107,s47940,2021-10
運天,沖縄県,91107,s47940,2021-11
運天,沖縄県,91107,s47940,2021-12
運天,沖縄県,91107,s47940,2022-01
運天,沖縄県,91107,s47940,2022-02
運天,沖縄県,91107,s47940,2022-03
運天,沖縄県,91107,s47940,2022-04
運天,沖縄県,91107,s47940,2022-05
運天,沖縄県,91107,s47940,2022-06
運天,沖縄県,91107,s47940,2022-07
運天,沖縄県,91107,s47940,2022-08
運天,沖縄県,91107,s47940,2022-09
運天,沖縄県,91107,s47940,2022-10
運天,沖縄県,91107,s47940,2022-11
運天,沖縄県,91107,s47940,2022-12
運天,沖縄県,91107,s47940,2023-01
運天,沖縄県,91107,s47940,2023-02
運天,沖縄県,91107,s47940,2023-03
運天,沖縄県,91107,s47940,2023-04
運天,沖縄県,91107,s47940,2023-05
運天,沖縄県,91107,s47940,2023-06
運天,沖縄県,91107,s47940,2023-07
運天,沖縄県,91107,s47940,2023-08
運天,沖縄県,91107,s47940,2023-09
運天,沖縄県,91107,s47940,2023-10
運天,沖縄県,91107,s47940,2023-11
運天,沖縄県,91107,s47940,2023-12
運天,沖縄県,91107,s47940,2024-01
運天,沖縄県,91107,s47940,2024-02
運天,沖縄県,91107,s47940,2024-03
運天,沖縄県,91107,s47940,2024-04
運天,沖縄県,91107,s47940,2024-05
運天,沖縄県,91107,s47940,2024-06
運天,沖縄県,91107,s47940,2024-07
運天,沖縄県,91107,s47940,2024-08
運天,沖縄県,91107,s47940,2024-09
運天,沖縄県,91107,s47940,2024-10
運天,沖縄県,91107,s47940,2024-11
運天,沖縄県,91107,s47940,2024-12
那覇,沖縄県,91197,s47936,2019-01
那覇,沖縄県,91197,s47936,2019-02
那覇,沖縄県,91197,s47936,2019-03
那覇,沖縄県,91197,s47936,2019-04
那覇,沖縄県,91197,s47936,2019-05
那覇,沖縄県,91197,s47936,2019-06
那覇,沖縄県,91197,s47936,2019-07
那覇,沖縄県,91197,s47936,2019-08
那覇,沖縄県,91197,s47936,2019-09
那覇,沖縄県,91197,s47936,2019-10
那覇,沖縄県,91197,s47936,2019-11
那覇,沖縄県,91197,s47936,2019-12
那覇,沖縄県,91197,s47936,2020-01
那覇,沖縄県,91197,s47936,2020-02
那覇,沖縄県,91197,s47936,2020-03
那覇,沖縄県,91197,s47936,2020-04
那覇,沖縄県,91197,s47936,2020-05
那覇,沖縄県,91197,s47936,2020-06
那覇,沖縄県,91197,s47936,2020-07
那覇,沖縄県,91197,s47936,2020-08
那覇,沖縄県,91197,s47936,2020-09
那覇,沖縄県,91197,s47936,2020-10
那覇,沖縄県,91197,s47936,2020-11
那覇,沖縄県,91197,s47936,2020-12
那覇,沖縄県,91197,s47936,2021-01
那覇,沖縄県,91197,s47936,2021-02
那覇,沖縄県,91197,s47936,2021-03
那覇,沖縄県,91197,s47936,2021-04
那覇,沖縄県,91197,s47936,2021-05
那覇,沖縄県,91197,s47936,2021-06
那覇,沖縄県,91197,s47936,2021-07
那覇,沖縄県,91197,s47936,2021-08
那覇,沖縄県,91197,s47936,2021-09
那覇,沖縄県,91197,s47936,2021-10
那覇,沖縄県,91197,s47936,2021-11
那覇,沖縄県,91197,s47936,2021-12
那覇,沖縄県,91197,s47936,2022-01
那覇,沖縄県,91197,s47936,2022-02
那覇,沖縄県,91197,s47936,2022-03
那覇,沖縄県,91197,s47936,2022-04
那覇,沖縄県,91197,s47936,2022-05
那覇,沖縄県,91197,s47936,2022-06
那覇,沖縄県,91197,s47936,2022-07
那覇,沖縄県,91197,s47936,2022-08
那覇,沖縄県,91197,s47936,2022-09
那覇,沖縄県,91197,s47936,2022-10
那覇,沖縄県,91197,s47936,2022-11
那覇,沖縄県,91197,s47936,2022-12
那覇,沖縄県,91197,s47936,2023-01
那覇,沖縄県,91197,s47936,2023-02
那覇,沖縄県,91197,s47936,2023-03
那覇,沖縄県,91197,s47936,2023-04
那覇,沖縄県,91197,s47936,2023-05
那覇,沖縄県,91197,s47936,2023-06
那覇,沖縄県,91197,s47936,2023-07
那覇,沖縄県,91197,s47936,2023-08
那覇,沖縄県,91197,s47936,2023-09
那覇,沖縄県,91197,s47936,2023-10
那覇,沖縄県,91197,s47936,2023-11
那覇,沖縄県,91197,s47936,2023-12
那覇,沖縄県,91197,s47936,2024-01
那覇,沖縄県,91197,s47936,2024-02
那覇,沖縄県,91197,s47936,2024-03
那覇,沖縄県,91197,s47936,2024-04
那覇,沖縄県,91197,s47936,2024-05
那覇,沖縄県,91197,s47936,2024-06
那覇,沖縄県,91197,s47936,2024-07
那覇,沖縄県,91197,s47936,2024-08
那覇,沖縄県,91197,s47936,2024-09
那覇,沖縄県,91197,s47936,2024-10
那覇,沖縄県,91197,s47936,2024-11
那覇,沖縄県,91197,s47936,2024-12
郷ノ浦,長崎県,84121,a1144,2019-01
郷ノ浦,長崎県,84121,a1144,2019-02
郷ノ浦,長崎県,84121,a1144,2019-03
郷ノ浦,長崎県,84121,a1144,2019-04
郷ノ浦,長崎県,84121,a1144,2019-05
郷ノ浦,長崎県,84121,a1144,2019-06
郷ノ浦,長崎県,84121,a1144,2019-07
郷ノ浦,長崎県,84121,a1144,2019-08
郷ノ浦,長崎県,84121,a1144,2019-09
郷ノ浦,長崎県,84121,a1144,2019-10
郷ノ浦,長崎県,84121,a1144,2019-11
郷ノ浦,長崎県,84121,a1144,2019-12
郷ノ浦,長崎県,84121,a1144,2020-01
郷ノ浦,長崎県,84121,a1144,2020-02
郷ノ浦,長崎県,84121,a1144,2020-03
郷ノ浦,長崎県,84121,a1144,2020-04
郷ノ浦,長崎県,84121,a1144,2020-05
郷ノ浦,長崎県,84121,a1144,2020-06
郷ノ浦,長崎県,84121,a1144,2020-07
郷ノ浦,長崎県,84121,a1144,2020-08
郷ノ浦,長崎県,84121,a1144,2020-09
郷ノ浦,長崎県,84121,a1144,2020-10
郷ノ浦,長崎県,84121,a1144,2020-11
郷ノ浦,長崎県,84121,a1144,2020-12
郷ノ浦,長崎県,84121,a1144,2021-01
郷ノ浦,長崎県,84121,a1144,2021-02
郷ノ浦,長崎県,84121,a1144,2021-03
郷ノ浦,長崎県,84121,a1144,2021-04
郷ノ浦,長崎県,84121,a1144,2021-05
郷ノ浦,長崎県,84121,a1144,2021-06
郷ノ浦,長崎県,84121,a1144,2021-07
郷ノ浦,長崎県,84121,a1144,2021-08
郷ノ浦,長崎県,84121,a1144,2021-09
郷ノ浦,長崎県,84121,a1144,2021-10
郷ノ浦,長崎県,84121,a1144,2021-11
郷ノ浦,長崎県,84121,a1144,2021-12
郷ノ浦,長崎県,84121,a1144,2022-01
郷ノ浦,長崎県,84121,a1144,2022-02
郷ノ浦,長崎県,84121,a1144,2022-03
郷ノ浦,長崎県,84121,a1144,2022-04
郷ノ浦,長崎県,84121,a1144,2022-05
郷ノ浦,長崎県,84121,a1144,2022-06
郷ノ浦,長崎県,84121,a1144,2022-07
郷ノ浦,長崎県,84121,a1144,2022-08
郷ノ浦,長崎県,84121,a1144,2022-09
郷ノ浦,長崎県,84121,a1144,2022-10
郷ノ浦,長崎県,84121,a1144,2022-11
郷ノ浦,長崎県,84121,a1144,2022-12
郷ノ浦,長崎県,84121,a1144,2023-01
郷ノ浦,長崎県,84121,a1144,2023-02
郷ノ浦,長崎県,84121,a1144,2023-03
郷ノ浦,長崎県,84121,a1144,2023-04
郷ノ浦,長崎県,84121,a1144,2023-05
郷ノ浦,長崎県,84121,a1144,2023-06
郷ノ浦,長崎県,84121,a1144,2023-07
郷ノ浦,長崎県,84121,a1144,2023-08
郷ノ浦,長崎県,84121,a1144,2023-09
郷ノ浦,長崎県,84121,a1144,2023-10
郷ノ浦,長崎県,84121,a1144,2023-11
郷ノ浦,長崎県,84121,a1144,2023-12
郷ノ浦,長崎県,84121,a1144,2024-01
郷ノ浦,長崎県,84121,a1144,2024-02
郷ノ浦,長崎県,84121,a1144,2024-03
郷ノ浦,長崎県,84121,a1144,2024-04
郷ノ浦,長崎県,84121,a1144,2024-05
郷ノ浦,長崎県,84121,a1144,2024-06
郷ノ浦,長崎県,84121,a1144,2024-07
郷ノ浦,長崎県,84121,a1144,2024-09
郷ノ浦,長崎県,84121,a1144,2024-10
郷ノ浦,長崎県,84121,a1144,2024-11
郷ノ浦,長崎県,84121,a1144,2024-12
酒田,山形県,35052,s47587,2019-01
酒田,山形県,35052,s47587,2019-02
酒田,山形県,35052,s47587,2019-03
酒田,山形県,35052,s47587,2019-04
酒田,山形県,35052,s47587,2019-05
酒田,山形県,35052,s47587,2019-06
酒田,山形県,35052,s47587,2019-07
酒田,山形県,35052,s47587,2019-08
酒田,山形県,35052,s47587,2019-09
酒田,山形県,35052,s47587,2019-10
酒田,山形県,35052,s47587,2019-11
酒田,山形県,35052,s47587,2019-12
酒田,山形県,35052,s47587,2020-01
酒田,山形県,35052,s47587,2020-02
酒田,山形県,35052,s47587,2020-03
酒田,山形県,35052,s47587,2020-04
酒田,山形県,35052,s47587,2020-05
酒田,山形県,35052,s47587,2020-06
酒田,山形県,35052,s47587,2020-07
酒田,山形県,35052,s47587,2020-08
酒田,山形県,35052,s47587,2020-09
酒田,山形県,35052,s47587,2020-10
酒田,山形県,35052,s47587,2020-11
酒田,山形県,35052,s47587,2020-12
酒田,山形県,35052,s47587,2021-01
酒田,山形県,35052,s47587,2021-02
酒田,山形県,35052,s47587,2021-03
酒田,山形県,35052,s47587,2021-04
酒田,山形県,35052,s47587,2021-05
酒田,山形県,35052,s47587,2021-06
酒田,山形県,35052,s47587,2021-07
酒田,山形県,35052,s47587,2021-08
酒田,山形県,35052,s47587,2021-09
酒田,山形県,35052,s47587,2021-10
酒田,山形県,35052,s47587,2021-11
酒田,山形県,35052,s47587,2021-12
酒田,山形県,35052,s47587,2022-01
酒田,山形県,35052,s47587,2022-02
酒田,山形県,35052,s47587,2022-03
酒田,山形県,35052,s47587,2022-04
酒田,山形県,35052,s47587,2022-05
酒田,山形県,35052,s47587,2022-06
酒田,山形県,35052,s47587,2022-07
酒田,山形県,35052,s47587,2022-08
酒田,山形県,35052,s47587,2022-09
酒田,山形県,35052,s47587,2022-10
酒田,山形県,35052,s47587,2022-11
酒田,山形県,35052,s47587,2022-12
酒田,山形県,35052,s47587,2023-01
酒田,山形県,35052,s47587,2023-02
酒田,山形県,35052,s47587,2023-03
酒田,山形県,35052,s47587,2023-04
酒田,山形県,35052,s47587,2023-05
酒田,山形県,35052,s47587,2023-06
酒田,山形県,35052,s47587,2023-07
酒田,山形県,35052,s47587,2023-08
酒田,山形県,35052,s47587,2023-09
酒田,山形県,35052,s47587,2023-10
酒田,山形県,35052,s47587,2023-11
酒田,山形県,35052,s47587,2023-12
酒田,山形県,35052,s47587,2024-01
酒田,山形県,35052,s47587,2024-02
酒田,山形県,35052,s47587,2024-03
酒田,山形県,35052,s47587,2024-04
酒田,山形県,35052,s47587,2024-05
酒田,山形県,35052,s47587,2024-06
酒田,山形県,35052,s47587,2024-07
酒田,山形県,35052,s47587,2024-08
酒田,山形県,35052,s47587,2024-09
酒田,山形県,35052,s47587,2024-10
酒田,山形県,35052,s47587,2024-11
酒田,山形県,35052,s47587,2024-12
金武湾,沖縄県,91166,a1596,2019-01
金武湾,沖縄県,91166,a1596,2019-02
金武湾,沖縄県,91166,a1596,2019-03
金武湾,沖縄県,91166,a1596,2019-04
金武湾,沖縄県,91166,a1596,2019-05
金武湾,沖縄県,91166,a1596,2019-06
金武湾,沖縄県,91166,a1596,2019-07
金武湾,沖縄県,91166,a1596,2019-08
金武湾,沖縄県,91166,a1596,2019-09
金武湾,沖縄県,91166,a1596,2019-10
金武湾,沖縄県,91166,a1596,2019-11
金武湾,沖縄県,91166,a1596,2019-12
金武湾,沖縄県,91166,a1596,2020-01
金武湾,沖縄県,91166,a1596,2020-02
金武湾,沖縄県,91166,a1596,2020-03
金武湾,沖縄県,91166,a1596,2020-04
金武湾,沖縄県,91166,a1596,2020-05
金武湾,沖縄県,91166,a1596,2020-06
金武湾,沖縄県,91166,a1596,2020-07
金武湾,沖縄県,91166,a1596,2020-08
金武湾,沖縄県,91166,a1596,2020-09
金武湾,沖縄県,91166,a1596,2020-10
金武湾,沖縄県,91166,a1596,2020-11
金武湾,沖縄県,91166,a1596,2020-12
金武湾,沖縄県,91166,a1596,2021-01
金武湾,沖縄県,91166,a1596,2021-02
金武湾,沖縄県,91166,a1596,2021-03
金武湾,沖縄県,91166,a1596,2021-04
金武湾,沖縄県,91166,a1596,2021-05
金武湾,沖縄県,91166,a1596,2021-06
金武湾,沖縄県,91166,a1596,2021-07
金武湾,沖縄県,91166,a1596,2021-08
金武湾,沖縄県,91166,a1596,2021-09
金武湾,沖縄県,91166,a1596,2021-10
金武湾,沖縄県,91166,a1596,2021-11
金武湾,沖縄県,91166,a1596,2021-12
金武湾,沖縄県,91166,a1596,2022-01
金武湾,沖縄県,91166,a1596,2022-02
金武湾,沖縄県,91166,a1596,2022-03
金武湾,沖縄県,91166,a1596,2022-04
金武湾,沖縄県,91166,a1596,2022-05
金武湾,沖縄県,91166,a1596,2022-06
金武湾,沖縄県,91166,a1596,2022-07
金武湾,沖縄県,91166,a1596,2022-08
金武湾,沖縄県,91166,a1596,2022-09
金武湾,沖縄県,91166,a1596,2022-10
金武湾,沖縄県,91166,a1596,2022-11
金武湾,沖縄県,91166,a1596,2022-12
金武湾,沖縄県,91166,a1596,2023-01
金武湾,沖縄県,91166,a1596,2023-02
金武湾,沖縄県,91166,a1596,2023-03
金武湾,沖縄県,91166,a1596,2023-04
金武湾,沖縄県,91166,a1596,2023-05
金武湾,沖縄県,91166,a1596,2023-06
金武湾,沖縄県,91166,a1596,2023-07
金武湾,沖縄県,91166,a1596,2023-08
金武湾,沖縄県,91166,a1596,2023-09
金武湾,沖縄県,91166,a1596,2023-10
金武湾,沖縄県,91166,a1596,2023-11
金武湾,沖縄県,91166,a1596,2023-12
金武湾,沖縄県,91166,a1596,2024-01
金武湾,沖縄県,91166,a1596,2024-02
金武湾,沖縄県,91166,a1596,2024-03
金武湾,沖縄県,91166,a1596,2024-04
金武湾,沖縄県,91166,a1596,2024-05
金武湾,沖縄県,91166,a1596,2024-06
金武湾,沖縄県,91166,a1596,2024-07
金武湾,沖縄県,91166,a1596,2024-08
金武湾,沖縄県,91166,a1596,2024-09
金武湾,沖縄県,91166,a1596,2024-10
金武湾,沖縄県,91166,a1596,2024-11
金武湾,沖縄県,91166,a1596,2024-12
金沢,石川県,56227,s47605,2019-01
金沢,石川県,56227,s47605,2019-02
金沢,石川県,56227,s47605,2019-03
金沢,石川県,56227,s47605,2019-04
金沢,石川県,56227,s47605,2019-05
金沢,石川県,56227,s47605,2019-06
金沢,石川県,56227,s47605,2019-07
金沢,石川県,56227,s47605,2019-08
金沢,石川県,56227,s47605,2019-09
金沢,石川県,56227,s47605,2019-10
金沢,石川県,56227,s47605,2019-11
金沢,石川県,56227,s47605,2019-12
金沢,石川県,56227,s47605,2020-01
金沢,石川県,56227,s47605,2020-02
金沢,石川県,56227,s47605,2020-03
金沢,石川県,56227,s47605,2020-04
金沢,石川県,56227,s47605,2020-05
金沢,石川県,56227,s47605,2020-06
金沢,石川県,56227,s47605,2020-07
金沢,石川県,56227,s47605,2020-08
金沢,石川県,56227,s47605,2020-09
金沢,石川県,56227,s47605,2020-10
金沢,石川県,56227,s47605,2020-11
金沢,石川県,56227,s47605,2020-12
金沢,石川県,56227,s47605,2021-01
金沢,石川県,56227,s47605,2021-02
金沢,石川県,56227,s47605,2021-03
金沢,石川県,56227,s47605,2021-04
金沢,石川県,56227,s47605,2021-05
金沢,石川県,56227,s47605,2021-06
金沢,石川県,56227,s47605,2021-07
金沢,石川県,56227,s47605,2021-08
金沢,石川県,56227,s47605,2021-09
金沢,石川県,56227,s47605,2021-10
金沢,石川県,56227,s47605,2021-11
金沢,石川県,56227,s47605,2021-12
金沢,石川県,56227,s47605,2022-01
金沢,石川県,56227,s47605,2022-02
金沢,石川県,56227,s47605,2022-03
金沢,石川県,56227,s47605,2022-04
金沢,石川県,56227,s47605,2022-05
金沢,石川県,56227,s47605,2022-06
金沢,石川県,56227,s47605,2022-07
金沢,石川県,56227,s47605,2022-08
金沢,石川県,56227,s47605,2022-09
金沢,石川県,56227,s47605,2022-10
金沢,石川県,56227,s47605,2022-11
金沢,石川県,56227,s47605,2022-12
金沢,石川県,56227,s47605,2023-01
金沢,石川県,56227,s47605,2023-02
金沢,石川県,56227,s47605,2023-03
金沢,石川県,56227,s47605,2023-04
金沢,石川県,56227,s47605,2023-05
金沢,石川県,56227,s47605,2023-06
金沢,石川県,56227,s47605,2023-07
金沢,石川県,56227,s47605,2023-08
金沢,石川県,56227,s47605,2023-09
金沢,石川県,56227,s47605,2023-10
金沢,石川県,56227,s47605,2023-11
金沢,石川県,56227,s47605,2023-12
金沢,石川県,56227,s47605,2024-01
金沢,石川県,56227,s47605,2024-02
金沢,石川県,56227,s47605,2024-03
金沢,石川県,56227,s47605,2024-04
金沢,石川県,56227,s47605,2024-05
金沢,石川県,56227,s47605,2024-06
金沢,石川県,56227,s47605,2024-07
金沢,石川県,56227,s47605,2024-08
金沢,石川県,56227,s47605,2024-09
金沢,石川県,56227,s47605,2024-10
金沢,石川県,56227,s47605,2024-11
金沢,石川県,56227,s47605,2024-12
釜石,岩手県,33751,a0233,2019-01
釜石,岩手県,33751,a0233,2019-02
釜石,岩手県,33751,a0233,2019-03
釜石,岩手県,33751,a0233,2019-04
釜石,岩手県,33751,a0233,2019-05
釜石,岩手県,33751,a0233,2019-06
釜石,岩手県,33751,a0233,2019-07
釜石,岩手県,33751,a0233,2019-08
釜石,岩手県,33751,a0233,2019-09
釜石,岩手県,33751,a0233,2019-10
釜石,岩手県,33751,a0233,2019-11
釜石,岩手県,33751,a0233,2019-12
釜石,岩手県,33751,a0233,2020-01
釜石,岩手県,33751,a0233,2020-02
釜石,岩手県,33751,a0233,2020-03
釜石,岩手県,33751,a0233,2020-04
釜石,岩手県,33751,a0233,2020-05
釜石,岩手県,33751,a0233,2020-06
釜石,岩手県,33751,a0233,2020-07
釜石,岩手県,33751,a0233,2020-08
釜石,岩手県,33751,a0233,2020-09
釜石,岩手県,33751,a0233,2020-10
釜石,岩手県,33751,a0233,2020-11
釜石,岩手県,33751,a0233,2020-12
釜石,岩手県,33751,a0233,2021-01
釜石,岩手県,33751,a0233,2021-02
釜石,岩手県,33751,a0233,2021-03
釜石,岩手県,33751,a0233,2021-04
釜石,岩手県,33751,a0233,2021-05
釜石,岩手県,33751,a0233,2021-06
釜石,岩手県,33751,a0233,2021-07
釜石,岩手県,33751,a0233,2021-08
釜石,岩手県,33751,a0233,2021-09
釜石,岩手県,33751,a0233,2021-10
釜石,岩手県,33751,a0233,2021-11
釜石,岩手県,33751,a0233,2021-12
釜石,岩手県,33751,a0233,2022-01
釜石,岩手県,33751,a0233,2022-03
釜石,岩手県,33751,a0233,2022-04
釜石,岩手県,33751,a0233,2022-05
釜石,岩手県,33751,a0233,2022-06
釜石,岩手県,33751,a0233,2022-07
釜石,岩手県,33751,a0233,2022-08
釜石,岩手県,33751,a0233,2022-09
釜石,岩手県,33751,a0233,2022-10
釜石,岩手県,33751,a0233,2022-11
釜石,岩手県,33751,a0233,2022-12
釜石,岩手県,33751,a0233,2023-01
釜石,岩手県,33751,a0233,2023-02
釜石,岩手県,33751,a0233,2023-03
釜石,岩手県,33751,a0233,2023-04
釜石,岩手県,33751,a0233,2023-05
釜石,岩手県,33751,a0233,2023-06
釜石,岩手県,33751,a0233,2023-07
釜石,岩手県,33751,a0233,2023-08
釜石,岩手県,33751,a0233,2023-09
釜石,岩手県,33751,a0233,2023-10
釜石,岩手県,33751,a0233,2023-11
釜石,岩手県,33751,a0233,2023-12
釜石,岩手県,33751,a0233,2024-01
釜石,岩手県,33751,a0233,2024-03
釜石,岩手県,33751,a0233,2024-04
釜石,岩手県,33751,a0233,2024-05
釜石,岩手県,33751,a0233,2024-06
釜石,岩手県,33751,a0233,2024-07
釜石,岩手県,33751,a0233,2024-08
釜石,岩手県,33751,a0233,2024-09
釜石,岩手県,33751,a0233,2024-10
釜石,岩手県,33751,a0233,2024-11
釜石,岩手県,33751,a0233,2024-12
釧路,北海道,19432,s47418,2019-01
釧路,北海道,19432,s47418,2019-02
釧路,北海道,19432,s47418,2019-03
釧路,北海道,19432,s47418,2019-04
釧路,北海道,19432,s47418,2019-05
釧路,北海道,19432,s47418,2019-06
釧路,北海道,19432,s47418,2019-07
釧路,北海道,19432,s47418,2019-08
釧路,北海道,19432,s47418,2019-09
釧路,北海道,19432,s47418,2019-10
釧路,北海道,19432,s47418,2019-11
釧路,北海道,19432,s47418,2019-12
釧路,北海道,19432,s47418,2020-01
釧路,北海道,19432,s47418,2020-02
釧路,北海道,19432,s47418,2020-03
釧路,北海道,19432,s47418,2020-04
釧路,北海道,19432,s47418,2020-05
釧路,北海道,19432,s47418,2020-06
釧路,北海道,19432,s47418,2020-07
釧路,北海道,19432,s47418,2020-08
釧路,北海道,19432,s47418,2020-09
釧路,北海道,19432,s47418,2020-10
釧路,北海道,19432,s47418,2020-11
釧路,北海道,19432,s47418,2020-12
釧路,北海道,19432,s47418,2021-01
釧路,北海道,19432,s47418,2021-02
釧路,北海道,19432,s47418,2021-03
釧路,北海道,19432,s47418,2021-04
釧路,北海道,19432,s47418,2021-05
釧路,北海道,19432,s47418,2021-06
釧路,北海道,19432,s47418,2021-07
釧路,北海道,19432,s47418,2021-08
釧路,北海道,19432,s47418,2021-09
釧路,北海道,19432,s47418,2021-10
釧路,北海道,19432,s47418,2021-11
釧路,北海道,19432,s47418,2021-12
釧路,北海道,19432,s47418,2022-01
釧路,北海道,19432,s47418,2022-02
釧路,北海道,19432,s47418,2022-03
釧路,北海道,19432,s47418,2022-04
釧路,北海道,19432,s47418,2022-05
釧路,北海道,19432,s47418,2022-06
釧路,北海道,19432,s47418,2022-07
釧路,北海道,19432,s47418,2022-08
釧路,北海道,19432,s47418,2022-09
釧路,北海道,19432,s47418,2022-10
釧路,北海道,19432,s47418,2022-11
釧路,北海道,19432,s47418,2022-12
釧路,北海道,19432,s47418,2023-01
釧路,北海道,19432,s47418,2023-02
釧路,北海道,19432,s47418,2023-03
釧路,北海道,19432,s47418,2023-04
釧路,北海道,19432,s47418,2023-05
釧路,北海道,19432,s47418,2023-06
釧路,北海道,19432,s47418,2023-07
釧路,北海道,19432,s47418,2023-08
釧路,北海道,19432,s47418,2023-09
釧路,北海道,19432,s47418,2023-10
釧路,北海道,19432,s47418,2023-11
釧路,北海道,19432,s47418,2023-12
釧路,北海道,19432,s47418,2024-01
釧路,北海道,19432,s47418,2024-02
釧路,北海道,19432,s47418,2024-03
釧路,北海道,19432,s47418,2024-04
釧路,北海道,19432,s47418,2024-05
釧路,北海道,19432,s47418,2024-06
釧路,北海道,19432,s47418,2024-07
釧路,北海道,19432,s47418,2024-08
釧路,北海道,19432,s47418,2024-09
釧路,北海道,19432,s47418,2024-10
釧路,北海道,19432,s47418,2024-11
釧路,北海道,19432,s47418,2024-12
長崎,長崎県,84496,s47817,2019-01
長崎,長崎県,84496,s47817,2019-02
長崎,長崎県,84496,s47817,2019-03
長崎,長崎県,84496,s47817,2019-04
長崎,長崎県,84496,s47817,2019-05
長崎,長崎県,84496,s47817,2019-06
長崎,長崎県,84496,s47817,2019-07
長崎,長崎県,84496,s47817,2019-08
長崎,長崎県,84496,s47817,2019-09
長崎,長崎県,84496,s47817,2019-10
長崎,長崎県,84496,s47817,2019-11
長崎,長崎県,84496,s47817,2019-12
長崎,長崎県,84496,s47817,2020-01
長崎,長崎県,84496,s47817,2020-02
長崎,長崎県,84496,s47817,2020-03
長崎,長崎県,84496,s47817,2020-04
長崎,長崎県,84496,s47817,2020-05
長崎,長崎県,84496,s47817,2020-06
長崎,長崎県,84496,s47817,2020-07
長崎,長崎県,84496,s47817,2020-08
長崎,長崎県,84496,s47817,2020-09
長崎,長崎県,84496,s47817,2020-10
長崎,長崎県,84496,s47817,2020-11
長崎,長崎県,84496,s47817,2020-12
長崎,長崎県,84496,s47817,2021-01
長崎,長崎県,84496,s47817,2021-02
長崎,長崎県,84496,s47817,2021-03
長崎,長崎県,84496,s47817,2021-04
長崎,長崎県,84496,s47817,2021-05
長崎,長崎県,84496,s47817,2021-06
長崎,長崎県,84496,s47817,2021-07
長崎,長崎県,84496,s47817,2021-08
長崎,長崎県,84496,s47817,2021-09
長崎,長崎県,84496,s47817,2021-10
長崎,長崎県,84496,s47817,2021-11
長崎,長崎県,84496,s47817,2021-12
長崎,長崎県,84496,s47817,2022-01
長崎,長崎県,84496,s47817,2022-02
長崎,長崎県,84496,s47817,2022-03
長崎,長崎県,84496,s47817,2022-04
長崎,長崎県,84496,s47817,2022-05
長崎,長崎県,84496,s47817,2022-06
長崎,長崎県,84496,s47817,2022-07
長崎,長崎県,84496,s47817,2022-08
長崎,長崎県,84496,s47817,2022-09
長崎,長崎県,84496,s47817,2022-10
長崎,長崎県,84496,s47817,2022-11
長崎,長崎県,84496,s47817,2022-12
長崎,長崎県,84496,s47817,2023-01
長崎,長崎県,84496,s47817,2023-02
長崎,長崎県,84496,s47817,2023-03
長崎,長崎県,84496,s47817,2023-04
長崎,長崎県,84496,s47817,2023-05
長崎,長崎県,84496,s47817,2023-06
長崎,長崎県,84496,s47817,2023-07
長崎,長崎県,84496,s47817,2023-08
長崎,長崎県,84496,s47817,2023-09
長崎,長崎県,84496,s47817,2023-10
長崎,長崎県,84496,s47817,2023-11
長崎,長崎県,84496,s47817,2023-12
長崎,長崎県,84496,s47817,2024-01
長崎,長崎県,84496,s47817,2024-02
長崎,長崎県,84496,s47817,2024-03
長崎,長崎県,84496,s47817,2024-04
長崎,長崎県,84496,s47817,2024-05
長崎,長崎県,84496,s47817,2024-06
長崎,長崎県,84496,s47817,2024-07
長崎,長崎県,84496,s47817,2024-08
長崎,長崎県,84496,s47817,2024-09
長崎,長崎県,84496,s47817,2024-10
長崎,長崎県,84496,s47817,2024-11
長崎,長崎県,84496,s47817,2024-12
阪南,大阪府,62131,a0606,2019-01
阪南,大阪府,62131,a0606,2019-02
阪南,大阪府,62131,a0606,2019-03
阪南,大阪府,62131,a0606,2019-04
阪南,大阪府,62131,a0606,2019-05
阪南,大阪府,62131,a0606,2019-06
阪南,大阪府,62131,a0606,2019-07
阪南,大阪府,62131,a0606,2019-08
阪南,大阪府,62131,a0606,2019-09
阪南,大阪府,62131,a0606,2019-10
阪南,大阪府,62131,a0606,2019-11
阪南,大阪府,62131,a0606,2019-12
阪南,大阪府,62131,a0606,2020-01
阪南,大阪府,62131,a0606,2020-02
阪南,大阪府,62131,a0606,2020-03
阪南,大阪府,62131,a0606,2020-04
阪南,大阪府,62131,a0606,2020-05
阪南,大阪府,62131,a0606,2020-06
阪南,大阪府,62131,a0606,2020-07
阪南,大阪府,62131,a0606,2020-08
阪南,大阪府,62131,a0606,2020-09
阪南,大阪府,62131,a0606,2020-10
阪南,大阪府,62131,a0606,2020-11
阪南,大阪府,62131,a0606,2020-12
阪南,大阪府,62131,a0606,2021-01
阪南,大阪府,62131,a0606,2021-02
阪南,大阪府,62131,a0606,2021-03
阪南,大阪府,62131,a0606,2021-04
阪南,大阪府,62131,a0606,2021-05
阪南,大阪府,62131,a0606,2021-06
阪南,大阪府,62131,a0606,2021-07
阪南,大阪府,62131,a0606,2021-08
阪南,大阪府,62131,a0606,2021-09
阪南,大阪府,62131,a0606,2021-10
阪南,大阪府,62131,a0606,2021-11
阪南,大阪府,62131,a0606,2021-12
阪南,大阪府,62131,a0606,2022-01
阪南,大阪府,62131,a0606,2022-02
阪南,大阪府,62131,a0606,2022-03
阪南,大阪府,62131,a0606,2022-04
阪南,大阪府,62131,a0606,2022-05
阪南,大阪府,62131,a0606,2022-06
阪南,大阪府,62131,a0606,2022-07
阪南,大阪府,62131,a0606,2022-08
阪南,大阪府,62131,a0606,2022-09
阪南,大阪府,62131,a0606,2022-10
阪南,大阪府,62131,a0606,2022-11
阪南,大阪府,62131,a0606,2022-12
阪南,大阪府,62131,a0606,2023-01
阪南,大阪府,62131,a0606,2023-02
阪南,大阪府,62131,a0606,2023-03
阪南,大阪府,62131,a0606,2023-04
阪南,大阪府,62131,a0606,2023-05
阪南,大阪府,62131,a0606,2023-06
阪南,大阪府,62131,a0606,2023-07
阪南,大阪府,62131,a0606,2023-08
阪南,大阪府,62131,a0606,2023-09
阪南,大阪府,62131,a0606,2023-10
阪南,大阪府,62131,a0606,2023-11
阪南,大阪府,62131,a0606,2023-12
阪南,大阪府,62131,a0606,2024-01
阪南,大阪府,62131,a0606,2024-02
阪南,大阪府,62131,a0606,2024-03
阪南,大阪府,62131,a0606,2024-04
阪南,大阪府,62131,a0606,2024-05
阪南,大阪府,62131,a0606,2024-06
阪南,大阪府,62131,a0606,2024-07
阪南,大阪府,62131,a0606,2024-08
阪南,大阪府,62131,a0606,2024-09
阪南,大阪府,62131,a0606,2024-10
阪南,大阪府,62131,a0606,2024-11
阪南,大阪府,62131,a0606,2024-12
青森,青森県,31312,s47575,2019-01
青森,青森県,31312,s47575,2019-02
青森,青森県,31312,s47575,2019-03
青森,青森県,31312,s47575,2019-04
青森,青森県,31312,s47575,2019-05
青森,青森県,31312,s47575,2019-06
青森,青森県,31312,s47575,2019-07
青森,青森県,31312,s47575,2019-08
青森,青森県,31312,s47575,2019-09
青森,青森県,31312,s47575,2019-10
青森,青森県,31312,s47575,2019-11
青森,青森県,31312,s47575,2019-12
青森,青森県,31312,s47575,2020-01
青森,青森県,31312,s47575,2020-02
青森,青森県,31312,s47575,2020-03
青森,青森県,31312,s47575,2020-04
青森,青森県,31312,s47575,2020-05
青森,青森県,31312,s47575,2020-06
青森,青森県,31312,s47575,2020-07
青森,青森県,31312,s47575,2020-08
青森,青森県,31312,s47575,2020-09
青森,青森県,31312,s47575,2020-10
青森,青森県,31312,s47575,2020-11
青森,青森県,31312,s47575,2020-12
青森,青森県,31312,s47575,2021-01
青森,青森県,31312,s47575,2021-02
青森,青森県,31312,s47575,2021-03
青森,青森県,31312,s47575,2021-04
青森,青森県,31312,s47575,2021-05
青森,青森県,31312,s47575,2021-06
青森,青森県,31312,s47575,2021-07
青森,青森県,31312,s47575,2021-08
青森,青森県,31312,s47575,2021-09
青森,青森県,31312,s47575,2021-10
青森,青森県,31312,s47575,2021-11
青森,青森県,31312,s47575,2021-12
青森,青森県,31312,s47575,2022-01
青森,青森県,31312,s47575,2022-02
青森,青森県,31312,s47575,2022-03
青森,青森県,31312,s47575,2022-04
青森,青森県,31312,s47575,2022-05
青森,青森県,31312,s47575,2022-06
青森,青森県,31312,s47575,2022-07
青森,青森県,31312,s47575,2022-08
青森,青森県,31312,s47575,2022-09
青森,青森県,31312,s47575,2022-10
青森,青森県,31312,s47575,2022-11
青森,青森県,31312,s47575,2022-12
青森,青森県,31312,s47575,2023-01
青森,青森県,31312,s47575,2023-02
青森,青森県,31312,s47575,2023-03
青森,青森県,31312,s47575,2023-04
青森,青森県,31312,s47575,2023-05
青森,青森県,31312,s47575,2023-06
青森,青森県,31312,s47575,2023-07
青森,青森県,31312,s47575,2023-08
青森,青森県,31312,s47575,2023-09
青森,青森県,31312,s47575,2023-10
青森,青森県,31312,s47575,2023-11
青森,青森県,31312,s47575,2023-12
青森,青森県,31312,s47575,2024-01
青森,青森県,31312,s47575,2024-02
青森,青森県,31312,s47575,2024-03
青森,青森県,31312,s47575,2024-04
青森,青森県,31312,s47575,2024-05
青森,青森県,31312,s47575,2024-06
青森,青森県,31312,s47575,2024-07
青森,青森県,31312,s47575,2024-08
青森,青森県,31312,s47575,2024-09
青森,青森県,31312,s47575,2024-10
青森,青森県,31312,s47575,2024-11
青森,青森県,31312,s47575,2024-12
須崎,高知県,74311,a0756,2019-01
須崎,高知県,74311,a0756,2019-02
須崎,高知県,74311,a0756,2019-03
須崎,高知県,74311,a0756,2019-04
須崎,高知県,74311,a0756,2019-05
須崎,高知県,74311,a0756,2019-06
須崎,高知県,74311,a0756,2019-07
須崎,高知県,74311,a0756,2019-08
須崎,高知県,74311,a0756,2019-09
須崎,高知県,74311,a0756,2019-10
須崎,高知県,74311,a0756,2019-11
須崎,高知県,74311,a0756,2019-12
須崎,高知県,74311,a0756,2020-01
須崎,高知県,74311,a0756,2020-02
須崎,高知県,74311,a0756,2020-03
須崎,高知県,74311,a0756,2020-04
須崎,高知県,74311,a0756,2020-05
須崎,高知県,74311,a0756,2020-06
須崎,高知県,74311,a0756,2020-07
須崎,高知県,74311,a0756,2020-08
須崎,高知県,74311,a0756,2020-09
須崎,高知県,74311,a0756,2020-10
須崎,高知県,74311,a0756,2020-11
須崎,高知県,74311,a0756,2020-12
須崎,高知県,74311,a0756,2021-01
須崎,高知県,74311,a0756,2021-02
須崎,高知県,74311,a0756,2021-03
須崎,高知県,74311,a0756,2021-04
須崎,高知県,74311,a0756,2021-05
須崎,高知県,74311,a0756,2021-06
須崎,高知県,74311,a0756,2021-07
須崎,高知県,74311,a0756,2021-08
須崎,高知県,74311,a0756,2021-09
須崎,高知県,74311,a0756,2021-10
須崎,高知県,74311,a0756,2021-11
須崎,高知県,74311,a0756,2021-12
須崎,高知県,74311,a0756,2022-01
須崎,高知県,74311,a0756,2022-02
須崎,高知県,74311,a0756,2022-03
須崎,高知県,74311,a0756,2022-04
須崎,高知県,74311,a0756,2022-05
須崎,高知県,74311,a0756,2022-06
須崎,高知県,74311,a0756,2022-07
須崎,高知県,74311,a0756,2022-08
須崎,高知県,74311,a0756,2022-09
須崎,高知県,74311,a0756,2022-10
須崎,高知県,74311,a0756,2022-11
須崎,高知県,74311,a0756,2022-12
須崎,高知県,74311,a0756,2023-01
須崎,高知県,74311,a0756,2023-02
須崎,高知県,74311,a0756,2023-03
須崎,高知県,74311,a0756,2023-04
須崎,高知県,74311,a0756,2023-05
須崎,高知県,74311,a0756,2023-06
須崎,高知県,74311,a0756,2023-07
須崎,高知県,74311,a0756,2023-08
須崎,高知県,74311,a0756,2023-09
須崎,高知県,74311,a0756,2023-10
須崎,高知県,74311,a0756,2023-11
須崎,高知県,74311,a0756,2023-12
須崎,高知県,74311,a0756,2024-01
須崎,高知県,74311,a0756,2024-02
須崎,高知県,74311,a0756,2024-03
須崎,高知県,74311,a0756,2024-04
須崎,高知県,74311,a0756,2024-05
須崎,高知県,74311,a0756,2024-06
須崎,高知県,74311,a0756,2024-07
須崎,高知県,74311,a0756,2024-08
須崎,高知県,74311,a0756,2024-09
須崎,高知県,74311,a0756,2024-11
須崎,高知県,74311,a0756,2024-12
風戸,香川県,66501,a0670,2019-01
風戸,香川県,66501,a0670,2019-02
風戸,香川県,66501,a0670,2019-03
風戸,香川県,66501,a0670,2019-04
風戸,香川県,66501,a0670,2019-05
風戸,香川県,66501,a0670,2019-06
風戸,香川県,66501,a0670,2019-07
風戸,香川県,66501,a0670,2019-08
風戸,香川県,66501,a0670,2019-09
風戸,香川県,66501,a0670,2019-10
風戸,香川県,66501,a0670,2019-11
風戸,香川県,66501,a0670,2019-12
風戸,香川県,66501,a0670,2020-01
風戸,香川県,66501,a0670,2020-02
風戸,香川県,66501,a0670,2020-03
風戸,香川県,66501,a0670,2020-04
風戸,香川県,66501,a0670,2020-05
風戸,香川県,66501,a0670,2020-06
風戸,香川県,66501,a0670,2020-07
風戸,香川県,66501,a0670,2020-08
風戸,香川県,66501,a0670,2020-09
風戸,香川県,66501,a0670,2020-10
風戸,香川県,66501,a0670,2020-11
風戸,香川県,66501,a0670,2020-12
風戸,香川県,66501,a0670,2021-01
風戸,香川県,66501,a0670,2021-02
風戸,香川県,66501,a0670,2021-03
風戸,香川県,66501,a0670,2021-04
風戸,香川県,66501,a0670,2021-05
風戸,香川県,66501,a0670,2021-06
風戸,香川県,66501,a0670,2021-07
風戸,香川県,66501,a0670,2021-08
風戸,香川県,66501,a0670,2021-09
風戸,香川県,66501,a0670,2021-10
風戸,香川県,66501,a0670,2021-11
風戸,香川県,66501,a0670,2021-12
風戸,香川県,66501,a0670,2022-01
風戸,香川県,66501,a0670,2022-02
風戸,香川県,66501,a0670,2022-03
風戸,香川県,66501,a0670,2022-04
風戸,香川県,66501,a0670,2022-05
風戸,香川県,66501,a0670,2022-06
風戸,香川県,66501,a0670,2022-07
風戸,香川県,66501,a0670,2022-08
風戸,香川県,66501,a0670,2022-09
風戸,香川県,66501,a0670,2022-10
風戸,香川県,66501,a0670,2022-11
風戸,香川県,66501,a0670,2022-12
風戸,香川県,66501,a0670,2023-01
風戸,香川県,66501,a0670,2023-02
風戸,香川県,66501,a0670,2023-03
風戸,香川県,66501,a0670,2023-04
風戸,香川県,66501,a0670,2023-05
風戸,香川県,66501,a0670,2023-06
風戸,香川県,66501,a0670,2023-07
風戸,香川県,66501,a0670,2023-08
風戸,香川県,66501,a0670,2023-09
風戸,香川県,66501,a0670,2023-10
風戸,香川県,66501,a0670,2023-11
風戸,香川県,66501,a0670,2023-12
風戸,香川県,66501,a0670,2024-01
風戸,香川県,66501,a0670,2024-02
風戸,香川県,66501,a0670,2024-03
風戸,香川県,66501,a0670,2024-04
風戸,香川県,66501,a0670,2024-05
風戸,香川県,66501,a0670,2024-06
風戸,香川県,66501,a0670,2024-07
風戸,香川県,66501,a0670,2024-08
風戸,香川県,66501,a0670,2024-09
風戸,香川県,66501,a0670,2024-10
風戸,香川県,66501,a0670,2024-11
風戸,香川県,66501,a0670,2024-12
高知,高知県,74188,a1476,2019-01
高知,高知県,74188,a1476,2019-02
高知,高知県,74188,a1476,2019-03
高知,高知県,74188,a1476,2019-04
高知,高知県,74188,a1476,2019-05
高知,高知県,74188,a1476,2019-06
高知,高知県,74188,a1476,2019-07
高知,高知県,74188,a1476,2019-08
高知,高知県,74188,a1476,2019-09
高知,高知県,74188,a1476,2019-10
高知,高知県,74188,a1476,2019-11
高知,高知県,74188,a1476,2020-01
高知,高知県,74188,a1476,2020-02
高知,高知県,74188,a1476,2020-03
高知,高知県,74188,a1476,2020-04
高知,高知県,74188,a1476,2020-05
高知,高知県,74188,a1476,2020-06
高知,高知県,74188,a1476,2020-07
高知,高知県,74188,a1476,2020-08
高知,高知県,74188,a1476,2020-09
高知,高知県,74188,a1476,2020-10
高知,高知県,74188,a1476,2020-12
高知,高知県,74188,a1476,2021-02
高知,高知県,74188,a1476,2021-04
高知,高知県,74188,a1476,2021-05
高知,高知県,74188,a1476,2021-07
高知,高知県,74188,a1476,2021-08
高知,高知県,74188,a1476,2021-09
高知,高知県,74188,a1476,2021-10
高知,高知県,74188,a1476,2021-12
高知,高知県,74188,a1476,2022-01
高知,高知県,74188,a1476,2022-02
高知,高知県,74188,a1476,2022-03
高知,高知県,74188,a1476,2022-04
高知,高知県,74188,a1476,2022-05
高知,高知県,74188,a1476,2022-06
高知,高知県,74188,a1476,2022-07
高知,高知県,74188,a1476,2022-08
高知,高知県,74188,a1476,2022-09
高知,高知県,74188,a1476,2022-10
高知,高知県,74188,a1476,2022-12
高知,高知県,74188,a1476,2023-01
高知,高知県,74188,a1476,2023-02
高知,高知県,74188,a1476,2023-03
高知,高知県,74188,a1476,2023-04
高知,高知県,74188,a1476,2023-05
高知,高知県,74188,a1476,2023-06
高知,高知県,74188,a1476,2023-07
高知,高知県,74188,a1476,2023-08
高知,高知県,74188,a1476,2023-09
高知,高知県,74188,a1476,2023-10
高知,高知県,74188,a1476,2023-12
高知,高知県,74188,a1476,2024-01
高知,高知県,74188,a1476,2024-02
高知,高知県,74188,a1476,2024-03
高知,高知県,74188,a1476,2024-04
高知,高知県,74188,a1476,2024-05
高知,高知県,74188,a1476,2024-06
高知,高知県,74188,a1476,2024-07
高知,高知県,74188,a1476,2024-08
高知,高知県,74188,a1476,2024-09
高知,高知県,74188,a1476,2024-10
高知,高知県,74188,a1476,2024-11
高知,高知県,74188,a1476,2024-12
鳥取,鳥取県,69052,a1519,2019-01
鳥取,鳥取県,69052,a1519,2019-02
鳥取,鳥取県,69052,a1519,2019-03
鳥取,鳥取県,69052,a1519,2019-04
鳥取,鳥取県,69052,a1519,2019-05
鳥取,鳥取県,69052,a1519,2019-06
鳥取,鳥取県,69052,a1519,2019-07
鳥取,鳥取県,69052,a1519,2019-08
鳥取,鳥取県,69052,a1519,2019-09
鳥取,鳥取県,69052,a1519,2019-10
鳥取,鳥取県,69052,a1519,2019-11
鳥取,鳥取県,69052,a1519,2019-12
鳥取,鳥取県,69052,a1519,2020-01
鳥取,鳥取県,69052,a1519,2020-02
鳥取,鳥取県,69052,a1519,2020-03
鳥取,鳥取県,69052,a1519,2020-04
鳥取,鳥取県,69052,a1519,2020-05
鳥取,鳥取県,69052,a1519,2020-06
鳥取,鳥取県,69052,a1519,2020-07
鳥取,鳥取県,69052,a1519,2020-08
鳥取,鳥取県,69052,a1519,2020-09
鳥取,鳥取県,69052,a1519,2020-10
鳥取,鳥取県,69052,a1519,2020-12
鳥取,鳥取県,69052,a1519,2021-02
鳥取,鳥取県,69052,a1519,2021-04
鳥取,鳥取県,69052,a1519,2021-05
鳥取,鳥取県,69052,a1519,2021-07
鳥取,鳥取県,69052,a1519,2021-08
鳥取,鳥取県,69052,a1519,2021-09
鳥取,鳥取県,69052,a1519,2021-10
鳥取,鳥取県,69052,a1519,2021-11
鳥取,鳥取県,69052,a1519,2021-12
鳥取,鳥取県,69052,a1519,2022-01
鳥取,鳥取県,69052,a1519,2022-02
鳥取,鳥取県,69052,a1519,2022-03
鳥取,鳥取県,69052,a1519,2022-04
鳥取,鳥取県,69052,a1519,2022-05
鳥取,鳥取県,69052,a1519,2022-06
鳥取,鳥取県,69052,a1519,2022-07
鳥取,鳥取県,69052,a1519,2022-08
鳥取,鳥取県,69052,a1519,2022-09
鳥取,鳥取県,69052,a1519,2022-10
鳥取,鳥取県,69052,a1519,2022-11
鳥取,鳥取県,69052,a1519,2022-12
鳥取,鳥取県,69052,a1519,2023-01
鳥取,鳥取県,69052,a1519,2023-02
鳥取,鳥取県,69052,a1519,2023-03
鳥取,鳥取県,69052,a1519,2023-04
鳥取,鳥取県,69052,a1519,2023-05
鳥取,鳥取県,69052,a1519,2023-06
鳥取,鳥取県,69052,a1519,2023-07
鳥取,鳥取県,69052,a1519,2023-08
鳥取,鳥取県,69052,a1519,2023-09
鳥取,鳥取県,69052,a1519,2023-10
鳥取,鳥取県,69052,a1519,2023-11
鳥取,鳥取県,69052,a1519,2023-12
鳥取,鳥取県,69052,a1519,2024-01
鳥取,鳥取県,69052,a1519,2024-02
鳥取,鳥取県,69052,a1519,2024-03
鳥取,鳥取県,69052,a1519,2024-04
鳥取,鳥取県,69052,a1519,2024-05
鳥取,鳥取県,69052,a1519,2024-06
鳥取,鳥取県,69052,a1519,2024-07
鳥取,鳥取県,69052,a1519,2024-08
鳥取,鳥取県,69052,a1519,2024-09
鳥取,鳥取県,69052,a1519,2024-10
鳥取,鳥取県,69052,a1519,2024-11
鳥取,鳥取県,69052,a1519,2024-12
鵜殿,三重県,65276,a0649,2019-01
鵜殿,三重県,65276,a0649,2019-02
鵜殿,三重県,65276,a0649,2019-03
鵜殿,三重県,65276,a0649,2019-04
鵜殿,三重県,65276,a0649,2019-05
鵜殿,三重県,65276,a0649,2019-06
鵜殿,三重県,65276,a0649,2019-07
鵜殿,三重県,65276,a0649,2019-08
鵜殿,三重県,65276,a0649,2019-09
鵜殿,三重県,65276,a0649,2019-10
鵜殿,三重県,65276,a0649,2019-11
鵜殿,三重県,65276,a0649,2019-12
鵜殿,三重県,65276,a0649,2020-01
鵜殿,三重県,65276,a0649,2020-02
鵜殿,三重県,65276,a0649,2020-03
鵜殿,三重県,65276,a0649,2020-04
鵜殿,三重県,65276,a0649,2020-05
鵜殿,三重県,65276,a0649,2020-06
鵜殿,三重県,65276,a0649,2020-07
鵜殿,三重県,65276,a0649,2020-08
鵜殿,三重県,65276,a0649,2020-09
鵜殿,三重県,65276,a0649,2020-10
鵜殿,三重県,65276,a0649,2020-11
鵜殿,三重県,65276,a0649,2020-12
鵜殿,三重県,65276,a0649,2021-01
鵜殿,三重県,65276,a0649,2021-02
鵜殿,三重県,65276,a0649,2021-03
鵜殿,三重県,65276,a0649,2021-04
鵜殿,三重県,65276,a0649,2021-05
鵜殿,三重県,65276,a0649,2021-06
鵜殿,三重県,65276,a0649,2021-07
鵜殿,三重県,65276,a0649,2021-08
鵜殿,三重県,65276,a0649,2021-09
鵜殿,三重県,65276,a0649,2021-10
鵜殿,三重県,65276,a0649,2021-11
鵜殿,三重県,65276,a0649,2021-12
鵜殿,三重県,65276,a0649,2022-01
鵜殿,三重県,65276,a0649,2022-02
鵜殿,三重県,65276,a0649,2022-03
鵜殿,三重県,65276,a0649,2022-04
鵜殿,三重県,65276,a0649,2022-05
鵜殿,三重県,65276,a0649,2022-06
鵜殿,三重県,65276,a0649,2022-07
鵜殿,三重県,65276,a0649,2022-08
鵜殿,三重県,65276,a0649,2022-09
鵜殿,三重県,65276,a0649,2022-10
鵜殿,三重県,65276,a0649,2022-11
鵜殿,三重県,65276,a0649,2022-12
鵜殿,三重県,65276,a0649,2023-01
鵜殿,三重県,65276,a0649,2023-02
鵜殿,三重県,65276,a0649,2023-03
鵜殿,三重県,65276,a0649,2023-04
鵜殿,三重県,65276,a0649,2023-05
鵜殿,三重県,65276,a0649,2023-06
鵜殿,三重県,65276,a0649,2023-07
鵜殿,三重県,65276,a0649,2023-08
鵜殿,三重県,65276,a0649,2023-09
鵜殿,三重県,65276,a0649,2023-10
鵜殿,三重県,65276,a0649,2023-11
鵜殿,三重県,65276,a0649,2023-12
鵜殿,三重県,65276,a0649,2024-01
鵜殿,三重県,65276,a0649,2024-02
鵜殿,三重県,65276,a0649,2024-03
鵜殿,三重県,65276,a0649,2024-04
鵜殿,三重県,65276,a0649,2024-05
鵜殿,三重県,65276,a0649,2024-06
鵜殿,三重県,65276,a0649,2024-07
鵜殿,三重県,65276,a0649,2024-08
鵜殿,三重県,65276,a0649,2024-09
鵜殿,三重県,65276,a0649,2024-10
鵜殿,三重県,65276,a0649,2024-11
鵜殿,三重県,65276,a0649,2024-12
鹿児島,鹿児島県,88317,s47827,2019-01
鹿児島,鹿児島県,88317,s47827,2019-02
鹿児島,鹿児島県,88317,s47827,2019-03
鹿児島,鹿児島県,88317,s47827,2019-04
鹿児島,鹿児島県,88317,s47827,2019-05
鹿児島,鹿児島県,88317,s47827,2019-06
鹿児島,鹿児島県,88317,s47827,2019-07
鹿児島,鹿児島県,88317,s47827,2019-08
鹿児島,鹿児島県,88317,s47827,2019-09
鹿児島,鹿児島県,88317,s47827,2019-10
鹿児島,鹿児島県,88317,s47827,2019-11
鹿児島,鹿児島県,88317,s47827,2019-12
鹿児島,鹿児島県,88317,s47827,2020-01
鹿児島,鹿児島県,88317,s47827,2020-02
鹿児島,鹿児島県,88317,s47827,2020-03
鹿児島,鹿児島県,88317,s47827,2020-04
鹿児島,鹿児島県,88317,s47827,2020-05
鹿児島,鹿児島県,88317,s47827,2020-06
鹿児島,鹿児島県,88317,s47827,2020-07
鹿児島,鹿児島県,88317,s47827,2020-08
鹿児島,鹿児島県,88317,s47827,2020-09
鹿児島,鹿児島県,88317,s47827,2020-10
鹿児島,鹿児島県,88317,s47827,2020-11
鹿児島,鹿児島県,88317,s47827,2020-12
鹿児島,鹿児島県,88317,s47827,2021-01
鹿児島,鹿児島県,88317,s47827,2021-02
鹿児島,鹿児島県,88317,s47827,2021-03
鹿児島,鹿児島県,88317,s47827,2021-04
鹿児島,鹿児島県,88317,s47827,2021-05
鹿児島,鹿児島県,88317,s47827,2021-06
鹿児島,鹿児島県,88317,s47827,2021-07
鹿児島,鹿児島県,88317,s47827,2021-08
鹿児島,鹿児島県,88317,s47827,2021-09
鹿児島,鹿児島県,88317,s47827,2021-10
鹿児島,鹿児島県,88317,s47827,2021-11
鹿児島,鹿児島県,88317,s47827,2021-12
鹿児島,鹿児島県,88317,s47827,2022-01
鹿児島,鹿児島県,88317,s47827,2022-02
鹿児島,鹿児島県,88317,s47827,2022-03
鹿児島,鹿児島県,88317,s47827,2022-04
鹿児島,鹿児島県,88317,s47827,2022-05
鹿児島,鹿児島県,88317,s47827,2022-06
鹿児島,鹿児島県,88317,s47827,2022-07
鹿児島,鹿児島県,88317,s47827,2022-08
鹿児島,鹿児島県,88317,s47827,2022-09
鹿児島,鹿児島県,88317,s47827,2022-10
鹿児島,鹿児島県,88317,s47827,2022-11
鹿児島,鹿児島県,88317,s47827,2022-12
鹿児島,鹿児島県,88317,s47827,2023-01
鹿児島,鹿児島県,88317,s47827,2023-02
鹿児島,鹿児島県,88317,s47827,2023-03
鹿児島,鹿児島県,88317,s47827,2023-04
鹿児島,鹿児島県,88317,s47827,2023-05
鹿児島,鹿児島県,88317,s47827,2023-06
鹿児島,鹿児島県,88317,s47827,2023-07
鹿児島,鹿児島県,88317,s47827,2023-08
鹿児島,鹿児島県,88317,s47827,2023-09
鹿児島,鹿児島県,88317,s47827,2023-10
鹿児島,鹿児島県,88317,s47827,2023-11
鹿児島,鹿児島県,88317,s47827,2023-12
鹿児島,鹿児島県,88317,s47827,2024-01
鹿児島,鹿児島県,88317,s47827,2024-02
鹿児島,鹿児島県,88317,s47827,2024-03
鹿児島,鹿児島県,88317,s47827,2024-04
鹿児島,鹿児島県,88317,s47827,2024-05
鹿児島,鹿児島県,88317,s47827,2024-06
鹿児島,鹿児島県,88317,s47827,2024-07
鹿児島,鹿児島県,88317,s47827,2024-08
鹿児島,鹿児島県,88317,s47827,2024-09
鹿児島,鹿児島県,88317,s47827,2024-10
鹿児島,鹿児島県,88317,s47827,2024-11
鹿児島,鹿児島県,88317,s47827,2024-12
鹿川,広島県,67511,s47766,2019-01
鹿川,広島県,67511,s47766,2019-02
鹿川,広島県,67511,s47766,2019-03
鹿川,広島県,67511,s47766,2019-04
鹿川,広島県,67511,s47766,2019-05
鹿川,広島県,67511,s47766,2019-06
鹿川,広島県,67511,s47766,2019-07
鹿川,広島県,67511,s47766,2019-08
鹿川,広島県,67511,s47766,2019-09
鹿川,広島県,67511,s47766,2019-10
鹿川,広島県,67511,s47766,2019-11
鹿川,広島県,67511,s47766,2019-12
鹿川,広島県,67511,s47766,2020-01
鹿川,広島県,67511,s47766,2020-02
鹿川,広島県,67511,s47766,2020-03
鹿川,広島県,67511,s47766,2020-04
鹿川,広島県,67511,s47766,2020-05
鹿川,広島県,67511,s47766,2020-06
鹿川,広島県,67511,s47766,2020-07
鹿川,広島県,67511,s47766,2020-08
鹿川,広島県,67511,s47766,2020-09
鹿川,広島県,67511,s47766,2020-10
鹿川,広島県,67511,s47766,2020-11
鹿川,広島県,67511,s47766,2020-12
鹿川,広島県,67511,s47766,2021-01
鹿川,広島県,67511,s47766,2021-02
鹿川,広島県,67511,s47766,2021-03
鹿川,広島県,67511,s47766,2021-04
鹿川,広島県,67511,s47766,2021-05
鹿川,広島県,67511,s47766,2021-06
鹿川,広島県,67511,s47766,2021-07
鹿川,広島県,67511,s47766,2021-08
鹿川,広島県,67511,s47766,2021-09
鹿川,広島県,67511,s47766,2021-10
鹿川,広島県,67511,s47766,2021-11
鹿川,広島県,67511,s47766,2021-12
鹿川,広島県,67511,s47766,2022-01
鹿川,広島県,67511,s47766,2022-02
鹿川,広島県,67511,s47766,2022-03
鹿川,広島県,67511,s47766,2022-04
鹿川,広島県,67511,s47766,2022-05
鹿川,広島県,67511,s47766,2022-06
鹿川,広島県,67511,s47766,2022-07
鹿川,広島県,67511,s47766,2022-08
鹿川,広島県,67511,s47766,2022-09
鹿川,広島県,67511,s47766,2022-10
鹿川,広島県,67511,s47766,2022-11
鹿川,広島県,67511,s47766,2022-12
鹿川,広島県,67511,s47766,2023-01
鹿川,広島県,67511,s47766,2023-02
鹿川,広島県,67511,s47766,2023-03
鹿川,広島県,67511,s47766,2023-04
鹿川,広島県,67511,s47766,2023-05
鹿川,広島県,67511,s47766,2023-06
鹿川,広島県,67511,s47766,2023-07
鹿川,広島県,67511,s47766,2023-08
鹿川,広島県,67511,s47766,2023-09
鹿川,広島県,67511,s47766,2023-10
鹿川,広島県,67511,s47766,2023-11
鹿川,広島県,67511,s47766,2023-12
鹿川,広島県,67511,s47766,2024-01
鹿川,広島県,67511,s47766,2024-02
鹿川,広島県,67511,s47766,2024-03
鹿川,広島県,67511,s47766,2024-04
鹿川,広島県,67511,s47766,2024-05
鹿川,広島県,67511,s47766,2024-06
鹿川,広島県,67511,s47766,2024-07
鹿川,広島県,67511,s47766,2024-08
鹿川,広島県,67511,s47766,2024-09
鹿川,広島県,67511,s47766,2024-10
鹿川,広島県,67511,s47766,2024-11
鹿川,広島県,67511,s47766,2024-12
