airport_id,airport_seq_id,origin_code,first_flight_date,last_flight_date,months_present,identity_rows,cancelled_rows,diverted_rows,duplicate_rows,status_unknown_rows,dep_delay_nonblank_rows,dep_delay_blank_rows,master_airport_id,master_airport_code,master_start_date,master_thru_date,master_time_valid,utc_local_time_variation,latitude,longitude,noaa_station_id,noaa_station_name,distance_km,mapping_status
10135,1013506,ABE,2025-01-01,2025-06-30,1|2|3|4|5|6,2337,42,14,0,0,2296,41,10135,ABE,12/1/2019 12:00:00 AM,6/30/2025 12:00:00 AM,True,-0500,40.65250000,-75.44027778,USW00014737,ALLENTOWN LEHIGH VLY INTL AP           72517,0.706857,PASS
10135,1013507,ABE,2025-07-01,2025-12-31,7|8|9|10|11|12,2537,30,13,0,0,2507,30,10135,ABE,7/1/2025 12:00:00 AM,,True,-0500,40.65166667,-75.44277778,USW00014737,ALLENTOWN LEHIGH VLY INTL AP           72517,0.476798,PASS
10136,1013603,ABI,2025-01-01,2025-06-30,1|2|3|4|5|6,876,25,0,0,0,852,24,10136,ABI,7/1/2011 12:00:00 AM,6/30/2025 12:00:00 AM,True,-0600,32.41138889,-99.68194444,USW00013962,ABILENE RGNL AP                        72266,0.087820,PASS
10136,1013604,ABI,2025-07-01,2025-12-31,7|8|9|10|11|12,885,16,2,0,0,870,15,10136,ABI,7/1/2025 12:00:00 AM,,True,-0600,32.40833333,-99.68250000,USW00013962,ABILENE RGNL AP                        72266,0.258260,PASS
10140,1014005,ABQ,2025-01-01,2025-06-30,1|2|3|4|5|6,12686,134,34,0,0,12554,132,10140,ABQ,12/1/2017 12:00:00 AM,6/30/2025 12:00:00 AM,True,-0700,35.03888889,-106.60833333,USW00023050,ALBUQUERQUE INTL AP                    72365,0.741465,PASS
10140,1014006,ABQ,2025-07-01,2025-12-31,7|8|9|10|11|12,13676,114,37,0,0,13568,108,10140,ABQ,7/1/2025 12:00:00 AM,,True,-0700,35.03805556,-106.61000000,USW00023050,ALBUQUERQUE INTL AP                    72365,0.665333,PASS
10141,1014106,ABR,2025-01-01,2025-06-30,1|2|3|4|5|6,361,1,0,0,0,360,1,10141,ABR,12/1/2017 12:00:00 AM,6/30/2025 12:00:00 AM,True,-0600,45.44666667,-98.42250000,USW00014929,ABERDEEN                               72659,1.243553,PASS
10141,1014107,ABR,2025-07-01,2025-12-31,7|8|9|10|11|12,393,5,0,0,0,388,5,10141,ABR,7/1/2025 12:00:00 AM,,True,-0600,45.44666667,-98.42305556,USW00014929,ABERDEEN                               72659,1.269055,PASS
10146,1014602,ABY,2025-01-01,2025-12-31,1|2|3|4|5|6|7|8|9|10|11|12,1021,19,1,0,0,1002,19,10146,ABY,7/1/2011 12:00:00 AM,,True,-0500,31.53555556,-84.19444444,USW00013869,ALBANY SW GEORGIA RGNL AP              72216,0.159127,PASS
10154,1015406,ACK,2025-05-15,2025-10-20,5|6|7|8|9|10,1761,83,3,0,0,1684,77,10154,ACK,5/1/2023 12:00:00 AM,,True,-0500,41.25333333,-70.06055556,USW00014756,NANTUCKET MEM AP                            ,0.168645,PASS
10155,1015502,ACT,2025-01-01,2025-06-30,1|2|3|4|5|6,543,30,1,0,0,513,30,10155,ACT,7/1/2011 12:00:00 AM,6/30/2025 12:00:00 AM,True,-0600,31.61222222,-97.23027778,USW00013959,WACO RGNL AP                           72256,0.679883,PASS
10155,1015503,ACT,2025-07-01,2025-12-31,7|8|9|10|11|12,547,20,0,0,0,527,20,10155,ACT,7/1/2025 12:00:00 AM,,True,-0600,31.60416667,-97.22972222,USC00419417,WACO DAM                                    ,1.288205,PASS
10157,1015706,ACV,2025-01-01,2025-12-31,1|2|3|4|5|6|7|8|9|10|11|12,1985,19,9,0,0,1966,19,10157,ACV,12/1/2017 12:00:00 AM,,True,-0800,40.97777778,-124.10833333,USW00024283,ARCATA EUREKA AP                            ,0.310489,PASS
10158,1015804,ACY,2025-01-01,2025-06-30,1|2|3|4|5|6,1218,9,1,0,0,1209,9,10158,ACY,7/1/2011 12:00:00 AM,6/30/2025 12:00:00 AM,True,-0500,39.45750000,-74.57722222,USW00013753,ATLANTIC CITY NAS                           ,0.983766,PASS
10158,1015805,ACY,2025-07-01,2025-12-31,7|8|9|10|11|12,1453,14,4,0,0,1439,14,10158,ACY,7/1/2025 12:00:00 AM,,True,-0500,39.45916667,-74.57861111,USW00013753,ATLANTIC CITY NAS                           ,1.095908,PASS
10165,1016506,ADK,2025-01-01,2025-12-31,1|2|3|4|5|6|7|8|9|10|11|12,105,8,0,0,0,97,8,10165,ADK,12/1/2017 12:00:00 AM,,True,-1000,51.88361111,-176.64250000,,,0.515936,AMBIGUOUS_TIE
10170,1017004,ADQ,2025-01-02,2025-12-31,1|2|3|4|5|6|7|8|9|10|11|12,864,32,0,0,0,833,31,10170,ADQ,12/1/2017 12:00:00 AM,,True,-0900,57.74972222,-152.49388889,USW00025501,KODIAK AP                              70350,0.363790,PASS
10185,1018502,AEX,2025-01-01,2025-06-30,1|2|3|4|5|6,1065,41,2,0,0,1024,41,10185,AEX,1/1/2003 12:00:00 AM,6/30/2025 12:00:00 AM,True,-0600,31.32750000,-92.54861111,USW00013934,ENGLAND AFB                            74754,1.208132,PASS
10185,1018503,AEX,2025-07-01,2025-12-31,7|8|9|10|11|12,1074,30,2,0,0,1044,30,10185,AEX,7/1/2025 12:00:00 AM,,True,-0600,31.32333333,-92.54694444,USW00013934,ENGLAND AFB                            74754,0.792648,PASS
10208,1020803,AGS,2025-01-01,2025-12-31,1|2|3|4|5|6|7|8|9|10|11|12,5448,121,5,0,0,5329,119,10208,AGS,7/1/2011 12:00:00 AM,,True,-0500,33.37000000,-81.96444444,USW00003820,AUGUSTA BUSH FLD AP                    72218,0.528468,PASS
10245,1024502,AKN,2025-01-02,2025-06-30,1|2|3|4|5|6,188,2,0,0,0,186,2,10245,AKN,7/1/2011 12:00:00 AM,6/30/2025 12:00:00 AM,True,-0900,58.67638889,-156.64861111,USW00025503,KING SALMON                            70326,1.159869,PASS
10245,1024503,AKN,2025-07-01,2025-12-31,7|8|9|10|11|12,285,7,0,0,0,278,7,10245,AKN,7/1/2025 12:00:00 AM,,True,-0900,58.67805556,-156.65194444,USW00025503,KING SALMON                            70326,1.311689,PASS
10257,1025702,ALB,2025-01-01,2025-06-30,1|2|3|4|5|6,8252,171,28,0,0,8084,168,10257,ALB,7/1/2011 12:00:00 AM,6/30/2025 12:00:00 AM,True,-0500,42.74916667,-73.80194444,USW00014735,ALBANY INTL AP                         72518,0.313118,PASS
10257,1025703,ALB,2025-07-01,2025-12-31,7|8|9|10|11|12,8522,135,29,0,0,8395,127,10257,ALB,7/1/2025 12:00:00 AM,,True,-0500,42.74916667,-73.80472222,USW00014735,ALBANY INTL AP                         72518,0.501150,PASS
10268,1026803,ALO,2025-01-01,2025-06-30,1|2|3|4|5|6,338,5,1,0,0,333,5,10268,ALO,10/1/2022 12:00:00 AM,6/30/2025 12:00:00 AM,True,-0600,42.55833333,-92.40111111,USW00094910,WATERLOO MUNI AP                       72548,0.438007,PASS
10268,1026804,ALO,2025-07-01,2025-12-31,7|8|9|10|11|12,339,9,1,0,0,330,9,10268,ALO,7/1/2025 12:00:00 AM,,True,-0600,42.56055556,-92.40250000,USW00094910,WATERLOO MUNI AP                       72548,0.690372,PASS
10275,1027506,ALW,2025-01-01,2025-12-31,1|2|3|4|5|6|7|8|9|10|11|12,728,20,1,0,0,708,20,10275,ALW,4/1/2019 12:00:00 AM,,True,-0800,46.09250000,-118.28416667,USW00024160,WALLA WALLA RGNL AP                         ,0.245965,PASS
10279,1027903,AMA,2025-01-01,2025-06-30,1|2|3|4|5|6,2944,85,8,0,0,2863,81,10279,AMA,7/1/2011 12:00:00 AM,6/30/2025 12:00:00 AM,True,-0600,35.21944444,-101.70583333,USC00410213,AMARILLO 7ENE                               ,1.505342,PASS
10279,1027904,AMA,2025-07-01,2025-12-31,7|8|9|10|11|12,3078,30,15,0,0,3048,30,10279,AMA,7/1/2025 12:00:00 AM,,True,-0600,35.23166667,-101.69916667,USC00410213,AMARILLO 7ENE                               ,0.918507,PASS
10299,1029906,ANC,2025-01-01,2025-12-31,1|2|3|4|5|6|7|8|9|10|11|12,22725,331,46,0,0,22460,265,10299,ANC,12/1/2017 12:00:00 AM,,True,-0900,61.17416667,-149.99805556,USW00026451,ANCHORAGE TED STEVENS INTL AP          70273,1.687718,PASS
10333,1033302,APN,2025-01-01,2025-12-31,1|2|3|4|5|6|7|8|9|10|11|12,628,26,0,0,0,602,26,10333,APN,7/1/2011 12:00:00 AM,,True,-0500,45.07805556,-83.56027778,USW00094849,ALPENA CO RGNL AP                      72639,0.777311,PASS
10361,1036105,ART,2025-01-01,2025-12-31,1|2|3|4|5|6|7|8|9|10|11|12,720,15,6,0,0,705,15,10361,ART,12/1/2017 12:00:00 AM,,True,-0500,43.99194444,-76.01944444,USW00094790,WATERTOWN AP                                ,0.649459,PASS
10372,1037205,ASE,2025-01-01,2025-12-31,1|2|3|4|5|6|7|8|9|10|11|12,7685,443,35,0,0,7242,443,10372,ASE,12/1/2017 12:00:00 AM,,True,-0700,39.22194444,-106.86833333,USW00093073,ASPEN PITKIN CO AP SARDY FLD                ,0.916771,PASS
10397,1039707,ATL,2025-01-01,2025-06-30,1|2|3|4|5|6,172220,2927,487,0,0,169432,2788,10397,ATL,12/1/2017 12:00:00 AM,6/30/2025 12:00:00 AM,True,-0500,33.63666667,-84.42777778,USW00013874,ATLANTA HARTSFIELD-JACKSON INT         72219,1.543672,PASS
10397,1039708,ATL,2025-07-01,2025-12-31,7|8|9|10|11|12,176806,2225,465,0,0,174639,2167,10397,ATL,7/1/2025 12:00:00 AM,,True,-0500,33.63666667,-84.42805556,USW00013874,ATLANTA HARTSFIELD-JACKSON INT         72219,1.521482,PASS
10408,1040805,ATW,2025-01-01,2025-12-31,1|2|3|4|5|6|7|8|9|10|11|12,8328,102,13,0,0,8230,98,10408,ATW,12/1/2017 12:00:00 AM,,True,-0600,44.25805556,-88.51916667,USW00004825,APPLETON OUTAGAMIE AP                       ,0.981084,PASS
10409,1040903,ATY,2025-08-01,2025-12-31,8|9|10|11|12,304,1,0,0,0,303,1,10409,ATY,7/1/2011 12:00:00 AM,,True,-0600,44.91388889,-97.15472222,USW00014946,WATERTOWN RGNL AP                           ,1.135317,PASS
10423,1042302,AUS,2025-01-01,2025-12-31,1|2|3|4|5|6|7|8|9|10|11|12,87796,846,196,0,0,86983,813,10423,AUS,6/1/1999 12:00:00 AM,,True,-0600,30.19444444,-97.67000000,USW00013904,AUSTIN BERGSTROM INTL AP               74745,1.585887,PASS
10431,1043106,AVL,2025-01-01,2025-12-31,1|2|3|4|5|6|7|8|9|10|11|12,13059,258,42,0,0,12805,254,10431,AVL,10/1/2022 12:00:00 AM,,True,-0500,35.43611111,-82.54194444,USW00003812,ASHEVILLE AP                           72315,0.617717,PASS
10434,1043405,AVP,2025-01-01,2025-06-30,1|2|3|4|5|6,1608,26,6,0,0,1582,26,10434,AVP,12/1/2017 12:00:00 AM,6/30/2025 12:00:00 AM,True,-0500,41.33833333,-75.72333333,USW00014777,WILKES-BARRE/SCRANTON INTL AP          72513,0.528203,PASS
10434,1043406,AVP,2025-07-01,2025-12-31,7|8|9|10|11|12,1631,39,5,0,0,1593,38,10434,AVP,7/1/2025 12:00:00 AM,,True,-0500,41.34027778,-75.72166667,USW00014777,WILKES-BARRE/SCRANTON INTL AP          72513,0.748541,PASS
10466,1046602,AZA,2025-01-01,2025-06-30,1|2|3|4|5|6,3573,6,8,0,0,3568,5,10466,AZA,1/1/2008 12:00:00 AM,6/30/2025 12:00:00 AM,True,-0700,33.30777778,-111.65555556,USW00023104,PHOENIX                                     ,2.463644,PASS
10466,1046603,AZA,2025-07-01,2025-12-31,7|8|9|10|11|12,2948,8,11,0,0,2940,8,10466,AZA,7/1/2025 12:00:00 AM,,True,-0700,33.30777778,-111.65527778,USW00023104,PHOENIX                                     ,2.477806,PASS
10469,1046902,AZO,2025-01-01,2025-06-30,1|2|3|4|5|6,947,14,0,0,0,934,13,10469,AZO,7/1/2011 12:00:00 AM,6/30/2025 12:00:00 AM,True,-0500,42.23444444,-85.55166667,USW00094815,KALAMAZOO BATTLE CREEK INTL AP              ,0.822717,PASS
10469,1046903,AZO,2025-07-01,2025-12-31,7|8|9|10|11|12,1038,34,0,0,0,1004,34,10469,AZO,7/1/2025 12:00:00 AM,,True,-0500,42.23583333,-85.55388889,USW00094815,KALAMAZOO BATTLE CREEK INTL AP              ,1.054952,PASS
10529,1052907,BDL,2025-01-01,2025-12-31,1|2|3|4|5|6|7|8|9|10|11|12,24445,374,107,0,0,24081,364,10529,BDL,10/1/2022 12:00:00 AM,,True,-0500,41.93916667,-72.68444444,USW00014740,HARTFORD-BRADLEY INTL AP               72508,0.280427,PASS
10551,1055102,BET,2025-01-02,2025-12-31,1|2|3|4|5|6|7|8|9|10|11|12,878,34,0,0,0,845,33,10551,BET,7/1/2011 12:00:00 AM,,True,-0900,60.77861111,-161.83722222,USW00026615,BETHEL AP                              70219,0.827619,PASS
10558,1055803,BFF,2025-01-01,2025-06-30,1|2|3|4|5|6,311,10,0,0,0,301,10,10558,BFF,7/1/2011 12:00:00 AM,6/30/2025 12:00:00 AM,True,-0700,41.87416667,-103.59555556,USW00024028,SCOTTSBLUFF W B HEILIG FLD AP          72566,0.462877,PASS
10558,1055804,BFF,2025-07-01,2025-12-31,7|8|9|10|11|12,315,5,1,0,0,310,5,10558,BFF,7/1/2025 12:00:00 AM,,True,-0700,41.87416667,-103.59555556,USW00024028,SCOTTSBLUFF W B HEILIG FLD AP          72566,0.462877,PASS
10561,1056103,BFL,2025-01-01,2025-06-30,1|2|3|4|5|6,1556,2,4,0,0,1554,2,10561,BFL,7/1/2011 12:00:00 AM,6/30/2025 12:00:00 AM,True,-0800,35.43388889,-119.05777778,USW00023155,BAKERSFIELD AP                         72384,0.227137,PASS
10561,1056104,BFL,2025-07-01,2025-12-31,7|8|9|10|11|12,1498,17,6,0,0,1481,17,10561,BFL,7/1/2025 12:00:00 AM,,True,-0800,35.43361111,-119.05750000,USW00023155,BAKERSFIELD AP                         72384,0.209801,PASS
10577,1057705,BGM,2025-01-01,2025-12-31,1|2|3|4|5|6|7|8|9|10|11|12,363,6,1,0,0,358,5,10577,BGM,12/1/2017 12:00:00 AM,,True,-0500,42.20833333,-75.97972222,USW00004725,BINGHAMTON                             72515,1.043877,PASS
10581,1058102,BGR,2025-01-01,2025-12-31,1|2|3|4|5|6|7|8|9|10|11|12,5707,190,15,0,0,5529,178,10581,BGR,7/1/2011 12:00:00 AM,,True,-0500,44.80750000,-68.82805556,USW00014601,DOW AFB                                     ,1.223985,PASS
10599,1059904,BHM,2025-01-01,2025-12-31,1|2|3|4|5|6|7|8|9|10|11|12,20847,428,68,0,0,20429,418,10599,BHM,7/1/2011 12:00:00 AM,,True,-0600,33.56388889,-86.75222222,USW00013876,BIRMINGHAM AP                          72228,0.695696,PASS
10617,1061705,BIH,2025-01-01,2025-12-31,1|2|3|4|6|7|8|9|10|12,299,1,1,0,0,298,1,10617,BIH,12/1/2017 12:00:00 AM,,True,-0800,37.37305556,-118.36361111,USW00023157,BISHOP AP                              72480,0.469679,PASS
10620,1062003,BIL,2025-01-01,2025-12-31,1|2|3|4|5|6|7|8|9|10|11|12,6095,52,26,0,0,6048,47,10620,BIL,12/1/2017 12:00:00 AM,,True,-0700,45.80777778,-108.54361111,USW00024033,BILLINGS INTL AP                       72677,0.203333,PASS
10627,1062702,BIS,2025-01-01,2025-06-30,1|2|3|4|5|6,2286,20,14,0,0,2266,20,10627,BIS,7/1/2011 12:00:00 AM,6/30/2025 12:00:00 AM,True,-0600,46.77277778,-100.74583333,USW00094071,BISMARCK MUNI AP                            ,0.746616,PASS
10627,1062703,BIS,2025-07-01,2025-12-31,7|8|9|10|11|12,2391,15,15,0,0,2376,15,10627,BIS,7/1/2025 12:00:00 AM,,True,-0600,46.76861111,-100.74138889,USW00094071,BISMARCK MUNI AP                            ,0.689425,PASS
10631,1063104,BJI,2025-01-01,2025-12-31,1|2|3|4|5|6|7|8|9|10|11|12,728,5,0,0,0,723,5,10631,BJI,7/1/2011 12:00:00 AM,,True,-0600,47.51083333,-94.93472222,USW00014958,BEMIDJI MUNI AP                        72755,1.209341,PASS
10666,1066602,BLI,2025-01-01,2025-12-31,1|2|3|4|5|6|7|8|9|10|11|12,2437,31,3,0,0,2406,31,10666,BLI,7/1/2011 12:00:00 AM,,True,-0800,48.79277778,-122.53750000,USW00024217,BELLINGHAM INTL AP                          ,0.749352,PASS
10676,1067603,BLV,2025-01-01,2025-12-31,1|2|3|4|5|6|7|8|9|10|11|12,1360,8,4,0,0,1352,8,10676,BLV,10/1/2022 12:00:00 AM,,True,-0600,38.54527778,-89.83527778,USW00013802,BELLEVILLE SCOTT AFB                        ,1.383805,PASS
10685,1068503,BMI,2025-01-01,2025-06-30,1|2|3|4|5|6,1259,20,1,0,0,1240,19,10685,BMI,7/1/2019 12:00:00 AM,6/30/2025 12:00:00 AM,True,-0600,40.47722222,-88.91583333,USW00054831,BLOOMINGTON NORMAL AP                       ,2.967732,PASS
10685,1068504,BMI,2025-07-01,2025-12-31,7|8|9|10|11|12,1266,25,7,0,0,1243,23,10685,BMI,7/1/2025 12:00:00 AM,,True,-0600,40.47777778,-88.91027778,USW00054831,BLOOMINGTON NORMAL AP                       ,3.415277,PASS
10693,1069302,BNA,2025-01-01,2025-06-30,1|2|3|4|5|6,51900,859,126,0,0,51057,843,10693,BNA,7/1/2011 12:00:00 AM,6/30/2025 12:00:00 AM,True,-0600,36.12444444,-86.67805556,USW00013897,NASHVILLE INTL AP                      72327,1.784345,PASS
10693,1069303,BNA,2025-07-01,2025-12-31,7|8|9|10|11|12,56409,573,144,0,0,55849,560,10693,BNA,7/1/2025 12:00:00 AM,,True,-0600,36.12388889,-86.67777778,USW00013897,NASHVILLE INTL AP                      72327,1.744466,PASS
10713,1071302,BOI,2025-01-01,2025-12-31,1|2|3|4|5|6|7|8|9|10|11|12,29019,151,57,0,0,28872,147,10713,BOI,7/1/2011 12:00:00 AM,,True,-0700,43.56444444,-116.22277778,USW00024131,BOISE AIR TERMINAL                     72681,1.461671,PASS
10721,1072102,BOS,2025-01-01,2025-06-30,1|2|3|4|5|6,71243,897,171,0,0,70398,845,10721,BOS,7/1/2011 12:00:00 AM,6/30/2025 12:00:00 AM,True,-0500,42.36305556,-71.00638889,USW00014739,BOSTON                                 72509,0.385441,PASS
10721,1072103,BOS,2025-07-01,2025-12-31,7|8|9|10|11|12,72952,1513,203,0,0,71486,1466,10721,BOS,7/1/2025 12:00:00 AM,,True,-0500,42.36305556,-71.00694444,USW00014739,BOSTON                                 72509,0.354701,PASS
10728,1072805,BPT,2025-01-01,2025-06-30,1|2|3|4|5|6,362,22,2,0,0,340,22,10728,BPT,5/1/2023 12:00:00 AM,6/30/2025 12:00:00 AM,True,-0600,29.95083333,-94.02083333,USW00012917,PORT ARTHUR SE TX RGNL AP              72241,0.521095,PASS
10728,1072806,BPT,2025-07-01,2025-12-31,7|8|9|10|11|12,365,8,0,0,0,357,8,10728,BPT,7/1/2025 12:00:00 AM,,True,-0600,29.95333333,-94.02416667,USW00012917,PORT ARTHUR SE TX RGNL AP              72241,0.245145,PASS
10731,1073103,BQK,2025-01-01,2025-12-31,1|2|3|4|5|6|7|8|9|10|11|12,1061,18,3,0,0,1044,17,10731,BQK,7/1/2011 12:00:00 AM,,True,-0500,31.25916667,-81.46638889,USW00053883,BRUNSWICK GLYNCO AP                         ,0.040414,PASS
10732,1073203,BQN,2025-01-01,2025-12-31,1|2|3|4|5|6|7|8|9|10|11|12,2297,30,17,0,0,2268,29,10732,BQN,7/1/2011 12:00:00 AM,,True,-0400,18.49472222,-67.12944444,USC00660984,BOTIJAS 1 - OROCOVIS                        ,86.116487,OVER_10KM
10739,1073907,BRD,2025-01-01,2025-12-31,1|2|3|4|5|6|7|8|9|10|11|12,629,6,0,0,0,623,6,10739,BRD,12/1/2017 12:00:00 AM,,True,-0600,46.40416667,-94.13361111,USW00094938,BRAINERD CROW WING CO AP                    ,0.552438,PASS
10747,1074706,BRO,2025-01-01,2025-06-30,1|2|3|4|5|6,1675,72,3,0,0,1605,70,10747,BRO,10/1/2018 12:00:00 AM,6/30/2025 12:00:00 AM,True,-0600,25.90611111,-97.42611111,USI0000KBRO,BROWNSVILLE SOUTH PADRE ISLAND              ,0.079458,PASS
10747,1074707,BRO,2025-07-01,2025-12-31,7|8|9|10|11|12,1463,24,2,0,0,1439,24,10747,BRO,7/1/2025 12:00:00 AM,,True,-0600,25.91083333,-97.42916667,USI0000KBRO,BROWNSVILLE SOUTH PADRE ISLAND              ,0.554880,PASS
10754,1075405,BRW,2025-01-02,2025-12-31,1|2|3|4|5|6|7|8|9|10|11|12,412,18,0,0,0,394,18,10754,BRW,12/1/2017 12:00:00 AM,,True,-0900,71.28472222,-156.76861111,USW00027502,BARROW AP                              70026,1.069920,PASS
10779,1077902,BTM,2025-01-01,2025-06-30,1|2|3|4|5|6,343,4,2,0,0,339,4,10779,BTM,7/1/2011 12:00:00 AM,6/30/2025 12:00:00 AM,True,-0700,45.95472222,-112.49750000,USW00024135,BUTTE BERT MOONEY AP                   72774,1.117551,PASS
10779,1077903,BTM,2025-07-01,2025-12-31,7|8|9|10|11|12,365,1,0,0,0,364,1,10779,BTM,7/1/2025 12:00:00 AM,,True,-0700,45.95111111,-112.49555556,USW00024135,BUTTE BERT MOONEY AP                   72774,1.545181,PASS
10781,1078105,BTR,2025-01-01,2025-12-31,1|2|3|4|5|6|7|8|9|10|11|12,7016,198,15,0,0,6825,191,10781,BTR,12/1/2017 12:00:00 AM,,True,-0600,30.53305556,-91.15000000,USW00013970,BATON ROUGE METRO AP                   72232,0.605365,PASS
10785,1078502,BTV,2025-01-01,2025-06-30,1|2|3|4|5|6,4515,147,12,0,0,4373,142,10785,BTV,7/1/2011 12:00:00 AM,6/30/2025 12:00:00 AM,True,-0500,44.47194444,-73.15333333,USW00014742,BURLINGTON INTL AP                     72617,0.483925,PASS
10785,1078503,BTV,2025-07-01,2025-12-31,7|8|9|10|11|12,4873,136,19,0,0,4738,135,10785,BTV,7/1/2025 12:00:00 AM,,True,-0500,44.47194444,-73.15333333,USW00014742,BURLINGTON INTL AP                     72617,0.483925,PASS
10792,1079206,BUF,2025-01-01,2025-12-31,1|2|3|4|5|6|7|8|9|10|11|12,26117,619,50,0,0,25514,603,10792,BUF,12/1/2017 12:00:00 AM,,True,-0500,42.94055556,-78.73055556,USW00014733,BUFFALO                                72528,1.054068,PASS
10800,1080003,BUR,2025-01-01,2025-12-31,1|2|3|4|5|6|7|8|9|10|11|12,31283,430,65,0,0,30866,417,10800,BUR,7/1/2011 12:00:00 AM,,True,-0800,34.20055556,-118.35861111,USW00023152,BURBANK GLENDALE PASADENA AP           72288,0.649751,PASS
10821,1082106,BWI,2025-01-01,2025-12-31,1|2|3|4|5|6|7|8|9|10|11|12,96282,1295,200,0,0,95017,1265,10821,BWI,12/1/2017 12:00:00 AM,,True,-0500,39.17583333,-76.66888889,USW00093721,BALTIMORE-WASHINGTON INTL AP           72406,1.349562,PASS
10849,1084907,BZN,2025-01-01,2025-12-31,1|2|3|4|5|6|7|8|9|10|11|12,12439,100,45,0,0,12348,91,10849,BZN,11/1/2019 12:00:00 AM,,True,-0700,45.77722222,-111.15027778,USW00024132,BOZEMAN GALLATIN FLD AP                     ,1.431767,PASS
10868,1086803,CAE,2025-01-01,2025-12-31,1|2|3|4|5|6|7|8|9|10|11|12,11018,284,30,0,0,10738,280,10868,CAE,7/1/2011 12:00:00 AM,,True,-0500,33.93888889,-81.11944444,USW00013883,COLUMBIA                               72310,1.084976,PASS
10874,1087402,CAK,2025-01-01,2025-06-30,1|2|3|4|5|6,1986,29,2,0,0,1957,29,10874,CAK,7/1/2011 12:00:00 AM,6/30/2025 12:00:00 AM,True,-0500,40.91500000,-81.44361111,USW00014895,AKRON CANTON AP                        72521,0.345695,PASS
10874,1087403,CAK,2025-07-01,2025-12-31,7|8|9|10|11|12,2248,39,7,0,0,2211,37,10874,CAK,7/1/2025 12:00:00 AM,,True,-0500,40.91666667,-81.44083333,USW00014895,AKRON CANTON AP                        72521,0.261456,PASS
10918,1091802,CDC,2025-01-01,2025-06-30,1|2|3|4|5|6,311,0,0,0,0,311,0,10918,CDC,7/1/2011 12:00:00 AM,6/30/2025 12:00:00 AM,True,-0700,37.70083333,-113.09888889,USW00093129,CEDAR CITY AP                               ,0.675403,PASS
10918,1091803,CDC,2025-07-01,2025-12-31,7|8|9|10|11|12,317,3,0,0,0,314,3,10918,CDC,7/1/2025 12:00:00 AM,,True,-0700,37.70194444,-113.09805556,USW00093129,CEDAR CITY AP                               ,0.538478,PASS
10926,1092603,CDV,2025-01-02,2025-12-31,1|2|3|4|5|6|7|8|9|10|11|12,724,13,5,0,0,711,13,10926,CDV,7/1/2011 12:00:00 AM,,True,-0900,60.49166667,-145.47750000,USW00026410,CORDOVA AP                             70296,1.915768,PASS
10980,1098002,CHA,2025-01-01,2025-06-30,1|2|3|4|5|6,4841,122,11,0,0,4721,120,10980,CHA,7/1/2011 12:00:00 AM,6/30/2025 12:00:00 AM,True,-0500,35.03527778,-85.20361111,USW00013882,CHATTANOOGA AP                         72324,0.354525,PASS
10980,1098003,CHA,2025-07-01,2025-12-31,7|8|9|10|11|12,5583,75,12,0,0,5509,74,10980,CHA,7/1/2025 12:00:00 AM,,True,-0500,35.03777778,-85.20194444,USW00013882,CHATTANOOGA AP                         72324,0.488079,PASS
10990,1099005,CHO,2025-01-01,2025-12-31,1|2|3|4|5|6|7|8|9|10|11|12,7136,160,26,0,0,6982,154,10990,CHO,12/1/2017 12:00:00 AM,,True,-0500,38.13972222,-78.45222222,USW00093736,CHARLOTTESVILLE ALBEMARLE AP                ,0.346521,PASS
10994,1099402,CHS,2025-01-01,2025-12-31,1|2|3|4|5|6|7|8|9|10|11|12,27416,620,77,0,0,26812,604,10994,CHS,7/1/2011 12:00:00 AM,,True,-0500,32.89861111,-80.04055556,USW00013758,CHARLESTON NAS                              ,0.004329,PASS
11003,1100303,CID,2025-01-01,2025-12-31,1|2|3|4|5|6|7|8|9|10|11|12,9475,208,21,0,0,9275,200,11003,CID,7/1/2011 12:00:00 AM,,True,-0600,41.88472222,-91.71083333,USW00014990,CEDAR RAPIDS MUNI AP                   72545,1.162033,PASS
11013,1101303,CIU,2025-01-01,2025-06-30,1|2|3|4|5|6,408,5,0,0,0,403,5,11013,CIU,7/1/2011 12:00:00 AM,6/30/2025 12:00:00 AM,True,-0500,46.25083333,-84.47250000,,,0.455500,AMBIGUOUS_TIE
11013,1101304,CIU,2025-07-01,2025-12-31,7|8|9|10|11|12,456,6,4,0,0,450,6,11013,CIU,7/1/2025 12:00:00 AM,,True,-0500,46.25500000,-84.47694444,,,0.964138,AMBIGUOUS_TIE
11027,1102705,CKB,2025-01-02,2025-12-30,1|2|3|4|5|6|7|8|9|10|11|12,205,5,1,0,0,200,5,11027,CKB,12/1/2017 12:00:00 AM,,True,-0500,39.29777778,-80.22750000,USW00003802,CLARKSBURG BENEDUM AP                       ,0.581167,PASS
11041,1104103,CLD,2025-02-13,2025-12-31,2|3|4|5|6|7|8|9|10|11|12,640,2,1,0,0,638,2,11041,CLD,7/1/2011 12:00:00 AM,,True,-0800,33.12833333,-117.28000000,USW00003177,CARLSBAD MCCLELLAN PALOMAR AP               ,0.383046,PASS
11042,1104205,CLE,2025-01-01,2025-06-30,1|2|3|4|5|6,22343,379,48,0,0,21977,366,11042,CLE,12/1/2017 12:00:00 AM,6/30/2025 12:00:00 AM,True,-0500,41.40944444,-81.85472222,USW00014820,CLEVELAND                              72524,0.614426,PASS
11042,1104206,CLE,2025-07-01,2025-12-31,7|8|9|10|11|12,22764,498,43,0,0,22277,487,11042,CLE,7/1/2025 12:00:00 AM,,True,-0500,41.41027778,-81.85333333,USW00014820,CLEVELAND                              72524,0.649632,PASS
11049,1104903,CLL,2025-01-01,2025-06-30,1|2|3|4|5|6,543,28,0,0,0,515,28,11049,CLL,4/1/2019 12:00:00 AM,6/30/2025 12:00:00 AM,True,-0600,30.58805556,-96.36250000,USW00003904,COLLEGE STN EASTERWOOD FLD             74746,0.343364,PASS
11049,1104904,CLL,2025-07-01,2025-12-31,7|8|9|10|11|12,678,16,0,0,0,663,15,11049,CLL,7/1/2025 12:00:00 AM,,True,-0600,30.58805556,-96.36083333,USW00003904,COLLEGE STN EASTERWOOD FLD             74746,0.402088,PASS
11057,1105703,CLT,2025-01-01,2025-06-30,1|2|3|4|5|6,123124,2854,341,0,0,120369,2755,11057,CLT,7/1/2011 12:00:00 AM,6/30/2025 12:00:00 AM,True,-0500,35.21361111,-80.94916667,USW00013881,CHARLOTTE DOUGLAS AP                   72314,1.096790,PASS
11057,1105704,CLT,2025-07-01,2025-12-31,7|8|9|10|11|12,119524,1238,325,0,0,118340,1184,11057,CLT,7/1/2025 12:00:00 AM,,True,-0500,35.21305556,-80.95111111,USW00013881,CHARLOTTE DOUGLAS AP                   72314,1.091848,PASS
11066,1106606,CMH,2025-01-01,2025-12-31,1|2|3|4|5|6|7|8|9|10|11|12,46993,718,107,0,0,46305,688,11066,CMH,12/1/2017 12:00:00 AM,,True,-0500,39.99694444,-82.89222222,USW00014821,JOHN GLENN INTL AP                     72428,1.483719,PASS
11067,1106703,CMI,2025-01-01,2025-06-30,1|2|3|4|5|6,784,12,2,0,0,772,12,11067,CMI,10/1/2022 12:00:00 AM,6/30/2025 12:00:00 AM,True,-0600,40.03861111,-88.27666667,USW00094870,CHAMPAIGN URBANA WILLARD AP                 ,0.685567,PASS
11067,1106704,CMI,2025-07-01,2025-12-31,7|8|9|10|11|12,892,30,2,0,0,864,28,11067,CMI,7/1/2025 12:00:00 AM,,True,-0600,40.03833333,-88.27666667,USW00094870,CHAMPAIGN URBANA WILLARD AP                 ,0.654964,PASS
11076,1107603,CMX,2025-01-01,2025-06-30,1|2|3|4|5|6,366,18,1,0,0,348,18,11076,CMX,10/1/2022 12:00:00 AM,6/30/2025 12:00:00 AM,True,-0500,47.16777778,-88.48638889,USW00014858,HANCOCK HOUGHTON CO AP                 72744,0.476317,PASS
11076,1107604,CMX,2025-07-01,2025-12-31,7|8|9|10|11|12,429,17,2,0,0,412,17,11076,CMX,7/1/2025 12:00:00 AM,,True,-0500,47.16833333,-88.48916667,USW00014858,HANCOCK HOUGHTON CO AP                 72744,0.692391,PASS
11097,1109702,COD,2025-01-01,2025-12-31,1|2|3|4|5|6|7|8|9|10|11|12,930,21,12,0,0,909,21,11097,COD,7/1/2011 12:00:00 AM,,True,-0700,44.52027778,-109.02388889,USW00024045,CODY MUNI AP                           72670,0.695079,PASS
11109,1110902,COS,2025-01-01,2025-12-31,1|2|3|4|5|6|7|8|9|10|11|12,13817,188,40,0,0,13634,183,11109,COS,7/1/2011 12:00:00 AM,,True,-0700,38.80583333,-104.70083333,USW00093037,COLORADO SPRINGS MUNI AP               72466,1.131772,PASS
11111,1111106,COU,2025-01-01,2025-06-30,1|2|3|4|5|6,971,48,2,0,0,923,48,11111,COU,10/1/2022 12:00:00 AM,6/30/2025 12:00:00 AM,True,-0600,38.81777778,-92.21777778,USW00003945,COLUMBIA RGNL AP                       72445,0.283953,PASS
11111,1111107,COU,2025-07-01,2025-12-31,7|8|9|10|11|12,1524,44,6,0,0,1481,43,11111,COU,7/1/2025 12:00:00 AM,,True,-0600,38.82138889,-92.21555556,USW00003945,COLUMBIA RGNL AP                       72445,0.504616,PASS
11122,1112205,CPR,2025-01-01,2025-12-31,1|2|3|4|5|6|7|8|9|10|11|12,2398,21,11,0,0,2377,21,11122,CPR,12/1/2017 12:00:00 AM,,True,-0700,42.90583333,-106.46361111,USW00024089,CASPER-NATRONA CO AP                   72569,1.208266,PASS
11140,1114008,CRP,2025-01-01,2025-06-30,1|2|3|4|5|6,2935,81,7,0,0,2856,79,11140,CRP,12/1/2017 12:00:00 AM,6/30/2025 12:00:00 AM,True,-0600,27.77222222,-97.50250000,USW00012924,CORPUS CHRISTI                         72251,1.566139,PASS
11140,1114009,CRP,2025-07-01,2025-12-31,7|8|9|10|11|12,2957,37,5,0,0,2920,37,11140,CRP,7/1/2025 12:00:00 AM,,True,-0600,27.76111111,-97.49611111,USW00012924,CORPUS CHRISTI                         72251,2.946841,PASS
11146,1114608,CRW,2025-01-01,2025-12-31,1|2|3|4|5|6|7|8|9|10|11|12,3783,98,10,0,0,3687,96,11146,CRW,10/1/2022 12:00:00 AM,,True,-0500,38.37611111,-81.59277778,USW00013866,CHARLESTON - YEAGER AP                 72414,0.393868,PASS
11150,1115005,CSG,2025-01-01,2025-06-30,1|2|3|4|5|6,509,23,0,0,0,487,22,11150,CSG,12/1/2017 12:00:00 AM,6/30/2025 12:00:00 AM,True,-0500,32.51638889,-84.93888889,USW00093842,COLUMBUS METRO AP                           ,0.310465,PASS
11150,1115006,CSG,2025-07-01,2025-12-31,7|8|11|12,188,3,0,0,0,185,3,11150,CSG,7/1/2025 12:00:00 AM,,True,-0500,32.51388889,-84.94111111,USW00093842,COLUMBUS METRO AP                           ,0.297304,PASS
11193,1119302,CVG,2025-01-01,2025-12-31,1|2|3|4|5|6|7|8|9|10|11|12,43298,782,125,0,0,42540,758,11193,CVG,7/1/2011 12:00:00 AM,,True,-0500,39.04888889,-84.66777778,USW00093814,CINCINNATI/NORTHERN KENTUCKY I         72421,0.644550,PASS
11203,1120302,CWA,2025-01-01,2025-06-30,1|2|3|4|5|6,819,11,1,0,0,809,10,11203,CWA,7/1/2011 12:00:00 AM,6/30/2025 12:00:00 AM,True,-0600,44.77750000,-89.66666667,USW00094890,MOSINEE                                     ,0.644937,PASS
11203,1120303,CWA,2025-07-01,2025-12-31,7|8|9|10|11|12,892,21,0,0,0,874,18,11203,CWA,7/1/2025 12:00:00 AM,,True,-0600,44.78000000,-89.67527778,USW00094890,MOSINEE                                     ,0.770057,PASS
11233,1123302,CYS,2025-01-01,2025-06-30,1|2|3|4|5|6,358,5,0,0,0,353,5,11233,CYS,7/1/2011 12:00:00 AM,6/30/2025 12:00:00 AM,True,-0700,41.15555556,-104.81055556,USW00024018,CHEYENNE                               72564,0.551709,PASS
11233,1123303,CYS,2025-07-01,2025-12-31,7|8|9|10|11|12,378,3,1,0,0,375,3,11233,CYS,7/1/2025 12:00:00 AM,,True,-0700,41.15666667,-104.82027778,USW00024018,CHEYENNE                               72564,1.299971,PASS
11252,1125203,DAB,2025-01-01,2025-12-31,1|2|3|4|5|6|7|8|9|10|11|12,3054,53,11,0,0,3002,52,11252,DAB,7/1/2011 12:00:00 AM,,True,-0500,29.18000000,-81.05805556,USW00012846,DAYTONA BEACH NAS                           ,0.915935,PASS
11259,1125904,DAL,2025-01-01,2025-06-30,1|2|3|4|5|6,35800,700,93,0,0,35114,686,11259,DAL,10/1/2018 12:00:00 AM,6/30/2025 12:00:00 AM,True,-0600,32.84583333,-96.85083333,USW00013960,DALLAS FAA AP                          72258,1.635291,PASS
11259,1125905,DAL,2025-07-01,2025-12-31,7|8|9|10|11|12,35566,351,77,0,0,35220,346,11259,DAL,7/1/2025 12:00:00 AM,,True,-0600,32.84611111,-96.85083333,USW00013960,DALLAS FAA AP                          72258,1.651325,PASS
11267,1126702,DAY,2025-01-01,2025-06-30,1|2|3|4|5|6,5303,124,18,0,0,5180,123,11267,DAY,7/1/2011 12:00:00 AM,6/30/2025 12:00:00 AM,True,-0500,39.90222222,-84.21944444,USW00093815,DAYTON INTL AP                         72429,0.470100,PASS
11267,1126703,DAY,2025-07-01,2025-12-31,7|8|9|10|11|12,5357,98,17,0,0,5261,96,11267,DAY,7/1/2025 12:00:00 AM,,True,-0500,39.90194444,-84.21805556,USW00093815,DAYTON INTL AP                         72429,0.497608,PASS
11278,1127805,DCA,2025-01-01,2025-12-31,1|2|3|4|5|6|7|8|9|10|11|12,147318,5788,329,0,0,141850,5468,11278,DCA,12/1/2017 12:00:00 AM,,True,-0500,38.85138889,-77.03777778,USW00013751,ANACOSTIA NAS                               ,0.417385,PASS
11283,1128302,DDC,2025-01-01,2025-12-31,1|2|3|4|5|6|7|8|9|10|11|12,627,16,1,0,0,611,16,11283,DDC,7/1/2011 12:00:00 AM,,True,-0600,37.76305556,-99.96555556,USW00013985,DODGE CITY                             72451,0.386444,PASS
11288,1128802,DEC,2025-01-01,2025-12-31,1|2|3|4|5|6|7|8|9|10|11|12,627,17,1,0,0,610,17,11288,DEC,7/1/2011 12:00:00 AM,,True,-0600,39.83444444,-88.86555556,USW00003887,DECATUR AP                                  ,0.676542,PASS
11292,1129202,DEN,2025-01-01,2025-06-30,1|2|3|4|5|6,154552,1199,465,0,0,153411,1141,11292,DEN,9/1/1993 12:00:00 AM,6/30/2025 12:00:00 AM,True,-0700,39.86166667,-104.67305556,USW00003017,DENVER INTL AP                         72565,2.205557,PASS
11292,1129203,DEN,2025-07-01,2025-12-31,7|8|9|10|11|12,163134,1244,496,0,0,161944,1190,11292,DEN,7/1/2025 12:00:00 AM,,True,-0700,39.86111111,-104.67194444,USW00003017,DENVER INTL AP                         72565,2.096935,PASS
11298,1129806,DFW,2025-01-01,2025-12-31,1|2|3|4|5|6|7|8|9|10|11|12,316547,8726,968,0,0,308133,8414,11298,DFW,12/1/2017 12:00:00 AM,,True,-0600,32.89722222,-97.03777778,USW00003927,DAL-FTW WSCMO AP                       72259,1.482741,PASS
11308,1130802,DHN,2025-01-01,2025-12-31,1|2|3|4|5|6|7|8|9|10|11|12,1021,26,0,0,0,995,26,11308,DHN,7/1/2011 12:00:00 AM,,True,-0600,31.32111111,-85.44944444,USW00013839,DOTHAN RGNL AP                              ,0.690094,PASS
11315,1131504,DIK,2025-01-01,2025-12-31,1|2|3|4|5|6|7|8|9|10|11|12,689,12,4,0,0,677,12,11315,DIK,5/1/2023 12:00:00 AM,,True,-0700,46.80055556,-102.80444444,USW00024012,DICKINSON THEODORE ROOSEVELT R         72763,0.559579,PASS
11336,1133602,DLG,2025-01-02,2025-12-31,1|2|3|4|5|6|7|8|9|10|11|12,430,18,0,0,0,412,18,11336,DLG,7/1/2011 12:00:00 AM,,True,-0900,59.04472222,-158.50555556,USW00025513,DILLINGHAM AP                          70321,0.866393,PASS
11337,1133705,DLH,2025-01-01,2025-06-30,1|2|3|4|5|6,1187,7,0,0,0,1181,6,11337,DLH,9/1/2019 12:00:00 AM,6/30/2025 12:00:00 AM,True,-0600,46.84194444,-92.19333333,USW00014913,DULUTH                                 72745,1.365422,PASS
11337,1133706,DLH,2025-07-01,2025-12-31,7|8|9|10|11|12,1311,32,2,0,0,1279,32,11337,DLH,7/1/2025 12:00:00 AM,,True,-0600,46.84138889,-92.18305556,USW00014913,DULUTH                                 72745,2.087214,PASS
11413,1141307,DRO,2025-01-01,2025-12-31,1|2|3|4|5|6|7|8|9|10|11|12,4284,67,21,0,0,4218,66,11413,DRO,11/1/2019 12:00:00 AM,,True,-0700,37.15166667,-107.75388889,USW00093005,DURANGO LA PLATA CO AP                      ,1.109178,PASS
11423,1142308,DSM,2025-01-01,2025-06-30,1|2|3|4|5|6,8631,168,21,0,0,8464,167,11423,DSM,10/1/2022 12:00:00 AM,6/30/2025 12:00:00 AM,True,-0600,41.53416667,-93.65777778,USW00014933,DES MOINES INTL AP                     72546,0.390489,PASS
11423,1142309,DSM,2025-07-01,2025-12-31,7|8|9|10|11|12,9599,235,26,0,0,9371,228,11423,DSM,7/1/2025 12:00:00 AM,,True,-0600,41.53388889,-93.66305556,USW00014933,DES MOINES INTL AP                     72546,0.828668,PASS
11433,1143302,DTW,2025-01-01,2025-12-31,1|2|3|4|5|6|7|8|9|10|11|12,142255,1596,325,0,0,140744,1511,11433,DTW,7/1/2011 12:00:00 AM,,True,-0500,42.21250000,-83.35333333,USW00094847,DETROIT METRO AP                       72537,2.762145,PASS
11447,1144705,DVL,2025-01-01,2025-12-31,1|2|3|4|5|6|7|8|9|10|11|12,652,11,5,0,0,641,11,11447,DVL,12/1/2017 12:00:00 AM,,True,-0600,48.11666667,-98.91000000,USW00094928,DEVILS LAKE MUNI AP                         ,0.742365,PASS
11468,1146802,EAR,2025-01-01,2025-06-30,1|2|3|4|5|6,311,5,2,0,0,306,5,11468,EAR,7/1/2011 12:00:00 AM,6/30/2025 12:00:00 AM,True,-0600,40.72694444,-99.00666667,USW00014905,KEARNEY MUNI AP                             ,0.902773,PASS
11468,1146803,EAR,2025-07-01,2025-12-31,7|8|9|10|11|12,315,0,3,0,0,315,0,11468,EAR,7/1/2025 12:00:00 AM,,True,-0600,40.73166667,-99.00805556,USW00014905,KEARNEY MUNI AP                             ,0.702637,PASS
11470,1147005,EAT,2025-01-01,2025-12-31,1|2|3|4|5|6|7|8|9|10|11|12,665,6,0,0,0,659,6,11470,EAT,12/1/2017 12:00:00 AM,,True,-0800,47.39888889,-120.20694444,USW00094239,WENATCHEE PANGBORN MEM AP                   ,0.466221,PASS
11471,1147103,EAU,2025-01-01,2025-12-31,1|2|3|4|5|6|7|8|9|10|11|12,627,17,2,0,0,610,17,11471,EAU,7/1/2011 12:00:00 AM,,True,-0600,44.86583333,-91.48416667,USW00014991,CHIPPEWA VALLEY RGNL AP                     ,0.324621,PASS
11481,1148102,ECP,2025-01-01,2025-12-31,1|2|3|4|5|6|7|8|9|10|11|12,10518,194,25,0,0,10329,189,11481,ECP,7/1/2011 12:00:00 AM,,True,-0600,30.35833333,-85.79555556,USW00073805,NW FLORIDA BEACHES INTL AP                  ,1.286877,PASS
11503,1150305,EGE,2025-01-01,2025-12-31,1|2|3|4|5|6|7|8|9|10|11|12,3868,42,21,0,0,3830,38,11503,EGE,12/1/2017 12:00:00 AM,,True,-0700,39.64277778,-106.91583333,USW00023063,EAGLE CO AP                                 ,0.806496,PASS
11525,1152505,EKO,2025-01-01,2025-12-31,1|2|3|4|5|6|7|8|9|10|11|12,504,1,0,0,0,503,1,11525,EKO,12/1/2017 12:00:00 AM,,True,-0800,40.82500000,-115.79138889,USW00024121,ELKO RGNL AP                                ,0.437238,PASS
11537,1153706,ELM,2025-01-01,2025-06-30,1|2|3|4|5|6,607,0,2,0,0,607,0,11537,ELM,7/1/2019 12:00:00 AM,6/30/2025 12:00:00 AM,True,-0500,42.15972222,-76.89166667,USW00014748,ELMIRA CORNING RGNL AP                      ,0.977297,PASS
11537,1153707,ELM,2025-07-01,2025-12-31,7|8|9|10|11|12,643,8,0,0,0,635,8,11537,ELM,7/1/2025 12:00:00 AM,,True,-0500,42.15777778,-76.89638889,USW00014748,ELMIRA CORNING RGNL AP                      ,0.541883,PASS
11540,1154005,ELP,2025-01-01,2025-06-30,1|2|3|4|5|6,9662,143,33,0,0,9520,142,11540,ELP,12/1/2017 12:00:00 AM,6/30/2025 12:00:00 AM,True,-0700,31.80722222,-106.37638889,USW00023044,EL PASO INTL AP                        72270,0.563375,PASS
11540,1154006,ELP,2025-07-01,2025-12-31,7|8|9|10|11|12,9653,88,33,0,0,9566,87,11540,ELP,7/1/2025 12:00:00 AM,,True,-0700,31.80666667,-106.37333333,USW00023044,EL PASO INTL AP                        72270,0.730472,PASS
11577,1157706,ERI,2025-01-01,2025-06-30,1|2|3|4|5|6,543,7,2,0,0,536,7,11577,ERI,12/1/2017 12:00:00 AM,6/30/2025 12:00:00 AM,True,-0500,42.08305556,-80.17388889,USW00014860,ERIE INTL AP                           72526,0.751226,PASS
11577,1157707,ERI,2025-07-01,2025-12-31,7|8|9|10|11|12,517,1,2,0,0,516,1,11577,ERI,7/1/2025 12:00:00 AM,,True,-0500,42.07916667,-80.18000000,USW00014860,ERIE INTL AP                           72526,0.221015,PASS
11587,1158702,ESC,2025-01-01,2025-12-31,1|2|3|4|5|6|7|8|9|10|11|12,628,21,0,0,0,607,21,11587,ESC,7/1/2011 12:00:00 AM,,True,-0500,45.72277778,-87.09361111,USC00202627,ESCANABA #2                                 ,0.520629,PASS
11603,1160302,EUG,2025-01-01,2025-06-30,1|2|3|4|5|6,4321,23,5,0,0,4298,23,11603,EUG,7/1/2011 12:00:00 AM,6/30/2025 12:00:00 AM,True,-0800,44.12444444,-123.21194444,USW00024221,EUGENE-MAHLON SWEET FLD                72693,1.005707,PASS
11603,1160303,EUG,2025-07-01,2025-12-31,7|8|9|10|11|12,5099,44,17,0,0,5059,40,11603,EUG,7/1/2025 12:00:00 AM,,True,-0800,44.12472222,-123.21083333,USW00024221,EUGENE-MAHLON SWEET FLD                72693,1.006258,PASS
11612,1161206,EVV,2025-01-01,2025-06-30,1|2|3|4|5|6,2009,57,7,0,0,1953,56,11612,EVV,12/1/2017 12:00:00 AM,6/30/2025 12:00:00 AM,True,-0600,38.04083333,-87.52861111,USW00093817,EVANSVILLE RGNL AP                     72432,1.609973,PASS
11612,1161207,EVV,2025-07-01,2025-12-31,7|8|9|10|11|12,2063,28,7,0,0,2035,28,11612,EVV,7/1/2025 12:00:00 AM,,True,-0600,38.04000000,-87.52972222,USW00093817,EVANSVILLE RGNL AP                     72432,1.744196,PASS
11617,1161708,EWN,2025-01-01,2025-06-30,1|2|3|4|5|6,853,22,1,0,0,832,21,11617,EWN,12/1/2017 12:00:00 AM,6/30/2025 12:00:00 AM,True,-0500,35.07277778,-77.04305556,USW00093719,NEW BERN - ASOS                             ,0.659047,PASS
11617,1161709,EWN,2025-07-01,2025-12-31,7|8|9|10|11|12,960,13,0,0,0,947,13,11617,EWN,7/1/2025 12:00:00 AM,,True,-0500,35.07361111,-77.04250000,USW00093719,NEW BERN - ASOS                             ,0.762509,PASS
11618,1161802,EWR,2025-01-01,2025-06-30,1|2|3|4|5|6,63554,1532,152,0,0,62086,1468,11618,EWR,7/1/2011 12:00:00 AM,6/30/2025 12:00:00 AM,True,-0500,40.69250000,-74.16861111,USW00014734,NEWARK LIBERTY INTL AP                 72502,1.079735,PASS
11618,1161803,EWR,2025-07-01,2025-12-31,7|8|9|10|11|12,68972,2143,185,0,0,66957,2015,11618,EWR,7/1/2025 12:00:00 AM,,True,-0500,40.69361111,-74.16861111,USW00014734,NEWARK LIBERTY INTL AP                 72502,1.203167,PASS
11624,1162403,EYW,2025-01-01,2025-12-31,1|2|3|4|5|6|7|8|9|10|11|12,7898,100,80,0,0,7799,99,11624,EYW,4/1/2019 12:00:00 AM,,True,-0500,24.55611111,-81.76000000,USW00012836,KEY W INTL AP                          72201,0.483373,PASS
11630,1163003,FAI,2025-01-01,2025-06-30,1|2|3|4|5|6,2655,19,0,0,0,2637,18,11630,FAI,10/1/2022 12:00:00 AM,6/30/2025 12:00:00 AM,True,-0900,64.81527778,-147.85666667,USW00026411,FAIRBANKS INTL AP                      70261,1.636933,PASS
11630,1163004,FAI,2025-07-01,2025-12-31,7|8|9|10|11|12,2928,63,1,0,0,2867,61,11630,FAI,7/1/2025 12:00:00 AM,,True,-0900,64.81527778,-147.85361111,USW00026411,FAIRBANKS INTL AP                      70261,1.722348,PASS
11637,1163703,FAR,2025-01-01,2025-06-30,1|2|3|4|5|6,3790,29,11,0,0,3764,26,11637,FAR,7/1/2011 12:00:00 AM,6/30/2025 12:00:00 AM,True,-0600,46.92055556,-96.81583333,USW00014914,FARGO HECTOR INTL AP                   72753,0.498974,PASS
11637,1163704,FAR,2025-07-01,2025-12-31,7|8|9|10|11|12,3816,50,9,0,0,3767,49,11637,FAR,7/1/2025 12:00:00 AM,,True,-0600,46.91916667,-96.81583333,USW00014914,FARGO HECTOR INTL AP                   72753,0.630871,PASS
11638,1163807,FAT,2025-01-01,2025-12-31,1|2|3|4|5|6|7|8|9|10|11|12,13570,103,35,0,0,13470,100,11638,FAT,12/1/2017 12:00:00 AM,,True,-0800,36.77666667,-119.71888889,USW00093193,FRESNO YOSEMITE INTL                   72389,0.391377,PASS
11641,1164102,FAY,2025-01-01,2025-06-30,1|2|3|4|5|6,1812,42,3,0,0,1771,41,11641,FAY,7/1/2011 12:00:00 AM,6/30/2025 12:00:00 AM,True,-0500,34.99111111,-78.88027778,USW00093740,FAYETTEVILLE RGNL AP GRANNIS F              ,0.191942,PASS
11641,1164103,FAY,2025-07-01,2025-12-31,7|8|9|10|11|12,1776,27,1,0,0,1749,27,11641,FAY,7/1/2025 12:00:00 AM,,True,-0500,34.98777778,-78.88444444,USW00093740,FAYETTEVILLE RGNL AP GRANNIS F              ,0.443246,PASS
11648,1164802,FCA,2025-01-01,2025-06-30,1|2|3|4|5|6,2491,14,8,0,0,2477,14,11648,FCA,7/1/2011 12:00:00 AM,6/30/2025 12:00:00 AM,True,-0700,48.31055556,-114.25611111,USW00024146,KALISPELL GLACIER AP                   72779,0.925926,PASS
11648,1164803,FCA,2025-07-01,2025-12-31,7|8|9|10|11|12,3225,24,13,0,0,3201,24,11648,FCA,7/1/2025 12:00:00 AM,,True,-0700,48.31388889,-114.25222222,USW00024146,KALISPELL GLACIER AP                   72779,1.394782,PASS
11695,1169502,FLG,2025-01-01,2025-12-31,1|2|3|4|5|6|7|8|9|10|11|12,1729,30,3,0,0,1699,30,11695,FLG,7/1/2011 12:00:00 AM,,True,-0700,35.14027778,-111.66916667,USW00003103,FLAGSTAFF AP                           72375,0.503484,PASS
11697,1169706,FLL,2025-01-01,2025-06-30,1|2|3|4|5|6,45335,483,146,0,0,44874,461,11697,FLL,12/1/2017 12:00:00 AM,6/30/2025 12:00:00 AM,True,-0500,26.07166667,-80.14972222,USW00012849,FT LAUDERDALE INTL AP                  74783,1.483256,PASS
11697,1169707,FLL,2025-07-01,2025-12-31,7|8|9|10|11|12,42263,609,129,0,0,41676,587,11697,FLL,7/1/2025 12:00:00 AM,,True,-0500,26.07138889,-80.14944444,USW00012849,FT LAUDERDALE INTL AP                  74783,1.523356,PASS
11699,1169902,FLO,2025-01-01,2025-06-30,1|2|3|4|5|6,498,12,1,0,0,486,12,11699,FLO,7/1/2011 12:00:00 AM,6/30/2025 12:00:00 AM,True,-0500,34.18527778,-79.72388889,USW00013744,FLORENCE RGNL AP                            ,0.694815,PASS
11699,1169903,FLO,2025-07-01,2025-12-31,7|8|9|10|11|12,498,5,1,0,0,493,5,11699,FLO,7/1/2025 12:00:00 AM,,True,-0500,34.18611111,-79.72444444,USW00013744,FLORENCE RGNL AP                            ,0.614018,PASS
11711,1171102,FMN,2025-05-09,2025-06-30,5|6,53,1,0,0,0,52,1,11711,FMN,7/1/2011 12:00:00 AM,6/30/2025 12:00:00 AM,True,-0700,36.74138889,-108.23000000,USW00023090,FARMINGTON FOUR CORNERS RGNL A              ,0.251610,PASS
11711,1171103,FMN,2025-07-01,2025-12-31,7|8|9|10|11|12,184,0,0,0,0,184,0,11711,FMN,7/1/2025 12:00:00 AM,,True,-0700,36.74138889,-108.23111111,USW00023090,FARMINGTON FOUR CORNERS RGNL A              ,0.289302,PASS
11721,1172105,FNT,2025-01-01,2025-12-31,1|2|3|4|5|6|7|8|9|10|11|12,3629,44,9,0,0,3585,44,11721,FNT,12/1/2017 12:00:00 AM,,True,-0500,42.96555556,-83.74472222,USW00014826,FLINT FCWOS                            72637,0.454717,PASS
11725,1172502,FOD,2025-01-01,2025-06-30,1|2|3|4|5|6,311,9,0,0,0,302,9,11725,FOD,7/1/2011 12:00:00 AM,6/30/2025 12:00:00 AM,True,-0600,42.55111111,-94.19194444,USW00094933,FT DODGE OZARK AIRLINES                72549,0.718809,PASS
11725,1172503,FOD,2025-07-01,2025-12-31,7|8|9|10|11|12,316,15,1,0,0,301,15,11725,FOD,7/1/2025 12:00:00 AM,,True,-0600,42.55250000,-94.19138889,USW00094933,FT DODGE OZARK AIRLINES                72549,0.718548,PASS
11775,1177502,FSD,2025-01-01,2025-06-30,1|2|3|4|5|6,4397,37,14,0,0,4361,36,11775,FSD,7/1/2011 12:00:00 AM,6/30/2025 12:00:00 AM,True,-0600,43.58194444,-96.74194444,USC00397666,SIOUX FALLS WFO AP                          ,1.155486,PASS
11775,1177503,FSD,2025-07-01,2025-12-31,7|8|9|10|11|12,4488,85,17,0,0,4405,83,11775,FSD,7/1/2025 12:00:00 AM,,True,-0600,43.58083333,-96.74166667,USC00397666,SIOUX FALLS WFO AP                          ,1.210794,PASS
11778,1177803,FSM,2025-01-01,2025-06-30,1|2|3|4|5|6,559,30,0,0,0,530,29,11778,FSM,5/1/2023 12:00:00 AM,6/30/2025 12:00:00 AM,True,-0600,35.33666667,-94.36611111,USW00013964,FT SMITH RGNL AP                       72344,0.381519,PASS
11778,1177804,FSM,2025-07-01,2025-12-31,7|8|9|10|11|12,610,17,3,0,0,595,15,11778,FSM,7/1/2025 12:00:00 AM,,True,-0600,35.33527778,-94.36777778,USW00013964,FT SMITH RGNL AP                       72344,0.314458,PASS
11823,1182304,FWA,2025-01-01,2025-12-31,1|2|3|4|5|6|7|8|9|10|11|12,7600,135,25,0,0,7468,132,11823,FWA,7/1/2011 12:00:00 AM,,True,-0500,40.97833333,-85.19527778,USW00014827,FT WAYNE INTL AP                       72533,1.136914,PASS
11865,1186503,GCC,2025-01-01,2025-06-30,1|2|3|4|5|6,362,13,1,0,0,349,13,11865,GCC,10/1/2022 12:00:00 AM,6/30/2025 12:00:00 AM,True,-0700,44.34888889,-105.53944444,USW00094023,GILLETTE CAMPBELL CO AP                72665,1.037383,PASS
11865,1186504,GCC,2025-07-01,2025-12-31,7|8|9|10|11|12,368,1,1,0,0,367,1,11865,GCC,7/1/2025 12:00:00 AM,,True,-0700,44.34722222,-105.54138889,USW00094023,GILLETTE CAMPBELL CO AP                72665,0.836800,PASS
11867,1186703,GCK,2025-01-01,2025-06-30,1|2|3|4|5|6,362,14,0,0,0,348,14,11867,GCK,7/1/2011 12:00:00 AM,6/30/2025 12:00:00 AM,True,-0600,37.92750000,-100.72444444,USW00023064,GARDEN CITY RGNL AP                         ,0.623061,PASS
11867,1186704,GCK,2025-07-01,2025-12-31,7|8|9|10|11|12,367,8,2,0,0,359,8,11867,GCK,7/1/2025 12:00:00 AM,,True,-0600,37.92250000,-100.72305556,USW00023064,GARDEN CITY RGNL AP                         ,0.120534,PASS
11884,1188402,GEG,2025-01-01,2025-12-31,1|2|3|4|5|6|7|8|9|10|11|12,21958,125,46,0,0,21836,122,11884,GEG,7/1/2011 12:00:00 AM,,True,-0800,47.61916667,-117.53527778,USW00024157,SPOKANE INTL AP                        72785,0.607262,PASS
11898,1189802,GFK,2025-01-01,2025-06-30,1|2|3|4|5|6,670,3,0,0,0,667,3,11898,GFK,7/1/2011 12:00:00 AM,6/30/2025 12:00:00 AM,True,-0600,47.94722222,-97.17388889,USW00014917,GRAND FORKS INTL AP                         ,0.765960,PASS
11898,1189803,GFK,2025-07-01,2025-12-31,7|8|9|10|11|12,623,13,0,0,0,610,13,11898,GFK,7/1/2025 12:00:00 AM,,True,-0600,47.94638889,-97.17305556,USW00014916,GRAND FORKS INTL AP                    72757,0.847928,PASS
11905,1190502,GGG,2025-01-01,2025-06-30,1|2|3|4|5|6,362,15,0,0,0,347,15,11905,GGG,7/1/2011 12:00:00 AM,6/30/2025 12:00:00 AM,True,-0600,32.38388889,-94.71138889,USW00003901,LONGVIEW E TX RGNL AP                  72247,0.803841,PASS
11905,1190503,GGG,2025-07-01,2025-12-31,7|8|9|10|11|12,365,9,1,0,0,357,8,11905,GGG,7/1/2025 12:00:00 AM,,True,-0600,32.38972222,-94.71666667,USW00003901,LONGVIEW E TX RGNL AP                  72247,0.286089,PASS
11921,1192102,GJT,2025-01-01,2025-06-30,1|2|3|4|5|6,2286,20,7,0,0,2266,20,11921,GJT,7/1/2011 12:00:00 AM,6/30/2025 12:00:00 AM,True,-0700,39.12250000,-108.52666667,USW00023066,GRAND JUNCTION WALKER FLD              72476,1.799206,PASS
11921,1192103,GJT,2025-07-01,2025-12-31,7|8|9|10|11|12,2413,36,10,0,0,2377,36,11921,GJT,7/1/2025 12:00:00 AM,,True,-0700,39.11861111,-108.51444444,USW00023066,GRAND JUNCTION WALKER FLD              72476,2.872419,PASS
11953,1195302,GNV,2025-01-01,2025-06-30,1|2|3|4|5|6,2059,43,8,0,0,2017,42,11953,GNV,7/1/2011 12:00:00 AM,6/30/2025 12:00:00 AM,True,-0500,29.69000000,-82.27166667,USW00012816,GAINESVILLE RGNL AP                    74756,0.468108,PASS
11953,1195303,GNV,2025-07-01,2025-12-31,7|8|9|10|11|12,2167,19,6,0,0,2149,18,11953,GNV,7/1/2025 12:00:00 AM,,True,-0500,29.69083333,-82.27277778,USW00012816,GAINESVILLE RGNL AP                    74756,0.335070,PASS
11973,1197302,GPT,2025-01-01,2025-06-30,1|2|3|4|5|6,2264,96,6,0,0,2172,92,11973,GPT,7/1/2011 12:00:00 AM,6/30/2025 12:00:00 AM,True,-0600,30.40722222,-89.07000000,USW00093874,GULFPORT - BILOXI AP                   74757,1.174322,PASS
11973,1197303,GPT,2025-07-01,2025-12-31,7|8|9|10|11|12,2351,38,2,0,0,2315,36,11973,GPT,7/1/2025 12:00:00 AM,,True,-0600,30.40111111,-89.06611111,USW00093874,GULFPORT - BILOXI AP                   74757,1.872092,PASS
11977,1197705,GRB,2025-01-01,2025-12-31,1|2|3|4|5|6|7|8|9|10|11|12,5840,95,5,0,0,5747,93,11977,GRB,12/1/2017 12:00:00 AM,,True,-0600,44.48472222,-88.12972222,USW00014898,GREEN BAY                              72645,2.136170,PASS
11980,1198002,GRI,2025-01-01,2025-06-30,1|2|3|4|5|6,496,18,0,0,0,478,18,11980,GRI,7/1/2011 12:00:00 AM,6/30/2025 12:00:00 AM,True,-0600,40.96750000,-98.30972222,USW00014935,GRAND IS CNTRL NE RGNL AP              72552,0.735198,PASS
11980,1198003,GRI,2025-07-01,2025-12-31,7|8|9|10|11|12,493,6,2,0,0,487,6,11980,GRI,7/1/2025 12:00:00 AM,,True,-0600,40.98055556,-98.31472222,USW00014935,GRAND IS CNTRL NE RGNL AP              72552,2.134354,PASS
11982,1198202,GRK,2025-01-01,2025-12-31,1|2|3|4|5|6|7|8|9|10|11|12,1811,65,4,0,0,1748,63,11982,GRK,7/1/2011 12:00:00 AM,,True,-0600,31.06722222,-97.82888889,USW00003902,ROBERT GRAY AAF                             ,0.424134,PASS
11986,1198603,GRR,2025-01-01,2025-06-30,1|2|3|4|5|6,10152,127,20,0,0,10031,121,11986,GRR,7/1/2011 12:00:00 AM,6/30/2025 12:00:00 AM,True,-0500,42.88083333,-85.52277778,USW00094860,GRAND RAPIDS                           72635,2.321405,PASS
11986,1198604,GRR,2025-07-01,2025-12-31,7|8|9|10|11|12,10902,175,27,0,0,10734,168,11986,GRR,7/1/2025 12:00:00 AM,,True,-0500,42.88194444,-85.52388889,USW00094860,GRAND RAPIDS                           72635,2.173825,PASS
11995,1199502,GSO,2025-01-01,2025-12-31,1|2|3|4|5|6|7|8|9|10|11|12,15533,379,28,0,0,15164,369,11995,GSO,7/1/2011 12:00:00 AM,,True,-0500,36.10138889,-79.94111111,USW00013723,GREENSBORO AP                          72317,0.530164,PASS
11996,1199603,GSP,2025-01-01,2025-12-31,1|2|3|4|5|6|7|8|9|10|11|12,19287,423,51,0,0,18878,409,11996,GSP,7/1/2011 12:00:00 AM,,True,-0500,34.89555556,-82.21888889,USW00003870,GREER                                  72312,1.364765,PASS
11997,1199702,GST,2025-06-07,2025-08-31,6|7|8,86,3,0,0,0,83,3,11997,GST,7/1/2011 12:00:00 AM,,True,-0900,58.42527778,-135.70750000,USW00025380,GUSTAVUS 2 NE                               ,1.108266,PASS
12003,1200305,GTF,2025-01-01,2025-06-30,1|2|3|4|5|6,1362,0,2,0,0,1362,0,12003,GTF,12/1/2017 12:00:00 AM,6/30/2025 12:00:00 AM,True,-0700,47.48222222,-111.37027778,USW00024143,GREAT FALLS AP                         72775,1.367457,PASS
12003,1200306,GTF,2025-07-01,2025-12-31,7|8|9|10|11|12,1267,8,3,0,0,1259,8,12003,GTF,7/1/2025 12:00:00 AM,,True,-0700,47.47666667,-111.37305556,USW00024143,GREAT FALLS AP                         72775,0.822505,PASS
12007,1200704,GTR,2025-01-01,2025-12-31,1|2|3|4|5|6|7|8|9|10|11|12,973,14,3,0,0,959,14,12007,GTR,12/1/2017 12:00:00 AM,,True,-0600,33.44833333,-88.59138889,USW00053893,GOLDEN TRIANGLE                             ,0.773018,PASS
12012,1201206,GUC,2025-01-01,2025-12-31,1|2|3|4|5|6|7|8|9|10|11|12,1244,7,7,0,0,1237,7,12012,GUC,5/1/2023 12:00:00 AM,,True,-0700,38.53611111,-106.92944444,USW00093007,GUNNISON CO AP                              ,0.458445,PASS
12016,1201602,GUM,2025-01-01,2025-12-31,1|2|3|4|5|6|7|8|9|10|11|12,732,5,1,0,0,728,4,12016,GUM,1/1/1990 12:00:00 AM,,True,+1000,13.48388889,144.79722222,USC00914670,PITI                                        ,11.912973,OVER_10KM
12094,1209402,HDN,2025-01-01,2025-12-31,1|2|3|4|5|6|7|8|9|10|11|12,2415,43,10,0,0,2375,40,12094,HDN,7/1/2011 12:00:00 AM,,True,-0700,40.48111111,-107.21777778,USW00094025,HAYDEN YAMPA VALLEY AP                      ,0.023526,PASS
12119,1211902,HGR,2025-01-02,2025-12-31,1|2|3|4|5|6|7|8|9|10|11|12,316,6,2,0,0,310,6,12119,HGR,7/1/2011 12:00:00 AM,,True,-0500,39.70861111,-77.72638889,USW00093706,HAGERSTOWN RGNL AP                          ,0.435781,PASS
12124,1212402,HHH,2025-01-01,2025-12-31,1|2|3|4|5|6|7|8|9|10|11|12,2185,47,22,0,0,2142,43,12124,HHH,7/1/2011 12:00:00 AM,,True,-0500,32.22444444,-80.69750000,USW00063837,HILTON HEAD ISLAND AP                       ,0.892680,PASS
12129,1212903,HIB,2025-01-01,2025-12-31,1|2|3|4|5|6|7|8|9|10|11|12,627,7,0,0,0,620,7,12129,HIB,7/1/2011 12:00:00 AM,,True,-0600,47.38666667,-92.83888889,USW00094931,HIBBING CHISHOLM HIBBING AP                 ,0.855894,PASS
12156,1215605,HLN,2025-01-01,2025-12-31,1|2|3|4|5|6|7|8|9|10|11|12,1973,16,14,0,0,1957,16,12156,HLN,12/1/2017 12:00:00 AM,,True,-0700,46.60666667,-111.98333333,USW00024144,HELENA AP ASOS                         72772,0.514183,PASS
12173,1217305,HNL,2025-01-01,2025-12-31,1|2|3|4|5|6|7|8|9|10|11|12,58873,459,68,0,0,58452,421,12173,HNL,12/1/2017 12:00:00 AM,,True,-1000,21.31777778,-157.92027778,USI0000PHIK,HICKAM AFB                                  ,0.684088,PASS
12177,1217705,HOB,2025-01-01,2025-06-30,1|2|3|4|5|6,362,12,2,0,0,350,12,12177,HOB,12/1/2017 12:00:00 AM,6/30/2025 12:00:00 AM,True,-0700,32.68750000,-103.21722222,USW00093034,HOBBS FAA                                   ,0.781809,PASS
12177,1217706,HOB,2025-07-01,2025-12-31,7|8|9|10|11|12,368,0,2,0,0,368,0,12177,HOB,7/1/2025 12:00:00 AM,,True,-0700,32.68777778,-103.21777778,USW00093034,HOBBS FAA                                   ,0.788030,PASS
12191,1219103,HOU,2025-01-01,2025-06-30,1|2|3|4|5|6,26997,455,52,0,0,26549,448,12191,HOU,10/1/2022 12:00:00 AM,6/30/2025 12:00:00 AM,True,-0600,29.64583333,-95.27722222,USW00012918,HOUSTON WILLIAM P HOBBY AP             72244,0.481065,PASS
12191,1219104,HOU,2025-07-01,2025-12-31,7|8|9|10|11|12,28258,193,54,0,0,28067,191,12191,HOU,7/1/2025 12:00:00 AM,,True,-0600,29.64611111,-95.27722222,USW00012918,HOUSTON WILLIAM P HOBBY AP             72244,0.482292,PASS
12197,1219702,HPN,2025-01-01,2025-12-31,1|2|3|4|5|6|7|8|9|10|11|12,12366,312,66,0,0,12065,301,12197,HPN,7/1/2011 12:00:00 AM,,True,-0500,41.06694444,-73.70750000,USW00094745,WESTCHESTER CO AP                           ,0.588102,PASS
12206,1220605,HRL,2025-01-01,2025-06-30,1|2|3|4|5|6,2997,134,6,0,0,2866,131,12206,HRL,12/1/2017 12:00:00 AM,6/30/2025 12:00:00 AM,True,-0600,26.22722222,-97.65527778,USW00012904,HARLINGEN RIO GRANDE VLY INTL               ,0.343740,PASS
12206,1220606,HRL,2025-07-01,2025-12-31,7|8|9|10|11|12,2758,24,5,0,0,2736,22,12206,HRL,7/1/2025 12:00:00 AM,,True,-0600,26.22638889,-97.65444444,USW00012904,HARLINGEN RIO GRANDE VLY INTL               ,0.449911,PASS
12217,1221702,HSV,2025-01-01,2025-12-31,1|2|3|4|5|6|7|8|9|10|11|12,13685,315,37,0,0,13372,313,12217,HSV,7/1/2011 12:00:00 AM,,True,-0600,34.63722222,-86.77500000,USW00003856,HUNTSVILLE INTNL AP                    72323,1.277964,PASS
12223,1222305,HTS,2025-01-01,2025-12-31,1|2|3|4|5|6|7|8|9|10|11|12,1561,23,5,0,0,1538,23,12223,HTS,12/1/2017 12:00:00 AM,,True,-0500,38.36861111,-82.56027778,USW00003860,HUNTINGTON TRI-STATE AP                72425,0.609942,PASS
12250,1225003,HYA,2025-06-19,2025-10-14,6|7|8|9|10,380,13,3,0,0,369,11,12250,HYA,10/1/2022 12:00:00 AM,,True,-0500,41.66944444,-70.28027778,USW00094720,HYANNIS BARNSTABLE MUNI AP                  ,0.920044,PASS
12255,1225502,HYS,2025-01-01,2025-12-31,1|2|3|4|5|6|7|8|9|10|11|12,627,18,1,0,0,609,18,12255,HYS,7/1/2011 12:00:00 AM,,True,-0600,38.84222222,-99.27305556,USW00003968,HAYS MUNI AP                                ,1.025141,PASS
12264,1226402,IAD,2025-01-01,2025-06-30,1|2|3|4|5|6,46336,702,104,0,0,45708,628,12264,IAD,7/1/2011 12:00:00 AM,6/30/2025 12:00:00 AM,True,-0500,38.94750000,-77.46000000,USW00093738,WASHINGTON DULLES INTL AP              72403,1.803133,PASS
12264,1226403,IAD,2025-07-01,2025-12-31,7|8|9|10|11|12,46567,642,117,0,0,45974,593,12264,IAD,7/1/2025 12:00:00 AM,,True,-0500,38.95611111,-77.46166667,USW00093738,WASHINGTON DULLES INTL AP              72403,2.689517,PASS
12265,1226505,IAG,2025-01-01,2025-06-30,1|2|3|4|5|6,268,3,1,0,0,265,3,12265,IAG,12/1/2017 12:00:00 AM,6/30/2025 12:00:00 AM,True,-0500,43.10750000,-78.94583333,USW00004724,NIAGARA FALLS INTL AP                       ,0.634063,PASS
12265,1226506,IAG,2025-07-01,2025-12-31,7|8|9|10|11|12,206,3,1,0,0,203,3,12265,IAG,7/1/2025 12:00:00 AM,,True,-0500,43.10944444,-78.93305556,USW00004724,NIAGARA FALLS INTL AP                       ,0.428818,PASS
12266,1226603,IAH,2025-01-01,2025-06-30,1|2|3|4|5|6,83310,1791,275,0,0,81611,1699,12266,IAH,7/1/2011 12:00:00 AM,6/30/2025 12:00:00 AM,True,-0600,29.98444444,-95.34138889,USW00012960,HOUSTON INTERCONTINENTAL AP            72243,1.869546,PASS
12266,1226604,IAH,2025-07-01,2025-12-31,7|8|9|10|11|12,87056,683,228,0,0,86393,663,12266,IAH,7/1/2025 12:00:00 AM,,True,-0600,29.98555556,-95.34111111,USW00012960,HOUSTON INTERCONTINENTAL AP            72243,1.900631,PASS
12278,1227805,ICT,2025-01-01,2025-06-30,1|2|3|4|5|6,6189,208,20,0,0,5988,201,12278,ICT,12/1/2017 12:00:00 AM,6/30/2025 12:00:00 AM,True,-0600,37.65000000,-97.43305556,USW00003928,WICHITA                                72450,1.010607,PASS
12278,1227806,ICT,2025-07-01,2025-12-31,7|8|9|10|11|12,6637,107,15,0,0,6532,105,12278,ICT,7/1/2025 12:00:00 AM,,True,-0600,37.65027778,-97.43222222,USW00003928,WICHITA                                72450,1.061690,PASS
12280,1228002,IDA,2025-01-01,2025-06-30,1|2|3|4|5|6,2333,23,10,0,0,2310,23,12280,IDA,7/1/2011 12:00:00 AM,6/30/2025 12:00:00 AM,True,-0700,43.51361111,-112.07083333,USW00024145,IDAHO FALLS FAA AP                          ,0.822299,PASS
12280,1228003,IDA,2025-07-01,2025-12-31,7|8|9|10|11|12,2672,17,18,0,0,2655,17,12280,IDA,7/1/2025 12:00:00 AM,,True,-0700,43.52500000,-112.05861111,USW00024145,IDAHO FALLS FAA AP                          ,0.867766,PASS
12323,1232305,ILM,2025-01-01,2025-06-30,1|2|3|4|5|6,4957,170,8,0,0,4791,166,12323,ILM,12/1/2017 12:00:00 AM,6/30/2025 12:00:00 AM,True,-0500,34.27111111,-77.90277778,USW00013748,WILMINGTON INTL AP                     72302,0.552937,PASS
12323,1232306,ILM,2025-07-01,2025-12-31,7|8|9|10|11|12,5765,146,11,0,0,5624,141,12323,ILM,7/1/2025 12:00:00 AM,,True,-0500,34.26750000,-77.90277778,USW00013748,WILMINGTON INTL AP                     72302,0.270318,PASS
12335,1233502,IMT,2025-01-01,2025-12-31,1|2|3|4|5|6|7|8|9|10|11|12,727,15,0,0,0,712,15,12335,IMT,7/1/2011 12:00:00 AM,,True,-0600,45.81833333,-88.11444444,USW00094893,IRON MTN FORD AP                            ,0.569297,PASS
12339,1233904,IND,2025-01-01,2025-12-31,1|2|3|4|5|6|7|8|9|10|11|12,51808,860,108,0,0,50974,834,12339,IND,7/1/2011 12:00:00 AM,,True,-0500,39.71722222,-86.29472222,USW00093819,INDIANAPOLIS                           72438,1.640301,PASS
12343,1234305,INL,2025-01-01,2025-12-31,1|2|3|4|5|6|7|8|9|10|11|12,658,8,0,0,0,650,8,12343,INL,12/1/2017 12:00:00 AM,,True,-0600,48.56555556,-93.40222222,USW00014918,INTL FALLS INTL AP                     72747,0.840227,PASS
12391,1239103,ISP,2025-01-01,2025-12-31,1|2|3|4|5|6|7|8|9|10|11|12,5283,54,22,0,0,5232,51,12391,ISP,10/1/2018 12:00:00 AM,,True,-0500,40.79611111,-73.10055556,USW00004781,ISLIP-LI MACARTHUR AP                  72505,0.270662,PASS
12397,1239703,ITH,2025-01-01,2025-12-31,1|2|3|4|5|6|7|8|9|10|11|12,1472,56,1,0,0,1416,56,12397,ITH,10/1/2022 12:00:00 AM,,True,-0500,42.49138889,-76.45861111,USW00094761,ITHACA TOMPKINS CO                          ,1.117557,PASS
12402,1240203,ITO,2025-01-01,2025-06-30,1|2|3|4|5|6,3330,23,1,0,0,3308,22,12402,ITO,7/1/2011 12:00:00 AM,6/30/2025 12:00:00 AM,True,-1000,19.72027778,-155.04833333,USW00021504,HILO INTL AP 87                        91285,0.133719,PASS
12402,1240204,ITO,2025-07-01,2025-12-31,7|8|9|10|11|12,3319,22,0,0,0,3297,22,12402,ITO,7/1/2025 12:00:00 AM,,True,-1000,19.72138889,-155.05444444,USW00021504,HILO INTL AP 87                        91285,0.629328,PASS
12441,1244102,JAC,2025-01-01,2025-12-31,1|2|3|4|5|6|7|8|9|10|11|12,6386,90,59,0,0,6303,83,12441,JAC,7/1/2011 12:00:00 AM,,True,-0700,43.60722222,-110.73777778,USW00024166,JACKSON HOLE AP                             ,0.880298,PASS
12448,1244807,JAN,2025-01-01,2025-12-31,1|2|3|4|5|6|7|8|9|10|11|12,9075,202,20,0,0,8879,196,12448,JAN,12/1/2017 12:00:00 AM,,True,-0600,32.31111111,-90.07583333,USW00003940,JACKSON INTL AP                        72235,0.972760,PASS
12451,1245102,JAX,2025-01-01,2025-06-30,1|2|3|4|5|6,15273,307,49,0,0,14968,305,12451,JAX,7/1/2011 12:00:00 AM,6/30/2025 12:00:00 AM,True,-0500,30.49416667,-81.68777778,USW00013889,JACKSONVILLE                           72206,1.714400,PASS
12451,1245103,JAX,2025-07-01,2025-12-31,7|8|9|10|11|12,15674,247,32,0,0,15437,237,12451,JAX,7/1/2025 12:00:00 AM,,True,-0500,30.49472222,-81.70444444,USW00013889,JACKSONVILLE                           72206,1.140779,PASS
12478,1247805,JFK,2025-01-01,2025-12-31,1|2|3|4|5|6|7|8|9|10|11|12,125102,2971,314,0,0,122399,2703,12478,JFK,12/1/2017 12:00:00 AM,,True,-0500,40.64000000,-73.77861111,USW00094789,JFK INTL AP                            74486,1.244466,PASS
12511,1251103,JLN,2025-01-01,2025-06-30,1|2|3|4|5|6,361,11,1,0,0,350,11,12511,JLN,3/1/2018 12:00:00 AM,6/30/2025 12:00:00 AM,True,-0600,37.15305556,-94.49888889,USW00013987,JOPLIN RGNL AP                              ,0.331991,PASS
12511,1251104,JLN,2025-07-01,2025-12-31,7|8|9|10|11|12,365,12,3,0,0,353,12,12511,JLN,7/1/2025 12:00:00 AM,,True,-0600,37.14972222,-94.49805556,USW00013987,JOPLIN RGNL AP                              ,0.368175,PASS
12519,1251902,JMS,2025-01-01,2025-12-31,1|2|3|4|5|6|7|8|9|10|11|12,652,11,3,0,0,641,11,12519,JMS,7/1/2011 12:00:00 AM,,True,-0600,46.92972222,-98.67805556,USW00014919,JAMESTOWN MUNI AP                           ,0.732842,PASS
12523,1252306,JNU,2025-01-01,2025-12-31,1|2|3|4|5|6|7|8|9|10|11|12,4703,89,34,0,0,4620,83,12523,JNU,12/1/2017 12:00:00 AM,,True,-0900,58.35472222,-134.57833333,USW00025309,JUNEAU AP                              70381,1.300314,PASS
12544,1254404,USA,2025-01-01,2025-12-31,1|2|3|4|5|6|7|8|9|10|11|12,710,6,1,0,0,704,6,12544,USA,4/1/2019 12:00:00 AM,,True,-0500,35.38777778,-80.70916667,USW00063801,CONCORD RGNL AP                             ,0.278333,PASS
12559,1255905,JST,2025-01-01,2025-06-30,1|2|3|4|5|6,362,12,0,0,0,350,12,12559,JST,12/1/2017 12:00:00 AM,6/30/2025 12:00:00 AM,True,-0500,40.31555556,-78.83472222,USW00004726,JOHNSTOWN CAMBRIA CO AP                     ,0.338238,PASS
12559,1255906,JST,2025-07-01,2025-12-31,7|8|9|10|11|12,365,11,1,0,0,354,11,12559,JST,7/1/2025 12:00:00 AM,,True,-0500,40.31527778,-78.83416667,USW00004726,JOHNSTOWN CAMBRIA CO AP                     ,0.287113,PASS
12758,1275804,KOA,2025-01-01,2025-06-30,1|2|3|4|5|6,7934,71,11,0,0,7867,67,12758,KOA,12/1/2017 12:00:00 AM,6/30/2025 12:00:00 AM,True,-1000,19.73888889,-156.04555556,USW00021510,KAILUA KONA KE-AHOLE AP                     ,0.292539,PASS
12758,1275805,KOA,2025-07-01,2025-12-31,7|8|9|10|11|12,7862,82,11,0,0,7781,81,12758,KOA,7/1/2025 12:00:00 AM,,True,-1000,19.73333333,-156.04611111,USW00021510,KAILUA KONA KE-AHOLE AP                     ,0.538531,PASS
12819,1281902,KTN,2025-01-01,2025-12-31,1|2|3|4|5|6|7|8|9|10|11|12,2388,59,4,0,0,2333,55,12819,KTN,7/1/2011 12:00:00 AM,,True,-0900,55.35416667,-131.71111111,USW00025325,KETCHIKAN AP                           70395,0.841491,PASS
12878,1287803,LAF,2025-08-05,2025-12-31,8|9|10|11|12,236,5,0,0,0,231,5,12878,LAF,7/1/2011 12:00:00 AM,,True,-0500,40.41222222,-86.93694444,USW00014835,LAFAYETTE PURDUE UNIV AP                    ,0.893679,PASS
12884,1288403,LAN,2025-01-01,2025-12-31,1|2|3|4|5|6|7|8|9|10|11|12,2188,52,3,0,0,2137,51,12884,LAN,7/1/2011 12:00:00 AM,,True,-0500,42.77861111,-84.58611111,USW00014836,LANSING CAPITAL CITY AP                72539,1.143693,PASS
12888,1288802,LAR,2025-01-01,2025-06-30,1|2|3|4|5|6,311,16,0,0,0,295,16,12888,LAR,7/1/2011 12:00:00 AM,6/30/2025 12:00:00 AM,True,-0700,41.31194444,-105.67500000,USW00024022,LARAMIE AP                                  ,0.528411,PASS
12888,1288803,LAR,2025-07-01,2025-12-31,7|8|9|10|11|12,316,8,0,0,0,308,8,12888,LAR,7/1/2025 12:00:00 AM,,True,-0700,41.31333333,-105.67277778,USW00024022,LARAMIE AP                                  ,0.341004,PASS
12889,1288904,LAS,2025-01-01,2025-12-31,1|2|3|4|5|6|7|8|9|10|11|12,186202,1447,533,0,0,184839,1363,12889,LAS,10/1/2022 12:00:00 AM,,True,-0800,36.08000000,-115.15222222,USW00023169,MCCARRAN INTL AP                       72386,1.342538,PASS
12891,1289102,LAW,2025-01-01,2025-06-30,1|2|3|4|5|6,543,40,0,0,0,504,39,12891,LAW,7/1/2011 12:00:00 AM,6/30/2025 12:00:00 AM,True,-0600,34.56777778,-98.41666667,USW00003950,LAWTON MUNI AP                              ,1.110554,PASS
12891,1289103,LAW,2025-07-01,2025-12-31,7|8|9|10|11|12,545,17,1,0,0,529,16,12891,LAW,7/1/2025 12:00:00 AM,,True,-0600,34.56666667,-98.41638889,USW00003950,LAWTON MUNI AP                              ,0.988724,PASS
12892,1289208,LAX,2025-01-01,2025-06-30,1|2|3|4|5|6,96761,551,303,0,0,96245,516,12892,LAX,12/1/2017 12:00:00 AM,6/30/2025 12:00:00 AM,True,-0800,33.94250000,-118.40805556,USW00023174,LOS ANGELES INTL AP                    72295,2.029887,PASS
12892,1289209,LAX,2025-07-01,2025-12-31,7|8|9|10|11|12,99848,881,296,0,0,99001,847,12892,LAX,7/1/2025 12:00:00 AM,,True,-0800,33.94305556,-118.40888889,USW00023174,LOS ANGELES INTL AP                    72295,2.119783,PASS
12896,1289607,LBB,2025-01-01,2025-06-30,1|2|3|4|5|6,3686,90,16,0,0,3597,89,12896,LBB,12/1/2017 12:00:00 AM,6/30/2025 12:00:00 AM,True,-0600,33.66361111,-101.82055556,USW00023042,LUBBOCK                                72267,1.200463,PASS
12896,1289608,LBB,2025-07-01,2025-12-31,7|8|9|10|11|12,4077,40,18,0,0,4038,39,12896,LBB,7/1/2025 12:00:00 AM,,True,-0600,33.66166667,-101.81861111,USW00023042,LUBBOCK                                72267,0.925208,PASS
12898,1289806,LBE,2025-01-01,2025-12-31,1|2|3|4|5|6|7|8|9|10|11|12,492,7,2,0,0,485,7,12898,LBE,12/1/2017 12:00:00 AM,,True,-0500,40.27305556,-79.41027778,USW00054735,LATROBE                                     ,1.434507,PASS
12899,1289902,LBF,2025-01-01,2025-12-31,1|2|3|4|5|6|7|8|9|10|11|12,626,15,2,0,0,611,15,12899,LBF,7/1/2011 12:00:00 AM,,True,-0600,41.12611111,-100.68361111,USW00024023,N PLATTE RGNL AP                       72562,1.318201,PASS
12902,1290205,LBL,2025-01-01,2025-06-30,1|2|3|4|5|6,311,11,0,0,0,300,11,12902,LBL,12/1/2017 12:00:00 AM,6/30/2025 12:00:00 AM,True,-0600,37.04388889,-100.96000000,USW00023020,LIBERAL MUNI AP                             ,0.902956,PASS
12902,1290206,LBL,2025-07-01,2025-12-31,7|8|9|10|11|12,316,5,0,0,0,311,5,12902,LBL,7/1/2025 12:00:00 AM,,True,-0600,37.05055556,-100.95638889,USW00023020,LIBERAL MUNI AP                             ,0.917148,PASS
12915,1291503,LCH,2025-01-01,2025-12-31,1|2|3|4|5|6|7|8|9|10|11|12,1985,72,1,0,0,1915,70,12915,LCH,7/1/2011 12:00:00 AM,,True,-0600,30.12611111,-93.22333333,USI0000KLCH,LAKE CHARLES RGNL                           ,0.003435,PASS
12917,1291703,LCK,2025-01-01,2025-12-31,1|2|3|4|5|6|7|8|9|10|11|12,1170,6,5,0,0,1164,6,12917,LCK,7/1/2011 12:00:00 AM,,True,-0500,39.81388889,-82.92777778,USW00013812,COLUMBUS RICKENBACKER                       ,0.565832,PASS
12945,1294503,LEX,2025-01-01,2025-12-31,1|2|3|4|5|6|7|8|9|10|11|12,11079,226,23,0,0,10857,222,12945,LEX,7/1/2011 12:00:00 AM,,True,-0500,38.03666667,-84.60861111,USW00093820,LEXINGTON BLUEGRASS AP                 72422,0.392813,PASS
12951,1295106,LFT,2025-01-01,2025-06-30,1|2|3|4|5|6,2689,113,7,0,0,2577,112,12951,LFT,12/1/2017 12:00:00 AM,6/30/2025 12:00:00 AM,True,-0600,30.20500000,-91.98777778,USW00013976,LAFAYETTE RGNL AP                           ,0.728524,PASS
12951,1295107,LFT,2025-07-01,2025-12-31,7|8|9|10|11|12,2838,34,7,0,0,2806,32,12951,LFT,7/1/2025 12:00:00 AM,,True,-0600,30.20388889,-91.98638889,USW00013976,LAFAYETTE RGNL AP                           ,0.655436,PASS
12953,1295304,LGA,2025-01-01,2025-12-31,1|2|3|4|5|6|7|8|9|10|11|12,166068,5269,492,0,0,161154,4914,12953,LGA,12/1/2017 12:00:00 AM,,True,-0500,40.77722222,-73.87250000,USW00014732,LAGUARDIA AP                           72503,0.699994,PASS
12954,1295407,LGB,2025-01-01,2025-12-31,1|2|3|4|5|6|7|8|9|10|11|12,16724,79,26,0,0,16650,74,12954,LGB,10/1/2018 12:00:00 AM,,True,-0800,33.81805556,-118.15194444,USW00023129,LONG BEACH DAUGHERTY AP                72297,0.831599,PASS
12982,1298202,LIH,2025-01-01,2025-06-30,1|2|3|4|5|6,7808,75,11,0,0,7736,72,12982,LIH,7/1/2011 12:00:00 AM,6/30/2025 12:00:00 AM,True,-1000,21.97611111,-159.33888889,USW00022536,LIHUE WSO AP 1020.1                    91165,0.500031,PASS
12982,1298203,LIH,2025-07-01,2025-12-31,7|8|9|10|11|12,7856,77,8,0,0,7781,75,12982,LIH,7/1/2025 12:00:00 AM,,True,-1000,21.98500000,-159.33611111,USW00022536,LIHUE WSO AP 1020.1                    91165,0.552479,PASS
12992,1299206,LIT,2025-01-01,2025-12-31,1|2|3|4|5|6|7|8|9|10|11|12,15314,306,35,0,0,15017,297,12992,LIT,12/1/2017 12:00:00 AM,,True,-0600,34.72944444,-92.22472222,USW00013963,LITTLE ROCK AP ADAMS FLD                    ,1.042675,PASS
13029,1302902,LNK,2025-01-01,2025-06-30,1|2|3|4|5|6,1422,22,8,0,0,1400,22,13029,LNK,7/1/2011 12:00:00 AM,6/30/2025 12:00:00 AM,True,-0600,40.85083333,-96.75916667,USW00014939,LINCOLN AP                             72551,0.574786,PASS
13029,1302903,LNK,2025-07-01,2025-12-31,7|8|9|10|11|12,1591,26,7,0,0,1565,26,13029,LNK,7/1/2025 12:00:00 AM,,True,-0600,40.85194444,-96.75583333,USW00014939,LINCOLN AP                             72551,0.876680,PASS
13061,1306106,LRD,2025-01-01,2025-12-31,1|2|3|4|5|6|7|8|9|10|11|12,3052,90,4,0,0,2962,90,13061,LRD,12/1/2017 12:00:00 AM,,True,-0600,27.54416667,-99.46166667,,,1.306262,AMBIGUOUS_TIE
13076,1307605,LSE,2025-01-01,2025-06-30,1|2|3|4|5|6,503,8,2,0,0,495,8,13076,LSE,12/1/2017 12:00:00 AM,6/30/2025 12:00:00 AM,True,-0600,43.87916667,-91.25666667,USW00014920,LA CROSSE MUNI AP                      72643,0.285892,PASS
13076,1307606,LSE,2025-07-01,2025-12-31,7|8|9|10|11|12,524,22,0,0,0,503,21,13076,LSE,7/1/2025 12:00:00 AM,,True,-0600,43.87888889,-91.25611111,USW00014920,LA CROSSE MUNI AP                      72643,0.243807,PASS
13127,1312702,LWS,2025-01-01,2025-06-30,1|2|3|4|5|6,394,2,1,0,0,392,2,13127,LWS,7/1/2011 12:00:00 AM,6/30/2025 12:00:00 AM,True,-0800,46.37444444,-117.01527778,USW00024149,LEWISTON AP                            72783,0.005227,PASS
13127,1312703,LWS,2025-07-01,2025-12-31,7|8|9|10|11|12,367,0,1,0,0,367,0,13127,LWS,7/1/2025 12:00:00 AM,,True,-0800,46.37166667,-117.00694444,USW00024149,LEWISTON AP                            72783,0.709442,PASS
13139,1313903,LYH,2025-01-01,2025-12-31,1|2|3|4|5|6|7|8|9|10|11|12,1743,32,3,0,0,1711,32,13139,LYH,10/1/2022 12:00:00 AM,,True,-0500,37.32527778,-79.20111111,USW00013733,LYNCHBURG RGNL AP                      72410,0.636114,PASS
13158,1315805,MAF,2025-01-01,2025-12-31,1|2|3|4|5|6|7|8|9|10|11|12,11292,169,37,0,0,11127,165,13158,MAF,12/1/2017 12:00:00 AM,,True,-0600,31.94250000,-102.20194444,USC00415893,WFO MIDLAND                                 ,1.164847,PASS
13184,1318403,MBS,2025-01-01,2025-12-31,1|2|3|4|5|6|7|8|9|10|11|12,2341,39,2,0,0,2302,39,13184,MBS,7/1/2011 12:00:00 AM,,True,-0500,43.53305556,-84.07972222,USW00014845,SAGINAW MBS INTL AP                         ,0.567391,PASS
13198,1319801,MCI,2025-01-01,2025-06-30,1|2|3|4|5|6,24977,543,55,0,0,24446,531,13198,MCI,1/1/1950 12:00:00 AM,6/30/2025 12:00:00 AM,True,-0600,39.29750000,-94.71388889,USW00003947,KANSAS CITY INTL AP                    72446,1.455206,PASS
13198,1319802,MCI,2025-07-01,2025-12-31,7|8|9|10|11|12,26296,299,78,0,0,26007,289,13198,MCI,7/1/2025 12:00:00 AM,,True,-0600,39.29722222,-94.71333333,USW00003947,KANSAS CITY INTL AP                    72446,1.503332,PASS
13204,1320402,MCO,2025-01-01,2025-06-30,1|2|3|4|5|6,81732,776,226,0,0,80982,750,13204,MCO,7/1/2011 12:00:00 AM,6/30/2025 12:00:00 AM,True,-0500,28.42944444,-81.30888889,USW00012815,ORLANDO INTL AP                        72205,1.943576,PASS
13204,1320403,MCO,2025-07-01,2025-12-31,7|8|9|10|11|12,78330,892,205,0,0,77462,868,13204,MCO,7/1/2025 12:00:00 AM,,True,-0500,28.42916667,-81.30666667,USW00012815,ORLANDO INTL AP                        72205,2.097589,PASS
13211,1321105,MCW,2025-01-01,2025-12-31,1|2|3|4|5|6|7|8|9|10|11|12,627,31,1,0,0,596,31,13211,MCW,12/1/2017 12:00:00 AM,,True,-0600,43.15777778,-93.33111111,USW00014940,MASON CITY MUNI AP                          ,0.553441,PASS
13230,1323002,MDT,2025-01-01,2025-12-31,1|2|3|4|5|6|7|8|9|10|11|12,10973,124,25,0,0,10855,118,13230,MDT,7/1/2011 12:00:00 AM,,True,-0500,40.19305556,-76.76250000,USW00014711,MIDDLETOWN HARRISBURG INTL AP          72399,0.914348,PASS
13232,1323202,MDW,2025-01-01,2025-12-31,1|2|3|4|5|6|7|8|9|10|11|12,74313,807,193,0,0,73513,800,13232,MDW,7/1/2011 12:00:00 AM,,True,-0600,41.78583333,-87.75250000,USW00014819,CHICAGO MIDWAY AP                      72534,0.294756,PASS
13241,1324102,MEI,2025-01-01,2025-06-30,1|2|3|4|5|6,311,8,1,0,0,303,8,13241,MEI,7/1/2011 12:00:00 AM,6/30/2025 12:00:00 AM,True,-0600,32.33250000,-88.75194444,USW00013865,MERIDIAN KEY FLD                       72234,0.267217,PASS
13241,1324103,MEI,2025-07-01,2025-12-31,7|8|9|10|11|12,316,1,0,0,0,315,1,13241,MEI,7/1/2025 12:00:00 AM,,True,-0600,32.33000000,-88.75416667,USW00013865,MERIDIAN KEY FLD                       72234,0.610888,PASS
13244,1324402,MEM,2025-01-01,2025-06-30,1|2|3|4|5|6,12406,264,32,0,0,12146,260,13244,MEM,7/1/2011 12:00:00 AM,6/30/2025 12:00:00 AM,True,-0600,35.04250000,-89.97666667,USW00013893,MEMPHIS INTL AP                        72334,1.781563,PASS
13244,1324403,MEM,2025-07-01,2025-12-31,7|8|9|10|11|12,13824,213,40,0,0,13613,211,13244,MEM,7/1/2025 12:00:00 AM,,True,-0600,35.04277778,-89.97666667,USW00013893,MEMPHIS INTL AP                        72334,1.754832,PASS
13256,1325603,MFE,2025-01-01,2025-12-31,1|2|3|4|5|6|7|8|9|10|11|12,6555,125,16,0,0,6435,120,13256,MFE,5/1/2023 12:00:00 AM,,True,-0600,26.17583333,-98.23861111,USW00012959,MCALLEN MILLER INTL AP                      ,0.688367,PASS
13264,1326404,MFR,2025-01-01,2025-12-31,1|2|3|4|5|6|7|8|9|10|11|12,7627,105,10,0,0,7524,103,13264,MFR,10/1/2022 12:00:00 AM,,True,-0800,42.37500000,-122.87333333,USW00024225,MEDFORD INTL AP                        72597,0.292985,PASS
13277,1327702,MGM,2025-01-01,2025-06-30,1|2|3|4|5|6,1897,67,6,0,0,1831,66,13277,MGM,7/1/2011 12:00:00 AM,6/30/2025 12:00:00 AM,True,-0600,32.30055556,-86.39388889,USW00013895,MONTGOMERY AP                          72226,1.282825,PASS
13277,1327703,MGM,2025-07-01,2025-12-31,7|8|9|10|11|12,1961,37,8,0,0,1926,35,13277,MGM,7/1/2025 12:00:00 AM,,True,-0600,32.30055556,-86.39000000,USW00013895,MONTGOMERY AP                          72226,1.647553,PASS
13282,1328207,MGW,2025-01-01,2025-12-31,1|2|3|4|5|6|7|8|9|10|11|12,727,31,1,0,0,696,31,13282,MGW,5/1/2023 12:00:00 AM,,True,-0500,39.64361111,-79.91750000,USW00013736,MORGANTOWN MUNI AP                          ,0.727221,PASS
13290,1329003,MHK,2025-01-01,2025-06-30,1|2|3|4|5|6,888,44,2,0,0,845,43,13290,MHK,12/1/2019 12:00:00 AM,6/30/2025 12:00:00 AM,True,-0600,39.14111111,-96.67194444,USW00003936,MANHATTAN ASOS                              ,0.957469,PASS
13290,1329004,MHK,2025-07-01,2025-12-31,7|8|9|10|11|12,849,22,2,0,0,827,22,13290,MHK,7/1/2025 12:00:00 AM,,True,-0600,39.14222222,-96.66888889,USW00003936,MANHATTAN ASOS                              ,1.225571,PASS
13296,1329605,MHT,2025-01-01,2025-12-31,1|2|3|4|5|6|7|8|9|10|11|12,7908,176,29,0,0,7743,165,13296,MHT,10/1/2022 12:00:00 AM,,True,-0500,42.93277778,-71.43583333,USW00014710,MANCHESTER AP                               ,0.342761,PASS
13303,1330303,MIA,2025-01-01,2025-06-30,1|2|3|4|5|6,58702,753,199,0,0,57988,714,13303,MIA,7/1/2011 12:00:00 AM,6/30/2025 12:00:00 AM,True,-0500,25.79527778,-80.29000000,USW00012839,MIAMI INTL AP                          72202,2.808952,PASS
13303,1330304,MIA,2025-07-01,2025-12-31,7|8|9|10|11|12,53221,666,176,0,0,52580,641,13303,MIA,7/1/2025 12:00:00 AM,,True,-0500,25.79611111,-80.28972222,USW00012839,MIAMI INTL AP                          72202,2.863081,PASS
13342,1334207,MKE,2025-01-01,2025-12-31,1|2|3|4|5|6|7|8|9|10|11|12,30627,501,77,0,0,30138,489,13342,MKE,12/1/2017 12:00:00 AM,,True,-0600,42.94694444,-87.89694444,USW00014839,MILWAUKEE MITCHELL AP                  72640,1.081917,PASS
13360,1336004,MLB,2025-01-01,2025-06-30,1|2|3|4|5|6,1501,34,4,0,0,1467,34,13360,MLB,10/1/2022 12:00:00 AM,6/30/2025 12:00:00 AM,True,-0500,28.10277778,-80.64527778,USW00012838,MELBOURNE INTL AP                      72204,1.009073,PASS
13360,1336005,MLB,2025-07-01,2025-12-31,7|8|9|10|11|12,1441,18,2,0,0,1424,17,13360,MLB,7/1/2025 12:00:00 AM,,True,-0500,28.10222222,-80.64333333,USW00012838,MELBOURNE INTL AP                      72204,0.808729,PASS
13367,1336707,MLI,2025-01-01,2025-06-30,1|2|3|4|5|6,2732,43,4,0,0,2689,43,13367,MLI,5/1/2023 12:00:00 AM,6/30/2025 12:00:00 AM,True,-0600,41.44833333,-90.50777778,USW00014923,MOLINE QUAD CITY INTL AP               72544,1.318986,PASS
13367,1336708,MLI,2025-07-01,2025-12-31,7|8|9|10|11|12,2984,75,9,0,0,2912,72,13367,MLI,7/1/2025 12:00:00 AM,,True,-0600,41.44750000,-90.50805556,USW00014923,MOLINE QUAD CITY INTL AP               72544,1.297304,PASS
13377,1337703,MLU,2025-01-01,2025-06-30,1|2|3|4|5|6,1069,34,2,0,0,1039,30,13377,MLU,10/1/2022 12:00:00 AM,6/30/2025 12:00:00 AM,True,-0600,32.51055556,-92.03611111,USW00013942,MONROE RGNL AP                              ,0.801862,PASS
13377,1337704,MLU,2025-07-01,2025-12-31,7|8|9|10|11|12,1079,24,2,0,0,1055,24,13377,MLU,7/1/2025 12:00:00 AM,,True,-0600,32.51138889,-92.03666667,USW00013942,MONROE RGNL AP                              ,0.781043,PASS
13422,1342202,MOB,2025-01-01,2025-12-31,1|2|3|4|5|6|7|8|9|10|11|12,6216,164,21,0,0,6055,161,13422,MOB,7/1/2011 12:00:00 AM,,True,-0600,30.69138889,-88.24277778,USW00013894,MOBILE                                 72223,1.359312,PASS
13433,1343302,MOT,2025-01-01,2025-12-31,1|2|3|4|5|6|7|8|9|10|11|12,2906,41,8,0,0,2865,41,13433,MOT,7/1/2011 12:00:00 AM,,True,-0600,48.25777778,-101.27805556,USW00024013,MINOT INTL AP                               ,0.941612,PASS
13459,1345904,MQT,2025-01-01,2025-12-31,1|2|3|4|5|6|7|8|9|10|11|12,1353,41,0,0,0,1313,40,13459,MQT,5/1/2023 12:00:00 AM,,True,-0500,46.34916667,-87.39638889,,,0.292243,AMBIGUOUS_TIE
13476,1347605,MRY,2025-01-01,2025-06-30,1|2|3|4|5|6,2555,22,5,0,0,2534,21,13476,MRY,12/1/2017 12:00:00 AM,6/30/2025 12:00:00 AM,True,-0800,36.58694444,-121.84305556,USW00023259,MONTEREY PENINSUL AP                        ,0.641484,PASS
13476,1347606,MRY,2025-07-01,2025-12-31,7|8|9|10|11|12,2614,34,9,0,0,2580,34,13476,MRY,7/1/2025 12:00:00 AM,,True,-0800,36.58694444,-121.84194444,USW00023259,MONTEREY PENINSUL AP                        ,0.724481,PASS
13485,1348502,MSN,2025-01-01,2025-12-31,1|2|3|4|5|6|7|8|9|10|11|12,14701,252,50,0,0,14453,248,13485,MSN,7/1/2011 12:00:00 AM,,True,-0600,43.14000000,-89.33750000,USW00014837,MADISON DANE CO RGNL AP                72641,0.636375,PASS
13486,1348603,MSO,2025-01-01,2025-06-30,1|2|3|4|5|6,2565,12,8,0,0,2555,10,13486,MSO,10/1/2022 12:00:00 AM,6/30/2025 12:00:00 AM,True,-0700,46.91638889,-114.09055556,USW00024153,MISSOULA INTL AP                       72773,0.552364,PASS
13486,1348604,MSO,2025-07-01,2025-12-31,7|8|9|10|11|12,3258,32,19,0,0,3227,31,13486,MSO,7/1/2025 12:00:00 AM,,True,-0700,46.91611111,-114.09138889,USW00024153,MISSOULA INTL AP                       72773,0.555169,PASS
13487,1348702,MSP,2025-01-01,2025-12-31,1|2|3|4|5|6|7|8|9|10|11|12,128943,1118,341,0,0,127870,1073,13487,MSP,7/1/2011 12:00:00 AM,,True,-0600,44.88194444,-93.22166667,USW00014947,MINNEAPOLIS NAS                             ,0.419339,PASS
13495,1349505,MSY,2025-01-01,2025-06-30,1|2|3|4|5|6,26663,653,71,0,0,26018,645,13495,MSY,12/1/2017 12:00:00 AM,6/30/2025 12:00:00 AM,True,-0600,29.99333333,-90.25916667,USW00012916,NEW ORLEANS AP                         72231,1.853279,PASS
13495,1349506,MSY,2025-07-01,2025-12-31,7|8|9|10|11|12,24656,259,77,0,0,24403,253,13495,MSY,7/1/2025 12:00:00 AM,,True,-0600,29.98888889,-90.25000000,USW00012916,NEW ORLEANS AP                         72231,2.843336,PASS
13502,1350202,MTJ,2025-01-01,2025-06-30,1|2|3|4|5|6,1440,13,4,0,0,1427,13,13502,MTJ,7/1/2011 12:00:00 AM,6/30/2025 12:00:00 AM,True,-0700,38.50972222,-107.89416667,USW00093013,MONTROSE RGNL AP                            ,0.599111,PASS
13502,1350203,MTJ,2025-07-01,2025-12-31,7|8|9|10|11|12,1140,8,7,0,0,1133,7,13502,MTJ,7/1/2025 12:00:00 AM,,True,-0700,38.50888889,-107.89444444,USW00093013,MONTROSE RGNL AP                            ,0.510325,PASS
13541,1354102,MVY,2025-05-22,2025-06-30,5|6,210,12,1,0,0,199,11,13541,MVY,7/1/2011 12:00:00 AM,6/30/2025 12:00:00 AM,True,-0500,41.39333333,-70.61388889,USW00094724,VINEYARD HAVEN MARTHAS VINEYAR              ,0.161517,PASS
13541,1354103,MVY,2025-07-01,2025-10-13,7|8|9|10,860,31,3,0,0,834,26,13541,MVY,7/1/2025 12:00:00 AM,,True,-0500,41.39305556,-70.61222222,USW00094724,VINEYARD HAVEN MARTHAS VINEYAR              ,0.298491,PASS
13577,1357702,MYR,2025-01-01,2025-12-31,1|2|3|4|5|6|7|8|9|10|11|12,15507,345,31,0,0,15176,331,13577,MYR,7/1/2011 12:00:00 AM,,True,-0500,33.67972222,-78.92833333,USW00013717,MYRTLE BEACH AFB                       74791,0.607838,PASS
13795,1379502,OAJ,2025-01-01,2025-12-31,1|2|3|4|5|6|7|8|9|10|11|12,3257,56,5,0,0,3202,55,13795,OAJ,7/1/2011 12:00:00 AM,,True,-0500,34.82916667,-77.61222222,USW00093753,JACKSONVLLE A ELLIS AP                      ,0.615040,PASS
13796,1379610,OAK,2025-01-01,2025-06-30,1|2|3|4|5|6,18634,102,29,0,0,18535,99,13796,OAK,5/1/2023 12:00:00 AM,6/30/2025 12:00:00 AM,True,-0800,37.72138889,-122.22111111,USW00023230,OAKLAND INTL AP                        72493,1.127491,PASS
13796,1379611,OAK,2025-07-01,2025-12-31,7|8|9|10|11|12,17310,134,36,0,0,17182,128,13796,OAK,7/1/2025 12:00:00 AM,,True,-0800,37.72138889,-122.22111111,USW00023230,OAKLAND INTL AP                        72493,1.127491,PASS
13830,1383002,OGG,2025-01-01,2025-06-30,1|2|3|4|5|6,12843,110,21,0,0,12739,104,13830,OGG,7/1/2011 12:00:00 AM,6/30/2025 12:00:00 AM,True,-1000,20.89861111,-156.43055556,USW00022516,KAHULUI AP                             91190,1.182659,PASS
13830,1383003,OGG,2025-07-01,2025-12-31,7|8|9|10|11|12,12662,111,18,0,0,12558,104,13830,OGG,7/1/2025 12:00:00 AM,,True,-1000,20.90277778,-156.42611111,USW00022516,KAHULUI AP                             91190,1.796325,PASS
13851,1385103,OKC,2025-01-01,2025-06-30,1|2|3|4|5|6,12309,224,33,0,0,12087,222,13851,OKC,7/1/2011 12:00:00 AM,6/30/2025 12:00:00 AM,True,-0600,35.39305556,-97.60083333,USW00013967,OKLAHOMA CY WILL ROGERS WORLD          72353,0.531000,PASS
13851,1385104,OKC,2025-07-01,2025-12-31,7|8|9|10|11|12,13106,142,42,0,0,12967,139,13851,OKC,7/1/2025 12:00:00 AM,,True,-0600,35.39250000,-97.60222222,USW00013967,OKLAHOMA CY WILL ROGERS WORLD          72353,0.498467,PASS
13871,1387102,OMA,2025-01-01,2025-06-30,1|2|3|4|5|6,12448,214,28,0,0,12235,213,13871,OMA,7/1/2011 12:00:00 AM,6/30/2025 12:00:00 AM,True,-0600,41.30305556,-95.89416667,USW00014942,OMAHA EPPLEY AIRFIELD                  72550,1.176620,PASS
13871,1387103,OMA,2025-07-01,2025-12-31,7|8|9|10|11|12,13410,151,33,0,0,13262,148,13871,OMA,7/1/2025 12:00:00 AM,,True,-0600,41.30305556,-95.89388889,USW00014942,OMAHA EPPLEY AIRFIELD                  72550,1.189515,PASS
13873,1387306,OME,2025-01-02,2025-12-31,1|2|3|4|5|6|7|8|9|10|11|12,723,24,2,0,0,699,24,13873,OME,10/1/2022 12:00:00 AM,,True,-0900,64.51055556,-165.44472222,USW00026617,NOME AP                                70200,0.233936,PASS
13891,1389101,ONT,2025-01-01,2025-12-31,1|2|3|4|5|6|7|8|9|10|11|12,26746,249,57,0,0,26503,243,13891,ONT,1/1/1950 12:00:00 AM,,True,-0800,34.05611111,-117.60111111,USW00003102,ONTARIO INTL AP                             ,2.255453,PASS
13930,1393008,ORD,2025-01-01,2025-12-31,1|2|3|4|5|6|7|8|9|10|11|12,357302,6209,1009,0,0,351433,5869,13930,ORD,10/1/2022 12:00:00 AM,,True,-0600,41.97694444,-87.90805556,USW00014810,PARK RIDGE AF                               ,0.970989,PASS
13931,1393102,ORF,2025-01-01,2025-12-31,1|2|3|4|5|6|7|8|9|10|11|12,24440,620,37,0,0,23839,601,13931,ORF,7/1/2011 12:00:00 AM,,True,-0500,36.89472222,-76.20111111,USW00013737,NORFOLK INTL AP                        72308,1.233157,PASS
13933,1393305,ORH,2025-01-01,2025-12-31,1|2|3|4|5|6|7|8|9|10|11|12,1439,36,6,0,0,1406,33,13933,ORH,12/1/2017 12:00:00 AM,,True,-0500,42.26722222,-71.87555556,USW00094746,WORCESTER                              72510,0.426492,PASS
13964,1396403,OTH,2025-01-01,2025-12-31,1|2|3|4|5|6|7|8|9|10|11|12,473,2,5,0,0,471,2,13964,OTH,7/1/2011 12:00:00 AM,,True,-0800,43.41694444,-124.24694444,USW00024284,N BEND SW OREGON RGNL AP                    ,0.487027,PASS
13970,1397005,OTZ,2025-01-02,2025-06-30,1|2|3|4|5|6,360,22,0,0,0,338,22,13970,OTZ,12/1/2017 12:00:00 AM,6/30/2025 12:00:00 AM,True,-0900,66.88472222,-162.59805556,USA00701334,KOTZEBUE                                    ,0.209472,PASS
13970,1397006,OTZ,2025-07-01,2025-12-30,7|8|9|10|11|12,357,17,0,0,0,340,17,13970,OTZ,7/1/2025 12:00:00 AM,,True,-0900,66.88916667,-162.60666667,USW00026616,KOTZEBUE AP                            70133,0.396599,PASS
14004,1400403,PAE,2025-01-01,2025-06-30,1|2|3|4|5|6,1740,19,10,0,0,1723,17,14004,PAE,10/1/2022 12:00:00 AM,6/30/2025 12:00:00 AM,True,-0800,47.90722222,-122.28222222,USW00024222,EVERETT SNOHOMISH CO AP                     ,1.788967,PASS
14004,1400404,PAE,2025-07-01,2025-12-31,7|8|9|10|11|12,1769,26,8,0,0,1744,25,14004,PAE,7/1/2025 12:00:00 AM,,True,-0800,47.90722222,-122.28222222,USW00024222,EVERETT SNOHOMISH CO AP                     ,1.788967,PASS
14025,1402501,PBG,2025-01-01,2025-12-31,1|2|3|4|5|6|7|8|9|10|11|12,537,11,0,0,0,526,11,14025,PBG,12/1/1975 12:00:00 AM,,True,-0500,44.65083333,-73.46805556,USI0000KPBG,PLATTSBURGH AFB                             ,0.008205,PASS
14027,1402702,PBI,2025-01-01,2025-12-31,1|2|3|4|5|6|7|8|9|10|11|12,30981,477,127,0,0,30513,468,14027,PBI,7/1/2011 12:00:00 AM,7/31/2026 12:00:00 AM,True,-0500,26.68305556,-80.09555556,USW00012844,W PALM BEACH INTL AP                   72203,0.421726,PASS
14057,1405702,PDX,2025-01-01,2025-06-30,1|2|3|4|5|6,35497,233,77,0,0,35269,228,14057,PDX,7/1/2011 12:00:00 AM,6/30/2025 12:00:00 AM,True,-0800,45.58861111,-122.59694444,USW00024229,PORTLAND INTL AP                       72698,1.244328,PASS
14057,1405703,PDX,2025-07-01,2025-12-31,7|8|9|10|11|12,39662,322,107,0,0,39354,308,14057,PDX,7/1/2025 12:00:00 AM,,True,-0800,45.58861111,-122.59805556,USW00024229,PORTLAND INTL AP                       72698,1.179380,PASS
14082,1408203,PGD,2025-01-01,2025-12-31,1|2|3|4|5|6|7|8|9|10|11|12,7712,30,19,0,0,7683,29,14082,PGD,10/1/2022 12:00:00 AM,,True,-0500,26.91861111,-81.99083333,USW00012812,PUNTA GORDA CHARLOTTE CO AP                 ,0.306014,PASS
14092,1409205,PGV,2025-01-01,2025-12-31,1|2|3|4|5|6|7|8|9|10|11|12,1062,20,0,0,0,1042,20,14092,PGV,12/1/2017 12:00:00 AM,,True,-0500,35.63555556,-77.38416667,USW00013783,PITT-GREENVILLE AP                          ,0.262753,PASS
14098,1409803,PHF,2025-01-01,2025-06-30,1|2|3|4|5|6,770,22,2,0,0,749,21,14098,PHF,7/1/2011 12:00:00 AM,6/30/2025 12:00:00 AM,True,-0500,37.13194444,-76.49305556,USW00093741,NEWPORT NEWS INTL AP                        ,0.080072,PASS
14098,1409804,PHF,2025-07-01,2025-12-31,7|8|9|10|11|12,731,13,2,0,0,718,13,14098,PHF,7/1/2025 12:00:00 AM,,True,-0500,37.12638889,-76.49888889,USW00093741,NEWPORT NEWS INTL AP                        ,0.783035,PASS
14100,1410005,PHL,2025-01-01,2025-06-30,1|2|3|4|5|6,59977,1247,186,0,0,58839,1138,14100,PHL,12/1/2017 12:00:00 AM,6/30/2025 12:00:00 AM,True,-0500,39.87194444,-75.24055556,USW00013739,PHILA INTL AP                          72408,1.175060,PASS
14100,1410006,PHL,2025-07-01,2025-12-31,7|8|9|10|11|12,64322,1210,210,0,0,63224,1098,14100,PHL,7/1/2025 12:00:00 AM,,True,-0500,39.87416667,-75.23666667,USW00013739,PHILA INTL AP                          72408,0.839018,PASS
14107,1410702,PHX,2025-01-01,2025-06-30,1|2|3|4|5|6,101908,554,260,0,0,101378,530,14107,PHX,7/1/2011 12:00:00 AM,6/30/2025 12:00:00 AM,True,-0700,33.43416667,-112.01166667,USW00023183,PHOENIX AP                             72278,1.030310,PASS
14107,1410703,PHX,2025-07-01,2025-12-31,7|8|9|10|11|12,95469,869,256,0,0,94629,840,14107,PHX,7/1/2025 12:00:00 AM,,True,-0700,33.43361111,-112.01194444,USW00023183,PHOENIX AP                             72278,1.008537,PASS
14108,1410803,PIA,2025-01-01,2025-06-30,1|2|3|4|5|6,2750,44,3,0,0,2708,42,14108,PIA,7/1/2011 12:00:00 AM,6/30/2025 12:00:00 AM,True,-0600,40.66416667,-89.69333333,USW00014842,GENERAL WAYNE A DOWNING INTL A         72532,0.854873,PASS
14108,1410804,PIA,2025-07-01,2025-12-31,7|8|9|10|11|12,3040,92,7,0,0,2952,88,14108,PIA,7/1/2025 12:00:00 AM,,True,-0600,40.65972222,-89.68888889,USW00014842,GENERAL WAYNE A DOWNING INTL A         72532,0.950990,PASS
14109,1410902,PIB,2025-01-01,2025-12-31,1|2|3|4|5|6|7|8|9|10|11|12,627,12,0,0,0,615,12,14109,PIB,7/1/2011 12:00:00 AM,,True,-0600,31.46722222,-89.33694444,USW00053808,LAUREL HATTIESBURG RGNL AP                  ,0.350493,PASS
14112,1411206,PIE,2025-01-01,2025-12-31,1|2|3|4|5|6|7|8|9|10|11|12,9415,45,31,0,0,9372,43,14112,PIE,12/1/2017 12:00:00 AM,,True,-0500,27.90861111,-82.68638889,USW00012873,ST PETERSBURG CLEARWATER INTL               ,0.439318,PASS
14113,1411302,PIH,2025-01-01,2025-06-30,1|2|3|4|5|6,361,0,0,0,0,361,0,14113,PIH,7/1/2011 12:00:00 AM,6/30/2025 12:00:00 AM,True,-0700,42.90972222,-112.59583333,USW00024108,POCATELLO                                   ,0.846849,PASS
14113,1411303,PIH,2025-07-01,2025-12-31,7|8|9|10|11|12,190,2,0,0,0,188,2,14113,PIH,7/1/2025 12:00:00 AM,,True,-0700,42.89861111,-112.60500000,USW00024108,POCATELLO                                   ,2.052205,PASS
14120,1412003,PIR,2025-08-01,2025-12-31,8|9|10|11|12,297,6,0,0,0,291,6,14120,PIR,7/1/2025 12:00:00 AM,,True,-0600,44.38638889,-100.29583333,USW00024025,PIERRE RGNL AP                         72656,0.900614,PASS
14122,1412202,PIT,2025-01-01,2025-12-31,1|2|3|4|5|6|7|8|9|10|11|12,46810,703,91,0,0,46146,664,14122,PIT,7/1/2011 12:00:00 AM,,True,-0500,40.49138889,-80.23277778,USW00094823,PITTSBURGH ASOS                        72520,1.722984,PASS
14150,1415002,PLN,2025-01-01,2025-06-30,1|2|3|4|5|6,416,20,1,0,0,396,20,14150,PLN,7/1/2011 12:00:00 AM,6/30/2025 12:00:00 AM,True,-0500,45.57083333,-84.79666667,USW00014841,PELLSTON RGNL AP                            ,0.776100,PASS
14150,1415003,PLN,2025-07-01,2025-12-31,7|8|9|10|11|12,509,16,3,0,0,493,16,14150,PLN,7/1/2025 12:00:00 AM,,True,-0500,45.57083333,-84.79666667,USW00014841,PELLSTON RGNL AP                            ,0.776100,PASS
14193,1419306,PNS,2025-01-01,2025-06-30,1|2|3|4|5|6,7540,244,21,0,0,7296,244,14193,PNS,12/1/2017 12:00:00 AM,6/30/2025 12:00:00 AM,True,-0600,30.47333333,-87.18666667,USW00013899,PENSACOLA RGNL AP                      72222,0.530502,PASS
14193,1419307,PNS,2025-07-01,2025-12-31,7|8|9|10|11|12,7742,113,21,0,0,7632,110,14193,PNS,7/1/2025 12:00:00 AM,,True,-0600,30.47277778,-87.18805556,USW00013899,PENSACOLA RGNL AP                      72222,0.602077,PASS
14222,1422208,PPG,2025-01-02,2025-06-30,1|2|3|4|5|6,71,2,0,0,0,69,2,14222,PPG,10/1/2022 12:00:00 AM,6/30/2025 12:00:00 AM,True,-1100,-14.33000000,-170.71027778,USL000KWJP8,KWAJALEIN ISLAND                            ,3497.126337,OVER_10KM
14222,1422209,PPG,2025-07-01,2025-12-30,7|8|9|10|11|12,79,0,0,0,0,79,0,14222,PPG,7/1/2025 12:00:00 AM,,True,-1100,-14.33166667,-170.71138889,USL000KWJP8,KWAJALEIN ISLAND                            ,3497.176061,OVER_10KM
14231,1423103,PQI,2025-01-01,2025-06-30,1|2|3|4|5|6,181,1,0,0,0,180,1,14231,PQI,7/1/2019 12:00:00 AM,6/30/2025 12:00:00 AM,True,-0500,46.68888889,-68.04472222,USW00014604,PRESQUE ISLE MUNI AP                   72713,0.740462,PASS
14231,1423104,PQI,2025-07-01,2025-12-31,7|8|9|10|11|12,184,1,0,0,0,183,1,14231,PQI,7/1/2025 12:00:00 AM,,True,-0500,46.68500000,-68.04694444,USW00014604,PRESQUE ISLE MUNI AP                   72713,0.300102,PASS
14237,1423706,PRC,2025-01-01,2025-12-31,1|2|3|4|5|6|7|8|9|10|11|12,794,7,2,0,0,787,7,14237,PRC,7/1/2019 12:00:00 AM,,True,-0700,34.65472222,-112.41916667,USW00023184,PRESCOTT LOVE FLD                           ,0.673821,PASS
14252,1425203,PSC,2025-01-01,2025-12-31,1|2|3|4|5|6|7|8|9|10|11|12,7099,29,17,0,0,7071,28,14252,PSC,10/1/2022 12:00:00 AM,,True,-0800,46.26472222,-119.11888889,USW00024163,PASCO TRI CITIES AP                         ,0.523669,PASS
14254,1425404,PSE,2025-01-01,2025-12-31,1|2|3|4|5|6|7|8|9|10|11|12,688,7,1,0,0,681,7,14254,PSE,12/1/2017 12:00:00 AM,,True,-0400,18.00888889,-66.56444444,USC00660988,BOTIJAS 2 - OROCOVIS                        ,30.489158,OVER_10KM
14256,1425605,PSG,2025-01-02,2025-12-31,1|2|3|4|5|6|7|8|9|10|11|12,724,22,2,0,0,703,21,14256,PSG,12/1/2017 12:00:00 AM,,True,-0900,56.80138889,-132.94611111,USW00025329,PETERSBURG 1                           70386,0.716648,PASS
14259,1425902,PSM,2025-01-01,2025-12-31,1|2|3|4|5|6|7|8|9|10|11|12,506,0,0,0,0,506,0,14259,PSM,7/1/2011 12:00:00 AM,,True,-0500,43.07805556,-70.82333333,USW00004743,PORTSMOUTH PEASE AFB                        ,0.793917,PASS
14262,1426204,PSP,2025-01-01,2025-12-31,1|2|3|4|5|6|7|8|9|10|11|12,15270,102,45,0,0,15171,99,14262,PSP,8/1/2015 12:00:00 AM,,True,-0800,33.82972222,-116.50666667,USW00093138,PALM SPRINGS ASOS                           ,0.862242,PASS
14303,1430303,PUW,2025-01-01,2025-12-31,1|2|3|4|5|6|7|8|9|10|11|12,1199,22,0,0,0,1177,22,14303,PUW,9/1/2019 12:00:00 AM,,True,-0800,46.74166667,-117.11166667,USW00094129,PULLMAN MOSCOW RGNL AP                      ,0.401083,PASS
14307,1430706,PVD,2025-01-01,2025-12-31,1|2|3|4|5|6|7|8|9|10|11|12,17569,345,35,0,0,17236,333,14307,PVD,10/1/2022 12:00:00 AM,,True,-0500,41.72222222,-71.42777778,USW00014765,PROVIDENCE                             72507,0.393129,PASS
14314,1431402,PVU,2025-01-01,2025-06-30,1|2|3|4|5|6,1639,17,11,0,0,1622,17,14314,PVU,7/1/2011 12:00:00 AM,6/30/2025 12:00:00 AM,True,-0700,40.21916667,-111.72333333,USW00024174,PROVO AP                                    ,0.029787,PASS
14314,1431403,PVU,2025-07-01,2025-12-31,7|8|9|10|11|12,1339,6,6,0,0,1333,6,14314,PVU,7/1/2025 12:00:00 AM,,True,-0700,40.21888889,-111.72250000,USW00024174,PROVO AP                                    ,0.067937,PASS
14321,1432105,PWM,2025-01-01,2025-12-31,1|2|3|4|5|6|7|8|9|10|11|12,13274,317,42,0,0,12972,302,14321,PWM,12/1/2017 12:00:00 AM,,True,-0500,43.64555556,-70.30861111,USW00014764,PORTLAND JETPORT                       72606,0.474204,PASS
14457,1445702,RAP,2025-01-01,2025-06-30,1|2|3|4|5|6,2893,60,12,0,0,2833,60,14457,RAP,7/1/2011 12:00:00 AM,6/30/2025 12:00:00 AM,True,-0700,44.04527778,-103.05722222,USW00024090,RAPID CITY RGNL AP                     72662,0.225191,PASS
14457,1445703,RAP,2025-07-01,2025-12-31,7|8|9|10|11|12,3374,38,15,0,0,3339,35,14457,RAP,7/1/2025 12:00:00 AM,,True,-0700,44.04888889,-103.06138889,USW00024090,RAPID CITY RGNL AP                     72662,0.648931,PASS
14487,1448703,RDD,2025-01-01,2025-06-30,1|2|3|4|5|6,862,5,0,0,0,857,5,14487,RDD,5/1/2023 12:00:00 AM,6/30/2025 12:00:00 AM,True,-0800,40.50888889,-122.29333333,USW00024257,REDDING AP                             72592,0.748410,PASS
14487,1448704,RDD,2025-07-01,2025-12-31,7|8|9|10|11|12,910,22,3,0,0,888,22,14487,RDD,7/1/2025 12:00:00 AM,,True,-0800,40.50972222,-122.29500000,USW00024257,REDDING AP                             72592,0.601994,PASS
14489,1448903,RDM,2025-01-01,2025-12-31,1|2|3|4|5|6|7|8|9|10|11|12,8606,77,20,0,0,8530,76,14489,RDM,10/1/2022 12:00:00 AM,,True,-0800,44.25416667,-121.15055556,USW00024230,REDMOND AP                             72692,0.797902,PASS
14492,1449202,RDU,2025-01-01,2025-06-30,1|2|3|4|5|6,30492,582,60,0,0,29941,551,14492,RDU,7/1/2011 12:00:00 AM,6/30/2025 12:00:00 AM,True,-0500,35.87777778,-78.78750000,USW00013722,RALEIGH AP                             72306,1.681164,PASS
14492,1449203,RDU,2025-07-01,2025-12-31,7|8|9|10|11|12,32416,592,69,0,0,31855,561,14492,RDU,7/1/2025 12:00:00 AM,,True,-0500,35.87583333,-78.78555556,USW00013722,RALEIGH AP                             72306,1.849452,PASS
14512,1451202,RFD,2025-01-01,2025-12-31,1|2|3|4|5|6|7|8|9|10|11|12,935,3,0,0,0,932,3,14512,RFD,7/1/2011 12:00:00 AM,,True,-0600,42.19527778,-89.09722222,USW00094822,ROCKFORD GTR ROCKFORD AP               72543,0.390857,PASS
14520,1452002,RHI,2025-01-01,2025-12-31,1|2|3|4|5|6|7|8|9|10|11|12,925,22,1,0,0,903,22,14520,RHI,7/1/2011 12:00:00 AM,,True,-0600,45.63083333,-89.46666667,USW00004803,RHINELANDER ONEIDA CO AP                    ,1.232747,PASS
14524,1452401,RIC,2025-01-01,2025-06-30,1|2|3|4|5|6,12214,254,26,0,0,11970,244,14524,RIC,1/1/1950 12:00:00 AM,6/30/2025 12:00:00 AM,True,-0500,37.50527778,-77.31972222,USW00013740,RICHMOND INTL AP                       72401,0.780743,PASS
14524,1452402,RIC,2025-07-01,2025-12-31,7|8|9|10|11|12,13594,298,33,0,0,13312,282,14524,RIC,7/1/2025 12:00:00 AM,,True,-0500,37.51722222,-77.32416667,USW00013740,RICHMOND INTL AP                       72401,0.618783,PASS
14534,1453403,RIW,2025-01-01,2025-06-30,1|2|3|4|5|6,362,3,2,0,0,359,3,14534,RIW,10/1/2022 12:00:00 AM,6/30/2025 12:00:00 AM,True,-0700,43.06416667,-108.45972222,USW00024061,RIVERTON                                    ,1.436019,PASS
14534,1453404,RIW,2025-07-01,2025-12-31,7|8|9|10|11|12,367,2,4,0,0,365,2,14534,RIW,7/1/2025 12:00:00 AM,,True,-0700,43.06555556,-108.46055556,USW00024061,RIVERTON                                    ,1.353478,PASS
14543,1454303,RKS,2025-01-01,2025-12-31,1|2|3|4|5|6|7|8|9|10|11|12,729,4,4,0,0,725,4,14543,RKS,10/1/2018 12:00:00 AM,,True,-0700,41.59416667,-109.06527778,USC00487846,ROCK SPRINGS 7ENE                           ,0.656194,PASS
14570,1457002,RNO,2025-01-01,2025-12-31,1|2|3|4|5|6|7|8|9|10|11|12,22873,283,42,0,0,22598,275,14570,RNO,7/1/2011 12:00:00 AM,,True,-0800,39.49916667,-119.76805556,USW00023185,RENO AP                                72488,0.960213,PASS
14574,1457406,ROA,2025-01-01,2025-06-30,1|2|3|4|5|6,3664,89,10,0,0,3578,86,14574,ROA,10/1/2022 12:00:00 AM,6/30/2025 12:00:00 AM,True,-0500,37.32555556,-79.97555556,USW00013741,ROANOKE INTL AP                        72411,0.945053,PASS
14574,1457407,ROA,2025-07-01,2025-12-31,7|8|9|10|11|12,4114,75,8,0,0,4039,75,14574,ROA,7/1/2025 12:00:00 AM,,True,-0500,37.32583333,-79.97861111,USW00013741,ROANOKE INTL AP                        72411,1.057319,PASS
14576,1457607,ROC,2025-01-01,2025-12-31,1|2|3|4|5|6|7|8|9|10|11|12,16339,370,24,0,0,15978,361,14576,ROC,10/1/2022 12:00:00 AM,,True,-0500,43.11916667,-77.67194444,USW00014768,ROCHESTER GTR INTL                     72529,0.349288,PASS
14588,1458805,ROW,2025-01-01,2025-12-31,1|2|3|4|5|6|7|8|9|10|11|12,948,34,2,0,0,914,34,14588,ROW,10/1/2022 12:00:00 AM,,True,-0700,33.30000000,-104.52944444,USC00297614,ROSWELL 2 S                                 ,0.844698,PASS
14633,1463303,RST,2025-01-01,2025-06-30,1|2|3|4|5|6,1160,15,0,0,0,1145,15,14633,RST,7/1/2011 12:00:00 AM,6/30/2025 12:00:00 AM,True,-0600,43.90833333,-92.50000000,USW00014925,ROCHESTER INTL AP                      72644,0.814930,PASS
14633,1463304,RST,2025-07-01,2025-12-31,7|8|9|10|11|12,1028,32,0,0,0,996,32,14633,RST,7/1/2025 12:00:00 AM,,True,-0600,43.91000000,-92.49666667,USW00014925,ROCHESTER INTL AP                      72644,0.778397,PASS
14635,1463502,RSW,2025-01-01,2025-12-31,1|2|3|4|5|6|7|8|9|10|11|12,35311,460,104,0,0,34872,439,14635,RSW,7/1/2011 12:00:00 AM,,True,-0500,26.53611111,-81.75527778,USW00012894,FT MYERS SW FLORIDA RGNL AP                 ,0.262539,PASS
14674,1467402,SAF,2025-01-01,2025-06-30,1|2|3|4|5|6,1678,32,5,0,0,1646,32,14674,SAF,7/1/2011 12:00:00 AM,6/30/2025 12:00:00 AM,True,-0700,35.61722222,-106.08944444,USW00023049,SANTA FE CO MUNI AP                         ,0.916539,PASS
14674,1467403,SAF,2025-07-01,2025-12-31,7|8|9|10|11|12,2003,27,8,0,0,1976,27,14674,SAF,7/1/2025 12:00:00 AM,,True,-0700,35.61666667,-106.08916667,USW00023049,SANTA FE CO MUNI AP                         ,0.886068,PASS
14679,1467903,SAN,2025-01-01,2025-12-31,1|2|3|4|5|6|7|8|9|10|11|12,99210,1174,317,0,0,98097,1113,14679,SAN,7/1/2011 12:00:00 AM,,True,-0800,32.73361111,-117.18972222,USW00023188,SAN DIEGO INTL AP                      72290,0.619421,PASS
14683,1468305,SAT,2025-01-01,2025-06-30,1|2|3|4|5|6,21021,306,58,0,0,20720,301,14683,SAT,12/1/2017 12:00:00 AM,6/30/2025 12:00:00 AM,True,-0600,29.53388889,-98.46916667,USW00012921,SAN ANTONIO INTL AP                    72253,1.829244,PASS
14683,1468306,SAT,2025-07-01,2025-12-31,7|8|9|10|11|12,21375,203,62,0,0,21183,192,14683,SAT,7/1/2025 12:00:00 AM,,True,-0600,29.53416667,-98.46944444,USW00012921,SAN ANTONIO INTL AP                    72253,1.788958,PASS
14685,1468502,SAV,2025-01-01,2025-06-30,1|2|3|4|5|6,11257,337,24,0,0,10926,331,14685,SAV,7/1/2011 12:00:00 AM,6/30/2025 12:00:00 AM,True,-0500,32.12750000,-81.20222222,USW00003822,SAVANNAH INTL AP                       72207,0.433666,PASS
14685,1468503,SAV,2025-07-01,2025-12-31,7|8|9|10|11|12,11695,179,29,0,0,11520,175,14685,SAV,7/1/2025 12:00:00 AM,,True,-0500,32.12861111,-81.20000000,USW00003822,SAVANNAH INTL AP                       72207,0.372941,PASS
14689,1468902,SBA,2025-01-01,2025-06-30,1|2|3|4|5|6,4115,23,3,0,0,4093,22,14689,SBA,7/1/2011 12:00:00 AM,6/30/2025 12:00:00 AM,True,-0800,34.42611111,-119.84138889,USW00053153,SANTA BARBARA                               ,0.099881,PASS
14689,1468903,SBA,2025-07-01,2025-12-31,7|8|9|10|11|12,4550,80,8,0,0,4473,77,14689,SBA,7/1/2025 12:00:00 AM,,True,-0800,34.42583333,-119.84111111,USW00053153,SANTA BARBARA                               ,0.080087,PASS
14696,1469608,SBN,2025-01-01,2025-12-31,1|2|3|4|5|6|7|8|9|10|11|12,8023,147,26,0,0,7876,147,14696,SBN,12/1/2017 12:00:00 AM,,True,-0500,41.70833333,-86.31722222,USW00014848,S BEND AP                              72535,0.143317,PASS
14698,1469802,SBP,2025-01-01,2025-06-30,1|2|3|4|5|6,2774,29,4,0,0,2746,28,14698,SBP,7/1/2011 12:00:00 AM,6/30/2025 12:00:00 AM,True,-0800,35.23722222,-120.64250000,USW00093206,SAN LUIS OBISPO MCCHESNEY FLD               ,0.182659,PASS
14698,1469803,SBP,2025-07-01,2025-12-31,7|8|9|10|11|12,2896,45,9,0,0,2852,44,14698,SBP,7/1/2025 12:00:00 AM,,True,-0800,35.23694444,-120.64027778,USW00093206,SAN LUIS OBISPO MCCHESNEY FLD               ,0.378684,PASS
14704,1470405,SBY,2025-01-01,2025-06-30,1|2|3|4|5|6,942,6,1,0,0,936,6,14704,SBY,12/1/2017 12:00:00 AM,6/30/2025 12:00:00 AM,True,-0500,38.34027778,-75.50944444,USW00093720,SALISBURY-WICOMICO RGNL AP             72398,0.341238,PASS
14704,1470406,SBY,2025-07-01,2025-12-31,7|8|9|10|11|12,904,1,1,0,0,903,1,14704,SBY,7/1/2025 12:00:00 AM,,True,-0500,38.34194444,-75.50944444,USW00093720,SALISBURY-WICOMICO RGNL AP             72398,0.359531,PASS
14709,1470904,SCC,2025-01-02,2025-12-31,1|2|3|4|5|6|7|8|9|10|11|12,547,5,0,0,0,542,5,14709,SCC,10/1/2017 12:00:00 AM,,True,-0900,70.19472222,-148.46527778,USW00027406,DEADHORSE                                   ,0.666464,PASS
14711,1471105,SCE,2025-01-01,2025-06-30,1|2|3|4|5|6,1579,26,9,0,0,1553,26,14711,SCE,12/1/2017 12:00:00 AM,6/30/2025 12:00:00 AM,True,-0500,40.85000000,-77.84750000,USW00054739,UNIVERSITY PARK                             ,0.210277,PASS
14711,1471106,SCE,2025-07-01,2025-12-31,7|8|9|10|11|12,1921,42,8,0,0,1880,41,14711,SCE,7/1/2025 12:00:00 AM,,True,-0500,40.85000000,-77.84750000,USW00054739,UNIVERSITY PARK                             ,0.210277,PASS
14716,1471604,SCK,2025-01-01,2025-06-30,1|2|3|4|5|6,248,3,0,0,0,245,3,14716,SCK,10/1/2022 12:00:00 AM,6/30/2025 12:00:00 AM,True,-0800,37.89444444,-121.23861111,USW00023237,STOCKTON AP                            72492,1.180017,PASS
14716,1471605,SCK,2025-07-01,2025-12-31,7|8|9|10|11|12,316,4,2,0,0,312,4,14716,SCK,7/1/2025 12:00:00 AM,,True,-0800,37.89472222,-121.24000000,USW00023237,STOCKTON AP                            72492,1.303827,PASS
14730,1473004,SDF,2025-01-01,2025-12-31,1|2|3|4|5|6|7|8|9|10|11|12,26610,542,66,0,0,26085,525,14730,SDF,9/1/2019 12:00:00 AM,,True,-0500,38.17416667,-85.73638889,USW00093821,LOUISVILLE INTL AP                     72423,0.613230,PASS
14747,1474703,SEA,2025-01-01,2025-12-31,1|2|3|4|5|6|7|8|9|10|11|12,184705,1551,558,0,0,183271,1434,14747,SEA,7/1/2011 12:00:00 AM,,True,-0800,47.45000000,-122.31166667,USW00024233,SEATTLE TACOMA AP                      72793,0.624148,PASS
14761,1476107,SFB,2025-01-01,2025-06-30,1|2|3|4|5|6,5496,31,12,0,0,5466,30,14761,SFB,7/1/2019 12:00:00 AM,6/30/2025 12:00:00 AM,True,-0500,28.77722222,-81.23500000,USW00012854,ORLANDO SANFORD AP                          ,0.872447,PASS
14761,1476108,SFB,2025-07-01,2025-12-31,7|8|9|10|11|12,4999,15,17,0,0,4985,14,14761,SFB,7/1/2025 12:00:00 AM,,True,-0500,28.77638889,-81.23444444,USW00012854,ORLANDO SANFORD AP                          ,0.953065,PASS
14771,1477104,SFO,2025-01-01,2025-12-31,1|2|3|4|5|6|7|8|9|10|11|12,148135,1182,446,0,0,146991,1144,14771,SFO,12/1/2017 12:00:00 AM,,True,-0800,37.61888889,-122.37555556,USW00023234,SAN FRANCISCO INTL AP                  72494,0.881471,PASS
14783,1478302,SGF,2025-01-01,2025-12-31,1|2|3|4|5|6|7|8|9|10|11|12,11583,200,34,0,0,11393,190,14783,SGF,7/1/2011 12:00:00 AM,,True,-0600,37.24555556,-93.38861111,USW00013995,SPRINGFIELD                            72440,1.557811,PASS
14794,1479405,SGU,2025-01-01,2025-12-31,1|2|3|4|5|6|7|8|9|10|11|12,4539,5,21,0,0,4534,5,14794,SGU,12/1/2017 12:00:00 AM,,True,-0700,37.03638889,-113.51027778,USW00093198,ST GEORGE INTERM FLD                        ,1.617264,PASS
14812,1481202,SHR,2025-01-01,2025-06-30,1|2|3|4|5|6,362,8,2,0,0,354,8,14812,SHR,7/1/2011 12:00:00 AM,6/30/2025 12:00:00 AM,True,-0700,44.76916667,-106.98027778,USW00024029,SHERIDAN AP                            72666,1.096494,PASS
14812,1481203,SHR,2025-07-01,2025-12-31,7|8|9|10|11|12,373,3,6,0,0,370,3,14812,SHR,7/1/2025 12:00:00 AM,,True,-0700,44.77166667,-106.98444444,USW00024029,SHERIDAN AP                            72666,1.500533,PASS
14814,1481403,SHV,2025-01-01,2025-06-30,1|2|3|4|5|6,3506,109,6,0,0,3397,109,14814,SHV,10/1/2022 12:00:00 AM,6/30/2025 12:00:00 AM,True,-0600,32.44638889,-93.82611111,USW00013957,SHREVEPORT                             72248,1.516158,PASS
14814,1481404,SHV,2025-07-01,2025-12-31,7|8|9|10|11|12,3468,52,7,0,0,3417,51,14814,SHV,7/1/2025 12:00:00 AM,,True,-0600,32.44694444,-93.82861111,USW00013957,SHREVEPORT                             72248,1.274318,PASS
14828,1482805,SIT,2025-01-01,2025-12-31,1|2|3|4|5|6|7|8|9|10|11|12,1329,20,14,0,0,1309,20,14828,SIT,12/1/2017 12:00:00 AM,,True,-0900,57.04694444,-135.36111111,USW00025333,SITKA AP                               70371,0.355545,PASS
14831,1483106,SJC,2025-01-01,2025-12-31,1|2|3|4|5|6|7|8|9|10|11|12,47837,316,99,0,0,47533,304,14831,SJC,12/1/2017 12:00:00 AM,,True,-0800,37.36305556,-121.92861111,USW00023293,SAN JOSE                                    ,0.551130,PASS
14842,1484202,SJT,2025-01-01,2025-12-31,1|2|3|4|5|6|7|8|9|10|11|12,1089,49,3,0,0,1042,47,14842,SJT,7/1/2011 12:00:00 AM,,True,-0600,31.35777778,-100.49638889,USC00417944,SAN ANGELO WFO                              ,1.461527,PASS
14843,1484306,SJU,2025-01-01,2025-12-31,1|2|3|4|5|6|7|8|9|10|11|12,35706,320,154,0,0,35406,300,14843,SJU,12/1/2017 12:00:00 AM,,True,-0400,18.43944444,-66.00222222,USC00663113,CUBUY                                       ,23.719779,OVER_10KM
14869,1486903,SLC,2025-01-01,2025-12-31,1|2|3|4|5|6|7|8|9|10|11|12,116691,597,334,0,0,116125,566,14869,SLC,7/1/2011 12:00:00 AM,,True,-0700,40.78833333,-111.97777778,USW00024127,SALT LAKE CITY INTL AP                 72572,2.246279,PASS
14877,1487706,SLN,2025-01-01,2025-06-30,1|2|3|4|5|6,422,11,4,0,0,411,11,14877,SLN,12/1/2017 12:00:00 AM,6/30/2025 12:00:00 AM,True,-0600,38.79055556,-97.65222222,USW00013922,SCHILLING AFB                               ,1.067688,PASS
14877,1487707,SLN,2025-07-01,2025-12-31,7|8|9|10|11|12,547,5,3,0,0,542,5,14877,SLN,7/1/2025 12:00:00 AM,,True,-0600,38.78972222,-97.65444444,USW00013922,SCHILLING AFB                               ,1.206002,PASS
14893,1489302,SMF,2025-01-01,2025-12-31,1|2|3|4|5|6|7|8|9|10|11|12,59350,381,141,0,0,58984,366,14893,SMF,7/1/2011 12:00:00 AM,,True,-0800,38.69555556,-121.59083333,USW00093225,SACRAMENTO METRO AP                         ,0.653626,PASS
14905,1490505,SMX,2025-01-02,2025-06-29,1|2|3|4|5|6,52,1,0,0,0,51,1,14905,SMX,12/1/2017 12:00:00 AM,6/30/2025 12:00:00 AM,True,-0800,34.90000000,-120.45805556,USW00023273,SANTA MARIA PUBLIC AP                  72394,0.837330,PASS
14905,1490506,SMX,2025-07-03,2025-12-31,7|8|9|10|11|12,206,3,0,0,0,203,3,14905,SMX,7/1/2025 12:00:00 AM,,True,-0800,34.90361111,-120.45888889,USW00023273,SANTA MARIA PUBLIC AP                  72394,1.211286,PASS
14908,1490803,SNA,2025-01-01,2025-06-30,1|2|3|4|5|6,22549,249,56,0,0,22309,240,14908,SNA,7/1/2011 12:00:00 AM,6/30/2025 12:00:00 AM,True,-0800,33.67555556,-117.86833333,USW00093184,SANTA ANA JOHN WAYNE AP                     ,0.467248,PASS
14908,1490804,SNA,2025-07-01,2025-12-31,7|8|9|10|11|12,23490,251,78,0,0,23243,247,14908,SNA,7/1/2025 12:00:00 AM,,True,-0800,33.67611111,-117.86777778,USW00093184,SANTA ANA JOHN WAYNE AP                     ,0.399894,PASS
14952,1495203,SPI,2025-01-01,2025-06-30,1|2|3|4|5|6,407,7,0,0,0,400,7,14952,SPI,7/1/2011 12:00:00 AM,6/30/2025 12:00:00 AM,True,-0600,39.84416667,-89.67805556,USW00093822,SPRINGFIELD ABRAHAM LINCOLN CA         72439,0.514630,PASS
14952,1495204,SPI,2025-07-01,2025-12-31,7|8|9|10|11|12,388,16,0,0,0,372,16,14952,SPI,7/1/2025 12:00:00 AM,,True,-0600,39.84416667,-89.67833333,USW00093822,SPRINGFIELD ABRAHAM LINCOLN CA         72439,0.491672,PASS
14955,1495503,SPN,2025-01-01,2025-12-31,1|2|3|4|5|6|7|8|9|10|11|12,367,1,0,0,0,366,1,14955,SPN,7/1/2011 12:00:00 AM,,True,+1000,15.12027778,145.73000000,USC00914670,PITI                                        ,215.815768,OVER_10KM
14960,1496002,SPS,2025-01-01,2025-12-31,1|2|3|4|5|6|7|8|9|10|11|12,729,29,0,0,0,700,29,14960,SPS,7/1/2011 12:00:00 AM,,True,-0600,33.98888889,-98.49194444,USW00013966,WICHITA FALLS MUNI AP                  72351,1.148206,PASS
14986,1498603,SRQ,2025-01-01,2025-12-31,1|2|3|4|5|6|7|8|9|10|11|12,17302,199,48,0,0,17108,194,14986,SRQ,7/1/2011 12:00:00 AM,,True,-0500,27.39555556,-82.55444444,USW00012871,SARASOTA BRADENTON AP                       ,0.768529,PASS
15008,1500803,STC,2025-01-02,2025-06-29,1|2|3|4|5|6,125,0,0,0,0,125,0,15008,STC,10/1/2018 12:00:00 AM,6/30/2025 12:00:00 AM,True,-0600,45.54611111,-94.05944444,USW00014926,ST CLOUD RGNL AP                       72655,0.639443,PASS
15008,1500804,STC,2025-07-03,2025-12-30,7|8|10|11|12,51,0,0,0,0,51,0,15008,STC,7/1/2025 12:00:00 AM,,True,-0600,45.54611111,-94.05861111,USW00014926,ST CLOUD RGNL AP                       72655,0.578638,PASS
15016,1501606,STL,2025-01-01,2025-12-31,1|2|3|4|5|6|7|8|9|10|11|12,69038,966,175,0,0,68099,939,15016,STL,12/1/2017 12:00:00 AM,,True,-0600,38.74861111,-90.37000000,USW00013994,ST LOUIS LAMBERT INTL AP               72434,0.518542,PASS
15023,1502305,STS,2025-01-01,2025-06-30,1|2|3|4|5|6,2365,23,8,0,0,2342,23,15023,STS,12/1/2017 12:00:00 AM,6/30/2025 12:00:00 AM,True,-0800,38.50972222,-122.81277778,USW00023213,SANTA ROSA SONOMA CO AP                     ,0.696239,PASS
15023,1502306,STS,2025-07-01,2025-12-31,7|8|9|10|11|12,3047,108,7,0,0,2940,107,15023,STS,7/1/2025 12:00:00 AM,,True,-0800,38.50972222,-122.81305556,USW00023213,SANTA ROSA SONOMA CO AP                     ,0.701705,PASS
15024,1502403,STT,2025-01-01,2025-12-31,1|2|3|4|5|6|7|8|9|10|11|12,5044,47,91,0,0,5000,44,15024,STT,1/1/1990 12:00:00 AM,,True,-0400,18.33722222,-64.97333333,USC00678360,SUSANABERG                                  ,20.850668,OVER_10KM
15027,1502704,STX,2025-01-01,2025-06-30,1|2|3|4|5|6,747,6,2,0,0,741,6,15027,STX,7/1/2011 12:00:00 AM,6/30/2025 12:00:00 AM,True,-0400,17.70138889,-64.80194444,USC00678360,SUSANABERG                                  ,70.997539,OVER_10KM
15027,1502705,STX,2025-07-01,2025-12-31,7|8|9|10|11|12,627,2,4,0,0,625,2,15027,STX,7/1/2025 12:00:00 AM,,True,-0400,17.70166667,-64.80194444,USC00678360,SUSANABERG                                  ,70.966675,OVER_10KM
15041,1504102,SUN,2025-01-01,2025-12-31,1|2|3|4|5|6|7|8|9|10|11|12,2865,32,12,0,0,2833,32,15041,SUN,7/1/2011 12:00:00 AM,,True,-0700,43.50388889,-114.29555556,USW00094161,HAILEY FRIEDMAN MEM AP                      ,0.561686,PASS
15048,1504805,SUX,2025-01-01,2025-12-31,1|2|3|4|5|6|7|8|9|10|11|12,729,13,5,0,0,716,13,15048,SUX,10/1/2022 12:00:00 AM,,True,-0600,42.40138889,-96.38444444,USW00014943,SIOUX CITY AP                          72557,1.154248,PASS
15070,1507003,SWF,2025-01-02,2025-12-31,1|2|3|4|5|6|7|8|9|10|11|12,611,8,3,0,0,603,8,15070,SWF,7/1/2019 12:00:00 AM,,True,-0500,41.50416667,-74.10472222,USW00014714,STEWART FLD                                 ,0.607708,PASS
15074,1507402,SWO,2025-01-01,2025-06-30,1|2|3|4|5|6,362,19,1,0,0,343,19,15074,SWO,7/1/2011 12:00:00 AM,6/30/2025 12:00:00 AM,True,-0600,36.16138889,-97.08583333,USW00003965,STILLWATER RGNL AP                          ,0.343203,PASS
15074,1507403,SWO,2025-07-01,2025-12-31,7|8|9|10|11|12,367,8,1,0,0,360,7,15074,SWO,7/1/2025 12:00:00 AM,,True,-0600,36.15861111,-97.08666667,USW00003965,STILLWATER RGNL AP                          ,0.497198,PASS
15096,1509602,SYR,2025-01-01,2025-12-31,1|2|3|4|5|6|7|8|9|10|11|12,16130,392,29,0,0,15748,382,15096,SYR,7/1/2011 12:00:00 AM,,True,-0500,43.11111111,-76.10638889,USW00014771,SYRACUSE HANCOCK INTL AP               72519,0.202041,PASS
15249,1524906,TLH,2025-01-01,2025-12-31,1|2|3|4|5|6|7|8|9|10|11|12,6562,135,14,0,0,6430,132,15249,TLH,12/1/2017 12:00:00 AM,,True,-0500,30.39666667,-84.35083333,USW00093805,TALLAHASSEE                            72214,2.105669,PASS
15295,1529503,TOL,2025-01-01,2025-06-30,1|2|3|4|5|6,234,2,1,0,0,232,2,15295,TOL,10/1/2022 12:00:00 AM,6/30/2025 12:00:00 AM,True,-0500,41.58694444,-83.80777778,USW00094830,TOLEDO EXPRESS AP                      72536,0.206132,PASS
15295,1529504,TOL,2025-07-02,2025-12-31,7|8|9|10|11|12,162,0,0,0,0,162,0,15295,TOL,7/1/2025 12:00:00 AM,,True,-0500,41.59083333,-83.80083333,USW00094830,TOLEDO EXPRESS AP                      72536,0.573832,PASS
15304,1530402,TPA,2025-01-01,2025-12-31,1|2|3|4|5|6|7|8|9|10|11|12,79459,963,220,0,0,78527,932,15304,TPA,7/1/2011 12:00:00 AM,,True,-0500,27.97555556,-82.53333333,USW00012842,TAMPA INTL AP                          72211,1.511874,PASS
15323,1532305,TRI,2025-01-01,2025-12-31,1|2|3|4|5|6|7|8|9|10|11|12,4497,69,5,0,0,4430,67,15323,TRI,12/1/2017 12:00:00 AM,,True,-0500,36.47527778,-82.40750000,USW00013877,BRISTOL AP                             72335,0.912719,PASS
15356,1535602,TTN,2025-01-01,2025-12-31,1|2|3|4|5|6|7|8|9|10|11|12,1091,26,5,0,0,1066,25,15356,TTN,7/1/2011 12:00:00 AM,,True,-0500,40.27666667,-74.81333333,USW00014792,TRENTON-MERCER AP                           ,0.210860,PASS
15370,1537002,TUL,2025-01-01,2025-06-30,1|2|3|4|5|6,9717,220,31,0,0,9501,216,15370,TUL,7/1/2011 12:00:00 AM,6/30/2025 12:00:00 AM,True,-0600,36.19833333,-95.88805556,USW00013968,TULSA INTL AP                          72356,0.875886,PASS
15370,1537003,TUL,2025-07-01,2025-12-31,7|8|9|10|11|12,10331,158,21,0,0,10179,152,15370,TUL,7/1/2025 12:00:00 AM,,True,-0600,36.19833333,-95.88944444,USW00013968,TULSA INTL AP                          72356,1.000450,PASS
15376,1537604,TUS,2025-01-01,2025-06-30,1|2|3|4|5|6,10894,93,23,0,0,10804,90,15376,TUS,10/1/2018 12:00:00 AM,6/30/2025 12:00:00 AM,True,-0700,32.11611111,-110.94111111,USW00023160,TUCSON INTL AP                         72274,2.253363,PASS
15376,1537605,TUS,2025-07-01,2025-12-31,7|8|9|10|11|12,9681,101,20,0,0,9584,97,15376,TUS,7/1/2025 12:00:00 AM,,True,-0700,32.12500000,-110.94972222,USW00023160,TUCSON INTL AP                         72274,0.974913,PASS
15380,1538005,TVC,2025-01-01,2025-12-31,1|2|3|4|5|6|7|8|9|10|11|12,6525,138,18,0,0,6390,135,15380,TVC,12/1/2017 12:00:00 AM,,True,-0500,44.74166667,-85.58194444,USW00014850,TRAVERSE CY CHERRY CAPITAL AP               ,1.158746,PASS
15389,1538902,TWF,2025-01-01,2025-06-30,1|2|3|4|5|6,361,0,0,0,0,361,0,15389,TWF,7/1/2011 12:00:00 AM,6/30/2025 12:00:00 AM,True,-0700,42.48194444,-114.48777778,USW00094178,TWIN FALLS SUN VALLEY RGNL AP               ,0.921251,PASS
15389,1538903,TWF,2025-07-01,2025-12-31,7|8|9|10|11|12,355,0,1,0,0,355,0,15389,TWF,7/1/2025 12:00:00 AM,,True,-0700,42.48083333,-114.48555556,USW00094178,TWIN FALLS SUN VALLEY RGNL AP               ,0.705756,PASS
15401,1540103,TXK,2025-01-01,2025-06-30,1|2|3|4|5|6,362,18,0,0,0,344,18,15401,TXK,7/1/2011 12:00:00 AM,6/30/2025 12:00:00 AM,True,-0600,33.45361111,-93.99111111,USW00013977,TEXARKANA WEBB FLD                          ,0.413462,PASS
15401,1540104,TXK,2025-07-01,2025-12-31,7|8|9|10|11|12,365,8,1,0,0,358,7,15401,TXK,7/1/2025 12:00:00 AM,,True,-0600,33.45638889,-93.98916667,USW00013977,TEXARKANA WEBB FLD                          ,0.130793,PASS
15411,1541106,TYR,2025-01-01,2025-06-30,1|2|3|4|5|6,543,29,1,0,0,514,29,15411,TYR,10/1/2018 12:00:00 AM,6/30/2025 12:00:00 AM,True,-0600,32.35361111,-95.40305556,USW00013972,TYLER POUNDS FLD                            ,0.560382,PASS
15411,1541107,TYR,2025-07-01,2025-12-31,7|8|9|10|11|12,546,15,0,0,0,532,14,15411,TYR,7/1/2025 12:00:00 AM,,True,-0600,32.35388889,-95.40277778,USW00013972,TYLER POUNDS FLD                            ,0.534353,PASS
15412,1541206,TYS,2025-01-01,2025-12-31,1|2|3|4|5|6|7|8|9|10|11|12,22331,410,78,0,0,21931,400,15412,TYS,10/1/2022 12:00:00 AM,,True,-0500,35.81111111,-83.99416667,USW00013891,KNOXVILLE AP                           72326,1.083089,PASS
15569,1556903,VCT,2025-01-01,2025-12-31,1|2|3|4|5|6|7|8|9|10|11|12,596,22,1,0,0,574,22,15569,VCT,10/1/2022 12:00:00 AM,,True,-0600,28.85416667,-96.91861111,USW00012912,VICTORIA RGNL AP                       72255,1.445264,PASS
15607,1560702,VLD,2025-01-01,2025-06-30,1|2|3|4|5|6,509,14,1,0,0,495,14,15607,VLD,7/1/2011 12:00:00 AM,6/30/2025 12:00:00 AM,True,-0500,30.78138889,-83.27611111,USW00093845,VALDOSTA RGNL AP                            ,0.593596,PASS
15607,1560703,VLD,2025-07-01,2025-12-31,7|8|9|10|11|12,511,7,1,0,0,504,7,15607,VLD,7/1/2025 12:00:00 AM,,True,-0500,30.79000000,-83.27500000,USW00093845,VALDOSTA RGNL AP                            ,1.515900,PASS
15624,1562404,VPS,2025-01-01,2025-06-30,1|2|3|4|5|6,5213,113,16,0,0,5102,111,15624,VPS,12/1/2017 12:00:00 AM,6/30/2025 12:00:00 AM,True,-0600,30.48333333,-86.52527778,USW00013858,VALPARAISO EGLIN AFB                   72221,0.821977,PASS
15624,1562405,VPS,2025-07-01,2025-12-31,7|8|9|10|11|12,5508,54,10,0,0,5456,52,15624,VPS,7/1/2025 12:00:00 AM,,True,-0600,30.48333333,-86.52611111,USW00013858,VALPARAISO EGLIN AFB                   72221,0.901831,PASS
15628,1562805,VRB,2025-12-11,2025-12-31,12,42,1,0,0,0,41,1,15628,VRB,12/1/2017 12:00:00 AM,,True,-0500,27.65555556,-80.41805556,USW00012843,VERO BEACH INTL AP                     74793,0.380802,PASS
15841,1584102,WRG,2025-01-02,2025-12-31,1|2|3|4|5|6|7|8|9|10|11|12,724,15,9,0,0,709,15,15841,WRG,7/1/2011 12:00:00 AM,,True,-0900,56.48444444,-132.36972222,USW00025338,WRANGELL AP                            70387,1.651482,PASS
15897,1589702,WYS,2025-05-06,2025-10-15,5|6|7|8|9|10,336,2,11,0,0,334,2,15897,WYS,7/1/2011 12:00:00 AM,,True,-0700,44.68833333,-111.11777778,USW00094163,WEST YELLOWSTONE                            ,0.566130,PASS
15919,1591905,XNA,2025-01-01,2025-12-31,1|2|3|4|5|6|7|8|9|10|11|12,18195,339,52,0,0,17866,329,15919,XNA,10/1/2022 12:00:00 AM,,True,-0600,36.28166667,-94.30777778,USW00053922,FAYETTEVILLE SPRINGDALE NW AR               ,0.950439,PASS
15991,1599102,YAK,2025-01-02,2025-06-30,1|2|3|4|5|6,360,7,3,0,0,353,7,15991,YAK,7/1/2011 12:00:00 AM,6/30/2025 12:00:00 AM,True,-0900,59.50333333,-139.66027778,USW00025339,YAKUTAT AP                             70361,1.159705,PASS
15991,1599103,YAK,2025-07-01,2025-12-31,7|8|9|10|11|12,364,14,3,0,0,350,14,15991,YAK,7/1/2025 12:00:00 AM,,True,-0900,59.50888889,-139.65972222,USW00025339,YAKUTAT AP                             70361,0.740006,PASS
16101,1610102,YKM,2025-01-01,2025-12-31,1|2|3|4|5|6|7|8|9|10|11|12,726,5,0,0,0,721,5,16101,YKM,7/1/2011 12:00:00 AM,,True,-0800,46.56805556,-120.54416667,USW00024243,YAKIMA AP                              72781,0.839410,PASS
16218,1621802,YUM,2025-01-01,2025-12-31,1|2|3|4|5|6|7|8|9|10|11|12,1683,21,8,0,0,1662,21,16218,YUM,10/1/2018 12:00:00 AM,,True,-0700,32.65666667,-114.60611111,USW00003145,YUMA MCAS                                   ,1.237854,PASS
16422,1642204,GUF,2025-05-21,2025-06-30,5|6,71,0,0,0,0,71,0,16422,GUF,10/1/2022 12:00:00 AM,6/30/2025 12:00:00 AM,True,-0600,30.28972222,-87.67166667,USW00063885,GULF SHORES J EDWARDS AP                    ,0.097657,PASS
16422,1642205,GUF,2025-07-02,2025-12-31,7|8|9|10|11|12,256,4,0,0,0,252,4,16422,GUF,7/1/2025 12:00:00 AM,,True,-0600,30.29027778,-87.67694444,USW00063885,GULF SHORES J EDWARDS AP                    ,0.504816,PASS
16869,1686902,XWA,2025-01-01,2025-12-31,1|2|3|4|5|6|7|8|9|10|11|12,2376,24,22,0,0,2352,24,16869,XWA,10/1/2022 12:00:00 AM,,True,-0600,48.25972222,-103.75055556,USW00094099,WILLISTON AP                                ,0.677144,PASS
