station_id,url,http,final_url,bytes,sha256,header_valid,rows,station_mismatch_rows,date_parse_error_rows,outside_year_rows,unique_2025_dates,first_date,last_date,missing_date_count,missing_dates,complete_365,error
USA00701334,https://www.ncei.noaa.gov/oa/local-climatological-data/v2/access/2025/LCD_USA00701334_2025.csv,ERROR,,0,,False,0,0,0,0,0,,,365,2025-01-01|2025-01-02|2025-01-03|2025-01-04|2025-01-05|2025-01-06|2025-01-07|2025-01-08|2025-01-09|2025-01-10|2025-01-11|2025-01-12|2025-01-13|2025-01-14|2025-01-15|2025-01-16|2025-01-17|2025-01-18|2025-01-19|2025-01-20|2025-01-21|2025-01-22|2025-01-23|2025-01-24|2025-01-25|2025-01-26|2025-01-27|2025-01-28|2025-01-29|2025-01-30|2025-01-31|2025-02-01|2025-02-02|2025-02-03|2025-02-04|2025-02-05|2025-02-06|2025-02-07|2025-02-08|2025-02-09|2025-02-10|2025-02-11|2025-02-12|2025-02-13|2025-02-14|2025-02-15|2025-02-16|2025-02-17|2025-02-18|2025-02-19|2025-02-20|2025-02-21|2025-02-22|2025-02-23|2025-02-24|2025-02-25|2025-02-26|2025-02-27|2025-02-28|2025-03-01|2025-03-02|2025-03-03|2025-03-04|2025-03-05|2025-03-06|2025-03-07|2025-03-08|2025-03-09|2025-03-10|2025-03-11|2025-03-12|2025-03-13|2025-03-14|2025-03-15|2025-03-16|2025-03-17|2025-03-18|2025-03-19|2025-03-20|2025-03-21|2025-03-22|2025-03-23|2025-03-24|2025-03-25|2025-03-26|2025-03-27|2025-03-28|2025-03-29|2025-03-30|2025-03-31|2025-04-01|2025-04-02|2025-04-03|2025-04-04|2025-04-05|2025-04-06|2025-04-07|2025-04-08|2025-04-09|2025-04-10|2025-04-11|2025-04-12|2025-04-13|2025-04-14|2025-04-15|2025-04-16|2025-04-17|2025-04-18|2025-04-19|2025-04-20|2025-04-21|2025-04-22|2025-04-23|2025-04-24|2025-04-25|2025-04-26|2025-04-27|2025-04-28|2025-04-29|2025-04-30|2025-05-01|2025-05-02|2025-05-03|2025-05-04|2025-05-05|2025-05-06|2025-05-07|2025-05-08|2025-05-09|2025-05-10|2025-05-11|2025-05-12|2025-05-13|2025-05-14|2025-05-15|2025-05-16|2025-05-17|2025-05-18|2025-05-19|2025-05-20|2025-05-21|2025-05-22|2025-05-23|2025-05-24|2025-05-25|2025-05-26|2025-05-27|2025-05-28|2025-05-29|2025-05-30|2025-05-31|2025-06-01|2025-06-02|2025-06-03|2025-06-04|2025-06-05|2025-06-06|2025-06-07|2025-06-08|2025-06-09|2025-06-10|2025-06-11|2025-06-12|2025-06-13|2025-06-14|2025-06-15|2025-06-16|2025-06-17|2025-06-18|2025-06-19|2025-06-20|2025-06-21|2025-06-22|2025-06-23|2025-06-24|2025-06-25|2025-06-26|2025-06-27|2025-06-28|2025-06-29|2025-06-30|2025-07-01|2025-07-02|2025-07-03|2025-07-04|2025-07-05|2025-07-06|2025-07-07|2025-07-08|2025-07-09|2025-07-10|2025-07-11|2025-07-12|2025-07-13|2025-07-14|2025-07-15|2025-07-16|2025-07-17|2025-07-18|2025-07-19|2025-07-20|2025-07-21|2025-07-22|2025-07-23|2025-07-24|2025-07-25|2025-07-26|2025-07-27|2025-07-28|2025-07-29|2025-07-30|2025-07-31|2025-08-01|2025-08-02|2025-08-03|2025-08-04|2025-08-05|2025-08-06|2025-08-07|2025-08-08|2025-08-09|2025-08-10|2025-08-11|2025-08-12|2025-08-13|2025-08-14|2025-08-15|2025-08-16|2025-08-17|2025-08-18|2025-08-19|2025-08-20|2025-08-21|2025-08-22|2025-08-23|2025-08-24|2025-08-25|2025-08-26|2025-08-27|2025-08-28|2025-08-29|2025-08-30|2025-08-31|2025-09-01|2025-09-02|2025-09-03|2025-09-04|2025-09-05|2025-09-06|2025-09-07|2025-09-08|2025-09-09|2025-09-10|2025-09-11|2025-09-12|2025-09-13|2025-09-14|2025-09-15|2025-09-16|2025-09-17|2025-09-18|2025-09-19|2025-09-20|2025-09-21|2025-09-22|2025-09-23|2025-09-24|2025-09-25|2025-09-26|2025-09-27|2025-09-28|2025-09-29|2025-09-30|2025-10-01|2025-10-02|2025-10-03|2025-10-04|2025-10-05|2025-10-06|2025-10-07|2025-10-08|2025-10-09|2025-10-10|2025-10-11|2025-10-12|2025-10-13|2025-10-14|2025-10-15|2025-10-16|2025-10-17|2025-10-18|2025-10-19|2025-10-20|2025-10-21|2025-10-22|2025-10-23|2025-10-24|2025-10-25|2025-10-26|2025-10-27|2025-10-28|2025-10-29|2025-10-30|2025-10-31|2025-11-01|2025-11-02|2025-11-03|2025-11-04|2025-11-05|2025-11-06|2025-11-07|2025-11-08|2025-11-09|2025-11-10|2025-11-11|2025-11-12|2025-11-13|2025-11-14|2025-11-15|2025-11-16|2025-11-17|2025-11-18|2025-11-19|2025-11-20|2025-11-21|2025-11-22|2025-11-23|2025-11-24|2025-11-25|2025-11-26|2025-11-27|2025-11-28|2025-11-29|2025-11-30|2025-12-01|2025-12-02|2025-12-03|2025-12-04|2025-12-05|2025-12-06|2025-12-07|2025-12-08|2025-12-09|2025-12-10|2025-12-11|2025-12-12|2025-12-13|2025-12-14|2025-12-15|2025-12-16|2025-12-17|2025-12-18|2025-12-19|2025-12-20|2025-12-21|2025-12-22|2025-12-23|2025-12-24|2025-12-25|2025-12-26|2025-12-27|2025-12-28|2025-12-29|2025-12-30|2025-12-31,False,HTTPError:HTTP Error 404: Not Found
USC00202627,https://www.ncei.noaa.gov/oa/local-climatological-data/v2/access/2025/LCD_USC00202627_2025.csv,200,https://www.ncei.noaa.gov/oa/local-climatological-data/v2/access/2025/LCD_USC00202627_2025.csv,3111791,81b247bd31221d081ec510bab9de41fe44f99bcaf397e3af289a2b86c6847934,True,7579,0,0,0,317,2025-01-01,2025-12-31,48,2025-08-02|2025-08-03|2025-08-04|2025-08-05|2025-08-06|2025-08-07|2025-08-08|2025-08-09|2025-08-10|2025-08-11|2025-08-12|2025-08-13|2025-08-14|2025-08-15|2025-08-16|2025-08-17|2025-08-18|2025-08-19|2025-08-20|2025-08-21|2025-08-22|2025-08-23|2025-08-24|2025-08-25|2025-08-26|2025-08-27|2025-08-28|2025-08-29|2025-08-30|2025-08-31|2025-09-01|2025-09-02|2025-09-03|2025-09-04|2025-09-05|2025-09-06|2025-09-07|2025-09-08|2025-09-09|2025-09-10|2025-09-11|2025-09-12|2025-09-13|2025-09-14|2025-09-15|2025-09-16|2025-09-17|2025-09-18,False,
USC00297614,https://www.ncei.noaa.gov/oa/local-climatological-data/v2/access/2025/LCD_USC00297614_2025.csv,ERROR,,0,,False,0,0,0,0,0,,,365,2025-01-01|2025-01-02|2025-01-03|2025-01-04|2025-01-05|2025-01-06|2025-01-07|2025-01-08|2025-01-09|2025-01-10|2025-01-11|2025-01-12|2025-01-13|2025-01-14|2025-01-15|2025-01-16|2025-01-17|2025-01-18|2025-01-19|2025-01-20|2025-01-21|2025-01-22|2025-01-23|2025-01-24|2025-01-25|2025-01-26|2025-01-27|2025-01-28|2025-01-29|2025-01-30|2025-01-31|2025-02-01|2025-02-02|2025-02-03|2025-02-04|2025-02-05|2025-02-06|2025-02-07|2025-02-08|2025-02-09|2025-02-10|2025-02-11|2025-02-12|2025-02-13|2025-02-14|2025-02-15|2025-02-16|2025-02-17|2025-02-18|2025-02-19|2025-02-20|2025-02-21|2025-02-22|2025-02-23|2025-02-24|2025-02-25|2025-02-26|2025-02-27|2025-02-28|2025-03-01|2025-03-02|2025-03-03|2025-03-04|2025-03-05|2025-03-06|2025-03-07|2025-03-08|2025-03-09|2025-03-10|2025-03-11|2025-03-12|2025-03-13|2025-03-14|2025-03-15|2025-03-16|2025-03-17|2025-03-18|2025-03-19|2025-03-20|2025-03-21|2025-03-22|2025-03-23|2025-03-24|2025-03-25|2025-03-26|2025-03-27|2025-03-28|2025-03-29|2025-03-30|2025-03-31|2025-04-01|2025-04-02|2025-04-03|2025-04-04|2025-04-05|2025-04-06|2025-04-07|2025-04-08|2025-04-09|2025-04-10|2025-04-11|2025-04-12|2025-04-13|2025-04-14|2025-04-15|2025-04-16|2025-04-17|2025-04-18|2025-04-19|2025-04-20|2025-04-21|2025-04-22|2025-04-23|2025-04-24|2025-04-25|2025-04-26|2025-04-27|2025-04-28|2025-04-29|2025-04-30|2025-05-01|2025-05-02|2025-05-03|2025-05-04|2025-05-05|2025-05-06|2025-05-07|2025-05-08|2025-05-09|2025-05-10|2025-05-11|2025-05-12|2025-05-13|2025-05-14|2025-05-15|2025-05-16|2025-05-17|2025-05-18|2025-05-19|2025-05-20|2025-05-21|2025-05-22|2025-05-23|2025-05-24|2025-05-25|2025-05-26|2025-05-27|2025-05-28|2025-05-29|2025-05-30|2025-05-31|2025-06-01|2025-06-02|2025-06-03|2025-06-04|2025-06-05|2025-06-06|2025-06-07|2025-06-08|2025-06-09|2025-06-10|2025-06-11|2025-06-12|2025-06-13|2025-06-14|2025-06-15|2025-06-16|2025-06-17|2025-06-18|2025-06-19|2025-06-20|2025-06-21|2025-06-22|2025-06-23|2025-06-24|2025-06-25|2025-06-26|2025-06-27|2025-06-28|2025-06-29|2025-06-30|2025-07-01|2025-07-02|2025-07-03|2025-07-04|2025-07-05|2025-07-06|2025-07-07|2025-07-08|2025-07-09|2025-07-10|2025-07-11|2025-07-12|2025-07-13|2025-07-14|2025-07-15|2025-07-16|2025-07-17|2025-07-18|2025-07-19|2025-07-20|2025-07-21|2025-07-22|2025-07-23|2025-07-24|2025-07-25|2025-07-26|2025-07-27|2025-07-28|2025-07-29|2025-07-30|2025-07-31|2025-08-01|2025-08-02|2025-08-03|2025-08-04|2025-08-05|2025-08-06|2025-08-07|2025-08-08|2025-08-09|2025-08-10|2025-08-11|2025-08-12|2025-08-13|2025-08-14|2025-08-15|2025-08-16|2025-08-17|2025-08-18|2025-08-19|2025-08-20|2025-08-21|2025-08-22|2025-08-23|2025-08-24|2025-08-25|2025-08-26|2025-08-27|2025-08-28|2025-08-29|2025-08-30|2025-08-31|2025-09-01|2025-09-02|2025-09-03|2025-09-04|2025-09-05|2025-09-06|2025-09-07|2025-09-08|2025-09-09|2025-09-10|2025-09-11|2025-09-12|2025-09-13|2025-09-14|2025-09-15|2025-09-16|2025-09-17|2025-09-18|2025-09-19|2025-09-20|2025-09-21|2025-09-22|2025-09-23|2025-09-24|2025-09-25|2025-09-26|2025-09-27|2025-09-28|2025-09-29|2025-09-30|2025-10-01|2025-10-02|2025-10-03|2025-10-04|2025-10-05|2025-10-06|2025-10-07|2025-10-08|2025-10-09|2025-10-10|2025-10-11|2025-10-12|2025-10-13|2025-10-14|2025-10-15|2025-10-16|2025-10-17|2025-10-18|2025-10-19|2025-10-20|2025-10-21|2025-10-22|2025-10-23|2025-10-24|2025-10-25|2025-10-26|2025-10-27|2025-10-28|2025-10-29|2025-10-30|2025-10-31|2025-11-01|2025-11-02|2025-11-03|2025-11-04|2025-11-05|2025-11-06|2025-11-07|2025-11-08|2025-11-09|2025-11-10|2025-11-11|2025-11-12|2025-11-13|2025-11-14|2025-11-15|2025-11-16|2025-11-17|2025-11-18|2025-11-19|2025-11-20|2025-11-21|2025-11-22|2025-11-23|2025-11-24|2025-11-25|2025-11-26|2025-11-27|2025-11-28|2025-11-29|2025-11-30|2025-12-01|2025-12-02|2025-12-03|2025-12-04|2025-12-05|2025-12-06|2025-12-07|2025-12-08|2025-12-09|2025-12-10|2025-12-11|2025-12-12|2025-12-13|2025-12-14|2025-12-15|2025-12-16|2025-12-17|2025-12-18|2025-12-19|2025-12-20|2025-12-21|2025-12-22|2025-12-23|2025-12-24|2025-12-25|2025-12-26|2025-12-27|2025-12-28|2025-12-29|2025-12-30|2025-12-31,False,HTTPError:HTTP Error 404: Not Found
USC00397666,https://www.ncei.noaa.gov/oa/local-climatological-data/v2/access/2025/LCD_USC00397666_2025.csv,200,https://www.ncei.noaa.gov/oa/local-climatological-data/v2/access/2025/LCD_USC00397666_2025.csv,3760650,cea28a8b4f08d95473bbe1c283def973818cc03e1d5704fc26160977982a14f1,True,9135,0,0,0,365,2025-01-01,2025-12-31,0,,True,
USC00410213,https://www.ncei.noaa.gov/oa/local-climatological-data/v2/access/2025/LCD_USC00410213_2025.csv,200,https://www.ncei.noaa.gov/oa/local-climatological-data/v2/access/2025/LCD_USC00410213_2025.csv,3709719,51b83a16f6c9a9facbdf70a299e5f4df078b851d25cedb1e5fd4b159d5d752b3,True,9012,0,0,0,365,2025-01-01,2025-12-31,0,,True,
USC00415893,https://www.ncei.noaa.gov/oa/local-climatological-data/v2/access/2025/LCD_USC00415893_2025.csv,200,https://www.ncei.noaa.gov/oa/local-climatological-data/v2/access/2025/LCD_USC00415893_2025.csv,3758889,8fff7cd7bb27611297c89e16372fa72aad8ad9c9aab9ff949ab301c7cb22df46,True,9137,0,0,0,365,2025-01-01,2025-12-31,0,,True,
USC00417944,https://www.ncei.noaa.gov/oa/local-climatological-data/v2/access/2025/LCD_USC00417944_2025.csv,200,https://www.ncei.noaa.gov/oa/local-climatological-data/v2/access/2025/LCD_USC00417944_2025.csv,3760852,9537d43516eb4c0c1bc7fbeeca2da87a600b3ad44d7649103be38fcc00c245e5,True,9137,0,0,0,365,2025-01-01,2025-12-31,0,,True,
USC00419417,https://www.ncei.noaa.gov/oa/local-climatological-data/v2/access/2025/LCD_USC00419417_2025.csv,200,https://www.ncei.noaa.gov/oa/local-climatological-data/v2/access/2025/LCD_USC00419417_2025.csv,989302,5131041623c771c850eeb6878edceec8b6624605a4ba6b36158e2607e349759f,True,2403,0,0,0,334,2025-01-01,2025-12-31,31,2025-08-01|2025-08-02|2025-08-03|2025-08-04|2025-08-05|2025-08-06|2025-08-07|2025-08-08|2025-08-09|2025-08-10|2025-08-11|2025-08-12|2025-08-13|2025-08-14|2025-08-15|2025-08-16|2025-08-17|2025-08-18|2025-08-19|2025-08-20|2025-08-21|2025-08-22|2025-08-23|2025-08-24|2025-08-25|2025-08-26|2025-08-27|2025-08-28|2025-08-29|2025-08-30|2025-08-31,False,
USC00487846,https://www.ncei.noaa.gov/oa/local-climatological-data/v2/access/2025/LCD_USC00487846_2025.csv,200,https://www.ncei.noaa.gov/oa/local-climatological-data/v2/access/2025/LCD_USC00487846_2025.csv,3740226,5fa839ddc76a1e856cde2e3b72bdeffe5670dc462a89fb02ae0e4f7c9aa6bcbe,True,9112,0,0,0,365,2025-01-01,2025-12-31,0,,True,
USI0000KBRO,https://www.ncei.noaa.gov/oa/local-climatological-data/v2/access/2025/LCD_USI0000KBRO_2025.csv,200,https://www.ncei.noaa.gov/oa/local-climatological-data/v2/access/2025/LCD_USI0000KBRO_2025.csv,8795977,bba2efd733de1f03d626221b6cbce9c59e35b972646ea477c5256f8bc4c0d815,True,14128,0,0,0,362,2025-01-01,2025-12-31,3,2025-08-30|2025-08-31|2025-09-01,False,
USI0000KLCH,https://www.ncei.noaa.gov/oa/local-climatological-data/v2/access/2025/LCD_USI0000KLCH_2025.csv,ERROR,,0,,False,0,0,0,0,0,,,365,2025-01-01|2025-01-02|2025-01-03|2025-01-04|2025-01-05|2025-01-06|2025-01-07|2025-01-08|2025-01-09|2025-01-10|2025-01-11|2025-01-12|2025-01-13|2025-01-14|2025-01-15|2025-01-16|2025-01-17|2025-01-18|2025-01-19|2025-01-20|2025-01-21|2025-01-22|2025-01-23|2025-01-24|2025-01-25|2025-01-26|2025-01-27|2025-01-28|2025-01-29|2025-01-30|2025-01-31|2025-02-01|2025-02-02|2025-02-03|2025-02-04|2025-02-05|2025-02-06|2025-02-07|2025-02-08|2025-02-09|2025-02-10|2025-02-11|2025-02-12|2025-02-13|2025-02-14|2025-02-15|2025-02-16|2025-02-17|2025-02-18|2025-02-19|2025-02-20|2025-02-21|2025-02-22|2025-02-23|2025-02-24|2025-02-25|2025-02-26|2025-02-27|2025-02-28|2025-03-01|2025-03-02|2025-03-03|2025-03-04|2025-03-05|2025-03-06|2025-03-07|2025-03-08|2025-03-09|2025-03-10|2025-03-11|2025-03-12|2025-03-13|2025-03-14|2025-03-15|2025-03-16|2025-03-17|2025-03-18|2025-03-19|2025-03-20|2025-03-21|2025-03-22|2025-03-23|2025-03-24|2025-03-25|2025-03-26|2025-03-27|2025-03-28|2025-03-29|2025-03-30|2025-03-31|2025-04-01|2025-04-02|2025-04-03|2025-04-04|2025-04-05|2025-04-06|2025-04-07|2025-04-08|2025-04-09|2025-04-10|2025-04-11|2025-04-12|2025-04-13|2025-04-14|2025-04-15|2025-04-16|2025-04-17|2025-04-18|2025-04-19|2025-04-20|2025-04-21|2025-04-22|2025-04-23|2025-04-24|2025-04-25|2025-04-26|2025-04-27|2025-04-28|2025-04-29|2025-04-30|2025-05-01|2025-05-02|2025-05-03|2025-05-04|2025-05-05|2025-05-06|2025-05-07|2025-05-08|2025-05-09|2025-05-10|2025-05-11|2025-05-12|2025-05-13|2025-05-14|2025-05-15|2025-05-16|2025-05-17|2025-05-18|2025-05-19|2025-05-20|2025-05-21|2025-05-22|2025-05-23|2025-05-24|2025-05-25|2025-05-26|2025-05-27|2025-05-28|2025-05-29|2025-05-30|2025-05-31|2025-06-01|2025-06-02|2025-06-03|2025-06-04|2025-06-05|2025-06-06|2025-06-07|2025-06-08|2025-06-09|2025-06-10|2025-06-11|2025-06-12|2025-06-13|2025-06-14|2025-06-15|2025-06-16|2025-06-17|2025-06-18|2025-06-19|2025-06-20|2025-06-21|2025-06-22|2025-06-23|2025-06-24|2025-06-25|2025-06-26|2025-06-27|2025-06-28|2025-06-29|2025-06-30|2025-07-01|2025-07-02|2025-07-03|2025-07-04|2025-07-05|2025-07-06|2025-07-07|2025-07-08|2025-07-09|2025-07-10|2025-07-11|2025-07-12|2025-07-13|2025-07-14|2025-07-15|2025-07-16|2025-07-17|2025-07-18|2025-07-19|2025-07-20|2025-07-21|2025-07-22|2025-07-23|2025-07-24|2025-07-25|2025-07-26|2025-07-27|2025-07-28|2025-07-29|2025-07-30|2025-07-31|2025-08-01|2025-08-02|2025-08-03|2025-08-04|2025-08-05|2025-08-06|2025-08-07|2025-08-08|2025-08-09|2025-08-10|2025-08-11|2025-08-12|2025-08-13|2025-08-14|2025-08-15|2025-08-16|2025-08-17|2025-08-18|2025-08-19|2025-08-20|2025-08-21|2025-08-22|2025-08-23|2025-08-24|2025-08-25|2025-08-26|2025-08-27|2025-08-28|2025-08-29|2025-08-30|2025-08-31|2025-09-01|2025-09-02|2025-09-03|2025-09-04|2025-09-05|2025-09-06|2025-09-07|2025-09-08|2025-09-09|2025-09-10|2025-09-11|2025-09-12|2025-09-13|2025-09-14|2025-09-15|2025-09-16|2025-09-17|2025-09-18|2025-09-19|2025-09-20|2025-09-21|2025-09-22|2025-09-23|2025-09-24|2025-09-25|2025-09-26|2025-09-27|2025-09-28|2025-09-29|2025-09-30|2025-10-01|2025-10-02|2025-10-03|2025-10-04|2025-10-05|2025-10-06|2025-10-07|2025-10-08|2025-10-09|2025-10-10|2025-10-11|2025-10-12|2025-10-13|2025-10-14|2025-10-15|2025-10-16|2025-10-17|2025-10-18|2025-10-19|2025-10-20|2025-10-21|2025-10-22|2025-10-23|2025-10-24|2025-10-25|2025-10-26|2025-10-27|2025-10-28|2025-10-29|2025-10-30|2025-10-31|2025-11-01|2025-11-02|2025-11-03|2025-11-04|2025-11-05|2025-11-06|2025-11-07|2025-11-08|2025-11-09|2025-11-10|2025-11-11|2025-11-12|2025-11-13|2025-11-14|2025-11-15|2025-11-16|2025-11-17|2025-11-18|2025-11-19|2025-11-20|2025-11-21|2025-11-22|2025-11-23|2025-11-24|2025-11-25|2025-11-26|2025-11-27|2025-11-28|2025-11-29|2025-11-30|2025-12-01|2025-12-02|2025-12-03|2025-12-04|2025-12-05|2025-12-06|2025-12-07|2025-12-08|2025-12-09|2025-12-10|2025-12-11|2025-12-12|2025-12-13|2025-12-14|2025-12-15|2025-12-16|2025-12-17|2025-12-18|2025-12-19|2025-12-20|2025-12-21|2025-12-22|2025-12-23|2025-12-24|2025-12-25|2025-12-26|2025-12-27|2025-12-28|2025-12-29|2025-12-30|2025-12-31,False,HTTPError:HTTP Error 404: Not Found
USI0000KPBG,https://www.ncei.noaa.gov/oa/local-climatological-data/v2/access/2025/LCD_USI0000KPBG_2025.csv,ERROR,,0,,False,0,0,0,0,0,,,365,2025-01-01|2025-01-02|2025-01-03|2025-01-04|2025-01-05|2025-01-06|2025-01-07|2025-01-08|2025-01-09|2025-01-10|2025-01-11|2025-01-12|2025-01-13|2025-01-14|2025-01-15|2025-01-16|2025-01-17|2025-01-18|2025-01-19|2025-01-20|2025-01-21|2025-01-22|2025-01-23|2025-01-24|2025-01-25|2025-01-26|2025-01-27|2025-01-28|2025-01-29|2025-01-30|2025-01-31|2025-02-01|2025-02-02|2025-02-03|2025-02-04|2025-02-05|2025-02-06|2025-02-07|2025-02-08|2025-02-09|2025-02-10|2025-02-11|2025-02-12|2025-02-13|2025-02-14|2025-02-15|2025-02-16|2025-02-17|2025-02-18|2025-02-19|2025-02-20|2025-02-21|2025-02-22|2025-02-23|2025-02-24|2025-02-25|2025-02-26|2025-02-27|2025-02-28|2025-03-01|2025-03-02|2025-03-03|2025-03-04|2025-03-05|2025-03-06|2025-03-07|2025-03-08|2025-03-09|2025-03-10|2025-03-11|2025-03-12|2025-03-13|2025-03-14|2025-03-15|2025-03-16|2025-03-17|2025-03-18|2025-03-19|2025-03-20|2025-03-21|2025-03-22|2025-03-23|2025-03-24|2025-03-25|2025-03-26|2025-03-27|2025-03-28|2025-03-29|2025-03-30|2025-03-31|2025-04-01|2025-04-02|2025-04-03|2025-04-04|2025-04-05|2025-04-06|2025-04-07|2025-04-08|2025-04-09|2025-04-10|2025-04-11|2025-04-12|2025-04-13|2025-04-14|2025-04-15|2025-04-16|2025-04-17|2025-04-18|2025-04-19|2025-04-20|2025-04-21|2025-04-22|2025-04-23|2025-04-24|2025-04-25|2025-04-26|2025-04-27|2025-04-28|2025-04-29|2025-04-30|2025-05-01|2025-05-02|2025-05-03|2025-05-04|2025-05-05|2025-05-06|2025-05-07|2025-05-08|2025-05-09|2025-05-10|2025-05-11|2025-05-12|2025-05-13|2025-05-14|2025-05-15|2025-05-16|2025-05-17|2025-05-18|2025-05-19|2025-05-20|2025-05-21|2025-05-22|2025-05-23|2025-05-24|2025-05-25|2025-05-26|2025-05-27|2025-05-28|2025-05-29|2025-05-30|2025-05-31|2025-06-01|2025-06-02|2025-06-03|2025-06-04|2025-06-05|2025-06-06|2025-06-07|2025-06-08|2025-06-09|2025-06-10|2025-06-11|2025-06-12|2025-06-13|2025-06-14|2025-06-15|2025-06-16|2025-06-17|2025-06-18|2025-06-19|2025-06-20|2025-06-21|2025-06-22|2025-06-23|2025-06-24|2025-06-25|2025-06-26|2025-06-27|2025-06-28|2025-06-29|2025-06-30|2025-07-01|2025-07-02|2025-07-03|2025-07-04|2025-07-05|2025-07-06|2025-07-07|2025-07-08|2025-07-09|2025-07-10|2025-07-11|2025-07-12|2025-07-13|2025-07-14|2025-07-15|2025-07-16|2025-07-17|2025-07-18|2025-07-19|2025-07-20|2025-07-21|2025-07-22|2025-07-23|2025-07-24|2025-07-25|2025-07-26|2025-07-27|2025-07-28|2025-07-29|2025-07-30|2025-07-31|2025-08-01|2025-08-02|2025-08-03|2025-08-04|2025-08-05|2025-08-06|2025-08-07|2025-08-08|2025-08-09|2025-08-10|2025-08-11|2025-08-12|2025-08-13|2025-08-14|2025-08-15|2025-08-16|2025-08-17|2025-08-18|2025-08-19|2025-08-20|2025-08-21|2025-08-22|2025-08-23|2025-08-24|2025-08-25|2025-08-26|2025-08-27|2025-08-28|2025-08-29|2025-08-30|2025-08-31|2025-09-01|2025-09-02|2025-09-03|2025-09-04|2025-09-05|2025-09-06|2025-09-07|2025-09-08|2025-09-09|2025-09-10|2025-09-11|2025-09-12|2025-09-13|2025-09-14|2025-09-15|2025-09-16|2025-09-17|2025-09-18|2025-09-19|2025-09-20|2025-09-21|2025-09-22|2025-09-23|2025-09-24|2025-09-25|2025-09-26|2025-09-27|2025-09-28|2025-09-29|2025-09-30|2025-10-01|2025-10-02|2025-10-03|2025-10-04|2025-10-05|2025-10-06|2025-10-07|2025-10-08|2025-10-09|2025-10-10|2025-10-11|2025-10-12|2025-10-13|2025-10-14|2025-10-15|2025-10-16|2025-10-17|2025-10-18|2025-10-19|2025-10-20|2025-10-21|2025-10-22|2025-10-23|2025-10-24|2025-10-25|2025-10-26|2025-10-27|2025-10-28|2025-10-29|2025-10-30|2025-10-31|2025-11-01|2025-11-02|2025-11-03|2025-11-04|2025-11-05|2025-11-06|2025-11-07|2025-11-08|2025-11-09|2025-11-10|2025-11-11|2025-11-12|2025-11-13|2025-11-14|2025-11-15|2025-11-16|2025-11-17|2025-11-18|2025-11-19|2025-11-20|2025-11-21|2025-11-22|2025-11-23|2025-11-24|2025-11-25|2025-11-26|2025-11-27|2025-11-28|2025-11-29|2025-11-30|2025-12-01|2025-12-02|2025-12-03|2025-12-04|2025-12-05|2025-12-06|2025-12-07|2025-12-08|2025-12-09|2025-12-10|2025-12-11|2025-12-12|2025-12-13|2025-12-14|2025-12-15|2025-12-16|2025-12-17|2025-12-18|2025-12-19|2025-12-20|2025-12-21|2025-12-22|2025-12-23|2025-12-24|2025-12-25|2025-12-26|2025-12-27|2025-12-28|2025-12-29|2025-12-30|2025-12-31,False,HTTPError:HTTP Error 404: Not Found
USI0000PHIK,https://www.ncei.noaa.gov/oa/local-climatological-data/v2/access/2025/LCD_USI0000PHIK_2025.csv,ERROR,,0,,False,0,0,0,0,0,,,365,2025-01-01|2025-01-02|2025-01-03|2025-01-04|2025-01-05|2025-01-06|2025-01-07|2025-01-08|2025-01-09|2025-01-10|2025-01-11|2025-01-12|2025-01-13|2025-01-14|2025-01-15|2025-01-16|2025-01-17|2025-01-18|2025-01-19|2025-01-20|2025-01-21|2025-01-22|2025-01-23|2025-01-24|2025-01-25|2025-01-26|2025-01-27|2025-01-28|2025-01-29|2025-01-30|2025-01-31|2025-02-01|2025-02-02|2025-02-03|2025-02-04|2025-02-05|2025-02-06|2025-02-07|2025-02-08|2025-02-09|2025-02-10|2025-02-11|2025-02-12|2025-02-13|2025-02-14|2025-02-15|2025-02-16|2025-02-17|2025-02-18|2025-02-19|2025-02-20|2025-02-21|2025-02-22|2025-02-23|2025-02-24|2025-02-25|2025-02-26|2025-02-27|2025-02-28|2025-03-01|2025-03-02|2025-03-03|2025-03-04|2025-03-05|2025-03-06|2025-03-07|2025-03-08|2025-03-09|2025-03-10|2025-03-11|2025-03-12|2025-03-13|2025-03-14|2025-03-15|2025-03-16|2025-03-17|2025-03-18|2025-03-19|2025-03-20|2025-03-21|2025-03-22|2025-03-23|2025-03-24|2025-03-25|2025-03-26|2025-03-27|2025-03-28|2025-03-29|2025-03-30|2025-03-31|2025-04-01|2025-04-02|2025-04-03|2025-04-04|2025-04-05|2025-04-06|2025-04-07|2025-04-08|2025-04-09|2025-04-10|2025-04-11|2025-04-12|2025-04-13|2025-04-14|2025-04-15|2025-04-16|2025-04-17|2025-04-18|2025-04-19|2025-04-20|2025-04-21|2025-04-22|2025-04-23|2025-04-24|2025-04-25|2025-04-26|2025-04-27|2025-04-28|2025-04-29|2025-04-30|2025-05-01|2025-05-02|2025-05-03|2025-05-04|2025-05-05|2025-05-06|2025-05-07|2025-05-08|2025-05-09|2025-05-10|2025-05-11|2025-05-12|2025-05-13|2025-05-14|2025-05-15|2025-05-16|2025-05-17|2025-05-18|2025-05-19|2025-05-20|2025-05-21|2025-05-22|2025-05-23|2025-05-24|2025-05-25|2025-05-26|2025-05-27|2025-05-28|2025-05-29|2025-05-30|2025-05-31|2025-06-01|2025-06-02|2025-06-03|2025-06-04|2025-06-05|2025-06-06|2025-06-07|2025-06-08|2025-06-09|2025-06-10|2025-06-11|2025-06-12|2025-06-13|2025-06-14|2025-06-15|2025-06-16|2025-06-17|2025-06-18|2025-06-19|2025-06-20|2025-06-21|2025-06-22|2025-06-23|2025-06-24|2025-06-25|2025-06-26|2025-06-27|2025-06-28|2025-06-29|2025-06-30|2025-07-01|2025-07-02|2025-07-03|2025-07-04|2025-07-05|2025-07-06|2025-07-07|2025-07-08|2025-07-09|2025-07-10|2025-07-11|2025-07-12|2025-07-13|2025-07-14|2025-07-15|2025-07-16|2025-07-17|2025-07-18|2025-07-19|2025-07-20|2025-07-21|2025-07-22|2025-07-23|2025-07-24|2025-07-25|2025-07-26|2025-07-27|2025-07-28|2025-07-29|2025-07-30|2025-07-31|2025-08-01|2025-08-02|2025-08-03|2025-08-04|2025-08-05|2025-08-06|2025-08-07|2025-08-08|2025-08-09|2025-08-10|2025-08-11|2025-08-12|2025-08-13|2025-08-14|2025-08-15|2025-08-16|2025-08-17|2025-08-18|2025-08-19|2025-08-20|2025-08-21|2025-08-22|2025-08-23|2025-08-24|2025-08-25|2025-08-26|2025-08-27|2025-08-28|2025-08-29|2025-08-30|2025-08-31|2025-09-01|2025-09-02|2025-09-03|2025-09-04|2025-09-05|2025-09-06|2025-09-07|2025-09-08|2025-09-09|2025-09-10|2025-09-11|2025-09-12|2025-09-13|2025-09-14|2025-09-15|2025-09-16|2025-09-17|2025-09-18|2025-09-19|2025-09-20|2025-09-21|2025-09-22|2025-09-23|2025-09-24|2025-09-25|2025-09-26|2025-09-27|2025-09-28|2025-09-29|2025-09-30|2025-10-01|2025-10-02|2025-10-03|2025-10-04|2025-10-05|2025-10-06|2025-10-07|2025-10-08|2025-10-09|2025-10-10|2025-10-11|2025-10-12|2025-10-13|2025-10-14|2025-10-15|2025-10-16|2025-10-17|2025-10-18|2025-10-19|2025-10-20|2025-10-21|2025-10-22|2025-10-23|2025-10-24|2025-10-25|2025-10-26|2025-10-27|2025-10-28|2025-10-29|2025-10-30|2025-10-31|2025-11-01|2025-11-02|2025-11-03|2025-11-04|2025-11-05|2025-11-06|2025-11-07|2025-11-08|2025-11-09|2025-11-10|2025-11-11|2025-11-12|2025-11-13|2025-11-14|2025-11-15|2025-11-16|2025-11-17|2025-11-18|2025-11-19|2025-11-20|2025-11-21|2025-11-22|2025-11-23|2025-11-24|2025-11-25|2025-11-26|2025-11-27|2025-11-28|2025-11-29|2025-11-30|2025-12-01|2025-12-02|2025-12-03|2025-12-04|2025-12-05|2025-12-06|2025-12-07|2025-12-08|2025-12-09|2025-12-10|2025-12-11|2025-12-12|2025-12-13|2025-12-14|2025-12-15|2025-12-16|2025-12-17|2025-12-18|2025-12-19|2025-12-20|2025-12-21|2025-12-22|2025-12-23|2025-12-24|2025-12-25|2025-12-26|2025-12-27|2025-12-28|2025-12-29|2025-12-30|2025-12-31,False,HTTPError:HTTP Error 404: Not Found
USW00003017,https://www.ncei.noaa.gov/oa/local-climatological-data/v2/access/2025/LCD_USW00003017_2025.csv,200,https://www.ncei.noaa.gov/oa/local-climatological-data/v2/access/2025/LCD_USW00003017_2025.csv,9646818,4a11cd2a79e0385e4e2d1ad750785d526f424bdb330b933212c464d735a32685,True,13509,0,0,0,365,2025-01-01,2025-12-31,0,,True,
USW00003102,https://www.ncei.noaa.gov/oa/local-climatological-data/v2/access/2025/LCD_USW00003102_2025.csv,200,https://www.ncei.noaa.gov/oa/local-climatological-data/v2/access/2025/LCD_USW00003102_2025.csv,6431942,9b73d70cce37a95a81b99ca9032a1e59d7cdbce96598bc42002f7a58b5606dd5,True,10019,0,0,0,365,2025-01-01,2025-12-31,0,,True,
USW00003103,https://www.ncei.noaa.gov/oa/local-climatological-data/v2/access/2025/LCD_USW00003103_2025.csv,200,https://www.ncei.noaa.gov/oa/local-climatological-data/v2/access/2025/LCD_USW00003103_2025.csv,9350052,b99e4ef051890cada22e7d6b05545427346ec2ee8525bd5e912f2b518b8abee7,True,13599,0,0,0,365,2025-01-01,2025-12-31,0,,True,
USW00003145,https://www.ncei.noaa.gov/oa/local-climatological-data/v2/access/2025/LCD_USW00003145_2025.csv,200,https://www.ncei.noaa.gov/oa/local-climatological-data/v2/access/2025/LCD_USW00003145_2025.csv,5279250,eee564e27daea74c464683004f0181d2c7da6818691eaeb54d7754d1fd59cca4,True,8915,0,0,0,365,2025-01-01,2025-12-31,0,,True,
USW00003802,https://www.ncei.noaa.gov/oa/local-climatological-data/v2/access/2025/LCD_USW00003802_2025.csv,200,https://www.ncei.noaa.gov/oa/local-climatological-data/v2/access/2025/LCD_USW00003802_2025.csv,8939904,d17c4acbec11c8dbe4e76abe9f00b0173ba2ed54ae414c0a154aa777d268bbd0,True,12534,0,0,0,365,2025-01-01,2025-12-31,0,,True,
USW00003812,https://www.ncei.noaa.gov/oa/local-climatological-data/v2/access/2025/LCD_USW00003812_2025.csv,200,https://www.ncei.noaa.gov/oa/local-climatological-data/v2/access/2025/LCD_USW00003812_2025.csv,9978163,a3a8587107c96a119f50801fe1bcab58dac6f1d3aa3cf78df037149fe4b41790,True,15079,0,0,0,365,2025-01-01,2025-12-31,0,,True,
USW00003820,https://www.ncei.noaa.gov/oa/local-climatological-data/v2/access/2025/LCD_USW00003820_2025.csv,200,https://www.ncei.noaa.gov/oa/local-climatological-data/v2/access/2025/LCD_USW00003820_2025.csv,9672014,892fbc74cd3dfb6c4b7bd090ee20549e40e442a03a90272ec0926a26551e5d2d,True,14624,0,0,0,365,2025-01-01,2025-12-31,0,,True,
USW00003822,https://www.ncei.noaa.gov/oa/local-climatological-data/v2/access/2025/LCD_USW00003822_2025.csv,200,https://www.ncei.noaa.gov/oa/local-climatological-data/v2/access/2025/LCD_USW00003822_2025.csv,9304441,1577714e16188a3f85d76ab29283f60ee5c6b536b68df91216a7169286fcb6d5,True,13585,0,0,0,365,2025-01-01,2025-12-31,0,,True,
USW00003856,https://www.ncei.noaa.gov/oa/local-climatological-data/v2/access/2025/LCD_USW00003856_2025.csv,200,https://www.ncei.noaa.gov/oa/local-climatological-data/v2/access/2025/LCD_USW00003856_2025.csv,9979908,425337e8815226007ea8969019d55dffc95449395f647553d52a2113441c76ec,True,13827,0,0,0,365,2025-01-01,2025-12-31,0,,True,
USW00003860,https://www.ncei.noaa.gov/oa/local-climatological-data/v2/access/2025/LCD_USW00003860_2025.csv,200,https://www.ncei.noaa.gov/oa/local-climatological-data/v2/access/2025/LCD_USW00003860_2025.csv,9734824,619149379e734a143f65b9b29250838736a9b0eee906410a2e37e72eeba40117,True,14557,0,0,0,365,2025-01-01,2025-12-31,0,,True,
USW00003870,https://www.ncei.noaa.gov/oa/local-climatological-data/v2/access/2025/LCD_USW00003870_2025.csv,200,https://www.ncei.noaa.gov/oa/local-climatological-data/v2/access/2025/LCD_USW00003870_2025.csv,9495447,35e7f9aa3ecae66bdfddd0e68d9f770b259f41745399cb5da2037e5596e3b353,True,13785,0,0,0,365,2025-01-01,2025-12-31,0,,True,
USW00003887,https://www.ncei.noaa.gov/oa/local-climatological-data/v2/access/2025/LCD_USW00003887_2025.csv,200,https://www.ncei.noaa.gov/oa/local-climatological-data/v2/access/2025/LCD_USW00003887_2025.csv,6933430,2809e8fbd620e5eb9d430e17c7f0bc6428f692f176b80aeae74565df5eb4ce79,True,11100,0,0,0,365,2025-01-01,2025-12-31,0,,True,
USW00003901,https://www.ncei.noaa.gov/oa/local-climatological-data/v2/access/2025/LCD_USW00003901_2025.csv,200,https://www.ncei.noaa.gov/oa/local-climatological-data/v2/access/2025/LCD_USW00003901_2025.csv,7153257,97a736b908cd7fa6e190739d88a08d5b9c59aca76eedf14f7b1034244885bc4a,True,11150,0,0,0,365,2025-01-01,2025-12-31,0,,True,
USW00003902,https://www.ncei.noaa.gov/oa/local-climatological-data/v2/access/2025/LCD_USW00003902_2025.csv,200,https://www.ncei.noaa.gov/oa/local-climatological-data/v2/access/2025/LCD_USW00003902_2025.csv,8757177,df9df32389431fc50dc590f277db5371502ce5911ad2b2fa9ac90f13130b1e3e,True,13995,0,0,0,365,2025-01-01,2025-12-31,0,,True,
USW00003904,https://www.ncei.noaa.gov/oa/local-climatological-data/v2/access/2025/LCD_USW00003904_2025.csv,200,https://www.ncei.noaa.gov/oa/local-climatological-data/v2/access/2025/LCD_USW00003904_2025.csv,7462534,ddf78183e99a7daa0f2dfe5b7e6c620ff5cf1fed9e48516c880992a021b55305,True,11691,0,0,0,365,2025-01-01,2025-12-31,0,,True,
USW00003927,https://www.ncei.noaa.gov/oa/local-climatological-data/v2/access/2025/LCD_USW00003927_2025.csv,200,https://www.ncei.noaa.gov/oa/local-climatological-data/v2/access/2025/LCD_USW00003927_2025.csv,8205449,7cefad8a242449b26e321afedbccd0ad3cb3cf2bbc82fc228a745bacd566c973,True,13030,0,0,0,365,2025-01-01,2025-12-31,0,,True,
USW00003928,https://www.ncei.noaa.gov/oa/local-climatological-data/v2/access/2025/LCD_USW00003928_2025.csv,200,https://www.ncei.noaa.gov/oa/local-climatological-data/v2/access/2025/LCD_USW00003928_2025.csv,9841469,b5360a883fd657d973dfae03f301f5d471afdc3923eb2a791337000ab114366c,True,13344,0,0,0,365,2025-01-01,2025-12-31,0,,True,
USW00003936,https://www.ncei.noaa.gov/oa/local-climatological-data/v2/access/2025/LCD_USW00003936_2025.csv,200,https://www.ncei.noaa.gov/oa/local-climatological-data/v2/access/2025/LCD_USW00003936_2025.csv,6730433,76721887e2157225a44ad3506a063cb463f2914d67bd15b026b2473ec790b84a,True,10922,0,0,0,365,2025-01-01,2025-12-31,0,,True,
USW00003940,https://www.ncei.noaa.gov/oa/local-climatological-data/v2/access/2025/LCD_USW00003940_2025.csv,200,https://www.ncei.noaa.gov/oa/local-climatological-data/v2/access/2025/LCD_USW00003940_2025.csv,8910874,a2948cbcada0fc4c324af045f5da0ce6de78372b395318e6b92fbff1246cdb21,True,14191,0,0,0,365,2025-01-01,2025-12-31,0,,True,
USW00003945,https://www.ncei.noaa.gov/oa/local-climatological-data/v2/access/2025/LCD_USW00003945_2025.csv,200,https://www.ncei.noaa.gov/oa/local-climatological-data/v2/access/2025/LCD_USW00003945_2025.csv,9337957,07c683291560f8be9045c8e14795f312c3e86999bbe43e69b01d38ec56382250,True,13377,0,0,0,365,2025-01-01,2025-12-31,0,,True,
USW00003947,https://www.ncei.noaa.gov/oa/local-climatological-data/v2/access/2025/LCD_USW00003947_2025.csv,200,https://www.ncei.noaa.gov/oa/local-climatological-data/v2/access/2025/LCD_USW00003947_2025.csv,9927302,bfbd59863b69352c12b795130dcb54a9d42fa2e873e17440fff89f1e3210bacc,True,13338,0,0,0,365,2025-01-01,2025-12-31,0,,True,
USW00003950,https://www.ncei.noaa.gov/oa/local-climatological-data/v2/access/2025/LCD_USW00003950_2025.csv,200,https://www.ncei.noaa.gov/oa/local-climatological-data/v2/access/2025/LCD_USW00003950_2025.csv,6852150,e92b92988753994a632712922f47fe020aeb21bf4b40db46e852bdf34c06940d,True,10896,0,0,0,365,2025-01-01,2025-12-31,0,,True,
USW00003965,https://www.ncei.noaa.gov/oa/local-climatological-data/v2/access/2025/LCD_USW00003965_2025.csv,200,https://www.ncei.noaa.gov/oa/local-climatological-data/v2/access/2025/LCD_USW00003965_2025.csv,6966787,916da7bb3b0775e6948acc7208803bb6e1a68dfca6755e313736896335bfa7bf,True,10983,0,0,0,365,2025-01-01,2025-12-31,0,,True,
USW00003968,https://www.ncei.noaa.gov/oa/local-climatological-data/v2/access/2025/LCD_USW00003968_2025.csv,200,https://www.ncei.noaa.gov/oa/local-climatological-data/v2/access/2025/LCD_USW00003968_2025.csv,6393060,b020c4eced4eac99fe5bceff71a8a93baaa83d7c8607a8170cf8c18962ac3295,True,10357,0,0,0,362,2025-01-01,2025-12-31,3,2025-08-30|2025-08-31|2025-09-01,False,
USW00004724,https://www.ncei.noaa.gov/oa/local-climatological-data/v2/access/2025/LCD_USW00004724_2025.csv,200,https://www.ncei.noaa.gov/oa/local-climatological-data/v2/access/2025/LCD_USW00004724_2025.csv,8148930,ed50c2d8f0acbe89f87a4064220d17ae69792c65d3d846d22f04f54b2b4b7869,True,12492,0,0,0,363,2025-01-01,2025-12-31,2,2025-08-30|2025-09-01,False,
USW00004725,https://www.ncei.noaa.gov/oa/local-climatological-data/v2/access/2025/LCD_USW00004725_2025.csv,200,https://www.ncei.noaa.gov/oa/local-climatological-data/v2/access/2025/LCD_USW00004725_2025.csv,11725447,f750023856512279da72a4f14b4371d2d469300f869354426d352903a13e60eb,True,16329,0,0,0,365,2025-01-01,2025-12-31,0,,True,
USW00004726,https://www.ncei.noaa.gov/oa/local-climatological-data/v2/access/2025/LCD_USW00004726_2025.csv,200,https://www.ncei.noaa.gov/oa/local-climatological-data/v2/access/2025/LCD_USW00004726_2025.csv,9483319,d00ae77f497a073306d2e3d398d79e10f1cbc56d1b1539547ce426d0006b4fc8,True,14561,0,0,0,365,2025-01-01,2025-12-31,0,,True,
USW00004743,https://www.ncei.noaa.gov/oa/local-climatological-data/v2/access/2025/LCD_USW00004743_2025.csv,200,https://www.ncei.noaa.gov/oa/local-climatological-data/v2/access/2025/LCD_USW00004743_2025.csv,6623650,d8d0d9a9403b4c1d3354cc4bc071db2df0501debb07d634a4cb8b51cf8757fac,True,10599,0,0,0,363,2025-01-01,2025-12-31,2,2025-08-30|2025-09-01,False,
USW00004781,https://www.ncei.noaa.gov/oa/local-climatological-data/v2/access/2025/LCD_USW00004781_2025.csv,200,https://www.ncei.noaa.gov/oa/local-climatological-data/v2/access/2025/LCD_USW00004781_2025.csv,6691478,784c27432d88ea9cace361cdfb7602fe1064a8ec02f844c4ec3edb2ad6ddeaed,True,10444,0,0,0,365,2025-01-01,2025-12-31,0,,True,
USW00004803,https://www.ncei.noaa.gov/oa/local-climatological-data/v2/access/2025/LCD_USW00004803_2025.csv,200,https://www.ncei.noaa.gov/oa/local-climatological-data/v2/access/2025/LCD_USW00004803_2025.csv,8133184,ed920fb5e877628847eaa0adf04c127f54c5a6c823feb5089d7fe20ab80f8765,True,12757,0,0,0,365,2025-01-01,2025-12-31,0,,True,
USW00004825,https://www.ncei.noaa.gov/oa/local-climatological-data/v2/access/2025/LCD_USW00004825_2025.csv,200,https://www.ncei.noaa.gov/oa/local-climatological-data/v2/access/2025/LCD_USW00004825_2025.csv,8574189,2c6de788dbabdadae81dc2e6589efdb1401a6451ae67d1ab54a0df0742372996,True,14508,0,0,0,365,2025-01-01,2025-12-31,0,,True,
USW00012812,https://www.ncei.noaa.gov/oa/local-climatological-data/v2/access/2025/LCD_USW00012812_2025.csv,200,https://www.ncei.noaa.gov/oa/local-climatological-data/v2/access/2025/LCD_USW00012812_2025.csv,7342370,e1e1aaeaba47a3c66cae4c3f8bfd42d885ae8bf68c95b4a23b5fa7cf93de6d06,True,11511,0,0,0,365,2025-01-01,2025-12-31,0,,True,
USW00012815,https://www.ncei.noaa.gov/oa/local-climatological-data/v2/access/2025/LCD_USW00012815_2025.csv,200,https://www.ncei.noaa.gov/oa/local-climatological-data/v2/access/2025/LCD_USW00012815_2025.csv,9280752,438ce4c6f991873af268524b0e4b7f8185abac6d3a3378748a59e4f25699022a,True,13292,0,0,0,365,2025-01-01,2025-12-31,0,,True,
USW00012816,https://www.ncei.noaa.gov/oa/local-climatological-data/v2/access/2025/LCD_USW00012816_2025.csv,200,https://www.ncei.noaa.gov/oa/local-climatological-data/v2/access/2025/LCD_USW00012816_2025.csv,7995849,ac68ad9fc9e1f52f0d078555a9d98183641f679e2a661d808cf766ea362652d7,True,11326,0,0,0,365,2025-01-01,2025-12-31,0,,True,
USW00012836,https://www.ncei.noaa.gov/oa/local-climatological-data/v2/access/2025/LCD_USW00012836_2025.csv,200,https://www.ncei.noaa.gov/oa/local-climatological-data/v2/access/2025/LCD_USW00012836_2025.csv,9449888,19cdcff998a1e11eaba441a0e212fc44f4b7cad8e507080a1c7cbf87340214c9,True,13711,0,0,0,365,2025-01-01,2025-12-31,0,,True,
USW00012838,https://www.ncei.noaa.gov/oa/local-climatological-data/v2/access/2025/LCD_USW00012838_2025.csv,200,https://www.ncei.noaa.gov/oa/local-climatological-data/v2/access/2025/LCD_USW00012838_2025.csv,7219676,847c622298889eaec1102566a7995c0d25befa570d36416adaa7ae60a45392a9,True,11298,0,0,0,365,2025-01-01,2025-12-31,0,,True,
USW00012839,https://www.ncei.noaa.gov/oa/local-climatological-data/v2/access/2025/LCD_USW00012839_2025.csv,200,https://www.ncei.noaa.gov/oa/local-climatological-data/v2/access/2025/LCD_USW00012839_2025.csv,8342395,5d54480bf180e33ddd7a7e5c2ba9eded990d42df9c1ecdd5c78f52d1d616798b,True,12969,0,0,0,365,2025-01-01,2025-12-31,0,,True,
USW00012842,https://www.ncei.noaa.gov/oa/local-climatological-data/v2/access/2025/LCD_USW00012842_2025.csv,200,https://www.ncei.noaa.gov/oa/local-climatological-data/v2/access/2025/LCD_USW00012842_2025.csv,9205373,996fab879dc76e162b04d9a4ae533125528a2b13873c3e6e9a5750f08976317d,True,13477,0,0,0,365,2025-01-01,2025-12-31,0,,True,
USW00012844,https://www.ncei.noaa.gov/oa/local-climatological-data/v2/access/2025/LCD_USW00012844_2025.csv,200,https://www.ncei.noaa.gov/oa/local-climatological-data/v2/access/2025/LCD_USW00012844_2025.csv,8399947,4f589f1ba58e3098999a5063e9d485a3079f24974106407453820a0787df0d35,True,12775,0,0,0,365,2025-01-01,2025-12-31,0,,True,
USW00012846,https://www.ncei.noaa.gov/oa/local-climatological-data/v2/access/2025/LCD_USW00012846_2025.csv,ERROR,,0,,False,0,0,0,0,0,,,365,2025-01-01|2025-01-02|2025-01-03|2025-01-04|2025-01-05|2025-01-06|2025-01-07|2025-01-08|2025-01-09|2025-01-10|2025-01-11|2025-01-12|2025-01-13|2025-01-14|2025-01-15|2025-01-16|2025-01-17|2025-01-18|2025-01-19|2025-01-20|2025-01-21|2025-01-22|2025-01-23|2025-01-24|2025-01-25|2025-01-26|2025-01-27|2025-01-28|2025-01-29|2025-01-30|2025-01-31|2025-02-01|2025-02-02|2025-02-03|2025-02-04|2025-02-05|2025-02-06|2025-02-07|2025-02-08|2025-02-09|2025-02-10|2025-02-11|2025-02-12|2025-02-13|2025-02-14|2025-02-15|2025-02-16|2025-02-17|2025-02-18|2025-02-19|2025-02-20|2025-02-21|2025-02-22|2025-02-23|2025-02-24|2025-02-25|2025-02-26|2025-02-27|2025-02-28|2025-03-01|2025-03-02|2025-03-03|2025-03-04|2025-03-05|2025-03-06|2025-03-07|2025-03-08|2025-03-09|2025-03-10|2025-03-11|2025-03-12|2025-03-13|2025-03-14|2025-03-15|2025-03-16|2025-03-17|2025-03-18|2025-03-19|2025-03-20|2025-03-21|2025-03-22|2025-03-23|2025-03-24|2025-03-25|2025-03-26|2025-03-27|2025-03-28|2025-03-29|2025-03-30|2025-03-31|2025-04-01|2025-04-02|2025-04-03|2025-04-04|2025-04-05|2025-04-06|2025-04-07|2025-04-08|2025-04-09|2025-04-10|2025-04-11|2025-04-12|2025-04-13|2025-04-14|2025-04-15|2025-04-16|2025-04-17|2025-04-18|2025-04-19|2025-04-20|2025-04-21|2025-04-22|2025-04-23|2025-04-24|2025-04-25|2025-04-26|2025-04-27|2025-04-28|2025-04-29|2025-04-30|2025-05-01|2025-05-02|2025-05-03|2025-05-04|2025-05-05|2025-05-06|2025-05-07|2025-05-08|2025-05-09|2025-05-10|2025-05-11|2025-05-12|2025-05-13|2025-05-14|2025-05-15|2025-05-16|2025-05-17|2025-05-18|2025-05-19|2025-05-20|2025-05-21|2025-05-22|2025-05-23|2025-05-24|2025-05-25|2025-05-26|2025-05-27|2025-05-28|2025-05-29|2025-05-30|2025-05-31|2025-06-01|2025-06-02|2025-06-03|2025-06-04|2025-06-05|2025-06-06|2025-06-07|2025-06-08|2025-06-09|2025-06-10|2025-06-11|2025-06-12|2025-06-13|2025-06-14|2025-06-15|2025-06-16|2025-06-17|2025-06-18|2025-06-19|2025-06-20|2025-06-21|2025-06-22|2025-06-23|2025-06-24|2025-06-25|2025-06-26|2025-06-27|2025-06-28|2025-06-29|2025-06-30|2025-07-01|2025-07-02|2025-07-03|2025-07-04|2025-07-05|2025-07-06|2025-07-07|2025-07-08|2025-07-09|2025-07-10|2025-07-11|2025-07-12|2025-07-13|2025-07-14|2025-07-15|2025-07-16|2025-07-17|2025-07-18|2025-07-19|2025-07-20|2025-07-21|2025-07-22|2025-07-23|2025-07-24|2025-07-25|2025-07-26|2025-07-27|2025-07-28|2025-07-29|2025-07-30|2025-07-31|2025-08-01|2025-08-02|2025-08-03|2025-08-04|2025-08-05|2025-08-06|2025-08-07|2025-08-08|2025-08-09|2025-08-10|2025-08-11|2025-08-12|2025-08-13|2025-08-14|2025-08-15|2025-08-16|2025-08-17|2025-08-18|2025-08-19|2025-08-20|2025-08-21|2025-08-22|2025-08-23|2025-08-24|2025-08-25|2025-08-26|2025-08-27|2025-08-28|2025-08-29|2025-08-30|2025-08-31|2025-09-01|2025-09-02|2025-09-03|2025-09-04|2025-09-05|2025-09-06|2025-09-07|2025-09-08|2025-09-09|2025-09-10|2025-09-11|2025-09-12|2025-09-13|2025-09-14|2025-09-15|2025-09-16|2025-09-17|2025-09-18|2025-09-19|2025-09-20|2025-09-21|2025-09-22|2025-09-23|2025-09-24|2025-09-25|2025-09-26|2025-09-27|2025-09-28|2025-09-29|2025-09-30|2025-10-01|2025-10-02|2025-10-03|2025-10-04|2025-10-05|2025-10-06|2025-10-07|2025-10-08|2025-10-09|2025-10-10|2025-10-11|2025-10-12|2025-10-13|2025-10-14|2025-10-15|2025-10-16|2025-10-17|2025-10-18|2025-10-19|2025-10-20|2025-10-21|2025-10-22|2025-10-23|2025-10-24|2025-10-25|2025-10-26|2025-10-27|2025-10-28|2025-10-29|2025-10-30|2025-10-31|2025-11-01|2025-11-02|2025-11-03|2025-11-04|2025-11-05|2025-11-06|2025-11-07|2025-11-08|2025-11-09|2025-11-10|2025-11-11|2025-11-12|2025-11-13|2025-11-14|2025-11-15|2025-11-16|2025-11-17|2025-11-18|2025-11-19|2025-11-20|2025-11-21|2025-11-22|2025-11-23|2025-11-24|2025-11-25|2025-11-26|2025-11-27|2025-11-28|2025-11-29|2025-11-30|2025-12-01|2025-12-02|2025-12-03|2025-12-04|2025-12-05|2025-12-06|2025-12-07|2025-12-08|2025-12-09|2025-12-10|2025-12-11|2025-12-12|2025-12-13|2025-12-14|2025-12-15|2025-12-16|2025-12-17|2025-12-18|2025-12-19|2025-12-20|2025-12-21|2025-12-22|2025-12-23|2025-12-24|2025-12-25|2025-12-26|2025-12-27|2025-12-28|2025-12-29|2025-12-30|2025-12-31,False,HTTPError:HTTP Error 404: Not Found
USW00012849,https://www.ncei.noaa.gov/oa/local-climatological-data/v2/access/2025/LCD_USW00012849_2025.csv,200,https://www.ncei.noaa.gov/oa/local-climatological-data/v2/access/2025/LCD_USW00012849_2025.csv,6678897,b364c2f123f8f6df40de22e0f4fb06e41df937373914e8de6af39b8860fd6cd6,True,10045,0,0,0,365,2025-01-01,2025-12-31,0,,True,
USW00012854,https://www.ncei.noaa.gov/oa/local-climatological-data/v2/access/2025/LCD_USW00012854_2025.csv,200,https://www.ncei.noaa.gov/oa/local-climatological-data/v2/access/2025/LCD_USW00012854_2025.csv,6888581,f8d6c689eeda969f70c8f67367ae8457e6aa9b15f1f8be55c60f52f258234746,True,10914,0,0,0,365,2025-01-01,2025-12-31,0,,True,
USW00012871,https://www.ncei.noaa.gov/oa/local-climatological-data/v2/access/2025/LCD_USW00012871_2025.csv,200,https://www.ncei.noaa.gov/oa/local-climatological-data/v2/access/2025/LCD_USW00012871_2025.csv,6931745,adff0734756017d17a2865f5e37184ce5ed660d74c8e7aff97da9154dfe6c549,True,10974,0,0,0,365,2025-01-01,2025-12-31,0,,True,
USW00012873,https://www.ncei.noaa.gov/oa/local-climatological-data/v2/access/2025/LCD_USW00012873_2025.csv,200,https://www.ncei.noaa.gov/oa/local-climatological-data/v2/access/2025/LCD_USW00012873_2025.csv,7074350,8d39a1d219ded2b53f74aa82f5af2b3cddd9ff45f2cbda32e70c0c88a8253cce,True,10882,0,0,0,365,2025-01-01,2025-12-31,0,,True,
USW00012894,https://www.ncei.noaa.gov/oa/local-climatological-data/v2/access/2025/LCD_USW00012894_2025.csv,200,https://www.ncei.noaa.gov/oa/local-climatological-data/v2/access/2025/LCD_USW00012894_2025.csv,7107589,09447c68f8590136aa27dd0f9762563d8a423ea1fd8be719618e7d042b37fa3a,True,11075,0,0,0,365,2025-01-01,2025-12-31,0,,True,
USW00012904,https://www.ncei.noaa.gov/oa/local-climatological-data/v2/access/2025/LCD_USW00012904_2025.csv,200,https://www.ncei.noaa.gov/oa/local-climatological-data/v2/access/2025/LCD_USW00012904_2025.csv,8085374,d124ba5bdfc7d39f7bcc2258accc3a70a853518ce5aec077b46506f68277864f,True,12293,0,0,0,365,2025-01-01,2025-12-31,0,,True,
USW00012912,https://www.ncei.noaa.gov/oa/local-climatological-data/v2/access/2025/LCD_USW00012912_2025.csv,200,https://www.ncei.noaa.gov/oa/local-climatological-data/v2/access/2025/LCD_USW00012912_2025.csv,11250965,fac20b2a0acd2be649607b3e3f69829aab17ba95198e86dc259e120ceb060405,True,15209,0,0,0,365,2025-01-01,2025-12-31,0,,True,
USW00012916,https://www.ncei.noaa.gov/oa/local-climatological-data/v2/access/2025/LCD_USW00012916_2025.csv,200,https://www.ncei.noaa.gov/oa/local-climatological-data/v2/access/2025/LCD_USW00012916_2025.csv,9635451,ded05f8184a319cbac9738d8b86cb4aa567cd318e7678d1e2e3832d2b1c93138,True,13522,0,0,0,365,2025-01-01,2025-12-31,0,,True,
USW00012917,https://www.ncei.noaa.gov/oa/local-climatological-data/v2/access/2025/LCD_USW00012917_2025.csv,200,https://www.ncei.noaa.gov/oa/local-climatological-data/v2/access/2025/LCD_USW00012917_2025.csv,9876809,ec198516c54d16f68f2f56ca1383ae462e1b4ddc84fbbfeefcc2b65a406af1ea,True,15474,0,0,0,365,2025-01-01,2025-12-31,0,,True,
USW00012918,https://www.ncei.noaa.gov/oa/local-climatological-data/v2/access/2025/LCD_USW00012918_2025.csv,200,https://www.ncei.noaa.gov/oa/local-climatological-data/v2/access/2025/LCD_USW00012918_2025.csv,6950915,5e9645b0befde863e847fb0e810a246a8d8a8081e433972cf1bb466ccc5d1fb2,True,10626,0,0,0,365,2025-01-01,2025-12-31,0,,True,
USW00012921,https://www.ncei.noaa.gov/oa/local-climatological-data/v2/access/2025/LCD_USW00012921_2025.csv,200,https://www.ncei.noaa.gov/oa/local-climatological-data/v2/access/2025/LCD_USW00012921_2025.csv,8588700,98892a1c85337ed7c50b0cdf81642ba6fa78ea1fc8e12407b1c1866bcba33a7d,True,13433,0,0,0,365,2025-01-01,2025-12-31,0,,True,
USW00012924,https://www.ncei.noaa.gov/oa/local-climatological-data/v2/access/2025/LCD_USW00012924_2025.csv,200,https://www.ncei.noaa.gov/oa/local-climatological-data/v2/access/2025/LCD_USW00012924_2025.csv,10076631,9f1edaefadee40d883c8f3c7f05041fa3a73be4ee6b64ff7f57b85a085fbbdd2,True,13836,0,0,0,365,2025-01-01,2025-12-31,0,,True,
USW00012959,https://www.ncei.noaa.gov/oa/local-climatological-data/v2/access/2025/LCD_USW00012959_2025.csv,200,https://www.ncei.noaa.gov/oa/local-climatological-data/v2/access/2025/LCD_USW00012959_2025.csv,7748896,6f6b1edcef3ac7fb772cccb4860169a511727d1986ccad388c24b72b7fbd88a6,True,12024,0,0,0,365,2025-01-01,2025-12-31,0,,True,
USW00012960,https://www.ncei.noaa.gov/oa/local-climatological-data/v2/access/2025/LCD_USW00012960_2025.csv,200,https://www.ncei.noaa.gov/oa/local-climatological-data/v2/access/2025/LCD_USW00012960_2025.csv,8250605,54968ba27671c52a8651994a4e4a08300e285dac9127f27c427fee8c75fe0479,True,12976,0,0,0,365,2025-01-01,2025-12-31,0,,True,
USW00013717,https://www.ncei.noaa.gov/oa/local-climatological-data/v2/access/2025/LCD_USW00013717_2025.csv,200,https://www.ncei.noaa.gov/oa/local-climatological-data/v2/access/2025/LCD_USW00013717_2025.csv,6623332,57ecd1e530d33e91106c58a817f84ccd90cd9facbc5833fb8f5519964e48a916,True,10898,0,0,0,365,2025-01-01,2025-12-31,0,,True,
USW00013722,https://www.ncei.noaa.gov/oa/local-climatological-data/v2/access/2025/LCD_USW00013722_2025.csv,200,https://www.ncei.noaa.gov/oa/local-climatological-data/v2/access/2025/LCD_USW00013722_2025.csv,8232483,dd77b6f1effa496649a14e1cffac4db09b0b8f5b15370c5096d46cb15c6b566f,True,13140,0,0,0,365,2025-01-01,2025-12-31,0,,True,
USW00013723,https://www.ncei.noaa.gov/oa/local-climatological-data/v2/access/2025/LCD_USW00013723_2025.csv,200,https://www.ncei.noaa.gov/oa/local-climatological-data/v2/access/2025/LCD_USW00013723_2025.csv,9239973,2d46c656fbf0c041a3177e3c46b3dd9a2748ab948278b19d88a018435f165eda,True,13550,0,0,0,365,2025-01-01,2025-12-31,0,,True,
USW00013733,https://www.ncei.noaa.gov/oa/local-climatological-data/v2/access/2025/LCD_USW00013733_2025.csv,200,https://www.ncei.noaa.gov/oa/local-climatological-data/v2/access/2025/LCD_USW00013733_2025.csv,9435219,73c41d3790355c35fe65a8442660b9e76db72672f4c1e7efa89ff84fd9d2d8ba,True,13111,0,0,0,365,2025-01-01,2025-12-31,0,,True,
USW00013736,https://www.ncei.noaa.gov/oa/local-climatological-data/v2/access/2025/LCD_USW00013736_2025.csv,200,https://www.ncei.noaa.gov/oa/local-climatological-data/v2/access/2025/LCD_USW00013736_2025.csv,7825773,27a3898a45f756ce93bff00ed0821e0ec2a0bab57e5612ebcad2a716c6e75325,True,12307,0,0,0,365,2025-01-01,2025-12-31,0,,True,
USW00013737,https://www.ncei.noaa.gov/oa/local-climatological-data/v2/access/2025/LCD_USW00013737_2025.csv,200,https://www.ncei.noaa.gov/oa/local-climatological-data/v2/access/2025/LCD_USW00013737_2025.csv,10026221,66323fbd2361fa08a8e48f67f6fbdc84931fdebe1057e4131983cbd3bf7d7354,True,14191,0,0,0,365,2025-01-01,2025-12-31,0,,True,
USW00013739,https://www.ncei.noaa.gov/oa/local-climatological-data/v2/access/2025/LCD_USW00013739_2025.csv,200,https://www.ncei.noaa.gov/oa/local-climatological-data/v2/access/2025/LCD_USW00013739_2025.csv,10109882,4c136a10757a34e62a8c877de39d620295669aa454e56414ade610f318458a1a,True,14465,0,0,0,365,2025-01-01,2025-12-31,0,,True,
USW00013740,https://www.ncei.noaa.gov/oa/local-climatological-data/v2/access/2025/LCD_USW00013740_2025.csv,200,https://www.ncei.noaa.gov/oa/local-climatological-data/v2/access/2025/LCD_USW00013740_2025.csv,9485913,fff551adf181ab03bb81bc3eea54b12d99f83c3f342c969769328f5f85b6d18c,True,13690,0,0,0,365,2025-01-01,2025-12-31,0,,True,
USW00013741,https://www.ncei.noaa.gov/oa/local-climatological-data/v2/access/2025/LCD_USW00013741_2025.csv,200,https://www.ncei.noaa.gov/oa/local-climatological-data/v2/access/2025/LCD_USW00013741_2025.csv,9125092,baf90d65ca9f0c133cd61494146e526bc6e63a95ba561279eb9af9d9f9ccb4a1,True,13435,0,0,0,365,2025-01-01,2025-12-31,0,,True,
USW00013744,https://www.ncei.noaa.gov/oa/local-climatological-data/v2/access/2025/LCD_USW00013744_2025.csv,200,https://www.ncei.noaa.gov/oa/local-climatological-data/v2/access/2025/LCD_USW00013744_2025.csv,7239238,1366e01c6c351937c30ccff8a7721fd2d3b39a758e76fa04487e0b7673f766dd,True,11443,0,0,0,365,2025-01-01,2025-12-31,0,,True,
USW00013748,https://www.ncei.noaa.gov/oa/local-climatological-data/v2/access/2025/LCD_USW00013748_2025.csv,200,https://www.ncei.noaa.gov/oa/local-climatological-data/v2/access/2025/LCD_USW00013748_2025.csv,9537073,af76eb6ba1d4cd0918547b7264e33c86a8bbddff0e8bb6ddd9220ddec24a80e4,True,14588,0,0,0,365,2025-01-01,2025-12-31,0,,True,
USW00013751,https://www.ncei.noaa.gov/oa/local-climatological-data/v2/access/2025/LCD_USW00013751_2025.csv,ERROR,,0,,False,0,0,0,0,0,,,365,2025-01-01|2025-01-02|2025-01-03|2025-01-04|2025-01-05|2025-01-06|2025-01-07|2025-01-08|2025-01-09|2025-01-10|2025-01-11|2025-01-12|2025-01-13|2025-01-14|2025-01-15|2025-01-16|2025-01-17|2025-01-18|2025-01-19|2025-01-20|2025-01-21|2025-01-22|2025-01-23|2025-01-24|2025-01-25|2025-01-26|2025-01-27|2025-01-28|2025-01-29|2025-01-30|2025-01-31|2025-02-01|2025-02-02|2025-02-03|2025-02-04|2025-02-05|2025-02-06|2025-02-07|2025-02-08|2025-02-09|2025-02-10|2025-02-11|2025-02-12|2025-02-13|2025-02-14|2025-02-15|2025-02-16|2025-02-17|2025-02-18|2025-02-19|2025-02-20|2025-02-21|2025-02-22|2025-02-23|2025-02-24|2025-02-25|2025-02-26|2025-02-27|2025-02-28|2025-03-01|2025-03-02|2025-03-03|2025-03-04|2025-03-05|2025-03-06|2025-03-07|2025-03-08|2025-03-09|2025-03-10|2025-03-11|2025-03-12|2025-03-13|2025-03-14|2025-03-15|2025-03-16|2025-03-17|2025-03-18|2025-03-19|2025-03-20|2025-03-21|2025-03-22|2025-03-23|2025-03-24|2025-03-25|2025-03-26|2025-03-27|2025-03-28|2025-03-29|2025-03-30|2025-03-31|2025-04-01|2025-04-02|2025-04-03|2025-04-04|2025-04-05|2025-04-06|2025-04-07|2025-04-08|2025-04-09|2025-04-10|2025-04-11|2025-04-12|2025-04-13|2025-04-14|2025-04-15|2025-04-16|2025-04-17|2025-04-18|2025-04-19|2025-04-20|2025-04-21|2025-04-22|2025-04-23|2025-04-24|2025-04-25|2025-04-26|2025-04-27|2025-04-28|2025-04-29|2025-04-30|2025-05-01|2025-05-02|2025-05-03|2025-05-04|2025-05-05|2025-05-06|2025-05-07|2025-05-08|2025-05-09|2025-05-10|2025-05-11|2025-05-12|2025-05-13|2025-05-14|2025-05-15|2025-05-16|2025-05-17|2025-05-18|2025-05-19|2025-05-20|2025-05-21|2025-05-22|2025-05-23|2025-05-24|2025-05-25|2025-05-26|2025-05-27|2025-05-28|2025-05-29|2025-05-30|2025-05-31|2025-06-01|2025-06-02|2025-06-03|2025-06-04|2025-06-05|2025-06-06|2025-06-07|2025-06-08|2025-06-09|2025-06-10|2025-06-11|2025-06-12|2025-06-13|2025-06-14|2025-06-15|2025-06-16|2025-06-17|2025-06-18|2025-06-19|2025-06-20|2025-06-21|2025-06-22|2025-06-23|2025-06-24|2025-06-25|2025-06-26|2025-06-27|2025-06-28|2025-06-29|2025-06-30|2025-07-01|2025-07-02|2025-07-03|2025-07-04|2025-07-05|2025-07-06|2025-07-07|2025-07-08|2025-07-09|2025-07-10|2025-07-11|2025-07-12|2025-07-13|2025-07-14|2025-07-15|2025-07-16|2025-07-17|2025-07-18|2025-07-19|2025-07-20|2025-07-21|2025-07-22|2025-07-23|2025-07-24|2025-07-25|2025-07-26|2025-07-27|2025-07-28|2025-07-29|2025-07-30|2025-07-31|2025-08-01|2025-08-02|2025-08-03|2025-08-04|2025-08-05|2025-08-06|2025-08-07|2025-08-08|2025-08-09|2025-08-10|2025-08-11|2025-08-12|2025-08-13|2025-08-14|2025-08-15|2025-08-16|2025-08-17|2025-08-18|2025-08-19|2025-08-20|2025-08-21|2025-08-22|2025-08-23|2025-08-24|2025-08-25|2025-08-26|2025-08-27|2025-08-28|2025-08-29|2025-08-30|2025-08-31|2025-09-01|2025-09-02|2025-09-03|2025-09-04|2025-09-05|2025-09-06|2025-09-07|2025-09-08|2025-09-09|2025-09-10|2025-09-11|2025-09-12|2025-09-13|2025-09-14|2025-09-15|2025-09-16|2025-09-17|2025-09-18|2025-09-19|2025-09-20|2025-09-21|2025-09-22|2025-09-23|2025-09-24|2025-09-25|2025-09-26|2025-09-27|2025-09-28|2025-09-29|2025-09-30|2025-10-01|2025-10-02|2025-10-03|2025-10-04|2025-10-05|2025-10-06|2025-10-07|2025-10-08|2025-10-09|2025-10-10|2025-10-11|2025-10-12|2025-10-13|2025-10-14|2025-10-15|2025-10-16|2025-10-17|2025-10-18|2025-10-19|2025-10-20|2025-10-21|2025-10-22|2025-10-23|2025-10-24|2025-10-25|2025-10-26|2025-10-27|2025-10-28|2025-10-29|2025-10-30|2025-10-31|2025-11-01|2025-11-02|2025-11-03|2025-11-04|2025-11-05|2025-11-06|2025-11-07|2025-11-08|2025-11-09|2025-11-10|2025-11-11|2025-11-12|2025-11-13|2025-11-14|2025-11-15|2025-11-16|2025-11-17|2025-11-18|2025-11-19|2025-11-20|2025-11-21|2025-11-22|2025-11-23|2025-11-24|2025-11-25|2025-11-26|2025-11-27|2025-11-28|2025-11-29|2025-11-30|2025-12-01|2025-12-02|2025-12-03|2025-12-04|2025-12-05|2025-12-06|2025-12-07|2025-12-08|2025-12-09|2025-12-10|2025-12-11|2025-12-12|2025-12-13|2025-12-14|2025-12-15|2025-12-16|2025-12-17|2025-12-18|2025-12-19|2025-12-20|2025-12-21|2025-12-22|2025-12-23|2025-12-24|2025-12-25|2025-12-26|2025-12-27|2025-12-28|2025-12-29|2025-12-30|2025-12-31,False,HTTPError:HTTP Error 404: Not Found
USW00013753,https://www.ncei.noaa.gov/oa/local-climatological-data/v2/access/2025/LCD_USW00013753_2025.csv,ERROR,,0,,False,0,0,0,0,0,,,365,2025-01-01|2025-01-02|2025-01-03|2025-01-04|2025-01-05|2025-01-06|2025-01-07|2025-01-08|2025-01-09|2025-01-10|2025-01-11|2025-01-12|2025-01-13|2025-01-14|2025-01-15|2025-01-16|2025-01-17|2025-01-18|2025-01-19|2025-01-20|2025-01-21|2025-01-22|2025-01-23|2025-01-24|2025-01-25|2025-01-26|2025-01-27|2025-01-28|2025-01-29|2025-01-30|2025-01-31|2025-02-01|2025-02-02|2025-02-03|2025-02-04|2025-02-05|2025-02-06|2025-02-07|2025-02-08|2025-02-09|2025-02-10|2025-02-11|2025-02-12|2025-02-13|2025-02-14|2025-02-15|2025-02-16|2025-02-17|2025-02-18|2025-02-19|2025-02-20|2025-02-21|2025-02-22|2025-02-23|2025-02-24|2025-02-25|2025-02-26|2025-02-27|2025-02-28|2025-03-01|2025-03-02|2025-03-03|2025-03-04|2025-03-05|2025-03-06|2025-03-07|2025-03-08|2025-03-09|2025-03-10|2025-03-11|2025-03-12|2025-03-13|2025-03-14|2025-03-15|2025-03-16|2025-03-17|2025-03-18|2025-03-19|2025-03-20|2025-03-21|2025-03-22|2025-03-23|2025-03-24|2025-03-25|2025-03-26|2025-03-27|2025-03-28|2025-03-29|2025-03-30|2025-03-31|2025-04-01|2025-04-02|2025-04-03|2025-04-04|2025-04-05|2025-04-06|2025-04-07|2025-04-08|2025-04-09|2025-04-10|2025-04-11|2025-04-12|2025-04-13|2025-04-14|2025-04-15|2025-04-16|2025-04-17|2025-04-18|2025-04-19|2025-04-20|2025-04-21|2025-04-22|2025-04-23|2025-04-24|2025-04-25|2025-04-26|2025-04-27|2025-04-28|2025-04-29|2025-04-30|2025-05-01|2025-05-02|2025-05-03|2025-05-04|2025-05-05|2025-05-06|2025-05-07|2025-05-08|2025-05-09|2025-05-10|2025-05-11|2025-05-12|2025-05-13|2025-05-14|2025-05-15|2025-05-16|2025-05-17|2025-05-18|2025-05-19|2025-05-20|2025-05-21|2025-05-22|2025-05-23|2025-05-24|2025-05-25|2025-05-26|2025-05-27|2025-05-28|2025-05-29|2025-05-30|2025-05-31|2025-06-01|2025-06-02|2025-06-03|2025-06-04|2025-06-05|2025-06-06|2025-06-07|2025-06-08|2025-06-09|2025-06-10|2025-06-11|2025-06-12|2025-06-13|2025-06-14|2025-06-15|2025-06-16|2025-06-17|2025-06-18|2025-06-19|2025-06-20|2025-06-21|2025-06-22|2025-06-23|2025-06-24|2025-06-25|2025-06-26|2025-06-27|2025-06-28|2025-06-29|2025-06-30|2025-07-01|2025-07-02|2025-07-03|2025-07-04|2025-07-05|2025-07-06|2025-07-07|2025-07-08|2025-07-09|2025-07-10|2025-07-11|2025-07-12|2025-07-13|2025-07-14|2025-07-15|2025-07-16|2025-07-17|2025-07-18|2025-07-19|2025-07-20|2025-07-21|2025-07-22|2025-07-23|2025-07-24|2025-07-25|2025-07-26|2025-07-27|2025-07-28|2025-07-29|2025-07-30|2025-07-31|2025-08-01|2025-08-02|2025-08-03|2025-08-04|2025-08-05|2025-08-06|2025-08-07|2025-08-08|2025-08-09|2025-08-10|2025-08-11|2025-08-12|2025-08-13|2025-08-14|2025-08-15|2025-08-16|2025-08-17|2025-08-18|2025-08-19|2025-08-20|2025-08-21|2025-08-22|2025-08-23|2025-08-24|2025-08-25|2025-08-26|2025-08-27|2025-08-28|2025-08-29|2025-08-30|2025-08-31|2025-09-01|2025-09-02|2025-09-03|2025-09-04|2025-09-05|2025-09-06|2025-09-07|2025-09-08|2025-09-09|2025-09-10|2025-09-11|2025-09-12|2025-09-13|2025-09-14|2025-09-15|2025-09-16|2025-09-17|2025-09-18|2025-09-19|2025-09-20|2025-09-21|2025-09-22|2025-09-23|2025-09-24|2025-09-25|2025-09-26|2025-09-27|2025-09-28|2025-09-29|2025-09-30|2025-10-01|2025-10-02|2025-10-03|2025-10-04|2025-10-05|2025-10-06|2025-10-07|2025-10-08|2025-10-09|2025-10-10|2025-10-11|2025-10-12|2025-10-13|2025-10-14|2025-10-15|2025-10-16|2025-10-17|2025-10-18|2025-10-19|2025-10-20|2025-10-21|2025-10-22|2025-10-23|2025-10-24|2025-10-25|2025-10-26|2025-10-27|2025-10-28|2025-10-29|2025-10-30|2025-10-31|2025-11-01|2025-11-02|2025-11-03|2025-11-04|2025-11-05|2025-11-06|2025-11-07|2025-11-08|2025-11-09|2025-11-10|2025-11-11|2025-11-12|2025-11-13|2025-11-14|2025-11-15|2025-11-16|2025-11-17|2025-11-18|2025-11-19|2025-11-20|2025-11-21|2025-11-22|2025-11-23|2025-11-24|2025-11-25|2025-11-26|2025-11-27|2025-11-28|2025-11-29|2025-11-30|2025-12-01|2025-12-02|2025-12-03|2025-12-04|2025-12-05|2025-12-06|2025-12-07|2025-12-08|2025-12-09|2025-12-10|2025-12-11|2025-12-12|2025-12-13|2025-12-14|2025-12-15|2025-12-16|2025-12-17|2025-12-18|2025-12-19|2025-12-20|2025-12-21|2025-12-22|2025-12-23|2025-12-24|2025-12-25|2025-12-26|2025-12-27|2025-12-28|2025-12-29|2025-12-30|2025-12-31,False,HTTPError:HTTP Error 404: Not Found
USW00013758,https://www.ncei.noaa.gov/oa/local-climatological-data/v2/access/2025/LCD_USW00013758_2025.csv,200,https://www.ncei.noaa.gov/oa/local-climatological-data/v2/access/2025/LCD_USW00013758_2025.csv,178217,1b83a9b1d4b6382a7cbd7b5a93278340dc69074f137fb0652a8d106ce89a8be4,True,372,0,0,0,362,2025-01-01,2025-12-31,3,2025-08-30|2025-09-01|2025-09-02,False,
USW00013783,https://www.ncei.noaa.gov/oa/local-climatological-data/v2/access/2025/LCD_USW00013783_2025.csv,200,https://www.ncei.noaa.gov/oa/local-climatological-data/v2/access/2025/LCD_USW00013783_2025.csv,23052784,4ca32f0075d2ba7220960e24d9355b98b1432c9daac62bba06b9c7bbd70076c6,True,38599,0,0,0,359,2025-01-01,2025-12-31,6,2025-07-27|2025-08-30|2025-08-31|2025-09-01|2025-09-27|2025-09-28,False,
USW00013802,https://www.ncei.noaa.gov/oa/local-climatological-data/v2/access/2025/LCD_USW00013802_2025.csv,200,https://www.ncei.noaa.gov/oa/local-climatological-data/v2/access/2025/LCD_USW00013802_2025.csv,11549377,fea9e89ae6eff75a90865df98cdb806fc34e455821945eec78c48cb6efbf776c,True,20664,0,0,0,363,2025-01-01,2025-12-31,2,2025-08-30|2025-09-01,False,
USW00013812,https://www.ncei.noaa.gov/oa/local-climatological-data/v2/access/2025/LCD_USW00013812_2025.csv,200,https://www.ncei.noaa.gov/oa/local-climatological-data/v2/access/2025/LCD_USW00013812_2025.csv,5398910,3c39e323c374752e6ff3ffe935887f627ce4b68393e42ad3b7218c96603f6b96,True,9023,0,0,0,363,2025-01-01,2025-12-31,2,2025-08-30|2025-09-01,False,
USW00013839,https://www.ncei.noaa.gov/oa/local-climatological-data/v2/access/2025/LCD_USW00013839_2025.csv,200,https://www.ncei.noaa.gov/oa/local-climatological-data/v2/access/2025/LCD_USW00013839_2025.csv,7422431,fa636f4370691a2e45580d7652850dd8abd71615a25bded6443f0e92883c4288,True,11852,0,0,0,365,2025-01-01,2025-12-31,0,,True,
USW00013858,https://www.ncei.noaa.gov/oa/local-climatological-data/v2/access/2025/LCD_USW00013858_2025.csv,200,https://www.ncei.noaa.gov/oa/local-climatological-data/v2/access/2025/LCD_USW00013858_2025.csv,10227092,a24cd6431a66107df20bef13985cdc94aa7656a8fd6a279f028accd0926c2f10,True,16266,0,0,0,363,2025-01-01,2025-12-31,2,2025-08-30|2025-09-01,False,
USW00013865,https://www.ncei.noaa.gov/oa/local-climatological-data/v2/access/2025/LCD_USW00013865_2025.csv,200,https://www.ncei.noaa.gov/oa/local-climatological-data/v2/access/2025/LCD_USW00013865_2025.csv,9293557,090f7b9026db975d3d742e9276a3c2a5ab933584cda3b9e3e426ac59bc8e63ca,True,15066,0,0,0,365,2025-01-01,2025-12-31,0,,True,
USW00013866,https://www.ncei.noaa.gov/oa/local-climatological-data/v2/access/2025/LCD_USW00013866_2025.csv,200,https://www.ncei.noaa.gov/oa/local-climatological-data/v2/access/2025/LCD_USW00013866_2025.csv,8401990,6b6d4224a645af53fc8693ebc46ad8874619879b6872aae848674f114b7c137a,True,13176,0,0,0,365,2025-01-01,2025-12-31,0,,True,
USW00013869,https://www.ncei.noaa.gov/oa/local-climatological-data/v2/access/2025/LCD_USW00013869_2025.csv,200,https://www.ncei.noaa.gov/oa/local-climatological-data/v2/access/2025/LCD_USW00013869_2025.csv,7400372,f1bffe0a377438d462d5a05f57583d9aed748ef3d3bb5a612b9acc9db80edc81,True,11544,0,0,0,365,2025-01-01,2025-12-31,0,,True,
USW00013874,https://www.ncei.noaa.gov/oa/local-climatological-data/v2/access/2025/LCD_USW00013874_2025.csv,200,https://www.ncei.noaa.gov/oa/local-climatological-data/v2/access/2025/LCD_USW00013874_2025.csv,8823529,15440946ec50d6090cf0188cae7e5b48815917965553e1404514f5b0499fd011,True,13408,0,0,0,365,2025-01-01,2025-12-31,0,,True,
USW00013876,https://www.ncei.noaa.gov/oa/local-climatological-data/v2/access/2025/LCD_USW00013876_2025.csv,200,https://www.ncei.noaa.gov/oa/local-climatological-data/v2/access/2025/LCD_USW00013876_2025.csv,7052795,457252b0e9233ec597ac9eeac99a34ecd8b684e5b414348b940fcceffa7b9166,True,11105,0,0,0,365,2025-01-01,2025-12-31,0,,True,
USW00013877,https://www.ncei.noaa.gov/oa/local-climatological-data/v2/access/2025/LCD_USW00013877_2025.csv,200,https://www.ncei.noaa.gov/oa/local-climatological-data/v2/access/2025/LCD_USW00013877_2025.csv,7767653,c373f225528cbb2a1e32fde71d252c629c9295ea6015dfc3048ee270557a5209,True,10712,0,0,0,365,2025-01-01,2025-12-31,0,,True,
USW00013881,https://www.ncei.noaa.gov/oa/local-climatological-data/v2/access/2025/LCD_USW00013881_2025.csv,200,https://www.ncei.noaa.gov/oa/local-climatological-data/v2/access/2025/LCD_USW00013881_2025.csv,9309696,0fdd26cb6fd33e4a4eb1fcd64c6f1e1e42a587a2693eac880e1191ddf6204711,True,13511,0,0,0,365,2025-01-01,2025-12-31,0,,True,
USW00013882,https://www.ncei.noaa.gov/oa/local-climatological-data/v2/access/2025/LCD_USW00013882_2025.csv,200,https://www.ncei.noaa.gov/oa/local-climatological-data/v2/access/2025/LCD_USW00013882_2025.csv,10067592,9b27575de3b414627e31c67c29c8da833cc0cf87adb03bff68197bfc937dc8e5,True,13974,0,0,0,365,2025-01-01,2025-12-31,0,,True,
USW00013883,https://www.ncei.noaa.gov/oa/local-climatological-data/v2/access/2025/LCD_USW00013883_2025.csv,200,https://www.ncei.noaa.gov/oa/local-climatological-data/v2/access/2025/LCD_USW00013883_2025.csv,9187388,32c459dffdc885c6a87de1f6ff70d16d75ed37d0e91d364cb7513b58903f1b5d,True,13585,0,0,0,365,2025-01-01,2025-12-31,0,,True,
USW00013889,https://www.ncei.noaa.gov/oa/local-climatological-data/v2/access/2025/LCD_USW00013889_2025.csv,200,https://www.ncei.noaa.gov/oa/local-climatological-data/v2/access/2025/LCD_USW00013889_2025.csv,9349601,5e6e526919d55073a12055b0a7d1baa4979bb4cd0ea52f23e834226f61c2344c,True,13322,0,0,0,365,2025-01-01,2025-12-31,0,,True,
USW00013891,https://www.ncei.noaa.gov/oa/local-climatological-data/v2/access/2025/LCD_USW00013891_2025.csv,200,https://www.ncei.noaa.gov/oa/local-climatological-data/v2/access/2025/LCD_USW00013891_2025.csv,10270783,71b9d02b8d0c70774647dd986b86f061b41e3b542b4ae8eeaf876ef1e5d78983,True,14011,0,0,0,365,2025-01-01,2025-12-31,0,,True,
USW00013893,https://www.ncei.noaa.gov/oa/local-climatological-data/v2/access/2025/LCD_USW00013893_2025.csv,200,https://www.ncei.noaa.gov/oa/local-climatological-data/v2/access/2025/LCD_USW00013893_2025.csv,9656494,aba03446af83746163133a8b42ad9492f388a794f8a764d31f0a25ecfb1fc864,True,13754,0,0,0,365,2025-01-01,2025-12-31,0,,True,
USW00013894,https://www.ncei.noaa.gov/oa/local-climatological-data/v2/access/2025/LCD_USW00013894_2025.csv,200,https://www.ncei.noaa.gov/oa/local-climatological-data/v2/access/2025/LCD_USW00013894_2025.csv,10200488,6845b09ca78c6c0500a91ebe5305084e5e90e66e362099bc69aeafae492b0121,True,14168,0,0,0,365,2025-01-01,2025-12-31,0,,True,
USW00013895,https://www.ncei.noaa.gov/oa/local-climatological-data/v2/access/2025/LCD_USW00013895_2025.csv,200,https://www.ncei.noaa.gov/oa/local-climatological-data/v2/access/2025/LCD_USW00013895_2025.csv,10052608,d6fc272b9ecb0f51f3dd527d0935f27fbf597dbc844ab3e3efd9f954139ee5bc,True,14502,0,0,0,365,2025-01-01,2025-12-31,0,,True,
USW00013897,https://www.ncei.noaa.gov/oa/local-climatological-data/v2/access/2025/LCD_USW00013897_2025.csv,200,https://www.ncei.noaa.gov/oa/local-climatological-data/v2/access/2025/LCD_USW00013897_2025.csv,9860757,08a64e228a6cb089d288906cb01b6639ae0670c3d7b1da583956941937769de0,True,13072,0,0,0,365,2025-01-01,2025-12-31,0,,True,
USW00013899,https://www.ncei.noaa.gov/oa/local-climatological-data/v2/access/2025/LCD_USW00013899_2025.csv,200,https://www.ncei.noaa.gov/oa/local-climatological-data/v2/access/2025/LCD_USW00013899_2025.csv,7587331,74841c2c77267e3cfd67d53c77cc937c326f9990f051de24521549556fa25b0b,True,11965,0,0,0,365,2025-01-01,2025-12-31,0,,True,
USW00013904,https://www.ncei.noaa.gov/oa/local-climatological-data/v2/access/2025/LCD_USW00013904_2025.csv,200,https://www.ncei.noaa.gov/oa/local-climatological-data/v2/access/2025/LCD_USW00013904_2025.csv,6977854,968e9b8e84f34e20cccd02389ce94579fb8f8483701c5774131d764a399a7436,True,10644,0,0,0,365,2025-01-01,2025-12-31,0,,True,
USW00013922,https://www.ncei.noaa.gov/oa/local-climatological-data/v2/access/2025/LCD_USW00013922_2025.csv,ERROR,,0,,False,0,0,0,0,0,,,365,2025-01-01|2025-01-02|2025-01-03|2025-01-04|2025-01-05|2025-01-06|2025-01-07|2025-01-08|2025-01-09|2025-01-10|2025-01-11|2025-01-12|2025-01-13|2025-01-14|2025-01-15|2025-01-16|2025-01-17|2025-01-18|2025-01-19|2025-01-20|2025-01-21|2025-01-22|2025-01-23|2025-01-24|2025-01-25|2025-01-26|2025-01-27|2025-01-28|2025-01-29|2025-01-30|2025-01-31|2025-02-01|2025-02-02|2025-02-03|2025-02-04|2025-02-05|2025-02-06|2025-02-07|2025-02-08|2025-02-09|2025-02-10|2025-02-11|2025-02-12|2025-02-13|2025-02-14|2025-02-15|2025-02-16|2025-02-17|2025-02-18|2025-02-19|2025-02-20|2025-02-21|2025-02-22|2025-02-23|2025-02-24|2025-02-25|2025-02-26|2025-02-27|2025-02-28|2025-03-01|2025-03-02|2025-03-03|2025-03-04|2025-03-05|2025-03-06|2025-03-07|2025-03-08|2025-03-09|2025-03-10|2025-03-11|2025-03-12|2025-03-13|2025-03-14|2025-03-15|2025-03-16|2025-03-17|2025-03-18|2025-03-19|2025-03-20|2025-03-21|2025-03-22|2025-03-23|2025-03-24|2025-03-25|2025-03-26|2025-03-27|2025-03-28|2025-03-29|2025-03-30|2025-03-31|2025-04-01|2025-04-02|2025-04-03|2025-04-04|2025-04-05|2025-04-06|2025-04-07|2025-04-08|2025-04-09|2025-04-10|2025-04-11|2025-04-12|2025-04-13|2025-04-14|2025-04-15|2025-04-16|2025-04-17|2025-04-18|2025-04-19|2025-04-20|2025-04-21|2025-04-22|2025-04-23|2025-04-24|2025-04-25|2025-04-26|2025-04-27|2025-04-28|2025-04-29|2025-04-30|2025-05-01|2025-05-02|2025-05-03|2025-05-04|2025-05-05|2025-05-06|2025-05-07|2025-05-08|2025-05-09|2025-05-10|2025-05-11|2025-05-12|2025-05-13|2025-05-14|2025-05-15|2025-05-16|2025-05-17|2025-05-18|2025-05-19|2025-05-20|2025-05-21|2025-05-22|2025-05-23|2025-05-24|2025-05-25|2025-05-26|2025-05-27|2025-05-28|2025-05-29|2025-05-30|2025-05-31|2025-06-01|2025-06-02|2025-06-03|2025-06-04|2025-06-05|2025-06-06|2025-06-07|2025-06-08|2025-06-09|2025-06-10|2025-06-11|2025-06-12|2025-06-13|2025-06-14|2025-06-15|2025-06-16|2025-06-17|2025-06-18|2025-06-19|2025-06-20|2025-06-21|2025-06-22|2025-06-23|2025-06-24|2025-06-25|2025-06-26|2025-06-27|2025-06-28|2025-06-29|2025-06-30|2025-07-01|2025-07-02|2025-07-03|2025-07-04|2025-07-05|2025-07-06|2025-07-07|2025-07-08|2025-07-09|2025-07-10|2025-07-11|2025-07-12|2025-07-13|2025-07-14|2025-07-15|2025-07-16|2025-07-17|2025-07-18|2025-07-19|2025-07-20|2025-07-21|2025-07-22|2025-07-23|2025-07-24|2025-07-25|2025-07-26|2025-07-27|2025-07-28|2025-07-29|2025-07-30|2025-07-31|2025-08-01|2025-08-02|2025-08-03|2025-08-04|2025-08-05|2025-08-06|2025-08-07|2025-08-08|2025-08-09|2025-08-10|2025-08-11|2025-08-12|2025-08-13|2025-08-14|2025-08-15|2025-08-16|2025-08-17|2025-08-18|2025-08-19|2025-08-20|2025-08-21|2025-08-22|2025-08-23|2025-08-24|2025-08-25|2025-08-26|2025-08-27|2025-08-28|2025-08-29|2025-08-30|2025-08-31|2025-09-01|2025-09-02|2025-09-03|2025-09-04|2025-09-05|2025-09-06|2025-09-07|2025-09-08|2025-09-09|2025-09-10|2025-09-11|2025-09-12|2025-09-13|2025-09-14|2025-09-15|2025-09-16|2025-09-17|2025-09-18|2025-09-19|2025-09-20|2025-09-21|2025-09-22|2025-09-23|2025-09-24|2025-09-25|2025-09-26|2025-09-27|2025-09-28|2025-09-29|2025-09-30|2025-10-01|2025-10-02|2025-10-03|2025-10-04|2025-10-05|2025-10-06|2025-10-07|2025-10-08|2025-10-09|2025-10-10|2025-10-11|2025-10-12|2025-10-13|2025-10-14|2025-10-15|2025-10-16|2025-10-17|2025-10-18|2025-10-19|2025-10-20|2025-10-21|2025-10-22|2025-10-23|2025-10-24|2025-10-25|2025-10-26|2025-10-27|2025-10-28|2025-10-29|2025-10-30|2025-10-31|2025-11-01|2025-11-02|2025-11-03|2025-11-04|2025-11-05|2025-11-06|2025-11-07|2025-11-08|2025-11-09|2025-11-10|2025-11-11|2025-11-12|2025-11-13|2025-11-14|2025-11-15|2025-11-16|2025-11-17|2025-11-18|2025-11-19|2025-11-20|2025-11-21|2025-11-22|2025-11-23|2025-11-24|2025-11-25|2025-11-26|2025-11-27|2025-11-28|2025-11-29|2025-11-30|2025-12-01|2025-12-02|2025-12-03|2025-12-04|2025-12-05|2025-12-06|2025-12-07|2025-12-08|2025-12-09|2025-12-10|2025-12-11|2025-12-12|2025-12-13|2025-12-14|2025-12-15|2025-12-16|2025-12-17|2025-12-18|2025-12-19|2025-12-20|2025-12-21|2025-12-22|2025-12-23|2025-12-24|2025-12-25|2025-12-26|2025-12-27|2025-12-28|2025-12-29|2025-12-30|2025-12-31,False,HTTPError:HTTP Error 404: Not Found
USW00013934,https://www.ncei.noaa.gov/oa/local-climatological-data/v2/access/2025/LCD_USW00013934_2025.csv,ERROR,,0,,False,0,0,0,0,0,,,365,2025-01-01|2025-01-02|2025-01-03|2025-01-04|2025-01-05|2025-01-06|2025-01-07|2025-01-08|2025-01-09|2025-01-10|2025-01-11|2025-01-12|2025-01-13|2025-01-14|2025-01-15|2025-01-16|2025-01-17|2025-01-18|2025-01-19|2025-01-20|2025-01-21|2025-01-22|2025-01-23|2025-01-24|2025-01-25|2025-01-26|2025-01-27|2025-01-28|2025-01-29|2025-01-30|2025-01-31|2025-02-01|2025-02-02|2025-02-03|2025-02-04|2025-02-05|2025-02-06|2025-02-07|2025-02-08|2025-02-09|2025-02-10|2025-02-11|2025-02-12|2025-02-13|2025-02-14|2025-02-15|2025-02-16|2025-02-17|2025-02-18|2025-02-19|2025-02-20|2025-02-21|2025-02-22|2025-02-23|2025-02-24|2025-02-25|2025-02-26|2025-02-27|2025-02-28|2025-03-01|2025-03-02|2025-03-03|2025-03-04|2025-03-05|2025-03-06|2025-03-07|2025-03-08|2025-03-09|2025-03-10|2025-03-11|2025-03-12|2025-03-13|2025-03-14|2025-03-15|2025-03-16|2025-03-17|2025-03-18|2025-03-19|2025-03-20|2025-03-21|2025-03-22|2025-03-23|2025-03-24|2025-03-25|2025-03-26|2025-03-27|2025-03-28|2025-03-29|2025-03-30|2025-03-31|2025-04-01|2025-04-02|2025-04-03|2025-04-04|2025-04-05|2025-04-06|2025-04-07|2025-04-08|2025-04-09|2025-04-10|2025-04-11|2025-04-12|2025-04-13|2025-04-14|2025-04-15|2025-04-16|2025-04-17|2025-04-18|2025-04-19|2025-04-20|2025-04-21|2025-04-22|2025-04-23|2025-04-24|2025-04-25|2025-04-26|2025-04-27|2025-04-28|2025-04-29|2025-04-30|2025-05-01|2025-05-02|2025-05-03|2025-05-04|2025-05-05|2025-05-06|2025-05-07|2025-05-08|2025-05-09|2025-05-10|2025-05-11|2025-05-12|2025-05-13|2025-05-14|2025-05-15|2025-05-16|2025-05-17|2025-05-18|2025-05-19|2025-05-20|2025-05-21|2025-05-22|2025-05-23|2025-05-24|2025-05-25|2025-05-26|2025-05-27|2025-05-28|2025-05-29|2025-05-30|2025-05-31|2025-06-01|2025-06-02|2025-06-03|2025-06-04|2025-06-05|2025-06-06|2025-06-07|2025-06-08|2025-06-09|2025-06-10|2025-06-11|2025-06-12|2025-06-13|2025-06-14|2025-06-15|2025-06-16|2025-06-17|2025-06-18|2025-06-19|2025-06-20|2025-06-21|2025-06-22|2025-06-23|2025-06-24|2025-06-25|2025-06-26|2025-06-27|2025-06-28|2025-06-29|2025-06-30|2025-07-01|2025-07-02|2025-07-03|2025-07-04|2025-07-05|2025-07-06|2025-07-07|2025-07-08|2025-07-09|2025-07-10|2025-07-11|2025-07-12|2025-07-13|2025-07-14|2025-07-15|2025-07-16|2025-07-17|2025-07-18|2025-07-19|2025-07-20|2025-07-21|2025-07-22|2025-07-23|2025-07-24|2025-07-25|2025-07-26|2025-07-27|2025-07-28|2025-07-29|2025-07-30|2025-07-31|2025-08-01|2025-08-02|2025-08-03|2025-08-04|2025-08-05|2025-08-06|2025-08-07|2025-08-08|2025-08-09|2025-08-10|2025-08-11|2025-08-12|2025-08-13|2025-08-14|2025-08-15|2025-08-16|2025-08-17|2025-08-18|2025-08-19|2025-08-20|2025-08-21|2025-08-22|2025-08-23|2025-08-24|2025-08-25|2025-08-26|2025-08-27|2025-08-28|2025-08-29|2025-08-30|2025-08-31|2025-09-01|2025-09-02|2025-09-03|2025-09-04|2025-09-05|2025-09-06|2025-09-07|2025-09-08|2025-09-09|2025-09-10|2025-09-11|2025-09-12|2025-09-13|2025-09-14|2025-09-15|2025-09-16|2025-09-17|2025-09-18|2025-09-19|2025-09-20|2025-09-21|2025-09-22|2025-09-23|2025-09-24|2025-09-25|2025-09-26|2025-09-27|2025-09-28|2025-09-29|2025-09-30|2025-10-01|2025-10-02|2025-10-03|2025-10-04|2025-10-05|2025-10-06|2025-10-07|2025-10-08|2025-10-09|2025-10-10|2025-10-11|2025-10-12|2025-10-13|2025-10-14|2025-10-15|2025-10-16|2025-10-17|2025-10-18|2025-10-19|2025-10-20|2025-10-21|2025-10-22|2025-10-23|2025-10-24|2025-10-25|2025-10-26|2025-10-27|2025-10-28|2025-10-29|2025-10-30|2025-10-31|2025-11-01|2025-11-02|2025-11-03|2025-11-04|2025-11-05|2025-11-06|2025-11-07|2025-11-08|2025-11-09|2025-11-10|2025-11-11|2025-11-12|2025-11-13|2025-11-14|2025-11-15|2025-11-16|2025-11-17|2025-11-18|2025-11-19|2025-11-20|2025-11-21|2025-11-22|2025-11-23|2025-11-24|2025-11-25|2025-11-26|2025-11-27|2025-11-28|2025-11-29|2025-11-30|2025-12-01|2025-12-02|2025-12-03|2025-12-04|2025-12-05|2025-12-06|2025-12-07|2025-12-08|2025-12-09|2025-12-10|2025-12-11|2025-12-12|2025-12-13|2025-12-14|2025-12-15|2025-12-16|2025-12-17|2025-12-18|2025-12-19|2025-12-20|2025-12-21|2025-12-22|2025-12-23|2025-12-24|2025-12-25|2025-12-26|2025-12-27|2025-12-28|2025-12-29|2025-12-30|2025-12-31,False,HTTPError:HTTP Error 404: Not Found
USW00013942,https://www.ncei.noaa.gov/oa/local-climatological-data/v2/access/2025/LCD_USW00013942_2025.csv,200,https://www.ncei.noaa.gov/oa/local-climatological-data/v2/access/2025/LCD_USW00013942_2025.csv,7174426,54b1cce4fc2c60c768fb082587116b3fa29d8ce24c2d8deb29d38c824c18d54f,True,11447,0,0,0,365,2025-01-01,2025-12-31,0,,True,
USW00013957,https://www.ncei.noaa.gov/oa/local-climatological-data/v2/access/2025/LCD_USW00013957_2025.csv,200,https://www.ncei.noaa.gov/oa/local-climatological-data/v2/access/2025/LCD_USW00013957_2025.csv,9799496,cc6fbf932916118723d7bc5359cfd81e8f285a62def9f38f092b662121ffc9a5,True,13645,0,0,0,365,2025-01-01,2025-12-31,0,,True,
USW00013959,https://www.ncei.noaa.gov/oa/local-climatological-data/v2/access/2025/LCD_USW00013959_2025.csv,200,https://www.ncei.noaa.gov/oa/local-climatological-data/v2/access/2025/LCD_USW00013959_2025.csv,7572201,e3ac77e43b4c78fd25486170f7e96cd4e23a4985bc1b312a9dfc50d43e3c7d5c,True,12096,0,0,0,365,2025-01-01,2025-12-31,0,,True,
USW00013960,https://www.ncei.noaa.gov/oa/local-climatological-data/v2/access/2025/LCD_USW00013960_2025.csv,200,https://www.ncei.noaa.gov/oa/local-climatological-data/v2/access/2025/LCD_USW00013960_2025.csv,6649750,70e25f933d8000a9e59e441c4238465fb0b27addb99b28b9503f6ac66665714d,True,10365,0,0,0,365,2025-01-01,2025-12-31,0,,True,
USW00013962,https://www.ncei.noaa.gov/oa/local-climatological-data/v2/access/2025/LCD_USW00013962_2025.csv,200,https://www.ncei.noaa.gov/oa/local-climatological-data/v2/access/2025/LCD_USW00013962_2025.csv,9195959,4820d650c46794b85297530232a99a9015e7356657d550931b86a6d9af1e89df,True,13203,0,0,0,365,2025-01-01,2025-12-31,0,,True,
USW00013963,https://www.ncei.noaa.gov/oa/local-climatological-data/v2/access/2025/LCD_USW00013963_2025.csv,200,https://www.ncei.noaa.gov/oa/local-climatological-data/v2/access/2025/LCD_USW00013963_2025.csv,7377812,f413e0da49e15586d5a4e06510e4cb3c6b92228ca6d063b322dc73eb9a30ef21,True,10162,0,0,0,365,2025-01-01,2025-12-31,0,,True,
USW00013964,https://www.ncei.noaa.gov/oa/local-climatological-data/v2/access/2025/LCD_USW00013964_2025.csv,200,https://www.ncei.noaa.gov/oa/local-climatological-data/v2/access/2025/LCD_USW00013964_2025.csv,9771310,657c12ae5ace42a5b1bbcdd59351c800232256ebc3473941ab2f516e9430a7b6,True,13768,0,0,0,365,2025-01-01,2025-12-31,0,,True,
USW00013966,https://www.ncei.noaa.gov/oa/local-climatological-data/v2/access/2025/LCD_USW00013966_2025.csv,200,https://www.ncei.noaa.gov/oa/local-climatological-data/v2/access/2025/LCD_USW00013966_2025.csv,8404998,f7ba0e9e7182b078770331999750d980e7977a36d9350d4837404aad0150521c,True,13376,0,0,0,365,2025-01-01,2025-12-31,0,,True,
USW00013967,https://www.ncei.noaa.gov/oa/local-climatological-data/v2/access/2025/LCD_USW00013967_2025.csv,200,https://www.ncei.noaa.gov/oa/local-climatological-data/v2/access/2025/LCD_USW00013967_2025.csv,8680389,5c06b8ffadfad520bc993ad168b07f29aa784f36ba73cad65ab1a4f1744ae95a,True,13403,0,0,0,365,2025-01-01,2025-12-31,0,,True,
USW00013968,https://www.ncei.noaa.gov/oa/local-climatological-data/v2/access/2025/LCD_USW00013968_2025.csv,200,https://www.ncei.noaa.gov/oa/local-climatological-data/v2/access/2025/LCD_USW00013968_2025.csv,9298866,c1c3b5900b058f093c58d291389d06197c362a11cfcad42c585cc62c32c6b6a5,True,13051,0,0,0,365,2025-01-01,2025-12-31,0,,True,
USW00013970,https://www.ncei.noaa.gov/oa/local-climatological-data/v2/access/2025/LCD_USW00013970_2025.csv,200,https://www.ncei.noaa.gov/oa/local-climatological-data/v2/access/2025/LCD_USW00013970_2025.csv,7997089,fbdf2aa66dd253fa98767b84a19d14449fce3d1bd44c5a2773c36c7043a8f6ca,True,11437,0,0,0,365,2025-01-01,2025-12-31,0,,True,
USW00013972,https://www.ncei.noaa.gov/oa/local-climatological-data/v2/access/2025/LCD_USW00013972_2025.csv,200,https://www.ncei.noaa.gov/oa/local-climatological-data/v2/access/2025/LCD_USW00013972_2025.csv,6906534,a8ab5b86fa83c376f47db8fc0ee89cd6c3bd7d7300cb96987693a7de2bc27c34,True,11040,0,0,0,365,2025-01-01,2025-12-31,0,,True,
USW00013976,https://www.ncei.noaa.gov/oa/local-climatological-data/v2/access/2025/LCD_USW00013976_2025.csv,200,https://www.ncei.noaa.gov/oa/local-climatological-data/v2/access/2025/LCD_USW00013976_2025.csv,7816559,7c3a50b5136e5926f3e9611defff1c984d696514554ac94ba6793fe51bd8ef5d,True,12353,0,0,0,365,2025-01-01,2025-12-31,0,,True,
USW00013977,https://www.ncei.noaa.gov/oa/local-climatological-data/v2/access/2025/LCD_USW00013977_2025.csv,200,https://www.ncei.noaa.gov/oa/local-climatological-data/v2/access/2025/LCD_USW00013977_2025.csv,7208158,1a1b1afef1b73e6d796c7e84227d66abfcb866f372fa366d1419e3a7ce9261aa,True,11513,0,0,0,365,2025-01-01,2025-12-31,0,,True,
USW00013985,https://www.ncei.noaa.gov/oa/local-climatological-data/v2/access/2025/LCD_USW00013985_2025.csv,200,https://www.ncei.noaa.gov/oa/local-climatological-data/v2/access/2025/LCD_USW00013985_2025.csv,9662705,13e990a99e106e9e504afcf86bcc327c7e39e9d5d3052aa91bbc2663f1793445,True,14350,0,0,0,365,2025-01-01,2025-12-31,0,,True,
USW00013987,https://www.ncei.noaa.gov/oa/local-climatological-data/v2/access/2025/LCD_USW00013987_2025.csv,200,https://www.ncei.noaa.gov/oa/local-climatological-data/v2/access/2025/LCD_USW00013987_2025.csv,6850090,3f14a0620986160cc9772b08f197edbaa7df6ee66b67fed72149f8b3a3d3d870,True,10828,0,0,0,365,2025-01-01,2025-12-31,0,,True,
USW00013994,https://www.ncei.noaa.gov/oa/local-climatological-data/v2/access/2025/LCD_USW00013994_2025.csv,200,https://www.ncei.noaa.gov/oa/local-climatological-data/v2/access/2025/LCD_USW00013994_2025.csv,10566526,b39d017441166bc1d941eff304055a66327d35d0998be4193d06639c79af1373,True,13790,0,0,0,365,2025-01-01,2025-12-31,0,,True,
USW00013995,https://www.ncei.noaa.gov/oa/local-climatological-data/v2/access/2025/LCD_USW00013995_2025.csv,200,https://www.ncei.noaa.gov/oa/local-climatological-data/v2/access/2025/LCD_USW00013995_2025.csv,10293064,9a8bbd784b0b601faa3b8c0cab7e0bba87f8ffd7afc016ac27bf6d517e0c2f48,True,13925,0,0,0,365,2025-01-01,2025-12-31,0,,True,
USW00014601,https://www.ncei.noaa.gov/oa/local-climatological-data/v2/access/2025/LCD_USW00014601_2025.csv,ERROR,,0,,False,0,0,0,0,0,,,365,2025-01-01|2025-01-02|2025-01-03|2025-01-04|2025-01-05|2025-01-06|2025-01-07|2025-01-08|2025-01-09|2025-01-10|2025-01-11|2025-01-12|2025-01-13|2025-01-14|2025-01-15|2025-01-16|2025-01-17|2025-01-18|2025-01-19|2025-01-20|2025-01-21|2025-01-22|2025-01-23|2025-01-24|2025-01-25|2025-01-26|2025-01-27|2025-01-28|2025-01-29|2025-01-30|2025-01-31|2025-02-01|2025-02-02|2025-02-03|2025-02-04|2025-02-05|2025-02-06|2025-02-07|2025-02-08|2025-02-09|2025-02-10|2025-02-11|2025-02-12|2025-02-13|2025-02-14|2025-02-15|2025-02-16|2025-02-17|2025-02-18|2025-02-19|2025-02-20|2025-02-21|2025-02-22|2025-02-23|2025-02-24|2025-02-25|2025-02-26|2025-02-27|2025-02-28|2025-03-01|2025-03-02|2025-03-03|2025-03-04|2025-03-05|2025-03-06|2025-03-07|2025-03-08|2025-03-09|2025-03-10|2025-03-11|2025-03-12|2025-03-13|2025-03-14|2025-03-15|2025-03-16|2025-03-17|2025-03-18|2025-03-19|2025-03-20|2025-03-21|2025-03-22|2025-03-23|2025-03-24|2025-03-25|2025-03-26|2025-03-27|2025-03-28|2025-03-29|2025-03-30|2025-03-31|2025-04-01|2025-04-02|2025-04-03|2025-04-04|2025-04-05|2025-04-06|2025-04-07|2025-04-08|2025-04-09|2025-04-10|2025-04-11|2025-04-12|2025-04-13|2025-04-14|2025-04-15|2025-04-16|2025-04-17|2025-04-18|2025-04-19|2025-04-20|2025-04-21|2025-04-22|2025-04-23|2025-04-24|2025-04-25|2025-04-26|2025-04-27|2025-04-28|2025-04-29|2025-04-30|2025-05-01|2025-05-02|2025-05-03|2025-05-04|2025-05-05|2025-05-06|2025-05-07|2025-05-08|2025-05-09|2025-05-10|2025-05-11|2025-05-12|2025-05-13|2025-05-14|2025-05-15|2025-05-16|2025-05-17|2025-05-18|2025-05-19|2025-05-20|2025-05-21|2025-05-22|2025-05-23|2025-05-24|2025-05-25|2025-05-26|2025-05-27|2025-05-28|2025-05-29|2025-05-30|2025-05-31|2025-06-01|2025-06-02|2025-06-03|2025-06-04|2025-06-05|2025-06-06|2025-06-07|2025-06-08|2025-06-09|2025-06-10|2025-06-11|2025-06-12|2025-06-13|2025-06-14|2025-06-15|2025-06-16|2025-06-17|2025-06-18|2025-06-19|2025-06-20|2025-06-21|2025-06-22|2025-06-23|2025-06-24|2025-06-25|2025-06-26|2025-06-27|2025-06-28|2025-06-29|2025-06-30|2025-07-01|2025-07-02|2025-07-03|2025-07-04|2025-07-05|2025-07-06|2025-07-07|2025-07-08|2025-07-09|2025-07-10|2025-07-11|2025-07-12|2025-07-13|2025-07-14|2025-07-15|2025-07-16|2025-07-17|2025-07-18|2025-07-19|2025-07-20|2025-07-21|2025-07-22|2025-07-23|2025-07-24|2025-07-25|2025-07-26|2025-07-27|2025-07-28|2025-07-29|2025-07-30|2025-07-31|2025-08-01|2025-08-02|2025-08-03|2025-08-04|2025-08-05|2025-08-06|2025-08-07|2025-08-08|2025-08-09|2025-08-10|2025-08-11|2025-08-12|2025-08-13|2025-08-14|2025-08-15|2025-08-16|2025-08-17|2025-08-18|2025-08-19|2025-08-20|2025-08-21|2025-08-22|2025-08-23|2025-08-24|2025-08-25|2025-08-26|2025-08-27|2025-08-28|2025-08-29|2025-08-30|2025-08-31|2025-09-01|2025-09-02|2025-09-03|2025-09-04|2025-09-05|2025-09-06|2025-09-07|2025-09-08|2025-09-09|2025-09-10|2025-09-11|2025-09-12|2025-09-13|2025-09-14|2025-09-15|2025-09-16|2025-09-17|2025-09-18|2025-09-19|2025-09-20|2025-09-21|2025-09-22|2025-09-23|2025-09-24|2025-09-25|2025-09-26|2025-09-27|2025-09-28|2025-09-29|2025-09-30|2025-10-01|2025-10-02|2025-10-03|2025-10-04|2025-10-05|2025-10-06|2025-10-07|2025-10-08|2025-10-09|2025-10-10|2025-10-11|2025-10-12|2025-10-13|2025-10-14|2025-10-15|2025-10-16|2025-10-17|2025-10-18|2025-10-19|2025-10-20|2025-10-21|2025-10-22|2025-10-23|2025-10-24|2025-10-25|2025-10-26|2025-10-27|2025-10-28|2025-10-29|2025-10-30|2025-10-31|2025-11-01|2025-11-02|2025-11-03|2025-11-04|2025-11-05|2025-11-06|2025-11-07|2025-11-08|2025-11-09|2025-11-10|2025-11-11|2025-11-12|2025-11-13|2025-11-14|2025-11-15|2025-11-16|2025-11-17|2025-11-18|2025-11-19|2025-11-20|2025-11-21|2025-11-22|2025-11-23|2025-11-24|2025-11-25|2025-11-26|2025-11-27|2025-11-28|2025-11-29|2025-11-30|2025-12-01|2025-12-02|2025-12-03|2025-12-04|2025-12-05|2025-12-06|2025-12-07|2025-12-08|2025-12-09|2025-12-10|2025-12-11|2025-12-12|2025-12-13|2025-12-14|2025-12-15|2025-12-16|2025-12-17|2025-12-18|2025-12-19|2025-12-20|2025-12-21|2025-12-22|2025-12-23|2025-12-24|2025-12-25|2025-12-26|2025-12-27|2025-12-28|2025-12-29|2025-12-30|2025-12-31,False,HTTPError:HTTP Error 404: Not Found
USW00014604,https://www.ncei.noaa.gov/oa/local-climatological-data/v2/access/2025/LCD_USW00014604_2025.csv,200,https://www.ncei.noaa.gov/oa/local-climatological-data/v2/access/2025/LCD_USW00014604_2025.csv,7882225,f7a1f0db7c64f14971bc32bf962c0ddac386a90109f72d5b849b548aaf40a2d5,True,12573,0,0,0,365,2025-01-01,2025-12-31,0,,True,
USW00014710,https://www.ncei.noaa.gov/oa/local-climatological-data/v2/access/2025/LCD_USW00014710_2025.csv,200,https://www.ncei.noaa.gov/oa/local-climatological-data/v2/access/2025/LCD_USW00014710_2025.csv,6601119,0b17bb0c5b9030f2fab41452e762cccb384ff8bc10dcc0397b962132e380dc27,True,10405,0,0,0,365,2025-01-01,2025-12-31,0,,True,
USW00014711,https://www.ncei.noaa.gov/oa/local-climatological-data/v2/access/2025/LCD_USW00014711_2025.csv,200,https://www.ncei.noaa.gov/oa/local-climatological-data/v2/access/2025/LCD_USW00014711_2025.csv,7529801,9b3fc86a6c90bd0f2860210ca4513af6b8d437f1813f9e784ec6de6ac1c8398b,True,10850,0,0,0,365,2025-01-01,2025-12-31,0,,True,
USW00014714,https://www.ncei.noaa.gov/oa/local-climatological-data/v2/access/2025/LCD_USW00014714_2025.csv,200,https://www.ncei.noaa.gov/oa/local-climatological-data/v2/access/2025/LCD_USW00014714_2025.csv,5103734,16a46ba3311e9d1e7b9a700fcc4877964cf2c50a84f12ddbe5cb8dd171393a4f,True,9081,0,0,0,363,2025-01-01,2025-12-31,2,2025-08-30|2025-09-01,False,
USW00014732,https://www.ncei.noaa.gov/oa/local-climatological-data/v2/access/2025/LCD_USW00014732_2025.csv,200,https://www.ncei.noaa.gov/oa/local-climatological-data/v2/access/2025/LCD_USW00014732_2025.csv,9054975,cfce47461806982b78bbbb1a78c08bbccbabdaf07240cfa092ee4460cbc0e1fb,True,13208,0,0,0,365,2025-01-01,2025-12-31,0,,True,
USW00014733,https://www.ncei.noaa.gov/oa/local-climatological-data/v2/access/2025/LCD_USW00014733_2025.csv,200,https://www.ncei.noaa.gov/oa/local-climatological-data/v2/access/2025/LCD_USW00014733_2025.csv,10415365,fbc56816567ddebf5780086fe167afe2f10c01a51e24843a6c6af0a5a4b5618c,True,14848,0,0,0,365,2025-01-01,2025-12-31,0,,True,
USW00014734,https://www.ncei.noaa.gov/oa/local-climatological-data/v2/access/2025/LCD_USW00014734_2025.csv,200,https://www.ncei.noaa.gov/oa/local-climatological-data/v2/access/2025/LCD_USW00014734_2025.csv,9166381,5d561870c0f19ca386418d16b53f1a8731e2df0746dfe8e4a8c406e03ea8020e,True,12970,0,0,0,365,2025-01-01,2025-12-31,0,,True,
USW00014735,https://www.ncei.noaa.gov/oa/local-climatological-data/v2/access/2025/LCD_USW00014735_2025.csv,200,https://www.ncei.noaa.gov/oa/local-climatological-data/v2/access/2025/LCD_USW00014735_2025.csv,9791789,d06505b13065593f16daa7d64bca2dec3286137a7351ae4d57e72ff0e276f727,True,14165,0,0,0,365,2025-01-01,2025-12-31,0,,True,
USW00014737,https://www.ncei.noaa.gov/oa/local-climatological-data/v2/access/2025/LCD_USW00014737_2025.csv,200,https://www.ncei.noaa.gov/oa/local-climatological-data/v2/access/2025/LCD_USW00014737_2025.csv,10294071,38b17449f688b08cb6d67c4f9b88efca1f5264b31ebdb7611bc1be3f359dc99d,True,13911,0,0,0,365,2025-01-01,2025-12-31,0,,True,
USW00014739,https://www.ncei.noaa.gov/oa/local-climatological-data/v2/access/2025/LCD_USW00014739_2025.csv,200,https://www.ncei.noaa.gov/oa/local-climatological-data/v2/access/2025/LCD_USW00014739_2025.csv,9599896,23f16bf3a07334ef38c41bca8d495459cb87fc94af3d517910d76bfe96ef15d0,True,13671,0,0,0,365,2025-01-01,2025-12-31,0,,True,
USW00014740,https://www.ncei.noaa.gov/oa/local-climatological-data/v2/access/2025/LCD_USW00014740_2025.csv,200,https://www.ncei.noaa.gov/oa/local-climatological-data/v2/access/2025/LCD_USW00014740_2025.csv,9558185,a8f9cf0eaefef3ed60fadf4cd7ab873131dea34147322593df08ba3e937ab0af,True,13787,0,0,0,365,2025-01-01,2025-12-31,0,,True,
USW00014742,https://www.ncei.noaa.gov/oa/local-climatological-data/v2/access/2025/LCD_USW00014742_2025.csv,200,https://www.ncei.noaa.gov/oa/local-climatological-data/v2/access/2025/LCD_USW00014742_2025.csv,10105398,6b51e58a56635dc2fc7dca20e3b462d4eaf9a758ac2eb45be7b9fa1214df91d4,True,15008,0,0,0,365,2025-01-01,2025-12-31,0,,True,
USW00014748,https://www.ncei.noaa.gov/oa/local-climatological-data/v2/access/2025/LCD_USW00014748_2025.csv,200,https://www.ncei.noaa.gov/oa/local-climatological-data/v2/access/2025/LCD_USW00014748_2025.csv,8329688,36824ba7a305c7ca9adf36615ca32a4d5c1b93ddfdc2f73616385bbd2e6c1de0,True,12897,0,0,0,364,2025-01-01,2025-12-31,1,2025-08-30,False,
USW00014764,https://www.ncei.noaa.gov/oa/local-climatological-data/v2/access/2025/LCD_USW00014764_2025.csv,200,https://www.ncei.noaa.gov/oa/local-climatological-data/v2/access/2025/LCD_USW00014764_2025.csv,9061846,81e38f6367cfcc0c6d465ed34573b21e6b2f66485a8de1f112f00dbe1c687b25,True,13892,0,0,0,365,2025-01-01,2025-12-31,0,,True,
USW00014765,https://www.ncei.noaa.gov/oa/local-climatological-data/v2/access/2025/LCD_USW00014765_2025.csv,200,https://www.ncei.noaa.gov/oa/local-climatological-data/v2/access/2025/LCD_USW00014765_2025.csv,9353852,579800a09225f8c32623a8920e158c71acdffec1e3d042e3fc38dc9685341d3c,True,13932,0,0,0,365,2025-01-01,2025-12-31,0,,True,
USW00014768,https://www.ncei.noaa.gov/oa/local-climatological-data/v2/access/2025/LCD_USW00014768_2025.csv,200,https://www.ncei.noaa.gov/oa/local-climatological-data/v2/access/2025/LCD_USW00014768_2025.csv,10084803,11c9fa9603e1f9f315cf68e0bee9a3f1b0ac5b4effad2dfe2babd118ecf0d1fd,True,14690,0,0,0,365,2025-01-01,2025-12-31,0,,True,
USW00014771,https://www.ncei.noaa.gov/oa/local-climatological-data/v2/access/2025/LCD_USW00014771_2025.csv,200,https://www.ncei.noaa.gov/oa/local-climatological-data/v2/access/2025/LCD_USW00014771_2025.csv,10625727,7198adba2143a764bddf81a39e3dbdcb35aee440f3bd803a8e7151ae1fd651e4,True,14855,0,0,0,365,2025-01-01,2025-12-31,0,,True,
USW00014777,https://www.ncei.noaa.gov/oa/local-climatological-data/v2/access/2025/LCD_USW00014777_2025.csv,200,https://www.ncei.noaa.gov/oa/local-climatological-data/v2/access/2025/LCD_USW00014777_2025.csv,10248936,e76c2f5cdedf5ebc4e4d9327201e71680dea03eaee6b893bb840a3a8169761c1,True,14721,0,0,0,365,2025-01-01,2025-12-31,0,,True,
USW00014792,https://www.ncei.noaa.gov/oa/local-climatological-data/v2/access/2025/LCD_USW00014792_2025.csv,200,https://www.ncei.noaa.gov/oa/local-climatological-data/v2/access/2025/LCD_USW00014792_2025.csv,7669434,314465ac159402cb5087adf77d6fc4f4fa5d530f9efcfdd87cc8b59bac20f31b,True,11488,0,0,0,365,2025-01-01,2025-12-31,0,,True,
USW00014810,https://www.ncei.noaa.gov/oa/local-climatological-data/v2/access/2025/LCD_USW00014810_2025.csv,ERROR,,0,,False,0,0,0,0,0,,,365,2025-01-01|2025-01-02|2025-01-03|2025-01-04|2025-01-05|2025-01-06|2025-01-07|2025-01-08|2025-01-09|2025-01-10|2025-01-11|2025-01-12|2025-01-13|2025-01-14|2025-01-15|2025-01-16|2025-01-17|2025-01-18|2025-01-19|2025-01-20|2025-01-21|2025-01-22|2025-01-23|2025-01-24|2025-01-25|2025-01-26|2025-01-27|2025-01-28|2025-01-29|2025-01-30|2025-01-31|2025-02-01|2025-02-02|2025-02-03|2025-02-04|2025-02-05|2025-02-06|2025-02-07|2025-02-08|2025-02-09|2025-02-10|2025-02-11|2025-02-12|2025-02-13|2025-02-14|2025-02-15|2025-02-16|2025-02-17|2025-02-18|2025-02-19|2025-02-20|2025-02-21|2025-02-22|2025-02-23|2025-02-24|2025-02-25|2025-02-26|2025-02-27|2025-02-28|2025-03-01|2025-03-02|2025-03-03|2025-03-04|2025-03-05|2025-03-06|2025-03-07|2025-03-08|2025-03-09|2025-03-10|2025-03-11|2025-03-12|2025-03-13|2025-03-14|2025-03-15|2025-03-16|2025-03-17|2025-03-18|2025-03-19|2025-03-20|2025-03-21|2025-03-22|2025-03-23|2025-03-24|2025-03-25|2025-03-26|2025-03-27|2025-03-28|2025-03-29|2025-03-30|2025-03-31|2025-04-01|2025-04-02|2025-04-03|2025-04-04|2025-04-05|2025-04-06|2025-04-07|2025-04-08|2025-04-09|2025-04-10|2025-04-11|2025-04-12|2025-04-13|2025-04-14|2025-04-15|2025-04-16|2025-04-17|2025-04-18|2025-04-19|2025-04-20|2025-04-21|2025-04-22|2025-04-23|2025-04-24|2025-04-25|2025-04-26|2025-04-27|2025-04-28|2025-04-29|2025-04-30|2025-05-01|2025-05-02|2025-05-03|2025-05-04|2025-05-05|2025-05-06|2025-05-07|2025-05-08|2025-05-09|2025-05-10|2025-05-11|2025-05-12|2025-05-13|2025-05-14|2025-05-15|2025-05-16|2025-05-17|2025-05-18|2025-05-19|2025-05-20|2025-05-21|2025-05-22|2025-05-23|2025-05-24|2025-05-25|2025-05-26|2025-05-27|2025-05-28|2025-05-29|2025-05-30|2025-05-31|2025-06-01|2025-06-02|2025-06-03|2025-06-04|2025-06-05|2025-06-06|2025-06-07|2025-06-08|2025-06-09|2025-06-10|2025-06-11|2025-06-12|2025-06-13|2025-06-14|2025-06-15|2025-06-16|2025-06-17|2025-06-18|2025-06-19|2025-06-20|2025-06-21|2025-06-22|2025-06-23|2025-06-24|2025-06-25|2025-06-26|2025-06-27|2025-06-28|2025-06-29|2025-06-30|2025-07-01|2025-07-02|2025-07-03|2025-07-04|2025-07-05|2025-07-06|2025-07-07|2025-07-08|2025-07-09|2025-07-10|2025-07-11|2025-07-12|2025-07-13|2025-07-14|2025-07-15|2025-07-16|2025-07-17|2025-07-18|2025-07-19|2025-07-20|2025-07-21|2025-07-22|2025-07-23|2025-07-24|2025-07-25|2025-07-26|2025-07-27|2025-07-28|2025-07-29|2025-07-30|2025-07-31|2025-08-01|2025-08-02|2025-08-03|2025-08-04|2025-08-05|2025-08-06|2025-08-07|2025-08-08|2025-08-09|2025-08-10|2025-08-11|2025-08-12|2025-08-13|2025-08-14|2025-08-15|2025-08-16|2025-08-17|2025-08-18|2025-08-19|2025-08-20|2025-08-21|2025-08-22|2025-08-23|2025-08-24|2025-08-25|2025-08-26|2025-08-27|2025-08-28|2025-08-29|2025-08-30|2025-08-31|2025-09-01|2025-09-02|2025-09-03|2025-09-04|2025-09-05|2025-09-06|2025-09-07|2025-09-08|2025-09-09|2025-09-10|2025-09-11|2025-09-12|2025-09-13|2025-09-14|2025-09-15|2025-09-16|2025-09-17|2025-09-18|2025-09-19|2025-09-20|2025-09-21|2025-09-22|2025-09-23|2025-09-24|2025-09-25|2025-09-26|2025-09-27|2025-09-28|2025-09-29|2025-09-30|2025-10-01|2025-10-02|2025-10-03|2025-10-04|2025-10-05|2025-10-06|2025-10-07|2025-10-08|2025-10-09|2025-10-10|2025-10-11|2025-10-12|2025-10-13|2025-10-14|2025-10-15|2025-10-16|2025-10-17|2025-10-18|2025-10-19|2025-10-20|2025-10-21|2025-10-22|2025-10-23|2025-10-24|2025-10-25|2025-10-26|2025-10-27|2025-10-28|2025-10-29|2025-10-30|2025-10-31|2025-11-01|2025-11-02|2025-11-03|2025-11-04|2025-11-05|2025-11-06|2025-11-07|2025-11-08|2025-11-09|2025-11-10|2025-11-11|2025-11-12|2025-11-13|2025-11-14|2025-11-15|2025-11-16|2025-11-17|2025-11-18|2025-11-19|2025-11-20|2025-11-21|2025-11-22|2025-11-23|2025-11-24|2025-11-25|2025-11-26|2025-11-27|2025-11-28|2025-11-29|2025-11-30|2025-12-01|2025-12-02|2025-12-03|2025-12-04|2025-12-05|2025-12-06|2025-12-07|2025-12-08|2025-12-09|2025-12-10|2025-12-11|2025-12-12|2025-12-13|2025-12-14|2025-12-15|2025-12-16|2025-12-17|2025-12-18|2025-12-19|2025-12-20|2025-12-21|2025-12-22|2025-12-23|2025-12-24|2025-12-25|2025-12-26|2025-12-27|2025-12-28|2025-12-29|2025-12-30|2025-12-31,False,HTTPError:HTTP Error 404: Not Found
USW00014819,https://www.ncei.noaa.gov/oa/local-climatological-data/v2/access/2025/LCD_USW00014819_2025.csv,200,https://www.ncei.noaa.gov/oa/local-climatological-data/v2/access/2025/LCD_USW00014819_2025.csv,7594885,4d8e20bd4a1ea550f33b1a85ba56aa55116cb11008162789d227a62cedee4f06,True,11856,0,0,0,365,2025-01-01,2025-12-31,0,,True,
USW00014820,https://www.ncei.noaa.gov/oa/local-climatological-data/v2/access/2025/LCD_USW00014820_2025.csv,200,https://www.ncei.noaa.gov/oa/local-climatological-data/v2/access/2025/LCD_USW00014820_2025.csv,9763244,0820ceeca5071ceb48ff4d5a1376734ec09903b9fda44533bd21cd2565d9d4ac,True,13975,0,0,0,365,2025-01-01,2025-12-31,0,,True,
USW00014821,https://www.ncei.noaa.gov/oa/local-climatological-data/v2/access/2025/LCD_USW00014821_2025.csv,200,https://www.ncei.noaa.gov/oa/local-climatological-data/v2/access/2025/LCD_USW00014821_2025.csv,9617687,54782671f9a7e993351941d1db5fbd6ffbaf317167ececd0b905f8bf15413f7f,True,13700,0,0,0,365,2025-01-01,2025-12-31,0,,True,
USW00014826,https://www.ncei.noaa.gov/oa/local-climatological-data/v2/access/2025/LCD_USW00014826_2025.csv,200,https://www.ncei.noaa.gov/oa/local-climatological-data/v2/access/2025/LCD_USW00014826_2025.csv,10480657,4e929a3f4a55646d34f4734a6b82aacb58f58b4aef03ae03bf4bce098ca8cd1e,True,14715,0,0,0,365,2025-01-01,2025-12-31,0,,True,
USW00014827,https://www.ncei.noaa.gov/oa/local-climatological-data/v2/access/2025/LCD_USW00014827_2025.csv,200,https://www.ncei.noaa.gov/oa/local-climatological-data/v2/access/2025/LCD_USW00014827_2025.csv,8903874,f305c7ae4e13524f73d4a96e87d58bab4e741cb71a4b73d3b877a63271c6ccc0,True,13827,0,0,0,365,2025-01-01,2025-12-31,0,,True,
USW00014836,https://www.ncei.noaa.gov/oa/local-climatological-data/v2/access/2025/LCD_USW00014836_2025.csv,200,https://www.ncei.noaa.gov/oa/local-climatological-data/v2/access/2025/LCD_USW00014836_2025.csv,10173399,47c4576963bdcdb07f0291a23332d72534684a6688487ed722ed1fad10478e0a,True,14617,0,0,0,365,2025-01-01,2025-12-31,0,,True,
USW00014837,https://www.ncei.noaa.gov/oa/local-climatological-data/v2/access/2025/LCD_USW00014837_2025.csv,200,https://www.ncei.noaa.gov/oa/local-climatological-data/v2/access/2025/LCD_USW00014837_2025.csv,10106526,e9ee82ab887f9c6601fa99457914d59bb4c57280a8c341c0199cbad7ff126e5d,True,14087,0,0,0,365,2025-01-01,2025-12-31,0,,True,
USW00014839,https://www.ncei.noaa.gov/oa/local-climatological-data/v2/access/2025/LCD_USW00014839_2025.csv,200,https://www.ncei.noaa.gov/oa/local-climatological-data/v2/access/2025/LCD_USW00014839_2025.csv,9765980,724eb424a1268c37bbab104195b74d59726b647b170e57d5d7d844b505b0c755,True,13462,0,0,0,365,2025-01-01,2025-12-31,0,,True,
USW00014841,https://www.ncei.noaa.gov/oa/local-climatological-data/v2/access/2025/LCD_USW00014841_2025.csv,200,https://www.ncei.noaa.gov/oa/local-climatological-data/v2/access/2025/LCD_USW00014841_2025.csv,8370686,d2e8d6fe94735f96435804a288954be84b6aa2dcf138a64c86af6278de99c0a6,True,13080,0,0,0,364,2025-01-01,2025-12-31,1,2025-04-01,False,
USW00014842,https://www.ncei.noaa.gov/oa/local-climatological-data/v2/access/2025/LCD_USW00014842_2025.csv,200,https://www.ncei.noaa.gov/oa/local-climatological-data/v2/access/2025/LCD_USW00014842_2025.csv,9072734,9e3fee2afed7cd77652e9c25e5582ec3822101ad0414d672c6a3b1cd26c58b26,True,13462,0,0,0,365,2025-01-01,2025-12-31,0,,True,
USW00014845,https://www.ncei.noaa.gov/oa/local-climatological-data/v2/access/2025/LCD_USW00014845_2025.csv,200,https://www.ncei.noaa.gov/oa/local-climatological-data/v2/access/2025/LCD_USW00014845_2025.csv,7651886,06a9e10b2f0a59be38128e19425d93823bfab96ded530cfff8e32d78f7ca884b,True,11846,0,0,0,365,2025-01-01,2025-12-31,0,,True,
USW00014848,https://www.ncei.noaa.gov/oa/local-climatological-data/v2/access/2025/LCD_USW00014848_2025.csv,200,https://www.ncei.noaa.gov/oa/local-climatological-data/v2/access/2025/LCD_USW00014848_2025.csv,10533974,51ef5c215f9e3ea8a7f734af54ee5c668c592d0bb944104d4558b420180c8e8e,True,14586,0,0,0,365,2025-01-01,2025-12-31,0,,True,
USW00014850,https://www.ncei.noaa.gov/oa/local-climatological-data/v2/access/2025/LCD_USW00014850_2025.csv,200,https://www.ncei.noaa.gov/oa/local-climatological-data/v2/access/2025/LCD_USW00014850_2025.csv,7777073,fef1bd94c6e402915405c003ddb6f274bab53ee889c62df595e74c2836246f6d,True,11820,0,0,0,365,2025-01-01,2025-12-31,0,,True,
USW00014858,https://www.ncei.noaa.gov/oa/local-climatological-data/v2/access/2025/LCD_USW00014858_2025.csv,200,https://www.ncei.noaa.gov/oa/local-climatological-data/v2/access/2025/LCD_USW00014858_2025.csv,9448475,7923072ee8a197736cf01125548db5d1574e13c992d3265c01989403a6f71646,True,14606,0,0,0,364,2025-01-01,2025-12-31,1,2025-08-30,False,
USW00014860,https://www.ncei.noaa.gov/oa/local-climatological-data/v2/access/2025/LCD_USW00014860_2025.csv,200,https://www.ncei.noaa.gov/oa/local-climatological-data/v2/access/2025/LCD_USW00014860_2025.csv,10971244,4893ee95a156c8c71f8a982946160d7de7dd53bd69392577061a532c535113ce,True,16155,0,0,0,365,2025-01-01,2025-12-31,0,,True,
USW00014895,https://www.ncei.noaa.gov/oa/local-climatological-data/v2/access/2025/LCD_USW00014895_2025.csv,200,https://www.ncei.noaa.gov/oa/local-climatological-data/v2/access/2025/LCD_USW00014895_2025.csv,9476767,4b8946f906fb7518a74889c0e54b3c48051daa5d50a9ec758b61f5680f31fbc6,True,13813,0,0,0,365,2025-01-01,2025-12-31,0,,True,
USW00014898,https://www.ncei.noaa.gov/oa/local-climatological-data/v2/access/2025/LCD_USW00014898_2025.csv,200,https://www.ncei.noaa.gov/oa/local-climatological-data/v2/access/2025/LCD_USW00014898_2025.csv,10332886,bbe23d97865e674a42c57b1d94612819b1f0d9ba40d87044931e33038cc2b5d3,True,14260,0,0,0,365,2025-01-01,2025-12-31,0,,True,
USW00014905,https://www.ncei.noaa.gov/oa/local-climatological-data/v2/access/2025/LCD_USW00014905_2025.csv,200,https://www.ncei.noaa.gov/oa/local-climatological-data/v2/access/2025/LCD_USW00014905_2025.csv,6601599,0488d763356e93a7e34f646ddec933726e07b49f7872925e30728ec829fa470e,True,10729,0,0,0,365,2025-01-01,2025-12-31,0,,True,
USW00014913,https://www.ncei.noaa.gov/oa/local-climatological-data/v2/access/2025/LCD_USW00014913_2025.csv,200,https://www.ncei.noaa.gov/oa/local-climatological-data/v2/access/2025/LCD_USW00014913_2025.csv,10999362,4e083c4795ab697afab12fd5cd590d092ffa7d84578fd7a710b363a00e340d53,True,14742,0,0,0,365,2025-01-01,2025-12-31,0,,True,
USW00014914,https://www.ncei.noaa.gov/oa/local-climatological-data/v2/access/2025/LCD_USW00014914_2025.csv,200,https://www.ncei.noaa.gov/oa/local-climatological-data/v2/access/2025/LCD_USW00014914_2025.csv,8985889,6251743e42749cd1e0c6f4c9751deccebe58c6bff45e718fa69f7ce5284e44f2,True,14112,0,0,0,365,2025-01-01,2025-12-31,0,,True,
USW00014916,https://www.ncei.noaa.gov/oa/local-climatological-data/v2/access/2025/LCD_USW00014916_2025.csv,200,https://www.ncei.noaa.gov/oa/local-climatological-data/v2/access/2025/LCD_USW00014916_2025.csv,7939384,51b44e2ec82983e8159a5a08919bf2fa570882a28de045ea215a17ca2bea466b,True,10941,0,0,0,365,2025-01-01,2025-12-31,0,,True,
USW00014917,https://www.ncei.noaa.gov/oa/local-climatological-data/v2/access/2025/LCD_USW00014917_2025.csv,ERROR,,0,,False,0,0,0,0,0,,,365,2025-01-01|2025-01-02|2025-01-03|2025-01-04|2025-01-05|2025-01-06|2025-01-07|2025-01-08|2025-01-09|2025-01-10|2025-01-11|2025-01-12|2025-01-13|2025-01-14|2025-01-15|2025-01-16|2025-01-17|2025-01-18|2025-01-19|2025-01-20|2025-01-21|2025-01-22|2025-01-23|2025-01-24|2025-01-25|2025-01-26|2025-01-27|2025-01-28|2025-01-29|2025-01-30|2025-01-31|2025-02-01|2025-02-02|2025-02-03|2025-02-04|2025-02-05|2025-02-06|2025-02-07|2025-02-08|2025-02-09|2025-02-10|2025-02-11|2025-02-12|2025-02-13|2025-02-14|2025-02-15|2025-02-16|2025-02-17|2025-02-18|2025-02-19|2025-02-20|2025-02-21|2025-02-22|2025-02-23|2025-02-24|2025-02-25|2025-02-26|2025-02-27|2025-02-28|2025-03-01|2025-03-02|2025-03-03|2025-03-04|2025-03-05|2025-03-06|2025-03-07|2025-03-08|2025-03-09|2025-03-10|2025-03-11|2025-03-12|2025-03-13|2025-03-14|2025-03-15|2025-03-16|2025-03-17|2025-03-18|2025-03-19|2025-03-20|2025-03-21|2025-03-22|2025-03-23|2025-03-24|2025-03-25|2025-03-26|2025-03-27|2025-03-28|2025-03-29|2025-03-30|2025-03-31|2025-04-01|2025-04-02|2025-04-03|2025-04-04|2025-04-05|2025-04-06|2025-04-07|2025-04-08|2025-04-09|2025-04-10|2025-04-11|2025-04-12|2025-04-13|2025-04-14|2025-04-15|2025-04-16|2025-04-17|2025-04-18|2025-04-19|2025-04-20|2025-04-21|2025-04-22|2025-04-23|2025-04-24|2025-04-25|2025-04-26|2025-04-27|2025-04-28|2025-04-29|2025-04-30|2025-05-01|2025-05-02|2025-05-03|2025-05-04|2025-05-05|2025-05-06|2025-05-07|2025-05-08|2025-05-09|2025-05-10|2025-05-11|2025-05-12|2025-05-13|2025-05-14|2025-05-15|2025-05-16|2025-05-17|2025-05-18|2025-05-19|2025-05-20|2025-05-21|2025-05-22|2025-05-23|2025-05-24|2025-05-25|2025-05-26|2025-05-27|2025-05-28|2025-05-29|2025-05-30|2025-05-31|2025-06-01|2025-06-02|2025-06-03|2025-06-04|2025-06-05|2025-06-06|2025-06-07|2025-06-08|2025-06-09|2025-06-10|2025-06-11|2025-06-12|2025-06-13|2025-06-14|2025-06-15|2025-06-16|2025-06-17|2025-06-18|2025-06-19|2025-06-20|2025-06-21|2025-06-22|2025-06-23|2025-06-24|2025-06-25|2025-06-26|2025-06-27|2025-06-28|2025-06-29|2025-06-30|2025-07-01|2025-07-02|2025-07-03|2025-07-04|2025-07-05|2025-07-06|2025-07-07|2025-07-08|2025-07-09|2025-07-10|2025-07-11|2025-07-12|2025-07-13|2025-07-14|2025-07-15|2025-07-16|2025-07-17|2025-07-18|2025-07-19|2025-07-20|2025-07-21|2025-07-22|2025-07-23|2025-07-24|2025-07-25|2025-07-26|2025-07-27|2025-07-28|2025-07-29|2025-07-30|2025-07-31|2025-08-01|2025-08-02|2025-08-03|2025-08-04|2025-08-05|2025-08-06|2025-08-07|2025-08-08|2025-08-09|2025-08-10|2025-08-11|2025-08-12|2025-08-13|2025-08-14|2025-08-15|2025-08-16|2025-08-17|2025-08-18|2025-08-19|2025-08-20|2025-08-21|2025-08-22|2025-08-23|2025-08-24|2025-08-25|2025-08-26|2025-08-27|2025-08-28|2025-08-29|2025-08-30|2025-08-31|2025-09-01|2025-09-02|2025-09-03|2025-09-04|2025-09-05|2025-09-06|2025-09-07|2025-09-08|2025-09-09|2025-09-10|2025-09-11|2025-09-12|2025-09-13|2025-09-14|2025-09-15|2025-09-16|2025-09-17|2025-09-18|2025-09-19|2025-09-20|2025-09-21|2025-09-22|2025-09-23|2025-09-24|2025-09-25|2025-09-26|2025-09-27|2025-09-28|2025-09-29|2025-09-30|2025-10-01|2025-10-02|2025-10-03|2025-10-04|2025-10-05|2025-10-06|2025-10-07|2025-10-08|2025-10-09|2025-10-10|2025-10-11|2025-10-12|2025-10-13|2025-10-14|2025-10-15|2025-10-16|2025-10-17|2025-10-18|2025-10-19|2025-10-20|2025-10-21|2025-10-22|2025-10-23|2025-10-24|2025-10-25|2025-10-26|2025-10-27|2025-10-28|2025-10-29|2025-10-30|2025-10-31|2025-11-01|2025-11-02|2025-11-03|2025-11-04|2025-11-05|2025-11-06|2025-11-07|2025-11-08|2025-11-09|2025-11-10|2025-11-11|2025-11-12|2025-11-13|2025-11-14|2025-11-15|2025-11-16|2025-11-17|2025-11-18|2025-11-19|2025-11-20|2025-11-21|2025-11-22|2025-11-23|2025-11-24|2025-11-25|2025-11-26|2025-11-27|2025-11-28|2025-11-29|2025-11-30|2025-12-01|2025-12-02|2025-12-03|2025-12-04|2025-12-05|2025-12-06|2025-12-07|2025-12-08|2025-12-09|2025-12-10|2025-12-11|2025-12-12|2025-12-13|2025-12-14|2025-12-15|2025-12-16|2025-12-17|2025-12-18|2025-12-19|2025-12-20|2025-12-21|2025-12-22|2025-12-23|2025-12-24|2025-12-25|2025-12-26|2025-12-27|2025-12-28|2025-12-29|2025-12-30|2025-12-31,False,HTTPError:HTTP Error 404: Not Found
USW00014918,https://www.ncei.noaa.gov/oa/local-climatological-data/v2/access/2025/LCD_USW00014918_2025.csv,200,https://www.ncei.noaa.gov/oa/local-climatological-data/v2/access/2025/LCD_USW00014918_2025.csv,11384448,d2dc9a6ac1d59b877ba674cd1d281e72d83005db9b01eca81af95efe1838e7b7,True,15155,0,0,0,365,2025-01-01,2025-12-31,0,,True,
USW00014919,https://www.ncei.noaa.gov/oa/local-climatological-data/v2/access/2025/LCD_USW00014919_2025.csv,200,https://www.ncei.noaa.gov/oa/local-climatological-data/v2/access/2025/LCD_USW00014919_2025.csv,7280666,de5ed7dbe462e298156f08bd3a937e55bd95fe194d66f0d47238d4c9c6493b91,True,11465,0,0,0,364,2025-01-01,2025-12-31,1,2025-08-27,False,
USW00014920,https://www.ncei.noaa.gov/oa/local-climatological-data/v2/access/2025/LCD_USW00014920_2025.csv,200,https://www.ncei.noaa.gov/oa/local-climatological-data/v2/access/2025/LCD_USW00014920_2025.csv,7680160,d92d2933e59f5b97292cf7f420389fb9fb0c1b3e1361652e082ae237a6fdddcb,True,10674,0,0,0,365,2025-01-01,2025-12-31,0,,True,
USW00014923,https://www.ncei.noaa.gov/oa/local-climatological-data/v2/access/2025/LCD_USW00014923_2025.csv,200,https://www.ncei.noaa.gov/oa/local-climatological-data/v2/access/2025/LCD_USW00014923_2025.csv,9931093,e274c414e13eca22d4b95fe68391c37338433e01ba22ed940ff680dbf353a040,True,13738,0,0,0,365,2025-01-01,2025-12-31,0,,True,
USW00014925,https://www.ncei.noaa.gov/oa/local-climatological-data/v2/access/2025/LCD_USW00014925_2025.csv,200,https://www.ncei.noaa.gov/oa/local-climatological-data/v2/access/2025/LCD_USW00014925_2025.csv,10673029,925a3c6ce8bd49962c0f92b02295b83532cffa229c8e652bcbb30537f694c4b2,True,14747,0,0,0,365,2025-01-01,2025-12-31,0,,True,
USW00014929,https://www.ncei.noaa.gov/oa/local-climatological-data/v2/access/2025/LCD_USW00014929_2025.csv,200,https://www.ncei.noaa.gov/oa/local-climatological-data/v2/access/2025/LCD_USW00014929_2025.csv,9650979,30fca1f74eb23da16cee3e4c89296adca61ad698103be484c7ab4147d6bbdfa0,True,13881,0,0,0,365,2025-01-01,2025-12-31,0,,True,
USW00014933,https://www.ncei.noaa.gov/oa/local-climatological-data/v2/access/2025/LCD_USW00014933_2025.csv,200,https://www.ncei.noaa.gov/oa/local-climatological-data/v2/access/2025/LCD_USW00014933_2025.csv,9593578,aa89479460520fe0d02aae419972540219102c9a190688494948085634d49dda,True,13271,0,0,0,365,2025-01-01,2025-12-31,0,,True,
USW00014935,https://www.ncei.noaa.gov/oa/local-climatological-data/v2/access/2025/LCD_USW00014935_2025.csv,200,https://www.ncei.noaa.gov/oa/local-climatological-data/v2/access/2025/LCD_USW00014935_2025.csv,8694234,c1f9f78caa5d4e1bc9207fc541192b591012fc2e2304b1c9e8a3da51163af794,True,13579,0,0,0,365,2025-01-01,2025-12-31,0,,True,
USW00014939,https://www.ncei.noaa.gov/oa/local-climatological-data/v2/access/2025/LCD_USW00014939_2025.csv,200,https://www.ncei.noaa.gov/oa/local-climatological-data/v2/access/2025/LCD_USW00014939_2025.csv,8400285,897ed9b8552427bdaa3ff71c862c8c367992c68e9cf728b8879d56cf9231d95d,True,13687,0,0,0,365,2025-01-01,2025-12-31,0,,True,
USW00014940,https://www.ncei.noaa.gov/oa/local-climatological-data/v2/access/2025/LCD_USW00014940_2025.csv,200,https://www.ncei.noaa.gov/oa/local-climatological-data/v2/access/2025/LCD_USW00014940_2025.csv,7363029,3693827e0f031302d9af6758ea0a54e12d1876a625df7ba009e5261ffed69c11,True,11565,0,0,0,365,2025-01-01,2025-12-31,0,,True,
USW00014942,https://www.ncei.noaa.gov/oa/local-climatological-data/v2/access/2025/LCD_USW00014942_2025.csv,200,https://www.ncei.noaa.gov/oa/local-climatological-data/v2/access/2025/LCD_USW00014942_2025.csv,9595301,b95759a54e0e64919d437af23409282db706e29c866e42f0fdfd533f1adbef65,True,13148,0,0,0,365,2025-01-01,2025-12-31,0,,True,
USW00014943,https://www.ncei.noaa.gov/oa/local-climatological-data/v2/access/2025/LCD_USW00014943_2025.csv,200,https://www.ncei.noaa.gov/oa/local-climatological-data/v2/access/2025/LCD_USW00014943_2025.csv,9954692,a79f2cce03b821a8fc9673cbae137bf3c3668d025b5c2d68dc3dd80a3d212235,True,14011,0,0,0,365,2025-01-01,2025-12-31,0,,True,
USW00014947,https://www.ncei.noaa.gov/oa/local-climatological-data/v2/access/2025/LCD_USW00014947_2025.csv,ERROR,,0,,False,0,0,0,0,0,,,365,2025-01-01|2025-01-02|2025-01-03|2025-01-04|2025-01-05|2025-01-06|2025-01-07|2025-01-08|2025-01-09|2025-01-10|2025-01-11|2025-01-12|2025-01-13|2025-01-14|2025-01-15|2025-01-16|2025-01-17|2025-01-18|2025-01-19|2025-01-20|2025-01-21|2025-01-22|2025-01-23|2025-01-24|2025-01-25|2025-01-26|2025-01-27|2025-01-28|2025-01-29|2025-01-30|2025-01-31|2025-02-01|2025-02-02|2025-02-03|2025-02-04|2025-02-05|2025-02-06|2025-02-07|2025-02-08|2025-02-09|2025-02-10|2025-02-11|2025-02-12|2025-02-13|2025-02-14|2025-02-15|2025-02-16|2025-02-17|2025-02-18|2025-02-19|2025-02-20|2025-02-21|2025-02-22|2025-02-23|2025-02-24|2025-02-25|2025-02-26|2025-02-27|2025-02-28|2025-03-01|2025-03-02|2025-03-03|2025-03-04|2025-03-05|2025-03-06|2025-03-07|2025-03-08|2025-03-09|2025-03-10|2025-03-11|2025-03-12|2025-03-13|2025-03-14|2025-03-15|2025-03-16|2025-03-17|2025-03-18|2025-03-19|2025-03-20|2025-03-21|2025-03-22|2025-03-23|2025-03-24|2025-03-25|2025-03-26|2025-03-27|2025-03-28|2025-03-29|2025-03-30|2025-03-31|2025-04-01|2025-04-02|2025-04-03|2025-04-04|2025-04-05|2025-04-06|2025-04-07|2025-04-08|2025-04-09|2025-04-10|2025-04-11|2025-04-12|2025-04-13|2025-04-14|2025-04-15|2025-04-16|2025-04-17|2025-04-18|2025-04-19|2025-04-20|2025-04-21|2025-04-22|2025-04-23|2025-04-24|2025-04-25|2025-04-26|2025-04-27|2025-04-28|2025-04-29|2025-04-30|2025-05-01|2025-05-02|2025-05-03|2025-05-04|2025-05-05|2025-05-06|2025-05-07|2025-05-08|2025-05-09|2025-05-10|2025-05-11|2025-05-12|2025-05-13|2025-05-14|2025-05-15|2025-05-16|2025-05-17|2025-05-18|2025-05-19|2025-05-20|2025-05-21|2025-05-22|2025-05-23|2025-05-24|2025-05-25|2025-05-26|2025-05-27|2025-05-28|2025-05-29|2025-05-30|2025-05-31|2025-06-01|2025-06-02|2025-06-03|2025-06-04|2025-06-05|2025-06-06|2025-06-07|2025-06-08|2025-06-09|2025-06-10|2025-06-11|2025-06-12|2025-06-13|2025-06-14|2025-06-15|2025-06-16|2025-06-17|2025-06-18|2025-06-19|2025-06-20|2025-06-21|2025-06-22|2025-06-23|2025-06-24|2025-06-25|2025-06-26|2025-06-27|2025-06-28|2025-06-29|2025-06-30|2025-07-01|2025-07-02|2025-07-03|2025-07-04|2025-07-05|2025-07-06|2025-07-07|2025-07-08|2025-07-09|2025-07-10|2025-07-11|2025-07-12|2025-07-13|2025-07-14|2025-07-15|2025-07-16|2025-07-17|2025-07-18|2025-07-19|2025-07-20|2025-07-21|2025-07-22|2025-07-23|2025-07-24|2025-07-25|2025-07-26|2025-07-27|2025-07-28|2025-07-29|2025-07-30|2025-07-31|2025-08-01|2025-08-02|2025-08-03|2025-08-04|2025-08-05|2025-08-06|2025-08-07|2025-08-08|2025-08-09|2025-08-10|2025-08-11|2025-08-12|2025-08-13|2025-08-14|2025-08-15|2025-08-16|2025-08-17|2025-08-18|2025-08-19|2025-08-20|2025-08-21|2025-08-22|2025-08-23|2025-08-24|2025-08-25|2025-08-26|2025-08-27|2025-08-28|2025-08-29|2025-08-30|2025-08-31|2025-09-01|2025-09-02|2025-09-03|2025-09-04|2025-09-05|2025-09-06|2025-09-07|2025-09-08|2025-09-09|2025-09-10|2025-09-11|2025-09-12|2025-09-13|2025-09-14|2025-09-15|2025-09-16|2025-09-17|2025-09-18|2025-09-19|2025-09-20|2025-09-21|2025-09-22|2025-09-23|2025-09-24|2025-09-25|2025-09-26|2025-09-27|2025-09-28|2025-09-29|2025-09-30|2025-10-01|2025-10-02|2025-10-03|2025-10-04|2025-10-05|2025-10-06|2025-10-07|2025-10-08|2025-10-09|2025-10-10|2025-10-11|2025-10-12|2025-10-13|2025-10-14|2025-10-15|2025-10-16|2025-10-17|2025-10-18|2025-10-19|2025-10-20|2025-10-21|2025-10-22|2025-10-23|2025-10-24|2025-10-25|2025-10-26|2025-10-27|2025-10-28|2025-10-29|2025-10-30|2025-10-31|2025-11-01|2025-11-02|2025-11-03|2025-11-04|2025-11-05|2025-11-06|2025-11-07|2025-11-08|2025-11-09|2025-11-10|2025-11-11|2025-11-12|2025-11-13|2025-11-14|2025-11-15|2025-11-16|2025-11-17|2025-11-18|2025-11-19|2025-11-20|2025-11-21|2025-11-22|2025-11-23|2025-11-24|2025-11-25|2025-11-26|2025-11-27|2025-11-28|2025-11-29|2025-11-30|2025-12-01|2025-12-02|2025-12-03|2025-12-04|2025-12-05|2025-12-06|2025-12-07|2025-12-08|2025-12-09|2025-12-10|2025-12-11|2025-12-12|2025-12-13|2025-12-14|2025-12-15|2025-12-16|2025-12-17|2025-12-18|2025-12-19|2025-12-20|2025-12-21|2025-12-22|2025-12-23|2025-12-24|2025-12-25|2025-12-26|2025-12-27|2025-12-28|2025-12-29|2025-12-30|2025-12-31,False,HTTPError:HTTP Error 404: Not Found
USW00014958,https://www.ncei.noaa.gov/oa/local-climatological-data/v2/access/2025/LCD_USW00014958_2025.csv,200,https://www.ncei.noaa.gov/oa/local-climatological-data/v2/access/2025/LCD_USW00014958_2025.csv,15396496,7577dfda48729cc4ac0ca42487ef8ebb89f2648b69ae1b500b46b5b806895035,True,25629,0,0,0,362,2025-01-01,2025-12-31,3,2025-08-30|2025-08-31|2025-09-01,False,
USW00014990,https://www.ncei.noaa.gov/oa/local-climatological-data/v2/access/2025/LCD_USW00014990_2025.csv,200,https://www.ncei.noaa.gov/oa/local-climatological-data/v2/access/2025/LCD_USW00014990_2025.csv,7926456,90e03493e9893bcfc18830f107ac107cfd3cd1cee0c0c1ef0be5a9634f3d4059,True,11313,0,0,0,365,2025-01-01,2025-12-31,0,,True,
USW00014991,https://www.ncei.noaa.gov/oa/local-climatological-data/v2/access/2025/LCD_USW00014991_2025.csv,200,https://www.ncei.noaa.gov/oa/local-climatological-data/v2/access/2025/LCD_USW00014991_2025.csv,7479000,ab7fb46d58ca235fce24bff699031776ea7f09ee6f8488340fe6de677f820bda,True,11708,0,0,0,365,2025-01-01,2025-12-31,0,,True,
USW00021504,https://www.ncei.noaa.gov/oa/local-climatological-data/v2/access/2025/LCD_USW00021504_2025.csv,200,https://www.ncei.noaa.gov/oa/local-climatological-data/v2/access/2025/LCD_USW00021504_2025.csv,9997849,0d9409542d308a58f50d5b69af5461cc0a657e2e554e4319efbc9b95d5a26bc3,True,14633,0,0,0,364,2025-01-01,2025-12-31,1,2025-08-30,False,
USW00021510,https://www.ncei.noaa.gov/oa/local-climatological-data/v2/access/2025/LCD_USW00021510_2025.csv,200,https://www.ncei.noaa.gov/oa/local-climatological-data/v2/access/2025/LCD_USW00021510_2025.csv,6479312,d274910bca4972ea54a9e24482988d85fe7472e5d90eb30c426167a20a5ad9e5,True,10199,0,0,0,365,2025-01-01,2025-12-31,0,,True,
USW00022516,https://www.ncei.noaa.gov/oa/local-climatological-data/v2/access/2025/LCD_USW00022516_2025.csv,200,https://www.ncei.noaa.gov/oa/local-climatological-data/v2/access/2025/LCD_USW00022516_2025.csv,7597321,4045d298e4c5a06550c607a59f226472319f0379ca94b53cc6806e2ed522adcf,True,12191,0,0,0,364,2025-01-01,2025-12-31,1,2025-08-30,False,
USW00022536,https://www.ncei.noaa.gov/oa/local-climatological-data/v2/access/2025/LCD_USW00022536_2025.csv,200,https://www.ncei.noaa.gov/oa/local-climatological-data/v2/access/2025/LCD_USW00022536_2025.csv,10690911,85c644f6d7e609998b9e59e4ebd223be3de12e0e9a0e996294a0caed80150248,True,15257,0,0,0,364,2025-01-01,2025-12-31,1,2025-08-30,False,
USW00023020,https://www.ncei.noaa.gov/oa/local-climatological-data/v2/access/2025/LCD_USW00023020_2025.csv,200,https://www.ncei.noaa.gov/oa/local-climatological-data/v2/access/2025/LCD_USW00023020_2025.csv,6497245,6912f5ff5d8a8759e9e5e908019e44e4665ed6431bd637ac1f745a7b8762f8ed,True,10474,0,0,0,365,2025-01-01,2025-12-31,0,,True,
USW00023042,https://www.ncei.noaa.gov/oa/local-climatological-data/v2/access/2025/LCD_USW00023042_2025.csv,200,https://www.ncei.noaa.gov/oa/local-climatological-data/v2/access/2025/LCD_USW00023042_2025.csv,8231723,e343801a4c5eb06a3cc4eeea435fb6f16650a3ff6f4612b1774c2d65df4d58a4,True,12873,0,0,0,365,2025-01-01,2025-12-31,0,,True,
USW00023044,https://www.ncei.noaa.gov/oa/local-climatological-data/v2/access/2025/LCD_USW00023044_2025.csv,200,https://www.ncei.noaa.gov/oa/local-climatological-data/v2/access/2025/LCD_USW00023044_2025.csv,8531085,03dd98251019e258eeca0dbc23521144289a4f38e80f2beb31b9d01dbe1c8aff,True,12302,0,0,0,365,2025-01-01,2025-12-31,0,,True,
USW00023049,https://www.ncei.noaa.gov/oa/local-climatological-data/v2/access/2025/LCD_USW00023049_2025.csv,200,https://www.ncei.noaa.gov/oa/local-climatological-data/v2/access/2025/LCD_USW00023049_2025.csv,6325140,778de6c8ade22c9dfb7632400cf164e52664e76a7925fae27a9aea8204264233,True,9935,0,0,0,365,2025-01-01,2025-12-31,0,,True,
USW00023050,https://www.ncei.noaa.gov/oa/local-climatological-data/v2/access/2025/LCD_USW00023050_2025.csv,200,https://www.ncei.noaa.gov/oa/local-climatological-data/v2/access/2025/LCD_USW00023050_2025.csv,9192398,3b2fc594071ae58e02dd60eb130ba55279aa92be0305ebef96aeb36ff70b68df,True,12359,0,0,0,365,2025-01-01,2025-12-31,0,,True,
USW00023063,https://www.ncei.noaa.gov/oa/local-climatological-data/v2/access/2025/LCD_USW00023063_2025.csv,200,https://www.ncei.noaa.gov/oa/local-climatological-data/v2/access/2025/LCD_USW00023063_2025.csv,6011502,60d45568286e3f8d2e0d5a6449b8905a8f643c1a4220b306d797eede8fc68325,True,9895,0,0,0,363,2025-01-01,2025-12-31,2,2025-08-30|2025-09-01,False,
USW00023064,https://www.ncei.noaa.gov/oa/local-climatological-data/v2/access/2025/LCD_USW00023064_2025.csv,200,https://www.ncei.noaa.gov/oa/local-climatological-data/v2/access/2025/LCD_USW00023064_2025.csv,6890527,1dea6c5dc0ec66a571c59187e34185a2f9792bb3519bc5ffeeed32c587ccee7f,True,10837,0,0,0,365,2025-01-01,2025-12-31,0,,True,
USW00023066,https://www.ncei.noaa.gov/oa/local-climatological-data/v2/access/2025/LCD_USW00023066_2025.csv,200,https://www.ncei.noaa.gov/oa/local-climatological-data/v2/access/2025/LCD_USW00023066_2025.csv,8995470,28e537a2b20c990fc42d50e68e4e020c450326916b213b3779b4a06987588b54,True,12530,0,0,0,365,2025-01-01,2025-12-31,0,,True,
USW00023104,https://www.ncei.noaa.gov/oa/local-climatological-data/v2/access/2025/LCD_USW00023104_2025.csv,200,https://www.ncei.noaa.gov/oa/local-climatological-data/v2/access/2025/LCD_USW00023104_2025.csv,7386526,b4b101edebc86f49e80f5e9d80a414a116c3d8e0a0f31e34936cc1217eae0bac,True,12616,0,0,0,363,2025-01-01,2025-12-31,2,2025-08-30|2025-09-01,False,
USW00023129,https://www.ncei.noaa.gov/oa/local-climatological-data/v2/access/2025/LCD_USW00023129_2025.csv,200,https://www.ncei.noaa.gov/oa/local-climatological-data/v2/access/2025/LCD_USW00023129_2025.csv,8610328,16aaf9796f189ac6584d6ea6a423b2d62db0c49a84ff31fb811a3fa5e99b78b5,True,13864,0,0,0,365,2025-01-01,2025-12-31,0,,True,
USW00023152,https://www.ncei.noaa.gov/oa/local-climatological-data/v2/access/2025/LCD_USW00023152_2025.csv,200,https://www.ncei.noaa.gov/oa/local-climatological-data/v2/access/2025/LCD_USW00023152_2025.csv,6629102,1e51aa97a761f46107d9fbf2e944777eec7ff6708f6ca5290f91da7398529cae,True,10470,0,0,0,365,2025-01-01,2025-12-31,0,,True,
USW00023155,https://www.ncei.noaa.gov/oa/local-climatological-data/v2/access/2025/LCD_USW00023155_2025.csv,200,https://www.ncei.noaa.gov/oa/local-climatological-data/v2/access/2025/LCD_USW00023155_2025.csv,8685377,040b8fbf72c1369984d5a1a0c3c2c2fa8dbb313577ca53c79aecea6783de5d81,True,12759,0,0,0,365,2025-01-01,2025-12-31,0,,True,
USW00023160,https://www.ncei.noaa.gov/oa/local-climatological-data/v2/access/2025/LCD_USW00023160_2025.csv,200,https://www.ncei.noaa.gov/oa/local-climatological-data/v2/access/2025/LCD_USW00023160_2025.csv,7607606,a8fb29ecfa4926a7055fed414f66038e4a3fe9675d58bd050e291d897f7e3c97,True,12303,0,0,0,365,2025-01-01,2025-12-31,0,,True,
USW00023169,https://www.ncei.noaa.gov/oa/local-climatological-data/v2/access/2025/LCD_USW00023169_2025.csv,200,https://www.ncei.noaa.gov/oa/local-climatological-data/v2/access/2025/LCD_USW00023169_2025.csv,9003715,80fddecc887c122c27e10105c97e15542c799a9a779b15d603e3189aaf5f2a2d,True,12196,0,0,0,365,2025-01-01,2025-12-31,0,,True,
USW00023174,https://www.ncei.noaa.gov/oa/local-climatological-data/v2/access/2025/LCD_USW00023174_2025.csv,200,https://www.ncei.noaa.gov/oa/local-climatological-data/v2/access/2025/LCD_USW00023174_2025.csv,8948046,840686b1a9cf6a8d0534aaf750a41579135086e176f6632bb38cfdbbe8eebbe3,True,13968,0,0,0,365,2025-01-01,2025-12-31,0,,True,
USW00023183,https://www.ncei.noaa.gov/oa/local-climatological-data/v2/access/2025/LCD_USW00023183_2025.csv,200,https://www.ncei.noaa.gov/oa/local-climatological-data/v2/access/2025/LCD_USW00023183_2025.csv,8271863,37d24bb18c1d3056b7d1c87d31f73f38ddc2e72be2adeb1febdf001b8e520486,True,12210,0,0,0,365,2025-01-01,2025-12-31,0,,True,
USW00023184,https://www.ncei.noaa.gov/oa/local-climatological-data/v2/access/2025/LCD_USW00023184_2025.csv,200,https://www.ncei.noaa.gov/oa/local-climatological-data/v2/access/2025/LCD_USW00023184_2025.csv,6264079,a5ff51fcc0643dda2484db0c957d76431fe1a48c1515f7c0ba2f93f6f2dce429,True,10022,0,0,0,365,2025-01-01,2025-12-31,0,,True,
USW00023185,https://www.ncei.noaa.gov/oa/local-climatological-data/v2/access/2025/LCD_USW00023185_2025.csv,200,https://www.ncei.noaa.gov/oa/local-climatological-data/v2/access/2025/LCD_USW00023185_2025.csv,8268860,0fc95d730e3e265ca0e1da41817762a055ec360049ed0cc93c50f701be871a2f,True,12213,0,0,0,365,2025-01-01,2025-12-31,0,,True,
USW00023188,https://www.ncei.noaa.gov/oa/local-climatological-data/v2/access/2025/LCD_USW00023188_2025.csv,200,https://www.ncei.noaa.gov/oa/local-climatological-data/v2/access/2025/LCD_USW00023188_2025.csv,9865677,f16e37a80f9f7fc9f00444892e53e762933fdc2b636f5a87b7971ed0ea5541a6,True,14600,0,0,0,365,2025-01-01,2025-12-31,0,,True,
USW00023213,https://www.ncei.noaa.gov/oa/local-climatological-data/v2/access/2025/LCD_USW00023213_2025.csv,200,https://www.ncei.noaa.gov/oa/local-climatological-data/v2/access/2025/LCD_USW00023213_2025.csv,7976932,2999fdea97cdcfaada5f82d92695b6993a3f026e064c4a5a284c9c407c2f4395,True,12709,0,0,0,365,2025-01-01,2025-12-31,0,,True,
USW00023230,https://www.ncei.noaa.gov/oa/local-climatological-data/v2/access/2025/LCD_USW00023230_2025.csv,200,https://www.ncei.noaa.gov/oa/local-climatological-data/v2/access/2025/LCD_USW00023230_2025.csv,6015855,66671c27787b058d5a168cd7e6c5c9c396d4a26ff7d87b0774beb3d3a3d47d27,True,10366,0,0,0,365,2025-01-01,2025-12-31,0,,True,
USW00023234,https://www.ncei.noaa.gov/oa/local-climatological-data/v2/access/2025/LCD_USW00023234_2025.csv,200,https://www.ncei.noaa.gov/oa/local-climatological-data/v2/access/2025/LCD_USW00023234_2025.csv,9356789,4778c079fe13939c13533cf9eed1a0cb94a62d5788abecead50ad6a10103dc7e,True,13392,0,0,0,365,2025-01-01,2025-12-31,0,,True,
USW00023237,https://www.ncei.noaa.gov/oa/local-climatological-data/v2/access/2025/LCD_USW00023237_2025.csv,200,https://www.ncei.noaa.gov/oa/local-climatological-data/v2/access/2025/LCD_USW00023237_2025.csv,8065238,7324e26e5c269570f66b58bae0a34a7942afe24214bd678a1ff0fbdaff427f46,True,13032,0,0,0,365,2025-01-01,2025-12-31,0,,True,
USW00023259,https://www.ncei.noaa.gov/oa/local-climatological-data/v2/access/2025/LCD_USW00023259_2025.csv,200,https://www.ncei.noaa.gov/oa/local-climatological-data/v2/access/2025/LCD_USW00023259_2025.csv,7572868,8be2163f3066ba2a2473ffc81ffb84b5348ac8b62ccdf85a86b9ee5c25415eb0,True,12106,0,0,0,365,2025-01-01,2025-12-31,0,,True,
USW00023273,https://www.ncei.noaa.gov/oa/local-climatological-data/v2/access/2025/LCD_USW00023273_2025.csv,200,https://www.ncei.noaa.gov/oa/local-climatological-data/v2/access/2025/LCD_USW00023273_2025.csv,9776319,23151457a4dfbc7f3bf38259cb576991e5fc79a77581b25588975ec38230e519,True,15678,0,0,0,365,2025-01-01,2025-12-31,0,,True,
USW00023293,https://www.ncei.noaa.gov/oa/local-climatological-data/v2/access/2025/LCD_USW00023293_2025.csv,200,https://www.ncei.noaa.gov/oa/local-climatological-data/v2/access/2025/LCD_USW00023293_2025.csv,6197097,8c6e217c042f9f1f01e8a3b3a1cc5859e3f7c42ece4406562b754bd211f0bcc3,True,10062,0,0,0,365,2025-01-01,2025-12-31,0,,True,
USW00024012,https://www.ncei.noaa.gov/oa/local-climatological-data/v2/access/2025/LCD_USW00024012_2025.csv,200,https://www.ncei.noaa.gov/oa/local-climatological-data/v2/access/2025/LCD_USW00024012_2025.csv,7816493,828098b886a91cc18d21917260aa7336e8fee4bfb8710c1bd3ab8729d6fbc940,True,11199,0,0,0,365,2025-01-01,2025-12-31,0,,True,
USW00024013,https://www.ncei.noaa.gov/oa/local-climatological-data/v2/access/2025/LCD_USW00024013_2025.csv,200,https://www.ncei.noaa.gov/oa/local-climatological-data/v2/access/2025/LCD_USW00024013_2025.csv,7322452,8f7a541e0fb6bfaf38a1955458745c6ce7a62c425e56f3a467706391912b8bce,True,11516,0,0,0,365,2025-01-01,2025-12-31,0,,True,
USW00024018,https://www.ncei.noaa.gov/oa/local-climatological-data/v2/access/2025/LCD_USW00024018_2025.csv,200,https://www.ncei.noaa.gov/oa/local-climatological-data/v2/access/2025/LCD_USW00024018_2025.csv,18805587,5e6cea243531f580ff72a700ff0e116c2692caecd8d03c430b5aa14dad90efa4,True,26085,0,0,0,365,2025-01-01,2025-12-31,0,,True,
USW00024022,https://www.ncei.noaa.gov/oa/local-climatological-data/v2/access/2025/LCD_USW00024022_2025.csv,200,https://www.ncei.noaa.gov/oa/local-climatological-data/v2/access/2025/LCD_USW00024022_2025.csv,6794556,c6df19cbd66728b02aa940dd147c2850a7d1c97fd61aaf9d9ceb099cf012138b,True,10833,0,0,0,365,2025-01-01,2025-12-31,0,,True,
USW00024023,https://www.ncei.noaa.gov/oa/local-climatological-data/v2/access/2025/LCD_USW00024023_2025.csv,200,https://www.ncei.noaa.gov/oa/local-climatological-data/v2/access/2025/LCD_USW00024023_2025.csv,9858344,f6b0f3a2d665f1c5574f57e23609fe7ae0a17cb76e8f5972edba573124bb6171,True,13925,0,0,0,365,2025-01-01,2025-12-31,0,,True,
USW00024028,https://www.ncei.noaa.gov/oa/local-climatological-data/v2/access/2025/LCD_USW00024028_2025.csv,200,https://www.ncei.noaa.gov/oa/local-climatological-data/v2/access/2025/LCD_USW00024028_2025.csv,9838975,ce1bbf0f1d9df504c5ed247e427de0dbac601b6970e54b80c130b96d8656449c,True,13440,0,0,0,365,2025-01-01,2025-12-31,0,,True,
USW00024029,https://www.ncei.noaa.gov/oa/local-climatological-data/v2/access/2025/LCD_USW00024029_2025.csv,200,https://www.ncei.noaa.gov/oa/local-climatological-data/v2/access/2025/LCD_USW00024029_2025.csv,8754724,1957e81fc09a4e37ba0304fe85e94e07fd0b3e21c7829533168115f38c09d017,True,14140,0,0,0,365,2025-01-01,2025-12-31,0,,True,
USW00024033,https://www.ncei.noaa.gov/oa/local-climatological-data/v2/access/2025/LCD_USW00024033_2025.csv,200,https://www.ncei.noaa.gov/oa/local-climatological-data/v2/access/2025/LCD_USW00024033_2025.csv,9662953,bc2399c991cd0c5c060879b5266ab80d8fb5165f9cd5a79f1c3ca77061e83b9b,True,13452,0,0,0,365,2025-01-01,2025-12-31,0,,True,
USW00024045,https://www.ncei.noaa.gov/oa/local-climatological-data/v2/access/2025/LCD_USW00024045_2025.csv,200,https://www.ncei.noaa.gov/oa/local-climatological-data/v2/access/2025/LCD_USW00024045_2025.csv,6315807,64c6f351ccd8b94916e15d59058c8e3d97ba00c87e7ed1b8489effdad462b771,True,10206,0,0,0,363,2025-01-01,2025-12-31,2,2025-08-30|2025-09-01,False,
USW00024061,https://www.ncei.noaa.gov/oa/local-climatological-data/v2/access/2025/LCD_USW00024061_2025.csv,200,https://www.ncei.noaa.gov/oa/local-climatological-data/v2/access/2025/LCD_USW00024061_2025.csv,4496477,2cdf03ab1c46e24d3f66e564b6784554ea56e312a5abd9e97e5f4c3b70e15ddf,True,7023,0,0,0,365,2025-01-01,2025-12-31,0,,True,
USW00024089,https://www.ncei.noaa.gov/oa/local-climatological-data/v2/access/2025/LCD_USW00024089_2025.csv,200,https://www.ncei.noaa.gov/oa/local-climatological-data/v2/access/2025/LCD_USW00024089_2025.csv,10021270,4c0fd6762e5327956983b21fe65abc2d3987829f2c847babb8d55415fdb67ca0,True,13858,0,0,0,365,2025-01-01,2025-12-31,0,,True,
USW00024090,https://www.ncei.noaa.gov/oa/local-climatological-data/v2/access/2025/LCD_USW00024090_2025.csv,200,https://www.ncei.noaa.gov/oa/local-climatological-data/v2/access/2025/LCD_USW00024090_2025.csv,10398232,ce611740917262684b5f93ef06aeaa3511856979b3319eae6d5b2807bdb56f9e,True,14292,0,0,0,365,2025-01-01,2025-12-31,0,,True,
USW00024108,https://www.ncei.noaa.gov/oa/local-climatological-data/v2/access/2025/LCD_USW00024108_2025.csv,ERROR,,0,,False,0,0,0,0,0,,,365,2025-01-01|2025-01-02|2025-01-03|2025-01-04|2025-01-05|2025-01-06|2025-01-07|2025-01-08|2025-01-09|2025-01-10|2025-01-11|2025-01-12|2025-01-13|2025-01-14|2025-01-15|2025-01-16|2025-01-17|2025-01-18|2025-01-19|2025-01-20|2025-01-21|2025-01-22|2025-01-23|2025-01-24|2025-01-25|2025-01-26|2025-01-27|2025-01-28|2025-01-29|2025-01-30|2025-01-31|2025-02-01|2025-02-02|2025-02-03|2025-02-04|2025-02-05|2025-02-06|2025-02-07|2025-02-08|2025-02-09|2025-02-10|2025-02-11|2025-02-12|2025-02-13|2025-02-14|2025-02-15|2025-02-16|2025-02-17|2025-02-18|2025-02-19|2025-02-20|2025-02-21|2025-02-22|2025-02-23|2025-02-24|2025-02-25|2025-02-26|2025-02-27|2025-02-28|2025-03-01|2025-03-02|2025-03-03|2025-03-04|2025-03-05|2025-03-06|2025-03-07|2025-03-08|2025-03-09|2025-03-10|2025-03-11|2025-03-12|2025-03-13|2025-03-14|2025-03-15|2025-03-16|2025-03-17|2025-03-18|2025-03-19|2025-03-20|2025-03-21|2025-03-22|2025-03-23|2025-03-24|2025-03-25|2025-03-26|2025-03-27|2025-03-28|2025-03-29|2025-03-30|2025-03-31|2025-04-01|2025-04-02|2025-04-03|2025-04-04|2025-04-05|2025-04-06|2025-04-07|2025-04-08|2025-04-09|2025-04-10|2025-04-11|2025-04-12|2025-04-13|2025-04-14|2025-04-15|2025-04-16|2025-04-17|2025-04-18|2025-04-19|2025-04-20|2025-04-21|2025-04-22|2025-04-23|2025-04-24|2025-04-25|2025-04-26|2025-04-27|2025-04-28|2025-04-29|2025-04-30|2025-05-01|2025-05-02|2025-05-03|2025-05-04|2025-05-05|2025-05-06|2025-05-07|2025-05-08|2025-05-09|2025-05-10|2025-05-11|2025-05-12|2025-05-13|2025-05-14|2025-05-15|2025-05-16|2025-05-17|2025-05-18|2025-05-19|2025-05-20|2025-05-21|2025-05-22|2025-05-23|2025-05-24|2025-05-25|2025-05-26|2025-05-27|2025-05-28|2025-05-29|2025-05-30|2025-05-31|2025-06-01|2025-06-02|2025-06-03|2025-06-04|2025-06-05|2025-06-06|2025-06-07|2025-06-08|2025-06-09|2025-06-10|2025-06-11|2025-06-12|2025-06-13|2025-06-14|2025-06-15|2025-06-16|2025-06-17|2025-06-18|2025-06-19|2025-06-20|2025-06-21|2025-06-22|2025-06-23|2025-06-24|2025-06-25|2025-06-26|2025-06-27|2025-06-28|2025-06-29|2025-06-30|2025-07-01|2025-07-02|2025-07-03|2025-07-04|2025-07-05|2025-07-06|2025-07-07|2025-07-08|2025-07-09|2025-07-10|2025-07-11|2025-07-12|2025-07-13|2025-07-14|2025-07-15|2025-07-16|2025-07-17|2025-07-18|2025-07-19|2025-07-20|2025-07-21|2025-07-22|2025-07-23|2025-07-24|2025-07-25|2025-07-26|2025-07-27|2025-07-28|2025-07-29|2025-07-30|2025-07-31|2025-08-01|2025-08-02|2025-08-03|2025-08-04|2025-08-05|2025-08-06|2025-08-07|2025-08-08|2025-08-09|2025-08-10|2025-08-11|2025-08-12|2025-08-13|2025-08-14|2025-08-15|2025-08-16|2025-08-17|2025-08-18|2025-08-19|2025-08-20|2025-08-21|2025-08-22|2025-08-23|2025-08-24|2025-08-25|2025-08-26|2025-08-27|2025-08-28|2025-08-29|2025-08-30|2025-08-31|2025-09-01|2025-09-02|2025-09-03|2025-09-04|2025-09-05|2025-09-06|2025-09-07|2025-09-08|2025-09-09|2025-09-10|2025-09-11|2025-09-12|2025-09-13|2025-09-14|2025-09-15|2025-09-16|2025-09-17|2025-09-18|2025-09-19|2025-09-20|2025-09-21|2025-09-22|2025-09-23|2025-09-24|2025-09-25|2025-09-26|2025-09-27|2025-09-28|2025-09-29|2025-09-30|2025-10-01|2025-10-02|2025-10-03|2025-10-04|2025-10-05|2025-10-06|2025-10-07|2025-10-08|2025-10-09|2025-10-10|2025-10-11|2025-10-12|2025-10-13|2025-10-14|2025-10-15|2025-10-16|2025-10-17|2025-10-18|2025-10-19|2025-10-20|2025-10-21|2025-10-22|2025-10-23|2025-10-24|2025-10-25|2025-10-26|2025-10-27|2025-10-28|2025-10-29|2025-10-30|2025-10-31|2025-11-01|2025-11-02|2025-11-03|2025-11-04|2025-11-05|2025-11-06|2025-11-07|2025-11-08|2025-11-09|2025-11-10|2025-11-11|2025-11-12|2025-11-13|2025-11-14|2025-11-15|2025-11-16|2025-11-17|2025-11-18|2025-11-19|2025-11-20|2025-11-21|2025-11-22|2025-11-23|2025-11-24|2025-11-25|2025-11-26|2025-11-27|2025-11-28|2025-11-29|2025-11-30|2025-12-01|2025-12-02|2025-12-03|2025-12-04|2025-12-05|2025-12-06|2025-12-07|2025-12-08|2025-12-09|2025-12-10|2025-12-11|2025-12-12|2025-12-13|2025-12-14|2025-12-15|2025-12-16|2025-12-17|2025-12-18|2025-12-19|2025-12-20|2025-12-21|2025-12-22|2025-12-23|2025-12-24|2025-12-25|2025-12-26|2025-12-27|2025-12-28|2025-12-29|2025-12-30|2025-12-31,False,HTTPError:HTTP Error 404: Not Found
USW00024121,https://www.ncei.noaa.gov/oa/local-climatological-data/v2/access/2025/LCD_USW00024121_2025.csv,200,https://www.ncei.noaa.gov/oa/local-climatological-data/v2/access/2025/LCD_USW00024121_2025.csv,7266499,8b1e854bdcc3c9858dbfc1ad62ee869b6d2e3b02b2122072ede1a2a6f876d947,True,9945,0,0,0,365,2025-01-01,2025-12-31,0,,True,
USW00024127,https://www.ncei.noaa.gov/oa/local-climatological-data/v2/access/2025/LCD_USW00024127_2025.csv,200,https://www.ncei.noaa.gov/oa/local-climatological-data/v2/access/2025/LCD_USW00024127_2025.csv,8978248,705eaaaa4af38c5c1c96bea68f3c965b3bd78ffceb385caa1a095f062a5c78cf,True,12777,0,0,0,365,2025-01-01,2025-12-31,0,,True,
USW00024131,https://www.ncei.noaa.gov/oa/local-climatological-data/v2/access/2025/LCD_USW00024131_2025.csv,200,https://www.ncei.noaa.gov/oa/local-climatological-data/v2/access/2025/LCD_USW00024131_2025.csv,8466045,a96d0eaf5e659722ba5de0f4b537be1dd2d2920cbe833c590389635880d861c0,True,12730,0,0,0,365,2025-01-01,2025-12-31,0,,True,
USW00024132,https://www.ncei.noaa.gov/oa/local-climatological-data/v2/access/2025/LCD_USW00024132_2025.csv,200,https://www.ncei.noaa.gov/oa/local-climatological-data/v2/access/2025/LCD_USW00024132_2025.csv,7147468,8cfb50599c18b20e2b2526d0217bce07976adf05c2193981486b0796bc94ffbf,True,11181,0,0,0,365,2025-01-01,2025-12-31,0,,True,
USW00024135,https://www.ncei.noaa.gov/oa/local-climatological-data/v2/access/2025/LCD_USW00024135_2025.csv,200,https://www.ncei.noaa.gov/oa/local-climatological-data/v2/access/2025/LCD_USW00024135_2025.csv,6968170,50ab595e94e65f09e2b23733348d7a3fc831ddfc5e50cf44230a656ca621ce20,True,10922,0,0,0,365,2025-01-01,2025-12-31,0,,True,
USW00024143,https://www.ncei.noaa.gov/oa/local-climatological-data/v2/access/2025/LCD_USW00024143_2025.csv,200,https://www.ncei.noaa.gov/oa/local-climatological-data/v2/access/2025/LCD_USW00024143_2025.csv,7706041,d8d5b87bf94e16a6d924c42c19e79ae154781179cb3d5e1d9033fe2edb17a3e5,True,10946,0,0,0,365,2025-01-01,2025-12-31,0,,True,
USW00024144,https://www.ncei.noaa.gov/oa/local-climatological-data/v2/access/2025/LCD_USW00024144_2025.csv,200,https://www.ncei.noaa.gov/oa/local-climatological-data/v2/access/2025/LCD_USW00024144_2025.csv,9015574,ca01691936ef674d05eea4719d2bb1d8cc6c178b85f8f69dd9104fe6914bc74f,True,13064,0,0,0,365,2025-01-01,2025-12-31,0,,True,
USW00024145,https://www.ncei.noaa.gov/oa/local-climatological-data/v2/access/2025/LCD_USW00024145_2025.csv,200,https://www.ncei.noaa.gov/oa/local-climatological-data/v2/access/2025/LCD_USW00024145_2025.csv,8028314,350b3b3fc1bbc8ed104bfeeb5bdda5621872f2a050002944adf7194c6535948e,True,10799,0,0,0,365,2025-01-01,2025-12-31,0,,True,
USW00024146,https://www.ncei.noaa.gov/oa/local-climatological-data/v2/access/2025/LCD_USW00024146_2025.csv,200,https://www.ncei.noaa.gov/oa/local-climatological-data/v2/access/2025/LCD_USW00024146_2025.csv,6687342,1d1eaff711198a4e17b0e4cf9ee0fd8d21c5aa4efe7867da555205f627bb5561,True,10547,0,0,0,362,2025-01-01,2025-12-31,3,2025-08-30|2025-08-31|2025-09-01,False,
USW00024149,https://www.ncei.noaa.gov/oa/local-climatological-data/v2/access/2025/LCD_USW00024149_2025.csv,200,https://www.ncei.noaa.gov/oa/local-climatological-data/v2/access/2025/LCD_USW00024149_2025.csv,9234851,e8524c039d424849650173e25ebbc94a1a16fad779a885fed4121177e176160e,True,13300,0,0,0,365,2025-01-01,2025-12-31,0,,True,
USW00024153,https://www.ncei.noaa.gov/oa/local-climatological-data/v2/access/2025/LCD_USW00024153_2025.csv,200,https://www.ncei.noaa.gov/oa/local-climatological-data/v2/access/2025/LCD_USW00024153_2025.csv,10366070,8925d00b7480cb01c9e386800795b999d95531bc846406222ed421fc5d3eecca,True,14409,0,0,0,365,2025-01-01,2025-12-31,0,,True,
USW00024157,https://www.ncei.noaa.gov/oa/local-climatological-data/v2/access/2025/LCD_USW00024157_2025.csv,200,https://www.ncei.noaa.gov/oa/local-climatological-data/v2/access/2025/LCD_USW00024157_2025.csv,9647752,57616f434ee30f962ad79b8782054a0c0db5308e695aba55636b7104765208b3,True,13219,0,0,0,365,2025-01-01,2025-12-31,0,,True,
USW00024160,https://www.ncei.noaa.gov/oa/local-climatological-data/v2/access/2025/LCD_USW00024160_2025.csv,200,https://www.ncei.noaa.gov/oa/local-climatological-data/v2/access/2025/LCD_USW00024160_2025.csv,7477971,5ec7773fb96322dbd18e4947debc1f78cb00add3171050f5f75ebc09798a4ab5,True,10613,0,0,0,365,2025-01-01,2025-12-31,0,,True,
USW00024163,https://www.ncei.noaa.gov/oa/local-climatological-data/v2/access/2025/LCD_USW00024163_2025.csv,200,https://www.ncei.noaa.gov/oa/local-climatological-data/v2/access/2025/LCD_USW00024163_2025.csv,6122604,3503a092fda8b550b73b9b9a81972dd8daa67062c82ce56d1d6ba48741701bce,True,9787,0,0,0,365,2025-01-01,2025-12-31,0,,True,
USW00024166,https://www.ncei.noaa.gov/oa/local-climatological-data/v2/access/2025/LCD_USW00024166_2025.csv,200,https://www.ncei.noaa.gov/oa/local-climatological-data/v2/access/2025/LCD_USW00024166_2025.csv,6913596,7d346f4530627096dc1aa90381466a3cbcfb2a5088201415d45eec9c57393598,True,11151,0,0,0,365,2025-01-01,2025-12-31,0,,True,
USW00024174,https://www.ncei.noaa.gov/oa/local-climatological-data/v2/access/2025/LCD_USW00024174_2025.csv,200,https://www.ncei.noaa.gov/oa/local-climatological-data/v2/access/2025/LCD_USW00024174_2025.csv,5887694,ab1e7f6b8464b5170c7369cc73b8fe57f12815a16d77b24d5d185c351df50159,True,9616,0,0,0,362,2025-01-01,2025-12-31,3,2025-08-30|2025-08-31|2025-09-01,False,
USW00024217,https://www.ncei.noaa.gov/oa/local-climatological-data/v2/access/2025/LCD_USW00024217_2025.csv,200,https://www.ncei.noaa.gov/oa/local-climatological-data/v2/access/2025/LCD_USW00024217_2025.csv,7641425,ecd4633e931c68e04e9b7a9f42eafe5b277826be8bf9a84d55702d9ddb0b6b9c,True,11866,0,0,0,365,2025-01-01,2025-12-31,0,,True,
USW00024221,https://www.ncei.noaa.gov/oa/local-climatological-data/v2/access/2025/LCD_USW00024221_2025.csv,200,https://www.ncei.noaa.gov/oa/local-climatological-data/v2/access/2025/LCD_USW00024221_2025.csv,9494047,789d041c0f7cf30a87c5d2112cc7e9a046f77db629f41cc897f3742946875393,True,13940,0,0,0,365,2025-01-01,2025-12-31,0,,True,
USW00024222,https://www.ncei.noaa.gov/oa/local-climatological-data/v2/access/2025/LCD_USW00024222_2025.csv,200,https://www.ncei.noaa.gov/oa/local-climatological-data/v2/access/2025/LCD_USW00024222_2025.csv,7921294,cba36071846a3d17f3d98080acb1552c56046e6895b8ccfc4089e5a185369bab,True,12381,0,0,0,364,2025-01-01,2025-12-31,1,2025-08-30,False,
USW00024225,https://www.ncei.noaa.gov/oa/local-climatological-data/v2/access/2025/LCD_USW00024225_2025.csv,200,https://www.ncei.noaa.gov/oa/local-climatological-data/v2/access/2025/LCD_USW00024225_2025.csv,9790252,0a4716ac79ca865bb622e6179eb6b7d9149b2f1c9f8109ea7c26bd445f45bd15,True,13978,0,0,0,365,2025-01-01,2025-12-31,0,,True,
USW00024229,https://www.ncei.noaa.gov/oa/local-climatological-data/v2/access/2025/LCD_USW00024229_2025.csv,200,https://www.ncei.noaa.gov/oa/local-climatological-data/v2/access/2025/LCD_USW00024229_2025.csv,9524829,d52238d855affb5c2fab4f3e5527aa7ae1f8d65afb051902bbb8a3d41e830075,True,13530,0,0,0,365,2025-01-01,2025-12-31,0,,True,
USW00024230,https://www.ncei.noaa.gov/oa/local-climatological-data/v2/access/2025/LCD_USW00024230_2025.csv,200,https://www.ncei.noaa.gov/oa/local-climatological-data/v2/access/2025/LCD_USW00024230_2025.csv,6797006,0fc900ef86626ce2d1b308a78dac3514bbe93d9d82ba8ac9e74c8771e821df3a,True,9902,0,0,0,365,2025-01-01,2025-12-31,0,,True,
USW00024233,https://www.ncei.noaa.gov/oa/local-climatological-data/v2/access/2025/LCD_USW00024233_2025.csv,200,https://www.ncei.noaa.gov/oa/local-climatological-data/v2/access/2025/LCD_USW00024233_2025.csv,8798595,ae80c72346b897873ccc70a69f74626fe995655fa2bc788128cf05c9bf417fa8,True,13870,0,0,0,365,2025-01-01,2025-12-31,0,,True,
USW00024243,https://www.ncei.noaa.gov/oa/local-climatological-data/v2/access/2025/LCD_USW00024243_2025.csv,200,https://www.ncei.noaa.gov/oa/local-climatological-data/v2/access/2025/LCD_USW00024243_2025.csv,7672138,dbad5d7a53b92573e0000560c2cdcd233e148dab464ce2ee9b65c38528103c87,True,12638,0,0,0,365,2025-01-01,2025-12-31,0,,True,
USW00024257,https://www.ncei.noaa.gov/oa/local-climatological-data/v2/access/2025/LCD_USW00024257_2025.csv,200,https://www.ncei.noaa.gov/oa/local-climatological-data/v2/access/2025/LCD_USW00024257_2025.csv,9031299,8569bff379c4563d864c5662548afecbb91a7a9dc0e4d18127c76a3c531ec4c5,True,13472,0,0,0,365,2025-01-01,2025-12-31,0,,True,
USW00024283,https://www.ncei.noaa.gov/oa/local-climatological-data/v2/access/2025/LCD_USW00024283_2025.csv,200,https://www.ncei.noaa.gov/oa/local-climatological-data/v2/access/2025/LCD_USW00024283_2025.csv,9750935,200bedbc2fee838b8307b9ae33e11db0d001eb73906d258a7297a54dda46a2b3,True,15506,0,0,0,365,2025-01-01,2025-12-31,0,,True,
USW00024284,https://www.ncei.noaa.gov/oa/local-climatological-data/v2/access/2025/LCD_USW00024284_2025.csv,200,https://www.ncei.noaa.gov/oa/local-climatological-data/v2/access/2025/LCD_USW00024284_2025.csv,8433090,bc3268856ac9b627bec19eee997d53775c6f05de8d390344d49b3ec4960c8287,True,13197,0,0,0,365,2025-01-01,2025-12-31,0,,True,
USW00025309,https://www.ncei.noaa.gov/oa/local-climatological-data/v2/access/2025/LCD_USW00025309_2025.csv,200,https://www.ncei.noaa.gov/oa/local-climatological-data/v2/access/2025/LCD_USW00025309_2025.csv,9880956,e367465a5ca0629be698bddc7990378132702e833d1cbe89471a84631d305c47,True,13543,0,0,0,364,2025-01-01,2025-12-31,1,2025-08-30,False,
USW00025325,https://www.ncei.noaa.gov/oa/local-climatological-data/v2/access/2025/LCD_USW00025325_2025.csv,200,https://www.ncei.noaa.gov/oa/local-climatological-data/v2/access/2025/LCD_USW00025325_2025.csv,5268961,400d539d8d7d0d93cd3050fa6aeead996292b0ceff5653c9e14c971dd0cbce9f,True,8054,0,0,0,361,2025-01-01,2025-12-31,4,2025-08-27|2025-08-28|2025-08-29|2025-08-30,False,
USW00025329,https://www.ncei.noaa.gov/oa/local-climatological-data/v2/access/2025/LCD_USW00025329_2025.csv,200,https://www.ncei.noaa.gov/oa/local-climatological-data/v2/access/2025/LCD_USW00025329_2025.csv,9349651,f22e839bd4838efcbf6a7a3574ee8695003d5966fa7b783d1a7819c6c9e2d873,True,15033,0,0,0,365,2025-01-01,2025-12-31,0,,True,
USW00025333,https://www.ncei.noaa.gov/oa/local-climatological-data/v2/access/2025/LCD_USW00025333_2025.csv,200,https://www.ncei.noaa.gov/oa/local-climatological-data/v2/access/2025/LCD_USW00025333_2025.csv,7571406,4ba68bc06627005d870aabe25caebb5060c04e3bb84044b94ecc2064b109b9ea,True,11885,0,0,0,364,2025-01-01,2025-12-31,1,2025-08-30,False,
USW00025338,https://www.ncei.noaa.gov/oa/local-climatological-data/v2/access/2025/LCD_USW00025338_2025.csv,200,https://www.ncei.noaa.gov/oa/local-climatological-data/v2/access/2025/LCD_USW00025338_2025.csv,11906791,ec68ed4a10343ef2ccc797b21f963b7facdaef76def465ed205482757e6435b7,True,19894,0,0,0,362,2025-01-01,2025-12-31,3,2025-08-30|2025-08-31|2025-09-01,False,
USW00025339,https://www.ncei.noaa.gov/oa/local-climatological-data/v2/access/2025/LCD_USW00025339_2025.csv,200,https://www.ncei.noaa.gov/oa/local-climatological-data/v2/access/2025/LCD_USW00025339_2025.csv,13115306,7de09dbdba8d1648d590fe97462164988b9d1f74111f996d6d9f03359d9d7df6,True,18423,0,0,0,364,2025-01-01,2025-12-31,1,2025-08-30,False,
USW00025501,https://www.ncei.noaa.gov/oa/local-climatological-data/v2/access/2025/LCD_USW00025501_2025.csv,200,https://www.ncei.noaa.gov/oa/local-climatological-data/v2/access/2025/LCD_USW00025501_2025.csv,11894524,1f0fd684e6c2726de970ccab5214959a75ecdef7f56aadb14cac80a5a35cc3fb,True,16666,0,0,0,365,2025-01-01,2025-12-31,0,,True,
USW00025503,https://www.ncei.noaa.gov/oa/local-climatological-data/v2/access/2025/LCD_USW00025503_2025.csv,200,https://www.ncei.noaa.gov/oa/local-climatological-data/v2/access/2025/LCD_USW00025503_2025.csv,10485087,00ed5b4916f7c5a021dc2cf8f5fa33dec7c73f4e135a11f09493530fc50c49e6,True,14692,0,0,0,365,2025-01-01,2025-12-31,0,,True,
USW00025513,https://www.ncei.noaa.gov/oa/local-climatological-data/v2/access/2025/LCD_USW00025513_2025.csv,200,https://www.ncei.noaa.gov/oa/local-climatological-data/v2/access/2025/LCD_USW00025513_2025.csv,8787477,30deac4c5360925bc6120d5a8eff13bca97a0e5a0166bc0987a6d79968c630d7,True,14313,0,0,0,362,2025-01-01,2025-12-31,3,2025-08-30|2025-08-31|2025-09-01,False,
USW00026410,https://www.ncei.noaa.gov/oa/local-climatological-data/v2/access/2025/LCD_USW00026410_2025.csv,200,https://www.ncei.noaa.gov/oa/local-climatological-data/v2/access/2025/LCD_USW00026410_2025.csv,7053096,17d82d898e59a3ccabc3d1ffa23116e1299bb10bdbee19d55c01e3a337d18e05,True,11054,0,0,0,364,2025-01-01,2025-12-31,1,2025-08-30,False,
USW00026411,https://www.ncei.noaa.gov/oa/local-climatological-data/v2/access/2025/LCD_USW00026411_2025.csv,200,https://www.ncei.noaa.gov/oa/local-climatological-data/v2/access/2025/LCD_USW00026411_2025.csv,9415794,1e6a929c5f63a41ca055215d51ba423364ffa9f42e84c476988fd30fb305f003,True,12874,0,0,0,364,2025-01-01,2025-12-31,1,2025-08-30,False,
USW00026451,https://www.ncei.noaa.gov/oa/local-climatological-data/v2/access/2025/LCD_USW00026451_2025.csv,200,https://www.ncei.noaa.gov/oa/local-climatological-data/v2/access/2025/LCD_USW00026451_2025.csv,10002637,116c2e16fb08ccc1dcb5e0b412f152d8d384ee41ef340c6a96cf7495e99d7217,True,13176,0,0,0,365,2025-01-01,2025-12-31,0,,True,
USW00026615,https://www.ncei.noaa.gov/oa/local-climatological-data/v2/access/2025/LCD_USW00026615_2025.csv,200,https://www.ncei.noaa.gov/oa/local-climatological-data/v2/access/2025/LCD_USW00026615_2025.csv,11942315,053968a0343eae78432482ded46d61dc9f697bee1abef9f9883d9073824c209d,True,16850,0,0,0,364,2025-01-01,2025-12-31,1,2025-08-30,False,
USW00026616,https://www.ncei.noaa.gov/oa/local-climatological-data/v2/access/2025/LCD_USW00026616_2025.csv,200,https://www.ncei.noaa.gov/oa/local-climatological-data/v2/access/2025/LCD_USW00026616_2025.csv,10769825,0b15dac724ae3b209e083a3b7a045944fe4b4ba5b9395f8cbcde50a82aedc3dd,True,15228,0,0,0,364,2025-01-01,2025-12-31,1,2025-08-30,False,
USW00026617,https://www.ncei.noaa.gov/oa/local-climatological-data/v2/access/2025/LCD_USW00026617_2025.csv,200,https://www.ncei.noaa.gov/oa/local-climatological-data/v2/access/2025/LCD_USW00026617_2025.csv,11027881,6f37e3e7aae6b6778c0d4acfe222f16456af183057f90f32edc2d6aa0725546d,True,15820,0,0,0,364,2025-01-01,2025-12-31,1,2025-08-30,False,
USW00027406,https://www.ncei.noaa.gov/oa/local-climatological-data/v2/access/2025/LCD_USW00027406_2025.csv,200,https://www.ncei.noaa.gov/oa/local-climatological-data/v2/access/2025/LCD_USW00027406_2025.csv,8172760,c488dc9a0e5fdb1b0f4404ff2ab363458c42b6b4cd84af5e37d9668024e252cd,True,12999,0,0,0,364,2025-01-01,2025-12-31,1,2025-08-30,False,
USW00027502,https://www.ncei.noaa.gov/oa/local-climatological-data/v2/access/2025/LCD_USW00027502_2025.csv,200,https://www.ncei.noaa.gov/oa/local-climatological-data/v2/access/2025/LCD_USW00027502_2025.csv,11435679,cbddbcc00d8ae9c16b7b35c9035e332d252f79a329abd210fc3b3573e2010406,True,16069,0,0,0,364,2025-01-01,2025-12-31,1,2025-08-30,False,
USW00053153,https://www.ncei.noaa.gov/oa/local-climatological-data/v2/access/2025/LCD_USW00053153_2025.csv,ERROR,,0,,False,0,0,0,0,0,,,365,2025-01-01|2025-01-02|2025-01-03|2025-01-04|2025-01-05|2025-01-06|2025-01-07|2025-01-08|2025-01-09|2025-01-10|2025-01-11|2025-01-12|2025-01-13|2025-01-14|2025-01-15|2025-01-16|2025-01-17|2025-01-18|2025-01-19|2025-01-20|2025-01-21|2025-01-22|2025-01-23|2025-01-24|2025-01-25|2025-01-26|2025-01-27|2025-01-28|2025-01-29|2025-01-30|2025-01-31|2025-02-01|2025-02-02|2025-02-03|2025-02-04|2025-02-05|2025-02-06|2025-02-07|2025-02-08|2025-02-09|2025-02-10|2025-02-11|2025-02-12|2025-02-13|2025-02-14|2025-02-15|2025-02-16|2025-02-17|2025-02-18|2025-02-19|2025-02-20|2025-02-21|2025-02-22|2025-02-23|2025-02-24|2025-02-25|2025-02-26|2025-02-27|2025-02-28|2025-03-01|2025-03-02|2025-03-03|2025-03-04|2025-03-05|2025-03-06|2025-03-07|2025-03-08|2025-03-09|2025-03-10|2025-03-11|2025-03-12|2025-03-13|2025-03-14|2025-03-15|2025-03-16|2025-03-17|2025-03-18|2025-03-19|2025-03-20|2025-03-21|2025-03-22|2025-03-23|2025-03-24|2025-03-25|2025-03-26|2025-03-27|2025-03-28|2025-03-29|2025-03-30|2025-03-31|2025-04-01|2025-04-02|2025-04-03|2025-04-04|2025-04-05|2025-04-06|2025-04-07|2025-04-08|2025-04-09|2025-04-10|2025-04-11|2025-04-12|2025-04-13|2025-04-14|2025-04-15|2025-04-16|2025-04-17|2025-04-18|2025-04-19|2025-04-20|2025-04-21|2025-04-22|2025-04-23|2025-04-24|2025-04-25|2025-04-26|2025-04-27|2025-04-28|2025-04-29|2025-04-30|2025-05-01|2025-05-02|2025-05-03|2025-05-04|2025-05-05|2025-05-06|2025-05-07|2025-05-08|2025-05-09|2025-05-10|2025-05-11|2025-05-12|2025-05-13|2025-05-14|2025-05-15|2025-05-16|2025-05-17|2025-05-18|2025-05-19|2025-05-20|2025-05-21|2025-05-22|2025-05-23|2025-05-24|2025-05-25|2025-05-26|2025-05-27|2025-05-28|2025-05-29|2025-05-30|2025-05-31|2025-06-01|2025-06-02|2025-06-03|2025-06-04|2025-06-05|2025-06-06|2025-06-07|2025-06-08|2025-06-09|2025-06-10|2025-06-11|2025-06-12|2025-06-13|2025-06-14|2025-06-15|2025-06-16|2025-06-17|2025-06-18|2025-06-19|2025-06-20|2025-06-21|2025-06-22|2025-06-23|2025-06-24|2025-06-25|2025-06-26|2025-06-27|2025-06-28|2025-06-29|2025-06-30|2025-07-01|2025-07-02|2025-07-03|2025-07-04|2025-07-05|2025-07-06|2025-07-07|2025-07-08|2025-07-09|2025-07-10|2025-07-11|2025-07-12|2025-07-13|2025-07-14|2025-07-15|2025-07-16|2025-07-17|2025-07-18|2025-07-19|2025-07-20|2025-07-21|2025-07-22|2025-07-23|2025-07-24|2025-07-25|2025-07-26|2025-07-27|2025-07-28|2025-07-29|2025-07-30|2025-07-31|2025-08-01|2025-08-02|2025-08-03|2025-08-04|2025-08-05|2025-08-06|2025-08-07|2025-08-08|2025-08-09|2025-08-10|2025-08-11|2025-08-12|2025-08-13|2025-08-14|2025-08-15|2025-08-16|2025-08-17|2025-08-18|2025-08-19|2025-08-20|2025-08-21|2025-08-22|2025-08-23|2025-08-24|2025-08-25|2025-08-26|2025-08-27|2025-08-28|2025-08-29|2025-08-30|2025-08-31|2025-09-01|2025-09-02|2025-09-03|2025-09-04|2025-09-05|2025-09-06|2025-09-07|2025-09-08|2025-09-09|2025-09-10|2025-09-11|2025-09-12|2025-09-13|2025-09-14|2025-09-15|2025-09-16|2025-09-17|2025-09-18|2025-09-19|2025-09-20|2025-09-21|2025-09-22|2025-09-23|2025-09-24|2025-09-25|2025-09-26|2025-09-27|2025-09-28|2025-09-29|2025-09-30|2025-10-01|2025-10-02|2025-10-03|2025-10-04|2025-10-05|2025-10-06|2025-10-07|2025-10-08|2025-10-09|2025-10-10|2025-10-11|2025-10-12|2025-10-13|2025-10-14|2025-10-15|2025-10-16|2025-10-17|2025-10-18|2025-10-19|2025-10-20|2025-10-21|2025-10-22|2025-10-23|2025-10-24|2025-10-25|2025-10-26|2025-10-27|2025-10-28|2025-10-29|2025-10-30|2025-10-31|2025-11-01|2025-11-02|2025-11-03|2025-11-04|2025-11-05|2025-11-06|2025-11-07|2025-11-08|2025-11-09|2025-11-10|2025-11-11|2025-11-12|2025-11-13|2025-11-14|2025-11-15|2025-11-16|2025-11-17|2025-11-18|2025-11-19|2025-11-20|2025-11-21|2025-11-22|2025-11-23|2025-11-24|2025-11-25|2025-11-26|2025-11-27|2025-11-28|2025-11-29|2025-11-30|2025-12-01|2025-12-02|2025-12-03|2025-12-04|2025-12-05|2025-12-06|2025-12-07|2025-12-08|2025-12-09|2025-12-10|2025-12-11|2025-12-12|2025-12-13|2025-12-14|2025-12-15|2025-12-16|2025-12-17|2025-12-18|2025-12-19|2025-12-20|2025-12-21|2025-12-22|2025-12-23|2025-12-24|2025-12-25|2025-12-26|2025-12-27|2025-12-28|2025-12-29|2025-12-30|2025-12-31,False,HTTPError:HTTP Error 404: Not Found
USW00053808,https://www.ncei.noaa.gov/oa/local-climatological-data/v2/access/2025/LCD_USW00053808_2025.csv,200,https://www.ncei.noaa.gov/oa/local-climatological-data/v2/access/2025/LCD_USW00053808_2025.csv,8106622,1277be6eddfa1fdf6dba43aa8c712ee431544a5eea53333994d6bce263b64707,True,12725,0,0,0,364,2025-01-01,2025-12-31,1,2025-10-05,False,
USW00053883,https://www.ncei.noaa.gov/oa/local-climatological-data/v2/access/2025/LCD_USW00053883_2025.csv,200,https://www.ncei.noaa.gov/oa/local-climatological-data/v2/access/2025/LCD_USW00053883_2025.csv,15610435,b304a0a201280acd89428e6897de3734d2154f94c23b3ae3da218970ca7a54cf,True,25596,0,0,0,360,2025-01-01,2025-12-31,5,2025-04-27|2025-04-28|2025-08-30|2025-08-31|2025-09-01,False,
USW00053893,https://www.ncei.noaa.gov/oa/local-climatological-data/v2/access/2025/LCD_USW00053893_2025.csv,200,https://www.ncei.noaa.gov/oa/local-climatological-data/v2/access/2025/LCD_USW00053893_2025.csv,7067672,4e8f27450e715707eb492d465cb24072ef08744189517fe48d1c068fe0eade70,True,11690,0,0,0,365,2025-01-01,2025-12-31,0,,True,
USW00053922,https://www.ncei.noaa.gov/oa/local-climatological-data/v2/access/2025/LCD_USW00053922_2025.csv,200,https://www.ncei.noaa.gov/oa/local-climatological-data/v2/access/2025/LCD_USW00053922_2025.csv,6997890,14cb7485409db1c578df90d13dd9f7f2d67ffaef5c02e94a62a5f5fef34b4154,True,10869,0,0,0,365,2025-01-01,2025-12-31,0,,True,
USW00054735,https://www.ncei.noaa.gov/oa/local-climatological-data/v2/access/2025/LCD_USW00054735_2025.csv,200,https://www.ncei.noaa.gov/oa/local-climatological-data/v2/access/2025/LCD_USW00054735_2025.csv,8654975,220593006d9ee8447a2a6ca58f6dbe127074ab0a1abb9231c8a632c63b604608,True,15090,0,0,0,362,2025-01-01,2025-12-31,3,2025-08-30|2025-08-31|2025-09-01,False,
USW00054739,https://www.ncei.noaa.gov/oa/local-climatological-data/v2/access/2025/LCD_USW00054739_2025.csv,200,https://www.ncei.noaa.gov/oa/local-climatological-data/v2/access/2025/LCD_USW00054739_2025.csv,8313304,e45593d0c8b98e9164b1a74a885fa363becaca0cbb14d06f8137c876247897cd,True,14269,0,0,0,362,2025-01-01,2025-12-31,3,2025-08-30|2025-08-31|2025-09-01,False,
USW00054831,https://www.ncei.noaa.gov/oa/local-climatological-data/v2/access/2025/LCD_USW00054831_2025.csv,200,https://www.ncei.noaa.gov/oa/local-climatological-data/v2/access/2025/LCD_USW00054831_2025.csv,6511685,d516ff3f80cd35036b0ee6cc9cf34be594ba5b1ba8f409e85dd580bd83db5fe6,True,10547,0,0,0,365,2025-01-01,2025-12-31,0,,True,
USW00063801,https://www.ncei.noaa.gov/oa/local-climatological-data/v2/access/2025/LCD_USW00063801_2025.csv,200,https://www.ncei.noaa.gov/oa/local-climatological-data/v2/access/2025/LCD_USW00063801_2025.csv,10031779,bf62bbceda39e671ebcffa5ec213ed48d6c78985881a8ada9216c5291a48c9ee,True,17190,0,0,0,362,2025-01-01,2025-12-31,3,2025-08-30|2025-08-31|2025-09-01,False,
USW00063837,https://www.ncei.noaa.gov/oa/local-climatological-data/v2/access/2025/LCD_USW00063837_2025.csv,200,https://www.ncei.noaa.gov/oa/local-climatological-data/v2/access/2025/LCD_USW00063837_2025.csv,8962000,471bcaffe34daffce824f01e62be51c0791bc0e524ed2deaebbd63081d4eb680,True,15345,0,0,0,362,2025-01-01,2025-12-31,3,2025-08-30|2025-08-31|2025-09-01,False,
USW00073805,https://www.ncei.noaa.gov/oa/local-climatological-data/v2/access/2025/LCD_USW00073805_2025.csv,200,https://www.ncei.noaa.gov/oa/local-climatological-data/v2/access/2025/LCD_USW00073805_2025.csv,7961390,91acc42b9c6a477290ccdbde4c3015333cf7c4132cd7aced77d096dfa0fd6c2e,True,12405,0,0,0,365,2025-01-01,2025-12-31,0,,True,
USW00093005,https://www.ncei.noaa.gov/oa/local-climatological-data/v2/access/2025/LCD_USW00093005_2025.csv,200,https://www.ncei.noaa.gov/oa/local-climatological-data/v2/access/2025/LCD_USW00093005_2025.csv,6576799,6990a4f854c6a37d98c2c424adeef00004c78eb2fbd045cdb09c7e554859bfb7,True,10397,0,0,0,365,2025-01-01,2025-12-31,0,,True,
USW00093007,https://www.ncei.noaa.gov/oa/local-climatological-data/v2/access/2025/LCD_USW00093007_2025.csv,200,https://www.ncei.noaa.gov/oa/local-climatological-data/v2/access/2025/LCD_USW00093007_2025.csv,6037206,3ca19772997231549a09565a5682b55cb6864f8f40bf9ec6dffa83fba89261bc,True,9715,0,0,0,362,2025-01-01,2025-12-31,3,2025-08-30|2025-08-31|2025-09-01,False,
USW00093013,https://www.ncei.noaa.gov/oa/local-climatological-data/v2/access/2025/LCD_USW00093013_2025.csv,200,https://www.ncei.noaa.gov/oa/local-climatological-data/v2/access/2025/LCD_USW00093013_2025.csv,6147798,567472fa9ad89b69b930bbead0e43d632769b72453a980cc039ef957736d91ff,True,9766,0,0,0,365,2025-01-01,2025-12-31,0,,True,
USW00093034,https://www.ncei.noaa.gov/oa/local-climatological-data/v2/access/2025/LCD_USW00093034_2025.csv,200,https://www.ncei.noaa.gov/oa/local-climatological-data/v2/access/2025/LCD_USW00093034_2025.csv,9328550,3d5891e878c08c5df15e66edcafe1dd2d58d486db1e5331eaaf63e36bbcf084d,True,16368,0,0,0,362,2025-01-01,2025-12-31,3,2025-08-30|2025-08-31|2025-09-01,False,
USW00093037,https://www.ncei.noaa.gov/oa/local-climatological-data/v2/access/2025/LCD_USW00093037_2025.csv,200,https://www.ncei.noaa.gov/oa/local-climatological-data/v2/access/2025/LCD_USW00093037_2025.csv,7932125,c809ce966e28480a08fc12fe8ceb4d055a1086ee251ce29add608bc9adf6e7d1,True,10710,0,0,0,365,2025-01-01,2025-12-31,0,,True,
USW00093073,https://www.ncei.noaa.gov/oa/local-climatological-data/v2/access/2025/LCD_USW00093073_2025.csv,200,https://www.ncei.noaa.gov/oa/local-climatological-data/v2/access/2025/LCD_USW00093073_2025.csv,6962469,964913146d54aa1d617273f8660b32db17035f657172790ad9610d8eeffc8087,True,10828,0,0,0,365,2025-01-01,2025-12-31,0,,True,
USW00093129,https://www.ncei.noaa.gov/oa/local-climatological-data/v2/access/2025/LCD_USW00093129_2025.csv,200,https://www.ncei.noaa.gov/oa/local-climatological-data/v2/access/2025/LCD_USW00093129_2025.csv,6113553,84fc54c66b0e0e9487a34c9fb586fdd084feb00dbea5dbc6e58411065170d969,True,9824,0,0,0,365,2025-01-01,2025-12-31,0,,True,
USW00093138,https://www.ncei.noaa.gov/oa/local-climatological-data/v2/access/2025/LCD_USW00093138_2025.csv,200,https://www.ncei.noaa.gov/oa/local-climatological-data/v2/access/2025/LCD_USW00093138_2025.csv,5915048,45b19a5bc55e70f7112b55cdf519370d512d8a4f434b94185531875036dd7024,True,9280,0,0,0,365,2025-01-01,2025-12-31,0,,True,
USW00093184,https://www.ncei.noaa.gov/oa/local-climatological-data/v2/access/2025/LCD_USW00093184_2025.csv,200,https://www.ncei.noaa.gov/oa/local-climatological-data/v2/access/2025/LCD_USW00093184_2025.csv,6998219,19506e147750a595ee74f48571c8633655979c750c4515542f08a0624a943717,True,11045,0,0,0,365,2025-01-01,2025-12-31,0,,True,
USW00093193,https://www.ncei.noaa.gov/oa/local-climatological-data/v2/access/2025/LCD_USW00093193_2025.csv,200,https://www.ncei.noaa.gov/oa/local-climatological-data/v2/access/2025/LCD_USW00093193_2025.csv,8673923,dcf3125e2c5d24d45209bf18ae623f8f3469217ad4a000cac5ee254122df6ded,True,12490,0,0,0,365,2025-01-01,2025-12-31,0,,True,
USW00093198,https://www.ncei.noaa.gov/oa/local-climatological-data/v2/access/2025/LCD_USW00093198_2025.csv,ERROR,,0,,False,0,0,0,0,0,,,365,2025-01-01|2025-01-02|2025-01-03|2025-01-04|2025-01-05|2025-01-06|2025-01-07|2025-01-08|2025-01-09|2025-01-10|2025-01-11|2025-01-12|2025-01-13|2025-01-14|2025-01-15|2025-01-16|2025-01-17|2025-01-18|2025-01-19|2025-01-20|2025-01-21|2025-01-22|2025-01-23|2025-01-24|2025-01-25|2025-01-26|2025-01-27|2025-01-28|2025-01-29|2025-01-30|2025-01-31|2025-02-01|2025-02-02|2025-02-03|2025-02-04|2025-02-05|2025-02-06|2025-02-07|2025-02-08|2025-02-09|2025-02-10|2025-02-11|2025-02-12|2025-02-13|2025-02-14|2025-02-15|2025-02-16|2025-02-17|2025-02-18|2025-02-19|2025-02-20|2025-02-21|2025-02-22|2025-02-23|2025-02-24|2025-02-25|2025-02-26|2025-02-27|2025-02-28|2025-03-01|2025-03-02|2025-03-03|2025-03-04|2025-03-05|2025-03-06|2025-03-07|2025-03-08|2025-03-09|2025-03-10|2025-03-11|2025-03-12|2025-03-13|2025-03-14|2025-03-15|2025-03-16|2025-03-17|2025-03-18|2025-03-19|2025-03-20|2025-03-21|2025-03-22|2025-03-23|2025-03-24|2025-03-25|2025-03-26|2025-03-27|2025-03-28|2025-03-29|2025-03-30|2025-03-31|2025-04-01|2025-04-02|2025-04-03|2025-04-04|2025-04-05|2025-04-06|2025-04-07|2025-04-08|2025-04-09|2025-04-10|2025-04-11|2025-04-12|2025-04-13|2025-04-14|2025-04-15|2025-04-16|2025-04-17|2025-04-18|2025-04-19|2025-04-20|2025-04-21|2025-04-22|2025-04-23|2025-04-24|2025-04-25|2025-04-26|2025-04-27|2025-04-28|2025-04-29|2025-04-30|2025-05-01|2025-05-02|2025-05-03|2025-05-04|2025-05-05|2025-05-06|2025-05-07|2025-05-08|2025-05-09|2025-05-10|2025-05-11|2025-05-12|2025-05-13|2025-05-14|2025-05-15|2025-05-16|2025-05-17|2025-05-18|2025-05-19|2025-05-20|2025-05-21|2025-05-22|2025-05-23|2025-05-24|2025-05-25|2025-05-26|2025-05-27|2025-05-28|2025-05-29|2025-05-30|2025-05-31|2025-06-01|2025-06-02|2025-06-03|2025-06-04|2025-06-05|2025-06-06|2025-06-07|2025-06-08|2025-06-09|2025-06-10|2025-06-11|2025-06-12|2025-06-13|2025-06-14|2025-06-15|2025-06-16|2025-06-17|2025-06-18|2025-06-19|2025-06-20|2025-06-21|2025-06-22|2025-06-23|2025-06-24|2025-06-25|2025-06-26|2025-06-27|2025-06-28|2025-06-29|2025-06-30|2025-07-01|2025-07-02|2025-07-03|2025-07-04|2025-07-05|2025-07-06|2025-07-07|2025-07-08|2025-07-09|2025-07-10|2025-07-11|2025-07-12|2025-07-13|2025-07-14|2025-07-15|2025-07-16|2025-07-17|2025-07-18|2025-07-19|2025-07-20|2025-07-21|2025-07-22|2025-07-23|2025-07-24|2025-07-25|2025-07-26|2025-07-27|2025-07-28|2025-07-29|2025-07-30|2025-07-31|2025-08-01|2025-08-02|2025-08-03|2025-08-04|2025-08-05|2025-08-06|2025-08-07|2025-08-08|2025-08-09|2025-08-10|2025-08-11|2025-08-12|2025-08-13|2025-08-14|2025-08-15|2025-08-16|2025-08-17|2025-08-18|2025-08-19|2025-08-20|2025-08-21|2025-08-22|2025-08-23|2025-08-24|2025-08-25|2025-08-26|2025-08-27|2025-08-28|2025-08-29|2025-08-30|2025-08-31|2025-09-01|2025-09-02|2025-09-03|2025-09-04|2025-09-05|2025-09-06|2025-09-07|2025-09-08|2025-09-09|2025-09-10|2025-09-11|2025-09-12|2025-09-13|2025-09-14|2025-09-15|2025-09-16|2025-09-17|2025-09-18|2025-09-19|2025-09-20|2025-09-21|2025-09-22|2025-09-23|2025-09-24|2025-09-25|2025-09-26|2025-09-27|2025-09-28|2025-09-29|2025-09-30|2025-10-01|2025-10-02|2025-10-03|2025-10-04|2025-10-05|2025-10-06|2025-10-07|2025-10-08|2025-10-09|2025-10-10|2025-10-11|2025-10-12|2025-10-13|2025-10-14|2025-10-15|2025-10-16|2025-10-17|2025-10-18|2025-10-19|2025-10-20|2025-10-21|2025-10-22|2025-10-23|2025-10-24|2025-10-25|2025-10-26|2025-10-27|2025-10-28|2025-10-29|2025-10-30|2025-10-31|2025-11-01|2025-11-02|2025-11-03|2025-11-04|2025-11-05|2025-11-06|2025-11-07|2025-11-08|2025-11-09|2025-11-10|2025-11-11|2025-11-12|2025-11-13|2025-11-14|2025-11-15|2025-11-16|2025-11-17|2025-11-18|2025-11-19|2025-11-20|2025-11-21|2025-11-22|2025-11-23|2025-11-24|2025-11-25|2025-11-26|2025-11-27|2025-11-28|2025-11-29|2025-11-30|2025-12-01|2025-12-02|2025-12-03|2025-12-04|2025-12-05|2025-12-06|2025-12-07|2025-12-08|2025-12-09|2025-12-10|2025-12-11|2025-12-12|2025-12-13|2025-12-14|2025-12-15|2025-12-16|2025-12-17|2025-12-18|2025-12-19|2025-12-20|2025-12-21|2025-12-22|2025-12-23|2025-12-24|2025-12-25|2025-12-26|2025-12-27|2025-12-28|2025-12-29|2025-12-30|2025-12-31,False,HTTPError:HTTP Error 404: Not Found
USW00093206,https://www.ncei.noaa.gov/oa/local-climatological-data/v2/access/2025/LCD_USW00093206_2025.csv,200,https://www.ncei.noaa.gov/oa/local-climatological-data/v2/access/2025/LCD_USW00093206_2025.csv,7544652,059f7a527829b390c8287da9a3b919a3d63ee46a2da44aba8eb2afb6f5408c1d,True,11971,0,0,0,365,2025-01-01,2025-12-31,0,,True,
USW00093225,https://www.ncei.noaa.gov/oa/local-climatological-data/v2/access/2025/LCD_USW00093225_2025.csv,200,https://www.ncei.noaa.gov/oa/local-climatological-data/v2/access/2025/LCD_USW00093225_2025.csv,6189283,5bdf074785152dacffe33ab831f59a53940bb90a5951865d68c9d6a9ac3ecb5e,True,9807,0,0,0,365,2025-01-01,2025-12-31,0,,True,
USW00093706,https://www.ncei.noaa.gov/oa/local-climatological-data/v2/access/2025/LCD_USW00093706_2025.csv,200,https://www.ncei.noaa.gov/oa/local-climatological-data/v2/access/2025/LCD_USW00093706_2025.csv,7688709,ff7d5d94305d391da7196edb7632c92492d7042130d017fb518d32f1a03976a8,True,10818,0,0,0,365,2025-01-01,2025-12-31,0,,True,
USW00093719,https://www.ncei.noaa.gov/oa/local-climatological-data/v2/access/2025/LCD_USW00093719_2025.csv,200,https://www.ncei.noaa.gov/oa/local-climatological-data/v2/access/2025/LCD_USW00093719_2025.csv,8065760,1872fd153d4343589ff39a4ef45fdfb9772e0ec8cb7c440ba9f74ee6299dd664,True,12058,0,0,0,365,2025-01-01,2025-12-31,0,,True,
USW00093720,https://www.ncei.noaa.gov/oa/local-climatological-data/v2/access/2025/LCD_USW00093720_2025.csv,200,https://www.ncei.noaa.gov/oa/local-climatological-data/v2/access/2025/LCD_USW00093720_2025.csv,7890057,97a9441e346e58d3cfe7292d9ff74bf8d67e976ca9449f3cd5b70dec83c7ba22,True,11595,0,0,0,365,2025-01-01,2025-12-31,0,,True,
USW00093721,https://www.ncei.noaa.gov/oa/local-climatological-data/v2/access/2025/LCD_USW00093721_2025.csv,200,https://www.ncei.noaa.gov/oa/local-climatological-data/v2/access/2025/LCD_USW00093721_2025.csv,9696927,0d0e1f28d033e5c44a08df2f51b8d0576a5d822adf84d68b81fd71ad79cef99e,True,13340,0,0,0,365,2025-01-01,2025-12-31,0,,True,
USW00093736,https://www.ncei.noaa.gov/oa/local-climatological-data/v2/access/2025/LCD_USW00093736_2025.csv,200,https://www.ncei.noaa.gov/oa/local-climatological-data/v2/access/2025/LCD_USW00093736_2025.csv,8222798,a94654c291af36c166b803b5a6b5795ad03388052f10611bbd3286afd7c95c59,True,11509,0,0,0,365,2025-01-01,2025-12-31,0,,True,
USW00093738,https://www.ncei.noaa.gov/oa/local-climatological-data/v2/access/2025/LCD_USW00093738_2025.csv,200,https://www.ncei.noaa.gov/oa/local-climatological-data/v2/access/2025/LCD_USW00093738_2025.csv,9265126,5d0abd8aba444130b3fbfbbcbc1bacecb6488d5a5dcbddc9e94924a0c210b33b,True,13233,0,0,0,365,2025-01-01,2025-12-31,0,,True,
USW00093740,https://www.ncei.noaa.gov/oa/local-climatological-data/v2/access/2025/LCD_USW00093740_2025.csv,200,https://www.ncei.noaa.gov/oa/local-climatological-data/v2/access/2025/LCD_USW00093740_2025.csv,7270168,4136014b2541e7c296dd5c1eacf99ba93978f2521d3537d469d5853ecdb6f2a7,True,11186,0,0,0,365,2025-01-01,2025-12-31,0,,True,
USW00093741,https://www.ncei.noaa.gov/oa/local-climatological-data/v2/access/2025/LCD_USW00093741_2025.csv,200,https://www.ncei.noaa.gov/oa/local-climatological-data/v2/access/2025/LCD_USW00093741_2025.csv,7560327,68c35e1e458a3bd782aa9722d7fb02c172e21581a7e15409ac9ee13ac7a15dd6,True,11797,0,0,0,365,2025-01-01,2025-12-31,0,,True,
USW00093753,https://www.ncei.noaa.gov/oa/local-climatological-data/v2/access/2025/LCD_USW00093753_2025.csv,200,https://www.ncei.noaa.gov/oa/local-climatological-data/v2/access/2025/LCD_USW00093753_2025.csv,7238759,7e1914bbc32dc6b2a8040d4a4298ccc73cc5b18e152e10c429c52ae573588c8e,True,11488,0,0,0,362,2025-01-01,2025-12-31,3,2025-08-30|2025-08-31|2025-09-01,False,
USW00093805,https://www.ncei.noaa.gov/oa/local-climatological-data/v2/access/2025/LCD_USW00093805_2025.csv,200,https://www.ncei.noaa.gov/oa/local-climatological-data/v2/access/2025/LCD_USW00093805_2025.csv,9074153,1e4aec50675cb4aac0a57955bba9e8140ded974ad352b0030e7fcef21ff3ef20,True,14316,0,0,0,365,2025-01-01,2025-12-31,0,,True,
USW00093814,https://www.ncei.noaa.gov/oa/local-climatological-data/v2/access/2025/LCD_USW00093814_2025.csv,200,https://www.ncei.noaa.gov/oa/local-climatological-data/v2/access/2025/LCD_USW00093814_2025.csv,10119719,2a7cb7305025c0060582ff78aa6688859c4cf195d10b3af33a83786c46403bef,True,14111,0,0,0,365,2025-01-01,2025-12-31,0,,True,
USW00093815,https://www.ncei.noaa.gov/oa/local-climatological-data/v2/access/2025/LCD_USW00093815_2025.csv,200,https://www.ncei.noaa.gov/oa/local-climatological-data/v2/access/2025/LCD_USW00093815_2025.csv,9483282,ed071dc6fc267124ebe82a3f27282ca7a8bb35bc1baac9d07b267361679bffd3,True,13733,0,0,0,365,2025-01-01,2025-12-31,0,,True,
USW00093817,https://www.ncei.noaa.gov/oa/local-climatological-data/v2/access/2025/LCD_USW00093817_2025.csv,200,https://www.ncei.noaa.gov/oa/local-climatological-data/v2/access/2025/LCD_USW00093817_2025.csv,10120038,d5fc6f66bf4d1e9e2e52166d035336f537e91c67fe25639b4be2331ed5dd5dc4,True,14572,0,0,0,365,2025-01-01,2025-12-31,0,,True,
USW00093819,https://www.ncei.noaa.gov/oa/local-climatological-data/v2/access/2025/LCD_USW00093819_2025.csv,200,https://www.ncei.noaa.gov/oa/local-climatological-data/v2/access/2025/LCD_USW00093819_2025.csv,10230435,7cec347f425d82f90d095f7469aa426778598ad25a97faca0f1219bb31c194be,True,13788,0,0,0,365,2025-01-01,2025-12-31,0,,True,
USW00093820,https://www.ncei.noaa.gov/oa/local-climatological-data/v2/access/2025/LCD_USW00093820_2025.csv,200,https://www.ncei.noaa.gov/oa/local-climatological-data/v2/access/2025/LCD_USW00093820_2025.csv,10385552,b4d31f890f377ac162786a70b3aca9346d2e6dda601b6d9563d7729d0311c9e9,True,14558,0,0,0,365,2025-01-01,2025-12-31,0,,True,
USW00093821,https://www.ncei.noaa.gov/oa/local-climatological-data/v2/access/2025/LCD_USW00093821_2025.csv,200,https://www.ncei.noaa.gov/oa/local-climatological-data/v2/access/2025/LCD_USW00093821_2025.csv,10624822,38f0f4721c3af33457f5a963167e935e88206446a90fd44c1b4c5ad9a4ba2e8c,True,14392,0,0,0,365,2025-01-01,2025-12-31,0,,True,
USW00093822,https://www.ncei.noaa.gov/oa/local-climatological-data/v2/access/2025/LCD_USW00093822_2025.csv,200,https://www.ncei.noaa.gov/oa/local-climatological-data/v2/access/2025/LCD_USW00093822_2025.csv,7027565,d4d6276bbed1f63b9d23925c63245ccfde647f1020f6c51083f685c5ebcf46a3,True,10821,0,0,0,365,2025-01-01,2025-12-31,0,,True,
USW00093845,https://www.ncei.noaa.gov/oa/local-climatological-data/v2/access/2025/LCD_USW00093845_2025.csv,200,https://www.ncei.noaa.gov/oa/local-climatological-data/v2/access/2025/LCD_USW00093845_2025.csv,7493586,8e596842c2d94facc57af2264ae651e1abfa08a5cad35466bb3c78489f31b61d,True,11887,0,0,0,365,2025-01-01,2025-12-31,0,,True,
USW00093874,https://www.ncei.noaa.gov/oa/local-climatological-data/v2/access/2025/LCD_USW00093874_2025.csv,200,https://www.ncei.noaa.gov/oa/local-climatological-data/v2/access/2025/LCD_USW00093874_2025.csv,7544756,061ceca0b796650bc99af9799c2666b79a11e542d82ccd24a789f1ab1febf6ec,True,12030,0,0,0,365,2025-01-01,2025-12-31,0,,True,
USW00094023,https://www.ncei.noaa.gov/oa/local-climatological-data/v2/access/2025/LCD_USW00094023_2025.csv,200,https://www.ncei.noaa.gov/oa/local-climatological-data/v2/access/2025/LCD_USW00094023_2025.csv,6879194,98c27a18c3821297541c9e49f93a10cdd06be2dd5e79ad3a8057013f9a1e83a4,True,10708,0,0,0,360,2025-01-01,2025-12-31,5,2025-04-05|2025-04-06|2025-04-09|2025-12-25|2025-12-26,False,
USW00094025,https://www.ncei.noaa.gov/oa/local-climatological-data/v2/access/2025/LCD_USW00094025_2025.csv,200,https://www.ncei.noaa.gov/oa/local-climatological-data/v2/access/2025/LCD_USW00094025_2025.csv,4984534,99cdc0c2b99c340d7f48732c3e481ce5ad2ce750b002b915a402b170c4aac451,True,7941,0,0,0,262,2025-01-01,2025-12-31,103,2025-04-04|2025-04-05|2025-04-06|2025-04-07|2025-04-08|2025-04-09|2025-04-10|2025-04-11|2025-04-12|2025-04-13|2025-04-14|2025-04-15|2025-04-16|2025-04-17|2025-04-18|2025-04-19|2025-04-20|2025-04-21|2025-04-22|2025-04-23|2025-04-24|2025-04-25|2025-04-26|2025-04-27|2025-04-28|2025-04-29|2025-05-01|2025-05-02|2025-05-03|2025-05-04|2025-05-05|2025-05-06|2025-05-07|2025-05-08|2025-05-09|2025-05-10|2025-05-11|2025-05-12|2025-05-13|2025-05-14|2025-05-15|2025-05-16|2025-05-17|2025-05-18|2025-05-19|2025-05-20|2025-05-21|2025-05-22|2025-05-23|2025-05-24|2025-05-25|2025-05-26|2025-05-27|2025-05-28|2025-05-29|2025-05-30|2025-05-31|2025-06-01|2025-06-02|2025-06-03|2025-06-04|2025-06-05|2025-06-06|2025-06-07|2025-06-08|2025-06-09|2025-06-10|2025-06-11|2025-06-12|2025-06-13|2025-06-14|2025-06-15|2025-06-16|2025-06-17|2025-06-18|2025-06-19|2025-06-20|2025-06-21|2025-06-22|2025-06-23|2025-06-24|2025-06-25|2025-06-26|2025-06-27|2025-06-28|2025-06-29|2025-06-30|2025-07-01|2025-07-02|2025-07-03|2025-07-04|2025-07-05|2025-07-06|2025-07-07|2025-07-08|2025-07-09|2025-07-10|2025-07-11|2025-07-12|2025-07-13|2025-07-14|2025-08-10|2025-08-11,False,
USW00094071,https://www.ncei.noaa.gov/oa/local-climatological-data/v2/access/2025/LCD_USW00094071_2025.csv,ERROR,,0,,False,0,0,0,0,0,,,365,2025-01-01|2025-01-02|2025-01-03|2025-01-04|2025-01-05|2025-01-06|2025-01-07|2025-01-08|2025-01-09|2025-01-10|2025-01-11|2025-01-12|2025-01-13|2025-01-14|2025-01-15|2025-01-16|2025-01-17|2025-01-18|2025-01-19|2025-01-20|2025-01-21|2025-01-22|2025-01-23|2025-01-24|2025-01-25|2025-01-26|2025-01-27|2025-01-28|2025-01-29|2025-01-30|2025-01-31|2025-02-01|2025-02-02|2025-02-03|2025-02-04|2025-02-05|2025-02-06|2025-02-07|2025-02-08|2025-02-09|2025-02-10|2025-02-11|2025-02-12|2025-02-13|2025-02-14|2025-02-15|2025-02-16|2025-02-17|2025-02-18|2025-02-19|2025-02-20|2025-02-21|2025-02-22|2025-02-23|2025-02-24|2025-02-25|2025-02-26|2025-02-27|2025-02-28|2025-03-01|2025-03-02|2025-03-03|2025-03-04|2025-03-05|2025-03-06|2025-03-07|2025-03-08|2025-03-09|2025-03-10|2025-03-11|2025-03-12|2025-03-13|2025-03-14|2025-03-15|2025-03-16|2025-03-17|2025-03-18|2025-03-19|2025-03-20|2025-03-21|2025-03-22|2025-03-23|2025-03-24|2025-03-25|2025-03-26|2025-03-27|2025-03-28|2025-03-29|2025-03-30|2025-03-31|2025-04-01|2025-04-02|2025-04-03|2025-04-04|2025-04-05|2025-04-06|2025-04-07|2025-04-08|2025-04-09|2025-04-10|2025-04-11|2025-04-12|2025-04-13|2025-04-14|2025-04-15|2025-04-16|2025-04-17|2025-04-18|2025-04-19|2025-04-20|2025-04-21|2025-04-22|2025-04-23|2025-04-24|2025-04-25|2025-04-26|2025-04-27|2025-04-28|2025-04-29|2025-04-30|2025-05-01|2025-05-02|2025-05-03|2025-05-04|2025-05-05|2025-05-06|2025-05-07|2025-05-08|2025-05-09|2025-05-10|2025-05-11|2025-05-12|2025-05-13|2025-05-14|2025-05-15|2025-05-16|2025-05-17|2025-05-18|2025-05-19|2025-05-20|2025-05-21|2025-05-22|2025-05-23|2025-05-24|2025-05-25|2025-05-26|2025-05-27|2025-05-28|2025-05-29|2025-05-30|2025-05-31|2025-06-01|2025-06-02|2025-06-03|2025-06-04|2025-06-05|2025-06-06|2025-06-07|2025-06-08|2025-06-09|2025-06-10|2025-06-11|2025-06-12|2025-06-13|2025-06-14|2025-06-15|2025-06-16|2025-06-17|2025-06-18|2025-06-19|2025-06-20|2025-06-21|2025-06-22|2025-06-23|2025-06-24|2025-06-25|2025-06-26|2025-06-27|2025-06-28|2025-06-29|2025-06-30|2025-07-01|2025-07-02|2025-07-03|2025-07-04|2025-07-05|2025-07-06|2025-07-07|2025-07-08|2025-07-09|2025-07-10|2025-07-11|2025-07-12|2025-07-13|2025-07-14|2025-07-15|2025-07-16|2025-07-17|2025-07-18|2025-07-19|2025-07-20|2025-07-21|2025-07-22|2025-07-23|2025-07-24|2025-07-25|2025-07-26|2025-07-27|2025-07-28|2025-07-29|2025-07-30|2025-07-31|2025-08-01|2025-08-02|2025-08-03|2025-08-04|2025-08-05|2025-08-06|2025-08-07|2025-08-08|2025-08-09|2025-08-10|2025-08-11|2025-08-12|2025-08-13|2025-08-14|2025-08-15|2025-08-16|2025-08-17|2025-08-18|2025-08-19|2025-08-20|2025-08-21|2025-08-22|2025-08-23|2025-08-24|2025-08-25|2025-08-26|2025-08-27|2025-08-28|2025-08-29|2025-08-30|2025-08-31|2025-09-01|2025-09-02|2025-09-03|2025-09-04|2025-09-05|2025-09-06|2025-09-07|2025-09-08|2025-09-09|2025-09-10|2025-09-11|2025-09-12|2025-09-13|2025-09-14|2025-09-15|2025-09-16|2025-09-17|2025-09-18|2025-09-19|2025-09-20|2025-09-21|2025-09-22|2025-09-23|2025-09-24|2025-09-25|2025-09-26|2025-09-27|2025-09-28|2025-09-29|2025-09-30|2025-10-01|2025-10-02|2025-10-03|2025-10-04|2025-10-05|2025-10-06|2025-10-07|2025-10-08|2025-10-09|2025-10-10|2025-10-11|2025-10-12|2025-10-13|2025-10-14|2025-10-15|2025-10-16|2025-10-17|2025-10-18|2025-10-19|2025-10-20|2025-10-21|2025-10-22|2025-10-23|2025-10-24|2025-10-25|2025-10-26|2025-10-27|2025-10-28|2025-10-29|2025-10-30|2025-10-31|2025-11-01|2025-11-02|2025-11-03|2025-11-04|2025-11-05|2025-11-06|2025-11-07|2025-11-08|2025-11-09|2025-11-10|2025-11-11|2025-11-12|2025-11-13|2025-11-14|2025-11-15|2025-11-16|2025-11-17|2025-11-18|2025-11-19|2025-11-20|2025-11-21|2025-11-22|2025-11-23|2025-11-24|2025-11-25|2025-11-26|2025-11-27|2025-11-28|2025-11-29|2025-11-30|2025-12-01|2025-12-02|2025-12-03|2025-12-04|2025-12-05|2025-12-06|2025-12-07|2025-12-08|2025-12-09|2025-12-10|2025-12-11|2025-12-12|2025-12-13|2025-12-14|2025-12-15|2025-12-16|2025-12-17|2025-12-18|2025-12-19|2025-12-20|2025-12-21|2025-12-22|2025-12-23|2025-12-24|2025-12-25|2025-12-26|2025-12-27|2025-12-28|2025-12-29|2025-12-30|2025-12-31,False,HTTPError:HTTP Error 404: Not Found
USW00094099,https://www.ncei.noaa.gov/oa/local-climatological-data/v2/access/2025/LCD_USW00094099_2025.csv,200,https://www.ncei.noaa.gov/oa/local-climatological-data/v2/access/2025/LCD_USW00094099_2025.csv,6574493,0e3b57f2fc3dcd013b3cc19e3105cf7ff122838b9d1e0f7b041f29d27047c2ec,True,11412,0,0,0,362,2025-01-01,2025-12-31,3,2025-08-30|2025-08-31|2025-09-01,False,
USW00094129,https://www.ncei.noaa.gov/oa/local-climatological-data/v2/access/2025/LCD_USW00094129_2025.csv,200,https://www.ncei.noaa.gov/oa/local-climatological-data/v2/access/2025/LCD_USW00094129_2025.csv,7056843,18d1baa7e8f71eb0159b971e391eac7f4d1e7c3c8692099ff0109eb26d2c7dfe,True,11042,0,0,0,365,2025-01-01,2025-12-31,0,,True,
USW00094161,https://www.ncei.noaa.gov/oa/local-climatological-data/v2/access/2025/LCD_USW00094161_2025.csv,200,https://www.ncei.noaa.gov/oa/local-climatological-data/v2/access/2025/LCD_USW00094161_2025.csv,8457673,d8ed63d387a4a486058aaa7270c7e0f67a1c9b17a6155b61d0e1cdd801105fb5,True,14398,0,0,0,362,2025-01-01,2025-12-31,3,2025-08-30|2025-08-31|2025-09-01,False,
USW00094178,https://www.ncei.noaa.gov/oa/local-climatological-data/v2/access/2025/LCD_USW00094178_2025.csv,200,https://www.ncei.noaa.gov/oa/local-climatological-data/v2/access/2025/LCD_USW00094178_2025.csv,6543665,3033ca01bdce8b9d6abcbf09bb77507784538ad7e5700508e6e769d64050eac4,True,10146,0,0,0,365,2025-01-01,2025-12-31,0,,True,
USW00094239,https://www.ncei.noaa.gov/oa/local-climatological-data/v2/access/2025/LCD_USW00094239_2025.csv,200,https://www.ncei.noaa.gov/oa/local-climatological-data/v2/access/2025/LCD_USW00094239_2025.csv,6812215,0363bb52e08759669fe6d2441a761c007ee4d8429ec3a482bb736197c2d7ef40,True,10713,0,0,0,365,2025-01-01,2025-12-31,0,,True,
USW00094745,https://www.ncei.noaa.gov/oa/local-climatological-data/v2/access/2025/LCD_USW00094745_2025.csv,200,https://www.ncei.noaa.gov/oa/local-climatological-data/v2/access/2025/LCD_USW00094745_2025.csv,6606447,ce9a41a7a43a63d9882af61c943944e27c6ad48f62f7ec9626b913db9b927ea9,True,10394,0,0,0,364,2025-01-01,2025-12-31,1,2025-08-30,False,
USW00094746,https://www.ncei.noaa.gov/oa/local-climatological-data/v2/access/2025/LCD_USW00094746_2025.csv,200,https://www.ncei.noaa.gov/oa/local-climatological-data/v2/access/2025/LCD_USW00094746_2025.csv,7838679,7ee97c885c26005998bf821fd0258ada3f23131389c93ac347cbd40e20421ab1,True,11538,0,0,0,365,2025-01-01,2025-12-31,0,,True,
USW00094761,https://www.ncei.noaa.gov/oa/local-climatological-data/v2/access/2025/LCD_USW00094761_2025.csv,200,https://www.ncei.noaa.gov/oa/local-climatological-data/v2/access/2025/LCD_USW00094761_2025.csv,6442549,148ad54e56e1da4a3a3149e3cef73c52ab3be19f5bcd34735776481d2346dd66,True,10352,0,0,0,362,2025-01-01,2025-12-31,3,2025-08-30|2025-08-31|2025-09-01,False,
USW00094789,https://www.ncei.noaa.gov/oa/local-climatological-data/v2/access/2025/LCD_USW00094789_2025.csv,200,https://www.ncei.noaa.gov/oa/local-climatological-data/v2/access/2025/LCD_USW00094789_2025.csv,9017079,19a460d1fbc44a80f3953dc705504e19405d0f3c5e197378db6f5ba0d6b21968,True,12977,0,0,0,365,2025-01-01,2025-12-31,0,,True,
USW00094790,https://www.ncei.noaa.gov/oa/local-climatological-data/v2/access/2025/LCD_USW00094790_2025.csv,200,https://www.ncei.noaa.gov/oa/local-climatological-data/v2/access/2025/LCD_USW00094790_2025.csv,11664228,f3040be777e20e4cd6d0665019c895ccf64cc53b790ed62fdee02a30da74b289,True,20723,0,0,0,365,2025-01-01,2025-12-31,0,,True,
USW00094815,https://www.ncei.noaa.gov/oa/local-climatological-data/v2/access/2025/LCD_USW00094815_2025.csv,200,https://www.ncei.noaa.gov/oa/local-climatological-data/v2/access/2025/LCD_USW00094815_2025.csv,9206905,18b4870f48b107f5dc8036b964a2ca44e10c0830d8c6f14a4f8e4f0e230da47d,True,11774,0,0,0,365,2025-01-01,2025-12-31,0,,True,
USW00094822,https://www.ncei.noaa.gov/oa/local-climatological-data/v2/access/2025/LCD_USW00094822_2025.csv,200,https://www.ncei.noaa.gov/oa/local-climatological-data/v2/access/2025/LCD_USW00094822_2025.csv,8810740,a79a38b3553e0273cb79bbb7921b8a4356db8112c9627b2305126ec763454076,True,13671,0,0,0,365,2025-01-01,2025-12-31,0,,True,
USW00094823,https://www.ncei.noaa.gov/oa/local-climatological-data/v2/access/2025/LCD_USW00094823_2025.csv,200,https://www.ncei.noaa.gov/oa/local-climatological-data/v2/access/2025/LCD_USW00094823_2025.csv,9295819,364993874b5968ff50373e8c7748a8748460043640af686ce059790011d8be69,True,13547,0,0,0,365,2025-01-01,2025-12-31,0,,True,
USW00094830,https://www.ncei.noaa.gov/oa/local-climatological-data/v2/access/2025/LCD_USW00094830_2025.csv,200,https://www.ncei.noaa.gov/oa/local-climatological-data/v2/access/2025/LCD_USW00094830_2025.csv,9510785,91c0bf773e63624cc12faf7b3e62712e2cdba9b426b09a0e7ec6cc7913d695a3,True,14323,0,0,0,365,2025-01-01,2025-12-31,0,,True,
USW00094847,https://www.ncei.noaa.gov/oa/local-climatological-data/v2/access/2025/LCD_USW00094847_2025.csv,200,https://www.ncei.noaa.gov/oa/local-climatological-data/v2/access/2025/LCD_USW00094847_2025.csv,10281566,22162bcdb974b625ded4e489141c7f39cec6e8c9cc19f42879f32a2857f95fcc,True,14206,0,0,0,365,2025-01-01,2025-12-31,0,,True,
USW00094849,https://www.ncei.noaa.gov/oa/local-climatological-data/v2/access/2025/LCD_USW00094849_2025.csv,200,https://www.ncei.noaa.gov/oa/local-climatological-data/v2/access/2025/LCD_USW00094849_2025.csv,9652788,a2a6c358c42cf5960cda04f3275e736276ddfcf84cdaedcbbfc8f2b88b648c20,True,15240,0,0,0,365,2025-01-01,2025-12-31,0,,True,
USW00094860,https://www.ncei.noaa.gov/oa/local-climatological-data/v2/access/2025/LCD_USW00094860_2025.csv,200,https://www.ncei.noaa.gov/oa/local-climatological-data/v2/access/2025/LCD_USW00094860_2025.csv,10685101,85c60f097e98ea64c491694cc56287897d0900465d3fedc8af7f01ab6e63f080,True,13956,0,0,0,365,2025-01-01,2025-12-31,0,,True,
USW00094870,https://www.ncei.noaa.gov/oa/local-climatological-data/v2/access/2025/LCD_USW00094870_2025.csv,200,https://www.ncei.noaa.gov/oa/local-climatological-data/v2/access/2025/LCD_USW00094870_2025.csv,7407925,d90180964af201835b933b47fbed6e3465c73b58067ecd4afb95c678eb55ed2f,True,11535,0,0,0,365,2025-01-01,2025-12-31,0,,True,
USW00094890,https://www.ncei.noaa.gov/oa/local-climatological-data/v2/access/2025/LCD_USW00094890_2025.csv,200,https://www.ncei.noaa.gov/oa/local-climatological-data/v2/access/2025/LCD_USW00094890_2025.csv,8408037,c1db6f32f5293bdaadef6521a5af286574b8221c30474eafb7887b43aef9dfca,True,14564,0,0,0,362,2025-01-01,2025-12-31,3,2025-08-30|2025-08-31|2025-09-01,False,
USW00094893,https://www.ncei.noaa.gov/oa/local-climatological-data/v2/access/2025/LCD_USW00094893_2025.csv,200,https://www.ncei.noaa.gov/oa/local-climatological-data/v2/access/2025/LCD_USW00094893_2025.csv,8171043,9c6a6708e1f4c484375a544b4633ca34219e92080a6c083bd773720c493d4ad3,True,12801,0,0,0,365,2025-01-01,2025-12-31,0,,True,
USW00094910,https://www.ncei.noaa.gov/oa/local-climatological-data/v2/access/2025/LCD_USW00094910_2025.csv,200,https://www.ncei.noaa.gov/oa/local-climatological-data/v2/access/2025/LCD_USW00094910_2025.csv,9723801,44eaf1ca0f0b4aca9db242f6b04c027ae63e0421482ffc000c9df7aebaaf08e1,True,14039,0,0,0,365,2025-01-01,2025-12-31,0,,True,
USW00094928,https://www.ncei.noaa.gov/oa/local-climatological-data/v2/access/2025/LCD_USW00094928_2025.csv,200,https://www.ncei.noaa.gov/oa/local-climatological-data/v2/access/2025/LCD_USW00094928_2025.csv,7024079,4488bd0a5bef70197d136238462123643bb61f5b97229a937a405cc8eab62cf3,True,11175,0,0,0,361,2025-01-01,2025-12-31,4,2025-08-27|2025-08-30|2025-08-31|2025-09-01,False,
USW00094931,https://www.ncei.noaa.gov/oa/local-climatological-data/v2/access/2025/LCD_USW00094931_2025.csv,200,https://www.ncei.noaa.gov/oa/local-climatological-data/v2/access/2025/LCD_USW00094931_2025.csv,8430664,1b28b1e475aaa172d40522cbaa736dfe821ba3367454b8eac835388e10bd16be,True,13084,0,0,0,365,2025-01-01,2025-12-31,0,,True,
USW00094933,https://www.ncei.noaa.gov/oa/local-climatological-data/v2/access/2025/LCD_USW00094933_2025.csv,200,https://www.ncei.noaa.gov/oa/local-climatological-data/v2/access/2025/LCD_USW00094933_2025.csv,7111332,fd7186d2da91f771faea8f128044531d12e546fb1b1e57e3fe5e77420a6d0f23,True,11440,0,0,0,364,2025-01-01,2025-12-31,1,2025-03-05,False,
USW00094938,https://www.ncei.noaa.gov/oa/local-climatological-data/v2/access/2025/LCD_USW00094938_2025.csv,200,https://www.ncei.noaa.gov/oa/local-climatological-data/v2/access/2025/LCD_USW00094938_2025.csv,7965594,23ddff4bf44c8d3fefbfbcbe98498f3d1e08cddc1a7c4865300c8c8d90dc649c,True,12448,0,0,0,365,2025-01-01,2025-12-31,0,,True,
