state,normalized_county,status
AK,JUNEAU,EXACT_NORMALIZED_MATCH
AK,KENAI PENINSULA,EXACT_NORMALIZED_MATCH
AK,KETCHIKAN GATEWAY,EXACT_NORMALIZED_MATCH
AL,AUTAUGA,EXACT_NORMALIZED_MATCH
AL,BALDWIN,EXACT_NORMALIZED_MATCH
AL,BARBOUR,EXACT_NORMALIZED_MATCH
AL,BIBB,EXACT_NORMALIZED_MATCH
AL,BLOUNT,EXACT_NORMALIZED_MATCH
AL,BULLOCK,EXACT_NORMALIZED_MATCH
AL,BUTLER,EXACT_NORMALIZED_MATCH
AL,CALHOUN,EXACT_NORMALIZED_MATCH
AL,CHEROKEE,EXACT_NORMALIZED_MATCH
AL,CHILTON,EXACT_NORMALIZED_MATCH
AL,CHOCTAW,EXACT_NORMALIZED_MATCH
AL,CLARKE,EXACT_NORMALIZED_MATCH
AL,CLAY,EXACT_NORMALIZED_MATCH
AL,CLEBURNE,EXACT_NORMALIZED_MATCH
AL,COFFEE,EXACT_NORMALIZED_MATCH
AL,COLBERT,EXACT_NORMALIZED_MATCH
AL,CONECUH,EXACT_NORMALIZED_MATCH
AL,COOSA,EXACT_NORMALIZED_MATCH
AL,COVINGTON,EXACT_NORMALIZED_MATCH
AL,CRENSHAW,EXACT_NORMALIZED_MATCH
AL,CULLMAN,EXACT_NORMALIZED_MATCH
AL,DALE,EXACT_NORMALIZED_MATCH
AL,DALLAS,EXACT_NORMALIZED_MATCH
AL,DEKALB,EXACT_NORMALIZED_MATCH
AL,ELMORE,EXACT_NORMALIZED_MATCH
AL,ESCAMBIA,EXACT_NORMALIZED_MATCH
AL,ETOWAH,EXACT_NORMALIZED_MATCH
AL,FAYETTE,EXACT_NORMALIZED_MATCH
AL,FRANKLIN,EXACT_NORMALIZED_MATCH
AL,GENEVA,EXACT_NORMALIZED_MATCH
AL,GREENE,EXACT_NORMALIZED_MATCH
AL,HALE,EXACT_NORMALIZED_MATCH
AL,HENRY,EXACT_NORMALIZED_MATCH
AL,HOUSTON,EXACT_NORMALIZED_MATCH
AL,JACKSON,EXACT_NORMALIZED_MATCH
AL,JEFFERSON,EXACT_NORMALIZED_MATCH
AL,LAMAR,EXACT_NORMALIZED_MATCH
AL,LAUDERDALE,EXACT_NORMALIZED_MATCH
AL,LAWRENCE,EXACT_NORMALIZED_MATCH
AL,LEE,EXACT_NORMALIZED_MATCH
AL,LIMESTONE,EXACT_NORMALIZED_MATCH
AL,LOWNDES,EXACT_NORMALIZED_MATCH
AL,MACON,EXACT_NORMALIZED_MATCH
AL,MADISON,EXACT_NORMALIZED_MATCH
AL,MARENGO,EXACT_NORMALIZED_MATCH
AL,MARION,EXACT_NORMALIZED_MATCH
AL,MARSHALL,EXACT_NORMALIZED_MATCH
AL,MOBILE,EXACT_NORMALIZED_MATCH
AL,MONROE,EXACT_NORMALIZED_MATCH
AL,MONTGOMERY,EXACT_NORMALIZED_MATCH
AL,MORGAN,EXACT_NORMALIZED_MATCH
AL,PERRY,EXACT_NORMALIZED_MATCH
AL,PICKENS,EXACT_NORMALIZED_MATCH
AL,PIKE,EXACT_NORMALIZED_MATCH
AL,RANDOLPH,EXACT_NORMALIZED_MATCH
AL,RUSSELL,EXACT_NORMALIZED_MATCH
AL,SHELBY,EXACT_NORMALIZED_MATCH
AL,SUMTER,EXACT_NORMALIZED_MATCH
AL,TALLADEGA,EXACT_NORMALIZED_MATCH
AL,TALLAPOOSA,EXACT_NORMALIZED_MATCH
AL,TUSCALOOSA,EXACT_NORMALIZED_MATCH
AL,WALKER,EXACT_NORMALIZED_MATCH
AL,WASHINGTON,EXACT_NORMALIZED_MATCH
AL,WILCOX,EXACT_NORMALIZED_MATCH
AL,WINSTON,EXACT_NORMALIZED_MATCH
AR,ARKANSAS,EXACT_NORMALIZED_MATCH
AR,ASHLEY,EXACT_NORMALIZED_MATCH
AR,BAXTER,EXACT_NORMALIZED_MATCH
AR,BENTON,EXACT_NORMALIZED_MATCH
AR,BOONE,EXACT_NORMALIZED_MATCH
AR,CALHOUN,EXACT_NORMALIZED_MATCH
AR,CARROLL,EXACT_NORMALIZED_MATCH
AR,CHICOT,EXACT_NORMALIZED_MATCH
AR,CLARK,EXACT_NORMALIZED_MATCH
AR,CLAY,EXACT_NORMALIZED_MATCH
AR,CLEBURNE,EXACT_NORMALIZED_MATCH
AR,CLEVELAND,EXACT_NORMALIZED_MATCH
AR,COLUMBIA,EXACT_NORMALIZED_MATCH
AR,CONWAY,EXACT_NORMALIZED_MATCH
AR,CRAIGHEAD,EXACT_NORMALIZED_MATCH
AR,CRAWFORD,EXACT_NORMALIZED_MATCH
AR,CRITTENDEN,EXACT_NORMALIZED_MATCH
AR,CROSS,EXACT_NORMALIZED_MATCH
AR,DALLAS,EXACT_NORMALIZED_MATCH
AR,DESHA,EXACT_NORMALIZED_MATCH
AR,DREW,EXACT_NORMALIZED_MATCH
AR,FAULKNER,EXACT_NORMALIZED_MATCH
AR,FRANKLIN,EXACT_NORMALIZED_MATCH
AR,FULTON,EXACT_NORMALIZED_MATCH
AR,GARLAND,EXACT_NORMALIZED_MATCH
AR,GRANT,EXACT_NORMALIZED_MATCH
AR,GREENE,EXACT_NORMALIZED_MATCH
AR,HEMPSTEAD,EXACT_NORMALIZED_MATCH
AR,HOT SPRING,EXACT_NORMALIZED_MATCH
AR,HOWARD,EXACT_NORMALIZED_MATCH
AR,INDEPENDENCE,EXACT_NORMALIZED_MATCH
AR,JACKSON,EXACT_NORMALIZED_MATCH
AR,JEFFERSON,EXACT_NORMALIZED_MATCH
AR,JOHNSON,EXACT_NORMALIZED_MATCH
AR,LAFAYETTE,EXACT_NORMALIZED_MATCH
AR,LAWRENCE,EXACT_NORMALIZED_MATCH
AR,LEE,EXACT_NORMALIZED_MATCH
AR,LINCOLN,EXACT_NORMALIZED_MATCH
AR,LITTLE RIVER,EXACT_NORMALIZED_MATCH
AR,LOGAN,EXACT_NORMALIZED_MATCH
AR,LONOKE,EXACT_NORMALIZED_MATCH
AR,MADISON,EXACT_NORMALIZED_MATCH
AR,MARION,EXACT_NORMALIZED_MATCH
AR,MILLER,EXACT_NORMALIZED_MATCH
AR,MISSISSIPPI,EXACT_NORMALIZED_MATCH
AR,MONROE,EXACT_NORMALIZED_MATCH
AR,MONTGOMERY,EXACT_NORMALIZED_MATCH
AR,NEVADA,EXACT_NORMALIZED_MATCH
AR,NEWTON,EXACT_NORMALIZED_MATCH
AR,OUACHITA,EXACT_NORMALIZED_MATCH
AR,PERRY,EXACT_NORMALIZED_MATCH
AR,PHILLIPS,EXACT_NORMALIZED_MATCH
AR,PIKE,EXACT_NORMALIZED_MATCH
AR,POINSETT,EXACT_NORMALIZED_MATCH
AR,POLK,EXACT_NORMALIZED_MATCH
AR,POPE,EXACT_NORMALIZED_MATCH
AR,PRAIRIE,EXACT_NORMALIZED_MATCH
AR,PULASKI,EXACT_NORMALIZED_MATCH
AR,RANDOLPH,EXACT_NORMALIZED_MATCH
AR,SALINE,EXACT_NORMALIZED_MATCH
AR,SCOTT,EXACT_NORMALIZED_MATCH
AR,SEARCY,EXACT_NORMALIZED_MATCH
AR,SEBASTIAN,EXACT_NORMALIZED_MATCH
AR,SEVIER,EXACT_NORMALIZED_MATCH
AR,SHARP,EXACT_NORMALIZED_MATCH
AR,STONE,EXACT_NORMALIZED_MATCH
AR,UNION,EXACT_NORMALIZED_MATCH
AR,VAN BUREN,EXACT_NORMALIZED_MATCH
AR,WASHINGTON,EXACT_NORMALIZED_MATCH
AR,WHITE,EXACT_NORMALIZED_MATCH
AR,WOODRUFF,EXACT_NORMALIZED_MATCH
AR,YELL,EXACT_NORMALIZED_MATCH
AZ,APACHE,EXACT_NORMALIZED_MATCH
AZ,COCHISE,EXACT_NORMALIZED_MATCH
AZ,COCONINO,EXACT_NORMALIZED_MATCH
AZ,GILA,EXACT_NORMALIZED_MATCH
AZ,GRAHAM,EXACT_NORMALIZED_MATCH
AZ,LA PAZ,EXACT_NORMALIZED_MATCH
AZ,MARICOPA,EXACT_NORMALIZED_MATCH
AZ,MOHAVE,EXACT_NORMALIZED_MATCH
AZ,NAVAJO,EXACT_NORMALIZED_MATCH
AZ,PIMA,EXACT_NORMALIZED_MATCH
AZ,PINAL,EXACT_NORMALIZED_MATCH
AZ,SANTA CRUZ,EXACT_NORMALIZED_MATCH
AZ,YAVAPAI,EXACT_NORMALIZED_MATCH
AZ,YUMA,EXACT_NORMALIZED_MATCH
CA,ALAMEDA,EXACT_NORMALIZED_MATCH
CA,ALPINE,EXACT_NORMALIZED_MATCH
CA,BUTTE,EXACT_NORMALIZED_MATCH
CA,COLUSA,EXACT_NORMALIZED_MATCH
CA,CONTRA COSTA,EXACT_NORMALIZED_MATCH
CA,DEL NORTE,EXACT_NORMALIZED_MATCH
CA,EL DORADO,EXACT_NORMALIZED_MATCH
CA,FRESNO,EXACT_NORMALIZED_MATCH
CA,GLENN,EXACT_NORMALIZED_MATCH
CA,HUMBOLDT,EXACT_NORMALIZED_MATCH
CA,IMPERIAL,EXACT_NORMALIZED_MATCH
CA,INYO,EXACT_NORMALIZED_MATCH
CA,KERN,EXACT_NORMALIZED_MATCH
CA,KINGS,EXACT_NORMALIZED_MATCH
CA,LAKE,EXACT_NORMALIZED_MATCH
CA,LASSEN,EXACT_NORMALIZED_MATCH
CA,LOS ANGELES,EXACT_NORMALIZED_MATCH
CA,MADERA,EXACT_NORMALIZED_MATCH
CA,MARIN,EXACT_NORMALIZED_MATCH
CA,MARIPOSA,EXACT_NORMALIZED_MATCH
CA,MENDOCINO,EXACT_NORMALIZED_MATCH
CA,MERCED,EXACT_NORMALIZED_MATCH
CA,MONO,EXACT_NORMALIZED_MATCH
CA,MONTEREY,EXACT_NORMALIZED_MATCH
CA,NAPA,EXACT_NORMALIZED_MATCH
CA,NEVADA,EXACT_NORMALIZED_MATCH
CA,ORANGE,EXACT_NORMALIZED_MATCH
CA,PLACER,EXACT_NORMALIZED_MATCH
CA,PLUMAS,EXACT_NORMALIZED_MATCH
CA,RIVERSIDE,EXACT_NORMALIZED_MATCH
CA,SACRAMENTO,EXACT_NORMALIZED_MATCH
CA,SAN BENITO,EXACT_NORMALIZED_MATCH
CA,SAN BERNARDINO,EXACT_NORMALIZED_MATCH
CA,SAN DIEGO,EXACT_NORMALIZED_MATCH
CA,SAN FRANCISCO,EXACT_NORMALIZED_MATCH
CA,SAN JOAQUIN,EXACT_NORMALIZED_MATCH
CA,SAN LUIS OBISPO,EXACT_NORMALIZED_MATCH
CA,SAN MATEO,EXACT_NORMALIZED_MATCH
CA,SANTA BARBARA,EXACT_NORMALIZED_MATCH
CA,SANTA CLARA,EXACT_NORMALIZED_MATCH
CA,SANTA CRUZ,EXACT_NORMALIZED_MATCH
CA,SHASTA,EXACT_NORMALIZED_MATCH
CA,SIERRA,EXACT_NORMALIZED_MATCH
CA,SISKIYOU,EXACT_NORMALIZED_MATCH
CA,SOLANO,EXACT_NORMALIZED_MATCH
CA,SONOMA,EXACT_NORMALIZED_MATCH
CA,STANISLAUS,EXACT_NORMALIZED_MATCH
CA,SUTTER,EXACT_NORMALIZED_MATCH
CA,TEHAMA,EXACT_NORMALIZED_MATCH
CA,TRINITY,EXACT_NORMALIZED_MATCH
CA,TULARE,EXACT_NORMALIZED_MATCH
CA,VENTURA,EXACT_NORMALIZED_MATCH
CA,YOLO,EXACT_NORMALIZED_MATCH
CA,YUBA,EXACT_NORMALIZED_MATCH
CO,ADAMS,EXACT_NORMALIZED_MATCH
CO,ARAPAHOE,EXACT_NORMALIZED_MATCH
CO,ARCHULETA,EXACT_NORMALIZED_MATCH
CO,BACA,EXACT_NORMALIZED_MATCH
CO,BENT,EXACT_NORMALIZED_MATCH
CO,BOULDER,EXACT_NORMALIZED_MATCH
CO,BROOMFIELD,EXACT_NORMALIZED_MATCH
CO,CHEYENNE,EXACT_NORMALIZED_MATCH
CO,CROWLEY,EXACT_NORMALIZED_MATCH
CO,CUSTER,EXACT_NORMALIZED_MATCH
CO,DENVER,EXACT_NORMALIZED_MATCH
CO,DOUGLAS,EXACT_NORMALIZED_MATCH
CO,EAGLE,EXACT_NORMALIZED_MATCH
CO,EL PASO,EXACT_NORMALIZED_MATCH
CO,ELBERT,EXACT_NORMALIZED_MATCH
CO,FREMONT,EXACT_NORMALIZED_MATCH
CO,GARFIELD,EXACT_NORMALIZED_MATCH
CO,GRAND,EXACT_NORMALIZED_MATCH
CO,GUNNISON,EXACT_NORMALIZED_MATCH
CO,HINSDALE,EXACT_NORMALIZED_MATCH
CO,HUERFANO,EXACT_NORMALIZED_MATCH
CO,JACKSON,EXACT_NORMALIZED_MATCH
CO,JEFFERSON,EXACT_NORMALIZED_MATCH
CO,KIOWA,EXACT_NORMALIZED_MATCH
CO,KIT CARSON,EXACT_NORMALIZED_MATCH
CO,LA PLATA,EXACT_NORMALIZED_MATCH
CO,LARIMER,EXACT_NORMALIZED_MATCH
CO,LAS ANIMAS,EXACT_NORMALIZED_MATCH
CO,LINCOLN,EXACT_NORMALIZED_MATCH
CO,LOGAN,EXACT_NORMALIZED_MATCH
CO,MESA,EXACT_NORMALIZED_MATCH
CO,MINERAL,EXACT_NORMALIZED_MATCH
CO,MOFFAT,EXACT_NORMALIZED_MATCH
CO,MONTEZUMA,EXACT_NORMALIZED_MATCH
CO,MONTROSE,EXACT_NORMALIZED_MATCH
CO,MORGAN,EXACT_NORMALIZED_MATCH
CO,OTERO,EXACT_NORMALIZED_MATCH
CO,OURAY,EXACT_NORMALIZED_MATCH
CO,PARK,EXACT_NORMALIZED_MATCH
CO,PHILLIPS,EXACT_NORMALIZED_MATCH
CO,PITKIN,EXACT_NORMALIZED_MATCH
CO,PROWERS,EXACT_NORMALIZED_MATCH
CO,PUEBLO,EXACT_NORMALIZED_MATCH
CO,RIO BLANCO,EXACT_NORMALIZED_MATCH
CO,RIO GRANDE,EXACT_NORMALIZED_MATCH
CO,ROUTT,EXACT_NORMALIZED_MATCH
CO,SAGUACHE,EXACT_NORMALIZED_MATCH
CO,SAN JUAN,EXACT_NORMALIZED_MATCH
CO,SAN MIGUEL,EXACT_NORMALIZED_MATCH
CO,SEDGWICK,EXACT_NORMALIZED_MATCH
CO,SUMMIT,EXACT_NORMALIZED_MATCH
CO,TELLER,EXACT_NORMALIZED_MATCH
CO,WASHINGTON,EXACT_NORMALIZED_MATCH
CO,WELD,EXACT_NORMALIZED_MATCH
CO,YUMA,EXACT_NORMALIZED_MATCH
CT,FAIRFIELD,EXACT_NORMALIZED_MATCH
CT,HARTFORD,EXACT_NORMALIZED_MATCH
CT,LITCHFIELD,EXACT_NORMALIZED_MATCH
CT,MIDDLESEX,EXACT_NORMALIZED_MATCH
CT,NEW HAVEN,EXACT_NORMALIZED_MATCH
CT,NEW LONDON,EXACT_NORMALIZED_MATCH
CT,TOLLAND,EXACT_NORMALIZED_MATCH
CT,WINDHAM,EXACT_NORMALIZED_MATCH
DC,DISTRICT OF COLUMBIA,EXACT_NORMALIZED_MATCH
DE,KENT,EXACT_NORMALIZED_MATCH
DE,NEW CASTLE,EXACT_NORMALIZED_MATCH
DE,SUSSEX,EXACT_NORMALIZED_MATCH
FL,ALACHUA,EXACT_NORMALIZED_MATCH
FL,BAKER,EXACT_NORMALIZED_MATCH
FL,BAY,EXACT_NORMALIZED_MATCH
FL,BRADFORD,EXACT_NORMALIZED_MATCH
FL,BREVARD,EXACT_NORMALIZED_MATCH
FL,BROWARD,EXACT_NORMALIZED_MATCH
FL,CALHOUN,EXACT_NORMALIZED_MATCH
FL,CHARLOTTE,EXACT_NORMALIZED_MATCH
FL,CITRUS,EXACT_NORMALIZED_MATCH
FL,CLAY,EXACT_NORMALIZED_MATCH
FL,COLLIER,EXACT_NORMALIZED_MATCH
FL,COLUMBIA,EXACT_NORMALIZED_MATCH
FL,DIXIE,EXACT_NORMALIZED_MATCH
FL,DUVAL,EXACT_NORMALIZED_MATCH
FL,ESCAMBIA,EXACT_NORMALIZED_MATCH
FL,FLAGLER,EXACT_NORMALIZED_MATCH
FL,FRANKLIN,EXACT_NORMALIZED_MATCH
FL,GADSDEN,EXACT_NORMALIZED_MATCH
FL,GILCHRIST,EXACT_NORMALIZED_MATCH
FL,GLADES,EXACT_NORMALIZED_MATCH
FL,GULF,EXACT_NORMALIZED_MATCH
FL,HAMILTON,EXACT_NORMALIZED_MATCH
FL,HARDEE,EXACT_NORMALIZED_MATCH
FL,HENDRY,EXACT_NORMALIZED_MATCH
FL,HERNANDO,EXACT_NORMALIZED_MATCH
FL,HIGHLANDS,EXACT_NORMALIZED_MATCH
FL,HILLSBOROUGH,EXACT_NORMALIZED_MATCH
FL,HOLMES,EXACT_NORMALIZED_MATCH
FL,INDIAN RIVER,EXACT_NORMALIZED_MATCH
FL,JACKSON,EXACT_NORMALIZED_MATCH
FL,JEFFERSON,EXACT_NORMALIZED_MATCH
FL,LAFAYETTE,EXACT_NORMALIZED_MATCH
FL,LAKE,EXACT_NORMALIZED_MATCH
FL,LEE,EXACT_NORMALIZED_MATCH
FL,LEON,EXACT_NORMALIZED_MATCH
FL,LEVY,EXACT_NORMALIZED_MATCH
FL,LIBERTY,EXACT_NORMALIZED_MATCH
FL,MADISON,EXACT_NORMALIZED_MATCH
FL,MANATEE,EXACT_NORMALIZED_MATCH
FL,MARION,EXACT_NORMALIZED_MATCH
FL,MARTIN,EXACT_NORMALIZED_MATCH
FL,MIAMI DADE,EXACT_NORMALIZED_MATCH
FL,MONROE,EXACT_NORMALIZED_MATCH
FL,NASSAU,EXACT_NORMALIZED_MATCH
FL,OKALOOSA,EXACT_NORMALIZED_MATCH
FL,OKEECHOBEE,EXACT_NORMALIZED_MATCH
FL,ORANGE,EXACT_NORMALIZED_MATCH
FL,OSCEOLA,EXACT_NORMALIZED_MATCH
FL,PALM BEACH,EXACT_NORMALIZED_MATCH
FL,PASCO,EXACT_NORMALIZED_MATCH
FL,PINELLAS,EXACT_NORMALIZED_MATCH
FL,POLK,EXACT_NORMALIZED_MATCH
FL,PUTNAM,EXACT_NORMALIZED_MATCH
FL,SANTA ROSA,EXACT_NORMALIZED_MATCH
FL,SARASOTA,EXACT_NORMALIZED_MATCH
FL,SEMINOLE,EXACT_NORMALIZED_MATCH
FL,SUMTER,EXACT_NORMALIZED_MATCH
FL,SUWANNEE,EXACT_NORMALIZED_MATCH
FL,TAYLOR,EXACT_NORMALIZED_MATCH
FL,UNION,EXACT_NORMALIZED_MATCH
FL,VOLUSIA,EXACT_NORMALIZED_MATCH
FL,WAKULLA,EXACT_NORMALIZED_MATCH
FL,WALTON,EXACT_NORMALIZED_MATCH
FL,WASHINGTON,EXACT_NORMALIZED_MATCH
GA,APPLING,EXACT_NORMALIZED_MATCH
GA,ATKINSON,EXACT_NORMALIZED_MATCH
GA,BACON,EXACT_NORMALIZED_MATCH
GA,BAKER,EXACT_NORMALIZED_MATCH
GA,BALDWIN,EXACT_NORMALIZED_MATCH
GA,BANKS,EXACT_NORMALIZED_MATCH
GA,BARTOW,EXACT_NORMALIZED_MATCH
GA,BEN HILL,EXACT_NORMALIZED_MATCH
GA,BERRIEN,EXACT_NORMALIZED_MATCH
GA,BIBB,EXACT_NORMALIZED_MATCH
GA,BLECKLEY,EXACT_NORMALIZED_MATCH
GA,BRANTLEY,EXACT_NORMALIZED_MATCH
GA,BROOKS,EXACT_NORMALIZED_MATCH
GA,BULLOCH,EXACT_NORMALIZED_MATCH
GA,BURKE,EXACT_NORMALIZED_MATCH
GA,BUTTS,EXACT_NORMALIZED_MATCH
GA,CALHOUN,EXACT_NORMALIZED_MATCH
GA,CAMDEN,EXACT_NORMALIZED_MATCH
GA,CANDLER,EXACT_NORMALIZED_MATCH
GA,CARROLL,EXACT_NORMALIZED_MATCH
GA,CATOOSA,EXACT_NORMALIZED_MATCH
GA,CHARLTON,EXACT_NORMALIZED_MATCH
GA,CHATHAM,EXACT_NORMALIZED_MATCH
GA,CHATTOOGA,EXACT_NORMALIZED_MATCH
GA,CHEROKEE,EXACT_NORMALIZED_MATCH
GA,CLARKE,EXACT_NORMALIZED_MATCH
GA,CLAYTON,EXACT_NORMALIZED_MATCH
GA,CLINCH,EXACT_NORMALIZED_MATCH
GA,COBB,EXACT_NORMALIZED_MATCH
GA,COFFEE,EXACT_NORMALIZED_MATCH
GA,COLQUITT,EXACT_NORMALIZED_MATCH
GA,COLUMBIA,EXACT_NORMALIZED_MATCH
GA,COOK,EXACT_NORMALIZED_MATCH
GA,COWETA,EXACT_NORMALIZED_MATCH
GA,CRAWFORD,EXACT_NORMALIZED_MATCH
GA,CRISP,EXACT_NORMALIZED_MATCH
GA,DADE,EXACT_NORMALIZED_MATCH
GA,DAWSON,EXACT_NORMALIZED_MATCH
GA,DECATUR,EXACT_NORMALIZED_MATCH
GA,DODGE,EXACT_NORMALIZED_MATCH
GA,DOOLY,EXACT_NORMALIZED_MATCH
GA,DOUGHERTY,EXACT_NORMALIZED_MATCH
GA,DOUGLAS,EXACT_NORMALIZED_MATCH
GA,EARLY,EXACT_NORMALIZED_MATCH
GA,ECHOLS,EXACT_NORMALIZED_MATCH
GA,EFFINGHAM,EXACT_NORMALIZED_MATCH
GA,ELBERT,EXACT_NORMALIZED_MATCH
GA,EMANUEL,EXACT_NORMALIZED_MATCH
GA,EVANS,EXACT_NORMALIZED_MATCH
GA,FANNIN,EXACT_NORMALIZED_MATCH
GA,FAYETTE,EXACT_NORMALIZED_MATCH
GA,FLOYD,EXACT_NORMALIZED_MATCH
GA,FRANKLIN,EXACT_NORMALIZED_MATCH
GA,FULTON,EXACT_NORMALIZED_MATCH
GA,GILMER,EXACT_NORMALIZED_MATCH
GA,GLYNN,EXACT_NORMALIZED_MATCH
GA,GORDON,EXACT_NORMALIZED_MATCH
GA,GRADY,EXACT_NORMALIZED_MATCH
GA,GWINNETT,EXACT_NORMALIZED_MATCH
GA,HABERSHAM,EXACT_NORMALIZED_MATCH
GA,HALL,EXACT_NORMALIZED_MATCH
GA,HARRIS,EXACT_NORMALIZED_MATCH
GA,HART,EXACT_NORMALIZED_MATCH
GA,HEARD,EXACT_NORMALIZED_MATCH
GA,HENRY,EXACT_NORMALIZED_MATCH
GA,HOUSTON,EXACT_NORMALIZED_MATCH
GA,IRWIN,EXACT_NORMALIZED_MATCH
GA,JACKSON,EXACT_NORMALIZED_MATCH
GA,JASPER,EXACT_NORMALIZED_MATCH
GA,JEFF DAVIS,EXACT_NORMALIZED_MATCH
GA,JEFFERSON,EXACT_NORMALIZED_MATCH
GA,JENKINS,EXACT_NORMALIZED_MATCH
GA,JOHNSON,EXACT_NORMALIZED_MATCH
GA,JONES,EXACT_NORMALIZED_MATCH
GA,LAMAR,EXACT_NORMALIZED_MATCH
GA,LANIER,EXACT_NORMALIZED_MATCH
GA,LAURENS,EXACT_NORMALIZED_MATCH
GA,LEE,EXACT_NORMALIZED_MATCH
GA,LIBERTY,EXACT_NORMALIZED_MATCH
GA,LINCOLN,EXACT_NORMALIZED_MATCH
GA,LONG,EXACT_NORMALIZED_MATCH
GA,LOWNDES,EXACT_NORMALIZED_MATCH
GA,LUMPKIN,EXACT_NORMALIZED_MATCH
GA,MADISON,EXACT_NORMALIZED_MATCH
GA,MARION,EXACT_NORMALIZED_MATCH
GA,MCDUFFIE,EXACT_NORMALIZED_MATCH
GA,MCINTOSH,EXACT_NORMALIZED_MATCH
GA,MERIWETHER,EXACT_NORMALIZED_MATCH
GA,MILLER,EXACT_NORMALIZED_MATCH
GA,MITCHELL,EXACT_NORMALIZED_MATCH
GA,MONROE,EXACT_NORMALIZED_MATCH
GA,MONTGOMERY,EXACT_NORMALIZED_MATCH
GA,MORGAN,EXACT_NORMALIZED_MATCH
GA,MURRAY,EXACT_NORMALIZED_MATCH
GA,MUSCOGEE,EXACT_NORMALIZED_MATCH
GA,NEWTON,EXACT_NORMALIZED_MATCH
GA,OCONEE,EXACT_NORMALIZED_MATCH
GA,OGLETHORPE,EXACT_NORMALIZED_MATCH
GA,PAULDING,EXACT_NORMALIZED_MATCH
GA,PEACH,EXACT_NORMALIZED_MATCH
GA,PICKENS,EXACT_NORMALIZED_MATCH
GA,PIERCE,EXACT_NORMALIZED_MATCH
GA,PIKE,EXACT_NORMALIZED_MATCH
GA,POLK,EXACT_NORMALIZED_MATCH
GA,PULASKI,EXACT_NORMALIZED_MATCH
GA,PUTNAM,EXACT_NORMALIZED_MATCH
GA,QUITMAN,EXACT_NORMALIZED_MATCH
GA,RABUN,EXACT_NORMALIZED_MATCH
GA,RANDOLPH,EXACT_NORMALIZED_MATCH
GA,RICHMOND,EXACT_NORMALIZED_MATCH
GA,ROCKDALE,EXACT_NORMALIZED_MATCH
GA,SCHLEY,EXACT_NORMALIZED_MATCH
GA,SCREVEN,EXACT_NORMALIZED_MATCH
GA,SEMINOLE,EXACT_NORMALIZED_MATCH
GA,SPALDING,EXACT_NORMALIZED_MATCH
GA,STEPHENS,EXACT_NORMALIZED_MATCH
GA,STEWART,EXACT_NORMALIZED_MATCH
GA,SUMTER,EXACT_NORMALIZED_MATCH
GA,TALBOT,EXACT_NORMALIZED_MATCH
GA,TALIAFERRO,EXACT_NORMALIZED_MATCH
GA,TATTNALL,EXACT_NORMALIZED_MATCH
GA,TAYLOR,EXACT_NORMALIZED_MATCH
GA,TERRELL,EXACT_NORMALIZED_MATCH
GA,THOMAS,EXACT_NORMALIZED_MATCH
GA,TIFT,EXACT_NORMALIZED_MATCH
GA,TOOMBS,EXACT_NORMALIZED_MATCH
GA,TREUTLEN,EXACT_NORMALIZED_MATCH
GA,TROUP,EXACT_NORMALIZED_MATCH
GA,TURNER,EXACT_NORMALIZED_MATCH
GA,TWIGGS,EXACT_NORMALIZED_MATCH
GA,UNION,EXACT_NORMALIZED_MATCH
GA,UPSON,EXACT_NORMALIZED_MATCH
GA,WALKER,EXACT_NORMALIZED_MATCH
GA,WALTON,EXACT_NORMALIZED_MATCH
GA,WARE,EXACT_NORMALIZED_MATCH
GA,WASHINGTON,EXACT_NORMALIZED_MATCH
GA,WAYNE,EXACT_NORMALIZED_MATCH
GA,WEBSTER,EXACT_NORMALIZED_MATCH
GA,WHEELER,EXACT_NORMALIZED_MATCH
GA,WHITE,EXACT_NORMALIZED_MATCH
GA,WHITFIELD,EXACT_NORMALIZED_MATCH
GA,WILKES,EXACT_NORMALIZED_MATCH
GA,WILKINSON,EXACT_NORMALIZED_MATCH
GA,WORTH,EXACT_NORMALIZED_MATCH
HI,HAWAII,EXACT_NORMALIZED_MATCH
HI,HONOLULU,EXACT_NORMALIZED_MATCH
HI,KAUAI,EXACT_NORMALIZED_MATCH
HI,MAUI,EXACT_NORMALIZED_MATCH
IA,ADAIR,EXACT_NORMALIZED_MATCH
IA,ADAMS,EXACT_NORMALIZED_MATCH
IA,ALLAMAKEE,EXACT_NORMALIZED_MATCH
IA,APPANOOSE,EXACT_NORMALIZED_MATCH
IA,AUDUBON,EXACT_NORMALIZED_MATCH
IA,BENTON,EXACT_NORMALIZED_MATCH
IA,BLACK HAWK,EXACT_NORMALIZED_MATCH
IA,BOONE,EXACT_NORMALIZED_MATCH
IA,BREMER,EXACT_NORMALIZED_MATCH
IA,BUCHANAN,EXACT_NORMALIZED_MATCH
IA,BUENA VISTA,EXACT_NORMALIZED_MATCH
IA,BUTLER,EXACT_NORMALIZED_MATCH
IA,CALHOUN,EXACT_NORMALIZED_MATCH
IA,CARROLL,EXACT_NORMALIZED_MATCH
IA,CASS,EXACT_NORMALIZED_MATCH
IA,CEDAR,EXACT_NORMALIZED_MATCH
IA,CERRO GORDO,EXACT_NORMALIZED_MATCH
IA,CHEROKEE,EXACT_NORMALIZED_MATCH
IA,CHICKASAW,EXACT_NORMALIZED_MATCH
IA,CLARKE,EXACT_NORMALIZED_MATCH
IA,CLAY,EXACT_NORMALIZED_MATCH
IA,CLAYTON,EXACT_NORMALIZED_MATCH
IA,CLINTON,EXACT_NORMALIZED_MATCH
IA,CRAWFORD,EXACT_NORMALIZED_MATCH
IA,DALLAS,EXACT_NORMALIZED_MATCH
IA,DAVIS,EXACT_NORMALIZED_MATCH
IA,DECATUR,EXACT_NORMALIZED_MATCH
IA,DELAWARE,EXACT_NORMALIZED_MATCH
IA,DES MOINES,EXACT_NORMALIZED_MATCH
IA,DICKINSON,EXACT_NORMALIZED_MATCH
IA,DUBUQUE,EXACT_NORMALIZED_MATCH
IA,EMMET,EXACT_NORMALIZED_MATCH
IA,FAYETTE,EXACT_NORMALIZED_MATCH
IA,FLOYD,EXACT_NORMALIZED_MATCH
IA,FRANKLIN,EXACT_NORMALIZED_MATCH
IA,FREMONT,EXACT_NORMALIZED_MATCH
IA,GREENE,EXACT_NORMALIZED_MATCH
IA,GRUNDY,EXACT_NORMALIZED_MATCH
IA,GUTHRIE,EXACT_NORMALIZED_MATCH
IA,HAMILTON,EXACT_NORMALIZED_MATCH
IA,HANCOCK,EXACT_NORMALIZED_MATCH
IA,HARDIN,EXACT_NORMALIZED_MATCH
IA,HARRISON,EXACT_NORMALIZED_MATCH
IA,HENRY,EXACT_NORMALIZED_MATCH
IA,HOWARD,EXACT_NORMALIZED_MATCH
IA,HUMBOLDT,EXACT_NORMALIZED_MATCH
IA,IDA,EXACT_NORMALIZED_MATCH
IA,IOWA,EXACT_NORMALIZED_MATCH
IA,JACKSON,EXACT_NORMALIZED_MATCH
IA,JASPER,EXACT_NORMALIZED_MATCH
IA,JEFFERSON,EXACT_NORMALIZED_MATCH
IA,JOHNSON,EXACT_NORMALIZED_MATCH
IA,JONES,EXACT_NORMALIZED_MATCH
IA,KEOKUK,EXACT_NORMALIZED_MATCH
IA,KOSSUTH,EXACT_NORMALIZED_MATCH
IA,LEE,EXACT_NORMALIZED_MATCH
IA,LINN,EXACT_NORMALIZED_MATCH
IA,LOUISA,EXACT_NORMALIZED_MATCH
IA,LUCAS,EXACT_NORMALIZED_MATCH
IA,LYON,EXACT_NORMALIZED_MATCH
IA,MADISON,EXACT_NORMALIZED_MATCH
IA,MAHASKA,EXACT_NORMALIZED_MATCH
IA,MARION,EXACT_NORMALIZED_MATCH
IA,MARSHALL,EXACT_NORMALIZED_MATCH
IA,MILLS,EXACT_NORMALIZED_MATCH
IA,MITCHELL,EXACT_NORMALIZED_MATCH
IA,MONONA,EXACT_NORMALIZED_MATCH
IA,MONROE,EXACT_NORMALIZED_MATCH
IA,MONTGOMERY,EXACT_NORMALIZED_MATCH
IA,MUSCATINE,EXACT_NORMALIZED_MATCH
IA,O BRIEN,EXACT_NORMALIZED_MATCH
IA,OSCEOLA,EXACT_NORMALIZED_MATCH
IA,PAGE,EXACT_NORMALIZED_MATCH
IA,PALO ALTO,EXACT_NORMALIZED_MATCH
IA,PLYMOUTH,EXACT_NORMALIZED_MATCH
IA,POCAHONTAS,EXACT_NORMALIZED_MATCH
IA,POLK,EXACT_NORMALIZED_MATCH
IA,POTTAWATTAMIE,EXACT_NORMALIZED_MATCH
IA,POWESHIEK,EXACT_NORMALIZED_MATCH
IA,RINGGOLD,EXACT_NORMALIZED_MATCH
IA,SAC,EXACT_NORMALIZED_MATCH
IA,SCOTT,EXACT_NORMALIZED_MATCH
IA,SHELBY,EXACT_NORMALIZED_MATCH
IA,SIOUX,EXACT_NORMALIZED_MATCH
IA,STORY,EXACT_NORMALIZED_MATCH
IA,TAMA,EXACT_NORMALIZED_MATCH
IA,TAYLOR,EXACT_NORMALIZED_MATCH
IA,UNION,EXACT_NORMALIZED_MATCH
IA,VAN BUREN,EXACT_NORMALIZED_MATCH
IA,WAPELLO,EXACT_NORMALIZED_MATCH
IA,WARREN,EXACT_NORMALIZED_MATCH
IA,WASHINGTON,EXACT_NORMALIZED_MATCH
IA,WAYNE,EXACT_NORMALIZED_MATCH
IA,WEBSTER,EXACT_NORMALIZED_MATCH
IA,WINNEBAGO,EXACT_NORMALIZED_MATCH
IA,WINNESHIEK,EXACT_NORMALIZED_MATCH
IA,WOODBURY,EXACT_NORMALIZED_MATCH
IA,WORTH,EXACT_NORMALIZED_MATCH
IA,WRIGHT,EXACT_NORMALIZED_MATCH
ID,ADA,EXACT_NORMALIZED_MATCH
ID,ADAMS,EXACT_NORMALIZED_MATCH
ID,BANNOCK,EXACT_NORMALIZED_MATCH
ID,BEAR LAKE,EXACT_NORMALIZED_MATCH
ID,BENEWAH,EXACT_NORMALIZED_MATCH
ID,BINGHAM,EXACT_NORMALIZED_MATCH
ID,BLAINE,EXACT_NORMALIZED_MATCH
ID,BOISE,EXACT_NORMALIZED_MATCH
ID,BONNER,EXACT_NORMALIZED_MATCH
ID,BONNEVILLE,EXACT_NORMALIZED_MATCH
ID,BOUNDARY,EXACT_NORMALIZED_MATCH
ID,BUTTE,EXACT_NORMALIZED_MATCH
ID,CAMAS,EXACT_NORMALIZED_MATCH
ID,CANYON,EXACT_NORMALIZED_MATCH
ID,CARIBOU,EXACT_NORMALIZED_MATCH
ID,CASSIA,EXACT_NORMALIZED_MATCH
ID,CLARK,EXACT_NORMALIZED_MATCH
ID,CUSTER,EXACT_NORMALIZED_MATCH
ID,ELMORE,EXACT_NORMALIZED_MATCH
ID,FRANKLIN,EXACT_NORMALIZED_MATCH
ID,FREMONT,EXACT_NORMALIZED_MATCH
ID,GEM,EXACT_NORMALIZED_MATCH
ID,GOODING,EXACT_NORMALIZED_MATCH
ID,IDAHO,EXACT_NORMALIZED_MATCH
ID,JEFFERSON,EXACT_NORMALIZED_MATCH
ID,JEROME,EXACT_NORMALIZED_MATCH
ID,KOOTENAI,EXACT_NORMALIZED_MATCH
ID,LATAH,EXACT_NORMALIZED_MATCH
ID,LEMHI,EXACT_NORMALIZED_MATCH
ID,LEWIS,EXACT_NORMALIZED_MATCH
ID,LINCOLN,EXACT_NORMALIZED_MATCH
ID,MADISON,EXACT_NORMALIZED_MATCH
ID,MINIDOKA,EXACT_NORMALIZED_MATCH
ID,NEZ PERCE,EXACT_NORMALIZED_MATCH
ID,OWYHEE,EXACT_NORMALIZED_MATCH
ID,PAYETTE,EXACT_NORMALIZED_MATCH
ID,POWER,EXACT_NORMALIZED_MATCH
ID,SHOSHONE,EXACT_NORMALIZED_MATCH
ID,TETON,EXACT_NORMALIZED_MATCH
ID,VALLEY,EXACT_NORMALIZED_MATCH
IL,ADAMS,EXACT_NORMALIZED_MATCH
IL,ALEXANDER,EXACT_NORMALIZED_MATCH
IL,BOND,EXACT_NORMALIZED_MATCH
IL,BOONE,EXACT_NORMALIZED_MATCH
IL,BROWN,EXACT_NORMALIZED_MATCH
IL,BUREAU,EXACT_NORMALIZED_MATCH
IL,CARROLL,EXACT_NORMALIZED_MATCH
IL,CASS,EXACT_NORMALIZED_MATCH
IL,CHAMPAIGN,EXACT_NORMALIZED_MATCH
IL,CHRISTIAN,EXACT_NORMALIZED_MATCH
IL,CLARK,EXACT_NORMALIZED_MATCH
IL,CLAY,EXACT_NORMALIZED_MATCH
IL,CLINTON,EXACT_NORMALIZED_MATCH
IL,COLES,EXACT_NORMALIZED_MATCH
IL,COOK,EXACT_NORMALIZED_MATCH
IL,CUMBERLAND,EXACT_NORMALIZED_MATCH
IL,DOUGLAS,EXACT_NORMALIZED_MATCH
IL,EDGAR,EXACT_NORMALIZED_MATCH
IL,EDWARDS,EXACT_NORMALIZED_MATCH
IL,EFFINGHAM,EXACT_NORMALIZED_MATCH
IL,FAYETTE,EXACT_NORMALIZED_MATCH
IL,FORD,EXACT_NORMALIZED_MATCH
IL,FRANKLIN,EXACT_NORMALIZED_MATCH
IL,FULTON,EXACT_NORMALIZED_MATCH
IL,GALLATIN,EXACT_NORMALIZED_MATCH
IL,GREENE,EXACT_NORMALIZED_MATCH
IL,GRUNDY,EXACT_NORMALIZED_MATCH
IL,HAMILTON,EXACT_NORMALIZED_MATCH
IL,HANCOCK,EXACT_NORMALIZED_MATCH
IL,HARDIN,EXACT_NORMALIZED_MATCH
IL,HENDERSON,EXACT_NORMALIZED_MATCH
IL,HENRY,EXACT_NORMALIZED_MATCH
IL,IROQUOIS,EXACT_NORMALIZED_MATCH
IL,JACKSON,EXACT_NORMALIZED_MATCH
IL,JASPER,EXACT_NORMALIZED_MATCH
IL,JEFFERSON,EXACT_NORMALIZED_MATCH
IL,JERSEY,EXACT_NORMALIZED_MATCH
IL,JO DAVIESS,EXACT_NORMALIZED_MATCH
IL,JOHNSON,EXACT_NORMALIZED_MATCH
IL,KANE,EXACT_NORMALIZED_MATCH
IL,KANKAKEE,EXACT_NORMALIZED_MATCH
IL,KENDALL,EXACT_NORMALIZED_MATCH
IL,KNOX,EXACT_NORMALIZED_MATCH
IL,LAKE,EXACT_NORMALIZED_MATCH
IL,LAWRENCE,EXACT_NORMALIZED_MATCH
IL,LEE,EXACT_NORMALIZED_MATCH
IL,LIVINGSTON,EXACT_NORMALIZED_MATCH
IL,LOGAN,EXACT_NORMALIZED_MATCH
IL,MACON,EXACT_NORMALIZED_MATCH
IL,MACOUPIN,EXACT_NORMALIZED_MATCH
IL,MADISON,EXACT_NORMALIZED_MATCH
IL,MARION,EXACT_NORMALIZED_MATCH
IL,MARSHALL,EXACT_NORMALIZED_MATCH
IL,MASON,EXACT_NORMALIZED_MATCH
IL,MASSAC,EXACT_NORMALIZED_MATCH
IL,MCDONOUGH,EXACT_NORMALIZED_MATCH
IL,MCHENRY,EXACT_NORMALIZED_MATCH
IL,MCLEAN,EXACT_NORMALIZED_MATCH
IL,MENARD,EXACT_NORMALIZED_MATCH
IL,MERCER,EXACT_NORMALIZED_MATCH
IL,MONROE,EXACT_NORMALIZED_MATCH
IL,MONTGOMERY,EXACT_NORMALIZED_MATCH
IL,MORGAN,EXACT_NORMALIZED_MATCH
IL,MOULTRIE,EXACT_NORMALIZED_MATCH
IL,OGLE,EXACT_NORMALIZED_MATCH
IL,PEORIA,EXACT_NORMALIZED_MATCH
IL,PERRY,EXACT_NORMALIZED_MATCH
IL,PIATT,EXACT_NORMALIZED_MATCH
IL,PIKE,EXACT_NORMALIZED_MATCH
IL,POPE,EXACT_NORMALIZED_MATCH
IL,PULASKI,EXACT_NORMALIZED_MATCH
IL,PUTNAM,EXACT_NORMALIZED_MATCH
IL,RANDOLPH,EXACT_NORMALIZED_MATCH
IL,RICHLAND,EXACT_NORMALIZED_MATCH
IL,ROCK ISLAND,EXACT_NORMALIZED_MATCH
IL,SALINE,EXACT_NORMALIZED_MATCH
IL,SANGAMON,EXACT_NORMALIZED_MATCH
IL,SCHUYLER,EXACT_NORMALIZED_MATCH
IL,SCOTT,EXACT_NORMALIZED_MATCH
IL,SHELBY,EXACT_NORMALIZED_MATCH
IL,STARK,EXACT_NORMALIZED_MATCH
IL,STEPHENSON,EXACT_NORMALIZED_MATCH
IL,TAZEWELL,EXACT_NORMALIZED_MATCH
IL,UNION,EXACT_NORMALIZED_MATCH
IL,VERMILION,EXACT_NORMALIZED_MATCH
IL,WABASH,EXACT_NORMALIZED_MATCH
IL,WARREN,EXACT_NORMALIZED_MATCH
IL,WASHINGTON,EXACT_NORMALIZED_MATCH
IL,WAYNE,EXACT_NORMALIZED_MATCH
IL,WHITE,EXACT_NORMALIZED_MATCH
IL,WHITESIDE,EXACT_NORMALIZED_MATCH
IL,WILL,EXACT_NORMALIZED_MATCH
IL,WILLIAMSON,EXACT_NORMALIZED_MATCH
IL,WINNEBAGO,EXACT_NORMALIZED_MATCH
IL,WOODFORD,EXACT_NORMALIZED_MATCH
IN,ADAMS,EXACT_NORMALIZED_MATCH
IN,ALLEN,EXACT_NORMALIZED_MATCH
IN,BARTHOLOMEW,EXACT_NORMALIZED_MATCH
IN,BENTON,EXACT_NORMALIZED_MATCH
IN,BLACKFORD,EXACT_NORMALIZED_MATCH
IN,BOONE,EXACT_NORMALIZED_MATCH
IN,BROWN,EXACT_NORMALIZED_MATCH
IN,CARROLL,EXACT_NORMALIZED_MATCH
IN,CASS,EXACT_NORMALIZED_MATCH
IN,CLARK,EXACT_NORMALIZED_MATCH
IN,CLAY,EXACT_NORMALIZED_MATCH
IN,CLINTON,EXACT_NORMALIZED_MATCH
IN,CRAWFORD,EXACT_NORMALIZED_MATCH
IN,DAVIESS,EXACT_NORMALIZED_MATCH
IN,DEARBORN,EXACT_NORMALIZED_MATCH
IN,DECATUR,EXACT_NORMALIZED_MATCH
IN,DELAWARE,EXACT_NORMALIZED_MATCH
IN,DUBOIS,EXACT_NORMALIZED_MATCH
IN,ELKHART,EXACT_NORMALIZED_MATCH
IN,FAYETTE,EXACT_NORMALIZED_MATCH
IN,FLOYD,EXACT_NORMALIZED_MATCH
IN,FRANKLIN,EXACT_NORMALIZED_MATCH
IN,FULTON,EXACT_NORMALIZED_MATCH
IN,GIBSON,EXACT_NORMALIZED_MATCH
IN,GRANT,EXACT_NORMALIZED_MATCH
IN,GREENE,EXACT_NORMALIZED_MATCH
IN,HAMILTON,EXACT_NORMALIZED_MATCH
IN,HANCOCK,EXACT_NORMALIZED_MATCH
IN,HARRISON,EXACT_NORMALIZED_MATCH
IN,HENDRICKS,EXACT_NORMALIZED_MATCH
IN,HENRY,EXACT_NORMALIZED_MATCH
IN,HOWARD,EXACT_NORMALIZED_MATCH
IN,HUNTINGTON,EXACT_NORMALIZED_MATCH
IN,JACKSON,EXACT_NORMALIZED_MATCH
IN,JASPER,EXACT_NORMALIZED_MATCH
IN,JAY,EXACT_NORMALIZED_MATCH
IN,JEFFERSON,EXACT_NORMALIZED_MATCH
IN,JENNINGS,EXACT_NORMALIZED_MATCH
IN,JOHNSON,EXACT_NORMALIZED_MATCH
IN,KNOX,EXACT_NORMALIZED_MATCH
IN,KOSCIUSKO,EXACT_NORMALIZED_MATCH
IN,LAGRANGE,EXACT_NORMALIZED_MATCH
IN,LAKE,EXACT_NORMALIZED_MATCH
IN,LAWRENCE,EXACT_NORMALIZED_MATCH
IN,MADISON,EXACT_NORMALIZED_MATCH
IN,MARION,EXACT_NORMALIZED_MATCH
IN,MARSHALL,EXACT_NORMALIZED_MATCH
IN,MARTIN,EXACT_NORMALIZED_MATCH
IN,MIAMI,EXACT_NORMALIZED_MATCH
IN,MONROE,EXACT_NORMALIZED_MATCH
IN,MONTGOMERY,EXACT_NORMALIZED_MATCH
IN,MORGAN,EXACT_NORMALIZED_MATCH
IN,NEWTON,EXACT_NORMALIZED_MATCH
IN,NOBLE,EXACT_NORMALIZED_MATCH
IN,OHIO,EXACT_NORMALIZED_MATCH
IN,ORANGE,EXACT_NORMALIZED_MATCH
IN,OWEN,EXACT_NORMALIZED_MATCH
IN,PARKE,EXACT_NORMALIZED_MATCH
IN,PERRY,EXACT_NORMALIZED_MATCH
IN,PIKE,EXACT_NORMALIZED_MATCH
IN,PORTER,EXACT_NORMALIZED_MATCH
IN,POSEY,EXACT_NORMALIZED_MATCH
IN,PULASKI,EXACT_NORMALIZED_MATCH
IN,PUTNAM,EXACT_NORMALIZED_MATCH
IN,RANDOLPH,EXACT_NORMALIZED_MATCH
IN,RIPLEY,EXACT_NORMALIZED_MATCH
IN,RUSH,EXACT_NORMALIZED_MATCH
IN,SCOTT,EXACT_NORMALIZED_MATCH
IN,SHELBY,EXACT_NORMALIZED_MATCH
IN,SPENCER,EXACT_NORMALIZED_MATCH
IN,STEUBEN,EXACT_NORMALIZED_MATCH
IN,SULLIVAN,EXACT_NORMALIZED_MATCH
IN,SWITZERLAND,EXACT_NORMALIZED_MATCH
IN,TIPPECANOE,EXACT_NORMALIZED_MATCH
IN,TIPTON,EXACT_NORMALIZED_MATCH
IN,UNION,EXACT_NORMALIZED_MATCH
IN,VANDERBURGH,EXACT_NORMALIZED_MATCH
IN,VERMILLION,EXACT_NORMALIZED_MATCH
IN,VIGO,EXACT_NORMALIZED_MATCH
IN,WABASH,EXACT_NORMALIZED_MATCH
IN,WARREN,EXACT_NORMALIZED_MATCH
IN,WARRICK,EXACT_NORMALIZED_MATCH
IN,WASHINGTON,EXACT_NORMALIZED_MATCH
IN,WAYNE,EXACT_NORMALIZED_MATCH
IN,WELLS,EXACT_NORMALIZED_MATCH
IN,WHITLEY,EXACT_NORMALIZED_MATCH
KS,ALLEN,EXACT_NORMALIZED_MATCH
KS,ANDERSON,EXACT_NORMALIZED_MATCH
KS,ATCHISON,EXACT_NORMALIZED_MATCH
KS,BARBER,EXACT_NORMALIZED_MATCH
KS,BARTON,EXACT_NORMALIZED_MATCH
KS,BOURBON,EXACT_NORMALIZED_MATCH
KS,BROWN,EXACT_NORMALIZED_MATCH
KS,BUTLER,EXACT_NORMALIZED_MATCH
KS,CHASE,EXACT_NORMALIZED_MATCH
KS,CHAUTAUQUA,EXACT_NORMALIZED_MATCH
KS,CHEROKEE,EXACT_NORMALIZED_MATCH
KS,CHEYENNE,EXACT_NORMALIZED_MATCH
KS,CLARK,EXACT_NORMALIZED_MATCH
KS,CLAY,EXACT_NORMALIZED_MATCH
KS,CLOUD,EXACT_NORMALIZED_MATCH
KS,COFFEY,EXACT_NORMALIZED_MATCH
KS,COMANCHE,EXACT_NORMALIZED_MATCH
KS,COWLEY,EXACT_NORMALIZED_MATCH
KS,CRAWFORD,EXACT_NORMALIZED_MATCH
KS,DECATUR,EXACT_NORMALIZED_MATCH
KS,DICKINSON,EXACT_NORMALIZED_MATCH
KS,DONIPHAN,EXACT_NORMALIZED_MATCH
KS,DOUGLAS,EXACT_NORMALIZED_MATCH
KS,EDWARDS,EXACT_NORMALIZED_MATCH
KS,ELK,EXACT_NORMALIZED_MATCH
KS,ELLIS,EXACT_NORMALIZED_MATCH
KS,ELLSWORTH,EXACT_NORMALIZED_MATCH
KS,FINNEY,EXACT_NORMALIZED_MATCH
KS,FORD,EXACT_NORMALIZED_MATCH
KS,FRANKLIN,EXACT_NORMALIZED_MATCH
KS,GEARY,EXACT_NORMALIZED_MATCH
KS,GOVE,EXACT_NORMALIZED_MATCH
KS,GRAHAM,EXACT_NORMALIZED_MATCH
KS,GRANT,EXACT_NORMALIZED_MATCH
KS,GRAY,EXACT_NORMALIZED_MATCH
KS,GREELEY,EXACT_NORMALIZED_MATCH
KS,GREENWOOD,EXACT_NORMALIZED_MATCH
KS,HAMILTON,EXACT_NORMALIZED_MATCH
KS,HARPER,EXACT_NORMALIZED_MATCH
KS,HARVEY,EXACT_NORMALIZED_MATCH
KS,HASKELL,EXACT_NORMALIZED_MATCH
KS,HODGEMAN,EXACT_NORMALIZED_MATCH
KS,JACKSON,EXACT_NORMALIZED_MATCH
KS,JEFFERSON,EXACT_NORMALIZED_MATCH
KS,JEWELL,EXACT_NORMALIZED_MATCH
KS,JOHNSON,EXACT_NORMALIZED_MATCH
KS,KEARNY,EXACT_NORMALIZED_MATCH
KS,KINGMAN,EXACT_NORMALIZED_MATCH
KS,KIOWA,EXACT_NORMALIZED_MATCH
KS,LABETTE,EXACT_NORMALIZED_MATCH
KS,LANE,EXACT_NORMALIZED_MATCH
KS,LEAVENWORTH,EXACT_NORMALIZED_MATCH
KS,LINCOLN,EXACT_NORMALIZED_MATCH
KS,LINN,EXACT_NORMALIZED_MATCH
KS,LOGAN,EXACT_NORMALIZED_MATCH
KS,LYON,EXACT_NORMALIZED_MATCH
KS,MARION,EXACT_NORMALIZED_MATCH
KS,MARSHALL,EXACT_NORMALIZED_MATCH
KS,MCPHERSON,EXACT_NORMALIZED_MATCH
KS,MEADE,EXACT_NORMALIZED_MATCH
KS,MIAMI,EXACT_NORMALIZED_MATCH
KS,MITCHELL,EXACT_NORMALIZED_MATCH
KS,MONTGOMERY,EXACT_NORMALIZED_MATCH
KS,MORRIS,EXACT_NORMALIZED_MATCH
KS,MORTON,EXACT_NORMALIZED_MATCH
KS,NEMAHA,EXACT_NORMALIZED_MATCH
KS,NEOSHO,EXACT_NORMALIZED_MATCH
KS,NESS,EXACT_NORMALIZED_MATCH
KS,NORTON,EXACT_NORMALIZED_MATCH
KS,OSAGE,EXACT_NORMALIZED_MATCH
KS,OSBORNE,EXACT_NORMALIZED_MATCH
KS,OTTAWA,EXACT_NORMALIZED_MATCH
KS,PAWNEE,EXACT_NORMALIZED_MATCH
KS,PHILLIPS,EXACT_NORMALIZED_MATCH
KS,POTTAWATOMIE,EXACT_NORMALIZED_MATCH
KS,PRATT,EXACT_NORMALIZED_MATCH
KS,RAWLINS,EXACT_NORMALIZED_MATCH
KS,RENO,EXACT_NORMALIZED_MATCH
KS,REPUBLIC,EXACT_NORMALIZED_MATCH
KS,RICE,EXACT_NORMALIZED_MATCH
KS,RILEY,EXACT_NORMALIZED_MATCH
KS,ROOKS,EXACT_NORMALIZED_MATCH
KS,RUSH,EXACT_NORMALIZED_MATCH
KS,RUSSELL,EXACT_NORMALIZED_MATCH
KS,SALINE,EXACT_NORMALIZED_MATCH
KS,SCOTT,EXACT_NORMALIZED_MATCH
KS,SEDGWICK,EXACT_NORMALIZED_MATCH
KS,SEWARD,EXACT_NORMALIZED_MATCH
KS,SHAWNEE,EXACT_NORMALIZED_MATCH
KS,SHERIDAN,EXACT_NORMALIZED_MATCH
KS,SHERMAN,EXACT_NORMALIZED_MATCH
KS,SMITH,EXACT_NORMALIZED_MATCH
KS,STAFFORD,EXACT_NORMALIZED_MATCH
KS,STANTON,EXACT_NORMALIZED_MATCH
KS,STEVENS,EXACT_NORMALIZED_MATCH
KS,SUMNER,EXACT_NORMALIZED_MATCH
KS,THOMAS,EXACT_NORMALIZED_MATCH
KS,TREGO,EXACT_NORMALIZED_MATCH
KS,WABAUNSEE,EXACT_NORMALIZED_MATCH
KS,WALLACE,EXACT_NORMALIZED_MATCH
KS,WASHINGTON,EXACT_NORMALIZED_MATCH
KS,WICHITA,EXACT_NORMALIZED_MATCH
KS,WILSON,EXACT_NORMALIZED_MATCH
KS,WOODSON,EXACT_NORMALIZED_MATCH
KS,WYANDOTTE,EXACT_NORMALIZED_MATCH
KY,ADAIR,EXACT_NORMALIZED_MATCH
KY,ALLEN,EXACT_NORMALIZED_MATCH
KY,ANDERSON,EXACT_NORMALIZED_MATCH
KY,BALLARD,EXACT_NORMALIZED_MATCH
KY,BARREN,EXACT_NORMALIZED_MATCH
KY,BATH,EXACT_NORMALIZED_MATCH
KY,BELL,EXACT_NORMALIZED_MATCH
KY,BOONE,EXACT_NORMALIZED_MATCH
KY,BOURBON,EXACT_NORMALIZED_MATCH
KY,BOYD,EXACT_NORMALIZED_MATCH
KY,BOYLE,EXACT_NORMALIZED_MATCH
KY,BRACKEN,EXACT_NORMALIZED_MATCH
KY,BREATHITT,EXACT_NORMALIZED_MATCH
KY,BRECKINRIDGE,EXACT_NORMALIZED_MATCH
KY,BULLITT,EXACT_NORMALIZED_MATCH
KY,BUTLER,EXACT_NORMALIZED_MATCH
KY,CALDWELL,EXACT_NORMALIZED_MATCH
KY,CALLOWAY,EXACT_NORMALIZED_MATCH
KY,CAMPBELL,EXACT_NORMALIZED_MATCH
KY,CARLISLE,EXACT_NORMALIZED_MATCH
KY,CARROLL,EXACT_NORMALIZED_MATCH
KY,CARTER,EXACT_NORMALIZED_MATCH
KY,CASEY,EXACT_NORMALIZED_MATCH
KY,CHRISTIAN,EXACT_NORMALIZED_MATCH
KY,CLARK,EXACT_NORMALIZED_MATCH
KY,CLAY,EXACT_NORMALIZED_MATCH
KY,CLINTON,EXACT_NORMALIZED_MATCH
KY,CUMBERLAND,EXACT_NORMALIZED_MATCH
KY,DAVIESS,EXACT_NORMALIZED_MATCH
KY,EDMONSON,EXACT_NORMALIZED_MATCH
KY,ELLIOTT,EXACT_NORMALIZED_MATCH
KY,ESTILL,EXACT_NORMALIZED_MATCH
KY,FAYETTE,EXACT_NORMALIZED_MATCH
KY,FLEMING,EXACT_NORMALIZED_MATCH
KY,FLOYD,EXACT_NORMALIZED_MATCH
KY,FRANKLIN,EXACT_NORMALIZED_MATCH
KY,FULTON,EXACT_NORMALIZED_MATCH
KY,GALLATIN,EXACT_NORMALIZED_MATCH
KY,GARRARD,EXACT_NORMALIZED_MATCH
KY,GRANT,EXACT_NORMALIZED_MATCH
KY,GRAVES,EXACT_NORMALIZED_MATCH
KY,GRAYSON,EXACT_NORMALIZED_MATCH
KY,GREEN,EXACT_NORMALIZED_MATCH
KY,GREENUP,EXACT_NORMALIZED_MATCH
KY,HANCOCK,EXACT_NORMALIZED_MATCH
KY,HARDIN,EXACT_NORMALIZED_MATCH
KY,HARLAN,EXACT_NORMALIZED_MATCH
KY,HARRISON,EXACT_NORMALIZED_MATCH
KY,HART,EXACT_NORMALIZED_MATCH
KY,HENDERSON,EXACT_NORMALIZED_MATCH
KY,HENRY,EXACT_NORMALIZED_MATCH
KY,HICKMAN,EXACT_NORMALIZED_MATCH
KY,HOPKINS,EXACT_NORMALIZED_MATCH
KY,JACKSON,EXACT_NORMALIZED_MATCH
KY,JEFFERSON,EXACT_NORMALIZED_MATCH
KY,JESSAMINE,EXACT_NORMALIZED_MATCH
KY,JOHNSON,EXACT_NORMALIZED_MATCH
KY,KENTON,EXACT_NORMALIZED_MATCH
KY,KNOTT,EXACT_NORMALIZED_MATCH
KY,KNOX,EXACT_NORMALIZED_MATCH
KY,LARUE,EXACT_NORMALIZED_MATCH
KY,LAUREL,EXACT_NORMALIZED_MATCH
KY,LAWRENCE,EXACT_NORMALIZED_MATCH
KY,LEE,EXACT_NORMALIZED_MATCH
KY,LESLIE,EXACT_NORMALIZED_MATCH
KY,LETCHER,EXACT_NORMALIZED_MATCH
KY,LEWIS,EXACT_NORMALIZED_MATCH
KY,LINCOLN,EXACT_NORMALIZED_MATCH
KY,LIVINGSTON,EXACT_NORMALIZED_MATCH
KY,LOGAN,EXACT_NORMALIZED_MATCH
KY,LYON,EXACT_NORMALIZED_MATCH
KY,MADISON,EXACT_NORMALIZED_MATCH
KY,MAGOFFIN,EXACT_NORMALIZED_MATCH
KY,MARION,EXACT_NORMALIZED_MATCH
KY,MARSHALL,EXACT_NORMALIZED_MATCH
KY,MARTIN,EXACT_NORMALIZED_MATCH
KY,MASON,EXACT_NORMALIZED_MATCH
KY,MCCRACKEN,EXACT_NORMALIZED_MATCH
KY,MCCREARY,EXACT_NORMALIZED_MATCH
KY,MCLEAN,EXACT_NORMALIZED_MATCH
KY,MEADE,EXACT_NORMALIZED_MATCH
KY,MENIFEE,EXACT_NORMALIZED_MATCH
KY,MERCER,EXACT_NORMALIZED_MATCH
KY,METCALFE,EXACT_NORMALIZED_MATCH
KY,MONROE,EXACT_NORMALIZED_MATCH
KY,MONTGOMERY,EXACT_NORMALIZED_MATCH
KY,MORGAN,EXACT_NORMALIZED_MATCH
KY,MUHLENBERG,EXACT_NORMALIZED_MATCH
KY,NELSON,EXACT_NORMALIZED_MATCH
KY,NICHOLAS,EXACT_NORMALIZED_MATCH
KY,OHIO,EXACT_NORMALIZED_MATCH
KY,OLDHAM,EXACT_NORMALIZED_MATCH
KY,OWEN,EXACT_NORMALIZED_MATCH
KY,OWSLEY,EXACT_NORMALIZED_MATCH
KY,PENDLETON,EXACT_NORMALIZED_MATCH
KY,PERRY,EXACT_NORMALIZED_MATCH
KY,PIKE,EXACT_NORMALIZED_MATCH
KY,POWELL,EXACT_NORMALIZED_MATCH
KY,PULASKI,EXACT_NORMALIZED_MATCH
KY,ROCKCASTLE,EXACT_NORMALIZED_MATCH
KY,ROWAN,EXACT_NORMALIZED_MATCH
KY,RUSSELL,EXACT_NORMALIZED_MATCH
KY,SCOTT,EXACT_NORMALIZED_MATCH
KY,SHELBY,EXACT_NORMALIZED_MATCH
KY,SIMPSON,EXACT_NORMALIZED_MATCH
KY,SPENCER,EXACT_NORMALIZED_MATCH
KY,TAYLOR,EXACT_NORMALIZED_MATCH
KY,TODD,EXACT_NORMALIZED_MATCH
KY,TRIGG,EXACT_NORMALIZED_MATCH
KY,TRIMBLE,EXACT_NORMALIZED_MATCH
KY,UNION,EXACT_NORMALIZED_MATCH
KY,WARREN,EXACT_NORMALIZED_MATCH
KY,WASHINGTON,EXACT_NORMALIZED_MATCH
KY,WAYNE,EXACT_NORMALIZED_MATCH
KY,WEBSTER,EXACT_NORMALIZED_MATCH
KY,WHITLEY,EXACT_NORMALIZED_MATCH
KY,WOLFE,EXACT_NORMALIZED_MATCH
KY,WOODFORD,EXACT_NORMALIZED_MATCH
LA,ACADIA,EXACT_NORMALIZED_MATCH
LA,ALLEN,EXACT_NORMALIZED_MATCH
LA,ASCENSION,EXACT_NORMALIZED_MATCH
LA,ASSUMPTION,EXACT_NORMALIZED_MATCH
LA,AVOYELLES,EXACT_NORMALIZED_MATCH
LA,BEAUREGARD,EXACT_NORMALIZED_MATCH
LA,BIENVILLE,EXACT_NORMALIZED_MATCH
LA,BOSSIER,EXACT_NORMALIZED_MATCH
LA,CADDO,EXACT_NORMALIZED_MATCH
LA,CALCASIEU,EXACT_NORMALIZED_MATCH
LA,CALDWELL,EXACT_NORMALIZED_MATCH
LA,CAMERON,EXACT_NORMALIZED_MATCH
LA,CATAHOULA,EXACT_NORMALIZED_MATCH
LA,CLAIBORNE,EXACT_NORMALIZED_MATCH
LA,CONCORDIA,EXACT_NORMALIZED_MATCH
LA,EAST BATON ROUGE,EXACT_NORMALIZED_MATCH
LA,EAST CARROLL,EXACT_NORMALIZED_MATCH
LA,EAST FELICIANA,EXACT_NORMALIZED_MATCH
LA,EVANGELINE,EXACT_NORMALIZED_MATCH
LA,FRANKLIN,EXACT_NORMALIZED_MATCH
LA,GRANT,EXACT_NORMALIZED_MATCH
LA,IBERIA,EXACT_NORMALIZED_MATCH
LA,IBERVILLE,EXACT_NORMALIZED_MATCH
LA,JACKSON,EXACT_NORMALIZED_MATCH
LA,JEFFERSON,EXACT_NORMALIZED_MATCH
LA,JEFFERSON DAVIS,EXACT_NORMALIZED_MATCH
LA,LA SALLE,EXACT_NORMALIZED_MATCH
LA,LAFAYETTE,EXACT_NORMALIZED_MATCH
LA,LAFOURCHE,EXACT_NORMALIZED_MATCH
LA,LINCOLN,EXACT_NORMALIZED_MATCH
LA,LIVINGSTON,EXACT_NORMALIZED_MATCH
LA,MADISON,EXACT_NORMALIZED_MATCH
LA,MOREHOUSE,EXACT_NORMALIZED_MATCH
LA,NATCHITOCHES,EXACT_NORMALIZED_MATCH
LA,ORLEANS,EXACT_NORMALIZED_MATCH
LA,OUACHITA,EXACT_NORMALIZED_MATCH
LA,PLAQUEMINES,EXACT_NORMALIZED_MATCH
LA,POINTE COUPEE,EXACT_NORMALIZED_MATCH
LA,RAPIDES,EXACT_NORMALIZED_MATCH
LA,RED RIVER,EXACT_NORMALIZED_MATCH
LA,RICHLAND,EXACT_NORMALIZED_MATCH
LA,SABINE,EXACT_NORMALIZED_MATCH
LA,TANGIPAHOA,EXACT_NORMALIZED_MATCH
LA,TENSAS,EXACT_NORMALIZED_MATCH
LA,TERREBONNE,EXACT_NORMALIZED_MATCH
LA,UNION,EXACT_NORMALIZED_MATCH
LA,VERMILION,EXACT_NORMALIZED_MATCH
LA,VERNON,EXACT_NORMALIZED_MATCH
LA,WASHINGTON,EXACT_NORMALIZED_MATCH
LA,WEBSTER,EXACT_NORMALIZED_MATCH
LA,WEST BATON ROUGE,EXACT_NORMALIZED_MATCH
LA,WEST CARROLL,EXACT_NORMALIZED_MATCH
LA,WEST FELICIANA,EXACT_NORMALIZED_MATCH
MA,BARNSTABLE,EXACT_NORMALIZED_MATCH
MA,BERKSHIRE,EXACT_NORMALIZED_MATCH
MA,BRISTOL,EXACT_NORMALIZED_MATCH
MA,DUKES,EXACT_NORMALIZED_MATCH
MA,ESSEX,EXACT_NORMALIZED_MATCH
MA,FRANKLIN,EXACT_NORMALIZED_MATCH
MA,HAMPDEN,EXACT_NORMALIZED_MATCH
MA,HAMPSHIRE,EXACT_NORMALIZED_MATCH
MA,MIDDLESEX,EXACT_NORMALIZED_MATCH
MA,NORFOLK,EXACT_NORMALIZED_MATCH
MA,PLYMOUTH,EXACT_NORMALIZED_MATCH
MA,SUFFOLK,EXACT_NORMALIZED_MATCH
MA,WORCESTER,EXACT_NORMALIZED_MATCH
MD,ALLEGANY,EXACT_NORMALIZED_MATCH
MD,ANNE ARUNDEL,EXACT_NORMALIZED_MATCH
MD,BALTIMORE,EXACT_NORMALIZED_MATCH
MD,CALVERT,EXACT_NORMALIZED_MATCH
MD,CAROLINE,EXACT_NORMALIZED_MATCH
MD,CARROLL,EXACT_NORMALIZED_MATCH
MD,CECIL,EXACT_NORMALIZED_MATCH
MD,CHARLES,EXACT_NORMALIZED_MATCH
MD,DORCHESTER,EXACT_NORMALIZED_MATCH
MD,FREDERICK,EXACT_NORMALIZED_MATCH
MD,GARRETT,EXACT_NORMALIZED_MATCH
MD,HARFORD,EXACT_NORMALIZED_MATCH
MD,HOWARD,EXACT_NORMALIZED_MATCH
MD,KENT,EXACT_NORMALIZED_MATCH
MD,MONTGOMERY,EXACT_NORMALIZED_MATCH
MD,SOMERSET,EXACT_NORMALIZED_MATCH
MD,TALBOT,EXACT_NORMALIZED_MATCH
MD,WASHINGTON,EXACT_NORMALIZED_MATCH
MD,WICOMICO,EXACT_NORMALIZED_MATCH
MD,WORCESTER,EXACT_NORMALIZED_MATCH
ME,ANDROSCOGGIN,EXACT_NORMALIZED_MATCH
ME,AROOSTOOK,EXACT_NORMALIZED_MATCH
ME,CUMBERLAND,EXACT_NORMALIZED_MATCH
ME,FRANKLIN,EXACT_NORMALIZED_MATCH
ME,HANCOCK,EXACT_NORMALIZED_MATCH
ME,KENNEBEC,EXACT_NORMALIZED_MATCH
ME,KNOX,EXACT_NORMALIZED_MATCH
ME,LINCOLN,EXACT_NORMALIZED_MATCH
ME,OXFORD,EXACT_NORMALIZED_MATCH
ME,PENOBSCOT,EXACT_NORMALIZED_MATCH
ME,PISCATAQUIS,EXACT_NORMALIZED_MATCH
ME,SOMERSET,EXACT_NORMALIZED_MATCH
ME,WALDO,EXACT_NORMALIZED_MATCH
ME,WASHINGTON,EXACT_NORMALIZED_MATCH
ME,YORK,EXACT_NORMALIZED_MATCH
MI,ALGER,EXACT_NORMALIZED_MATCH
MI,ALLEGAN,EXACT_NORMALIZED_MATCH
MI,ALPENA,EXACT_NORMALIZED_MATCH
MI,ANTRIM,EXACT_NORMALIZED_MATCH
MI,ARENAC,EXACT_NORMALIZED_MATCH
MI,BARRY,EXACT_NORMALIZED_MATCH
MI,BAY,EXACT_NORMALIZED_MATCH
MI,BENZIE,EXACT_NORMALIZED_MATCH
MI,BERRIEN,EXACT_NORMALIZED_MATCH
MI,BRANCH,EXACT_NORMALIZED_MATCH
MI,CALHOUN,EXACT_NORMALIZED_MATCH
MI,CASS,EXACT_NORMALIZED_MATCH
MI,CHEBOYGAN,EXACT_NORMALIZED_MATCH
MI,CHIPPEWA,EXACT_NORMALIZED_MATCH
MI,CLARE,EXACT_NORMALIZED_MATCH
MI,CLINTON,EXACT_NORMALIZED_MATCH
MI,CRAWFORD,EXACT_NORMALIZED_MATCH
MI,DELTA,EXACT_NORMALIZED_MATCH
MI,DICKINSON,EXACT_NORMALIZED_MATCH
MI,EATON,EXACT_NORMALIZED_MATCH
MI,GENESEE,EXACT_NORMALIZED_MATCH
MI,GLADWIN,EXACT_NORMALIZED_MATCH
MI,GOGEBIC,EXACT_NORMALIZED_MATCH
MI,GRAND TRAVERSE,EXACT_NORMALIZED_MATCH
MI,GRATIOT,EXACT_NORMALIZED_MATCH
MI,HILLSDALE,EXACT_NORMALIZED_MATCH
MI,HOUGHTON,EXACT_NORMALIZED_MATCH
MI,HURON,EXACT_NORMALIZED_MATCH
MI,INGHAM,EXACT_NORMALIZED_MATCH
MI,IONIA,EXACT_NORMALIZED_MATCH
MI,IOSCO,EXACT_NORMALIZED_MATCH
MI,ISABELLA,EXACT_NORMALIZED_MATCH
MI,JACKSON,EXACT_NORMALIZED_MATCH
MI,KALAMAZOO,EXACT_NORMALIZED_MATCH
MI,KALKASKA,EXACT_NORMALIZED_MATCH
MI,KENT,EXACT_NORMALIZED_MATCH
MI,LAKE,EXACT_NORMALIZED_MATCH
MI,LAPEER,EXACT_NORMALIZED_MATCH
MI,LENAWEE,EXACT_NORMALIZED_MATCH
MI,LIVINGSTON,EXACT_NORMALIZED_MATCH
MI,LUCE,EXACT_NORMALIZED_MATCH
MI,MACOMB,EXACT_NORMALIZED_MATCH
MI,MANISTEE,EXACT_NORMALIZED_MATCH
MI,MARQUETTE,EXACT_NORMALIZED_MATCH
MI,MASON,EXACT_NORMALIZED_MATCH
MI,MECOSTA,EXACT_NORMALIZED_MATCH
MI,MENOMINEE,EXACT_NORMALIZED_MATCH
MI,MIDLAND,EXACT_NORMALIZED_MATCH
MI,MISSAUKEE,EXACT_NORMALIZED_MATCH
MI,MONROE,EXACT_NORMALIZED_MATCH
MI,MONTCALM,EXACT_NORMALIZED_MATCH
MI,MUSKEGON,EXACT_NORMALIZED_MATCH
MI,NEWAYGO,EXACT_NORMALIZED_MATCH
MI,OAKLAND,EXACT_NORMALIZED_MATCH
MI,OCEANA,EXACT_NORMALIZED_MATCH
MI,OGEMAW,EXACT_NORMALIZED_MATCH
MI,ONTONAGON,EXACT_NORMALIZED_MATCH
MI,OSCEOLA,EXACT_NORMALIZED_MATCH
MI,OSCODA,EXACT_NORMALIZED_MATCH
MI,OTSEGO,EXACT_NORMALIZED_MATCH
MI,OTTAWA,EXACT_NORMALIZED_MATCH
MI,SAGINAW,EXACT_NORMALIZED_MATCH
MI,SANILAC,EXACT_NORMALIZED_MATCH
MI,SCHOOLCRAFT,EXACT_NORMALIZED_MATCH
MI,SHIAWASSEE,EXACT_NORMALIZED_MATCH
MI,TUSCOLA,EXACT_NORMALIZED_MATCH
MI,VAN BUREN,EXACT_NORMALIZED_MATCH
MI,WASHTENAW,EXACT_NORMALIZED_MATCH
MI,WAYNE,EXACT_NORMALIZED_MATCH
MI,WEXFORD,EXACT_NORMALIZED_MATCH
MN,AITKIN,EXACT_NORMALIZED_MATCH
MN,ANOKA,EXACT_NORMALIZED_MATCH
MN,BECKER,EXACT_NORMALIZED_MATCH
MN,BELTRAMI,EXACT_NORMALIZED_MATCH
MN,BENTON,EXACT_NORMALIZED_MATCH
MN,BIG STONE,EXACT_NORMALIZED_MATCH
MN,BLUE EARTH,EXACT_NORMALIZED_MATCH
MN,BROWN,EXACT_NORMALIZED_MATCH
MN,CARLTON,EXACT_NORMALIZED_MATCH
MN,CARVER,EXACT_NORMALIZED_MATCH
MN,CASS,EXACT_NORMALIZED_MATCH
MN,CHIPPEWA,EXACT_NORMALIZED_MATCH
MN,CHISAGO,EXACT_NORMALIZED_MATCH
MN,CLAY,EXACT_NORMALIZED_MATCH
MN,COOK,EXACT_NORMALIZED_MATCH
MN,COTTONWOOD,EXACT_NORMALIZED_MATCH
MN,CROW WING,EXACT_NORMALIZED_MATCH
MN,DAKOTA,EXACT_NORMALIZED_MATCH
MN,DODGE,EXACT_NORMALIZED_MATCH
MN,DOUGLAS,EXACT_NORMALIZED_MATCH
MN,FARIBAULT,EXACT_NORMALIZED_MATCH
MN,FILLMORE,EXACT_NORMALIZED_MATCH
MN,FREEBORN,EXACT_NORMALIZED_MATCH
MN,GOODHUE,EXACT_NORMALIZED_MATCH
MN,GRANT,EXACT_NORMALIZED_MATCH
MN,HENNEPIN,EXACT_NORMALIZED_MATCH
MN,HOUSTON,EXACT_NORMALIZED_MATCH
MN,HUBBARD,EXACT_NORMALIZED_MATCH
MN,ISANTI,EXACT_NORMALIZED_MATCH
MN,ITASCA,EXACT_NORMALIZED_MATCH
MN,JACKSON,EXACT_NORMALIZED_MATCH
MN,KANDIYOHI,EXACT_NORMALIZED_MATCH
MN,KITTSON,EXACT_NORMALIZED_MATCH
MN,LAC QUI PARLE,EXACT_NORMALIZED_MATCH
MN,LAKE,EXACT_NORMALIZED_MATCH
MN,LAKE OF THE WOODS,EXACT_NORMALIZED_MATCH
MN,LE SUEUR,EXACT_NORMALIZED_MATCH
MN,LINCOLN,EXACT_NORMALIZED_MATCH
MN,LYON,EXACT_NORMALIZED_MATCH
MN,MARSHALL,EXACT_NORMALIZED_MATCH
MN,MARTIN,EXACT_NORMALIZED_MATCH
MN,MCLEOD,EXACT_NORMALIZED_MATCH
MN,MEEKER,EXACT_NORMALIZED_MATCH
MN,MORRISON,EXACT_NORMALIZED_MATCH
MN,MOWER,EXACT_NORMALIZED_MATCH
MN,MURRAY,EXACT_NORMALIZED_MATCH
MN,NICOLLET,EXACT_NORMALIZED_MATCH
MN,NOBLES,EXACT_NORMALIZED_MATCH
MN,NORMAN,EXACT_NORMALIZED_MATCH
MN,OLMSTED,EXACT_NORMALIZED_MATCH
MN,OTTER TAIL,EXACT_NORMALIZED_MATCH
MN,PENNINGTON,EXACT_NORMALIZED_MATCH
MN,PINE,EXACT_NORMALIZED_MATCH
MN,PIPESTONE,EXACT_NORMALIZED_MATCH
MN,POLK,EXACT_NORMALIZED_MATCH
MN,POPE,EXACT_NORMALIZED_MATCH
MN,RAMSEY,EXACT_NORMALIZED_MATCH
MN,REDWOOD,EXACT_NORMALIZED_MATCH
MN,RENVILLE,EXACT_NORMALIZED_MATCH
MN,RICE,EXACT_NORMALIZED_MATCH
MN,ROCK,EXACT_NORMALIZED_MATCH
MN,ROSEAU,EXACT_NORMALIZED_MATCH
MN,SCOTT,EXACT_NORMALIZED_MATCH
MN,SHERBURNE,EXACT_NORMALIZED_MATCH
MN,SIBLEY,EXACT_NORMALIZED_MATCH
MN,STEARNS,EXACT_NORMALIZED_MATCH
MN,STEELE,EXACT_NORMALIZED_MATCH
MN,STEVENS,EXACT_NORMALIZED_MATCH
MN,SWIFT,EXACT_NORMALIZED_MATCH
MN,TODD,EXACT_NORMALIZED_MATCH
MN,TRAVERSE,EXACT_NORMALIZED_MATCH
MN,WABASHA,EXACT_NORMALIZED_MATCH
MN,WADENA,EXACT_NORMALIZED_MATCH
MN,WASECA,EXACT_NORMALIZED_MATCH
MN,WASHINGTON,EXACT_NORMALIZED_MATCH
MN,WATONWAN,EXACT_NORMALIZED_MATCH
MN,WILKIN,EXACT_NORMALIZED_MATCH
MN,WINONA,EXACT_NORMALIZED_MATCH
MN,WRIGHT,EXACT_NORMALIZED_MATCH
MN,YELLOW MEDICINE,EXACT_NORMALIZED_MATCH
MO,ADAIR,EXACT_NORMALIZED_MATCH
MO,ANDREW,EXACT_NORMALIZED_MATCH
MO,ATCHISON,EXACT_NORMALIZED_MATCH
MO,AUDRAIN,EXACT_NORMALIZED_MATCH
MO,BARRY,EXACT_NORMALIZED_MATCH
MO,BARTON,EXACT_NORMALIZED_MATCH
MO,BATES,EXACT_NORMALIZED_MATCH
MO,BENTON,EXACT_NORMALIZED_MATCH
MO,BOLLINGER,EXACT_NORMALIZED_MATCH
MO,BOONE,EXACT_NORMALIZED_MATCH
MO,BUCHANAN,EXACT_NORMALIZED_MATCH
MO,BUTLER,EXACT_NORMALIZED_MATCH
MO,CALDWELL,EXACT_NORMALIZED_MATCH
MO,CALLAWAY,EXACT_NORMALIZED_MATCH
MO,CAMDEN,EXACT_NORMALIZED_MATCH
MO,CAPE GIRARDEAU,EXACT_NORMALIZED_MATCH
MO,CARTER,EXACT_NORMALIZED_MATCH
MO,CASS,EXACT_NORMALIZED_MATCH
MO,CEDAR,EXACT_NORMALIZED_MATCH
MO,CHARITON,EXACT_NORMALIZED_MATCH
MO,CHRISTIAN,EXACT_NORMALIZED_MATCH
MO,CLARK,EXACT_NORMALIZED_MATCH
MO,CLAY,EXACT_NORMALIZED_MATCH
MO,CLINTON,EXACT_NORMALIZED_MATCH
MO,COLE,EXACT_NORMALIZED_MATCH
MO,COOPER,EXACT_NORMALIZED_MATCH
MO,CRAWFORD,EXACT_NORMALIZED_MATCH
MO,DADE,EXACT_NORMALIZED_MATCH
MO,DALLAS,EXACT_NORMALIZED_MATCH
MO,DAVIESS,EXACT_NORMALIZED_MATCH
MO,DENT,EXACT_NORMALIZED_MATCH
MO,DOUGLAS,EXACT_NORMALIZED_MATCH
MO,DUNKLIN,EXACT_NORMALIZED_MATCH
MO,FRANKLIN,EXACT_NORMALIZED_MATCH
MO,GASCONADE,EXACT_NORMALIZED_MATCH
MO,GENTRY,EXACT_NORMALIZED_MATCH
MO,GREENE,EXACT_NORMALIZED_MATCH
MO,GRUNDY,EXACT_NORMALIZED_MATCH
MO,HARRISON,EXACT_NORMALIZED_MATCH
MO,HENRY,EXACT_NORMALIZED_MATCH
MO,HICKORY,EXACT_NORMALIZED_MATCH
MO,HOLT,EXACT_NORMALIZED_MATCH
MO,HOWARD,EXACT_NORMALIZED_MATCH
MO,HOWELL,EXACT_NORMALIZED_MATCH
MO,IRON,EXACT_NORMALIZED_MATCH
MO,JACKSON,EXACT_NORMALIZED_MATCH
MO,JASPER,EXACT_NORMALIZED_MATCH
MO,JEFFERSON,EXACT_NORMALIZED_MATCH
MO,JOHNSON,EXACT_NORMALIZED_MATCH
MO,KNOX,EXACT_NORMALIZED_MATCH
MO,LACLEDE,EXACT_NORMALIZED_MATCH
MO,LAFAYETTE,EXACT_NORMALIZED_MATCH
MO,LAWRENCE,EXACT_NORMALIZED_MATCH
MO,LEWIS,EXACT_NORMALIZED_MATCH
MO,LINCOLN,EXACT_NORMALIZED_MATCH
MO,LINN,EXACT_NORMALIZED_MATCH
MO,LIVINGSTON,EXACT_NORMALIZED_MATCH
MO,MACON,EXACT_NORMALIZED_MATCH
MO,MADISON,EXACT_NORMALIZED_MATCH
MO,MARIES,EXACT_NORMALIZED_MATCH
MO,MARION,EXACT_NORMALIZED_MATCH
MO,MCDONALD,EXACT_NORMALIZED_MATCH
MO,MERCER,EXACT_NORMALIZED_MATCH
MO,MILLER,EXACT_NORMALIZED_MATCH
MO,MISSISSIPPI,EXACT_NORMALIZED_MATCH
MO,MONITEAU,EXACT_NORMALIZED_MATCH
MO,MONROE,EXACT_NORMALIZED_MATCH
MO,MONTGOMERY,EXACT_NORMALIZED_MATCH
MO,MORGAN,EXACT_NORMALIZED_MATCH
MO,NEW MADRID,EXACT_NORMALIZED_MATCH
MO,NEWTON,EXACT_NORMALIZED_MATCH
MO,NODAWAY,EXACT_NORMALIZED_MATCH
MO,OREGON,EXACT_NORMALIZED_MATCH
MO,OSAGE,EXACT_NORMALIZED_MATCH
MO,OZARK,EXACT_NORMALIZED_MATCH
MO,PEMISCOT,EXACT_NORMALIZED_MATCH
MO,PERRY,EXACT_NORMALIZED_MATCH
MO,PETTIS,EXACT_NORMALIZED_MATCH
MO,PHELPS,EXACT_NORMALIZED_MATCH
MO,PIKE,EXACT_NORMALIZED_MATCH
MO,PLATTE,EXACT_NORMALIZED_MATCH
MO,POLK,EXACT_NORMALIZED_MATCH
MO,PULASKI,EXACT_NORMALIZED_MATCH
MO,PUTNAM,EXACT_NORMALIZED_MATCH
MO,RANDOLPH,EXACT_NORMALIZED_MATCH
MO,RAY,EXACT_NORMALIZED_MATCH
MO,REYNOLDS,EXACT_NORMALIZED_MATCH
MO,RIPLEY,EXACT_NORMALIZED_MATCH
MO,SALINE,EXACT_NORMALIZED_MATCH
MO,SCHUYLER,EXACT_NORMALIZED_MATCH
MO,SCOTLAND,EXACT_NORMALIZED_MATCH
MO,SCOTT,EXACT_NORMALIZED_MATCH
MO,SHANNON,EXACT_NORMALIZED_MATCH
MO,SHELBY,EXACT_NORMALIZED_MATCH
MO,STE GENEVIEVE,EXACT_NORMALIZED_MATCH
MO,STODDARD,EXACT_NORMALIZED_MATCH
MO,STONE,EXACT_NORMALIZED_MATCH
MO,SULLIVAN,EXACT_NORMALIZED_MATCH
MO,TANEY,EXACT_NORMALIZED_MATCH
MO,TEXAS,EXACT_NORMALIZED_MATCH
MO,VERNON,EXACT_NORMALIZED_MATCH
MO,WARREN,EXACT_NORMALIZED_MATCH
MO,WASHINGTON,EXACT_NORMALIZED_MATCH
MO,WAYNE,EXACT_NORMALIZED_MATCH
MO,WEBSTER,EXACT_NORMALIZED_MATCH
MO,WORTH,EXACT_NORMALIZED_MATCH
MO,WRIGHT,EXACT_NORMALIZED_MATCH
MS,ADAMS,EXACT_NORMALIZED_MATCH
MS,ALCORN,EXACT_NORMALIZED_MATCH
MS,AMITE,EXACT_NORMALIZED_MATCH
MS,ATTALA,EXACT_NORMALIZED_MATCH
MS,BOLIVAR,EXACT_NORMALIZED_MATCH
MS,CALHOUN,EXACT_NORMALIZED_MATCH
MS,CARROLL,EXACT_NORMALIZED_MATCH
MS,CHOCTAW,EXACT_NORMALIZED_MATCH
MS,CLAIBORNE,EXACT_NORMALIZED_MATCH
MS,CLARKE,EXACT_NORMALIZED_MATCH
MS,CLAY,EXACT_NORMALIZED_MATCH
MS,COPIAH,EXACT_NORMALIZED_MATCH
MS,COVINGTON,EXACT_NORMALIZED_MATCH
MS,FORREST,EXACT_NORMALIZED_MATCH
MS,FRANKLIN,EXACT_NORMALIZED_MATCH
MS,GEORGE,EXACT_NORMALIZED_MATCH
MS,GREENE,EXACT_NORMALIZED_MATCH
MS,GRENADA,EXACT_NORMALIZED_MATCH
MS,HANCOCK,EXACT_NORMALIZED_MATCH
MS,HARRISON,EXACT_NORMALIZED_MATCH
MS,HINDS,EXACT_NORMALIZED_MATCH
MS,HOLMES,EXACT_NORMALIZED_MATCH
MS,HUMPHREYS,EXACT_NORMALIZED_MATCH
MS,ISSAQUENA,EXACT_NORMALIZED_MATCH
MS,ITAWAMBA,EXACT_NORMALIZED_MATCH
MS,JACKSON,EXACT_NORMALIZED_MATCH
MS,JASPER,EXACT_NORMALIZED_MATCH
MS,JEFFERSON,EXACT_NORMALIZED_MATCH
MS,JEFFERSON DAVIS,EXACT_NORMALIZED_MATCH
MS,JONES,EXACT_NORMALIZED_MATCH
MS,KEMPER,EXACT_NORMALIZED_MATCH
MS,LAFAYETTE,EXACT_NORMALIZED_MATCH
MS,LAMAR,EXACT_NORMALIZED_MATCH
MS,LAUDERDALE,EXACT_NORMALIZED_MATCH
MS,LAWRENCE,EXACT_NORMALIZED_MATCH
MS,LEAKE,EXACT_NORMALIZED_MATCH
MS,LEE,EXACT_NORMALIZED_MATCH
MS,LEFLORE,EXACT_NORMALIZED_MATCH
MS,LINCOLN,EXACT_NORMALIZED_MATCH
MS,LOWNDES,EXACT_NORMALIZED_MATCH
MS,MADISON,EXACT_NORMALIZED_MATCH
MS,MARION,EXACT_NORMALIZED_MATCH
MS,MARSHALL,EXACT_NORMALIZED_MATCH
MS,MONROE,EXACT_NORMALIZED_MATCH
MS,MONTGOMERY,EXACT_NORMALIZED_MATCH
MS,NESHOBA,EXACT_NORMALIZED_MATCH
MS,NEWTON,EXACT_NORMALIZED_MATCH
MS,NOXUBEE,EXACT_NORMALIZED_MATCH
MS,OKTIBBEHA,EXACT_NORMALIZED_MATCH
MS,PANOLA,EXACT_NORMALIZED_MATCH
MS,PEARL RIVER,EXACT_NORMALIZED_MATCH
MS,PIKE,EXACT_NORMALIZED_MATCH
MS,PONTOTOC,EXACT_NORMALIZED_MATCH
MS,PRENTISS,EXACT_NORMALIZED_MATCH
MS,QUITMAN,EXACT_NORMALIZED_MATCH
MS,RANKIN,EXACT_NORMALIZED_MATCH
MS,SCOTT,EXACT_NORMALIZED_MATCH
MS,SHARKEY,EXACT_NORMALIZED_MATCH
MS,SIMPSON,EXACT_NORMALIZED_MATCH
MS,SMITH,EXACT_NORMALIZED_MATCH
MS,STONE,EXACT_NORMALIZED_MATCH
MS,SUNFLOWER,EXACT_NORMALIZED_MATCH
MS,TATE,EXACT_NORMALIZED_MATCH
MS,TIPPAH,EXACT_NORMALIZED_MATCH
MS,TISHOMINGO,EXACT_NORMALIZED_MATCH
MS,UNION,EXACT_NORMALIZED_MATCH
MS,WALTHALL,EXACT_NORMALIZED_MATCH
MS,WARREN,EXACT_NORMALIZED_MATCH
MS,WASHINGTON,EXACT_NORMALIZED_MATCH
MS,WAYNE,EXACT_NORMALIZED_MATCH
MS,WEBSTER,EXACT_NORMALIZED_MATCH
MS,WILKINSON,EXACT_NORMALIZED_MATCH
MS,WINSTON,EXACT_NORMALIZED_MATCH
MS,YALOBUSHA,EXACT_NORMALIZED_MATCH
MS,YAZOO,EXACT_NORMALIZED_MATCH
MT,BEAVERHEAD,EXACT_NORMALIZED_MATCH
MT,BIG HORN,EXACT_NORMALIZED_MATCH
MT,BLAINE,EXACT_NORMALIZED_MATCH
MT,BROADWATER,EXACT_NORMALIZED_MATCH
MT,CARBON,EXACT_NORMALIZED_MATCH
MT,CARTER,EXACT_NORMALIZED_MATCH
MT,CASCADE,EXACT_NORMALIZED_MATCH
MT,CHOUTEAU,EXACT_NORMALIZED_MATCH
MT,CUSTER,EXACT_NORMALIZED_MATCH
MT,DANIELS,EXACT_NORMALIZED_MATCH
MT,DAWSON,EXACT_NORMALIZED_MATCH
MT,FALLON,EXACT_NORMALIZED_MATCH
MT,FERGUS,EXACT_NORMALIZED_MATCH
MT,FLATHEAD,EXACT_NORMALIZED_MATCH
MT,GALLATIN,EXACT_NORMALIZED_MATCH
MT,GARFIELD,EXACT_NORMALIZED_MATCH
MT,GLACIER,EXACT_NORMALIZED_MATCH
MT,HILL,EXACT_NORMALIZED_MATCH
MT,JEFFERSON,EXACT_NORMALIZED_MATCH
MT,JUDITH BASIN,EXACT_NORMALIZED_MATCH
MT,LAKE,EXACT_NORMALIZED_MATCH
MT,LEWIS AND CLARK,EXACT_NORMALIZED_MATCH
MT,LIBERTY,EXACT_NORMALIZED_MATCH
MT,MADISON,EXACT_NORMALIZED_MATCH
MT,MCCONE,EXACT_NORMALIZED_MATCH
MT,MEAGHER,EXACT_NORMALIZED_MATCH
MT,MINERAL,EXACT_NORMALIZED_MATCH
MT,MISSOULA,EXACT_NORMALIZED_MATCH
MT,MUSSELSHELL,EXACT_NORMALIZED_MATCH
MT,PARK,EXACT_NORMALIZED_MATCH
MT,PETROLEUM,EXACT_NORMALIZED_MATCH
MT,PHILLIPS,EXACT_NORMALIZED_MATCH
MT,PONDERA,EXACT_NORMALIZED_MATCH
MT,POWDER RIVER,EXACT_NORMALIZED_MATCH
MT,POWELL,EXACT_NORMALIZED_MATCH
MT,PRAIRIE,EXACT_NORMALIZED_MATCH
MT,RAVALLI,EXACT_NORMALIZED_MATCH
MT,RICHLAND,EXACT_NORMALIZED_MATCH
MT,ROOSEVELT,EXACT_NORMALIZED_MATCH
MT,ROSEBUD,EXACT_NORMALIZED_MATCH
MT,SANDERS,EXACT_NORMALIZED_MATCH
MT,SHERIDAN,EXACT_NORMALIZED_MATCH
MT,SILVER BOW,EXACT_NORMALIZED_MATCH
MT,STILLWATER,EXACT_NORMALIZED_MATCH
MT,SWEET GRASS,EXACT_NORMALIZED_MATCH
MT,TETON,EXACT_NORMALIZED_MATCH
MT,TOOLE,EXACT_NORMALIZED_MATCH
MT,TREASURE,EXACT_NORMALIZED_MATCH
MT,VALLEY,EXACT_NORMALIZED_MATCH
MT,WHEATLAND,EXACT_NORMALIZED_MATCH
MT,YELLOWSTONE,EXACT_NORMALIZED_MATCH
NC,ALAMANCE,EXACT_NORMALIZED_MATCH
NC,ALEXANDER,EXACT_NORMALIZED_MATCH
NC,ALLEGHANY,EXACT_NORMALIZED_MATCH
NC,ANSON,EXACT_NORMALIZED_MATCH
NC,ASHE,EXACT_NORMALIZED_MATCH
NC,AVERY,EXACT_NORMALIZED_MATCH
NC,BEAUFORT,EXACT_NORMALIZED_MATCH
NC,BERTIE,EXACT_NORMALIZED_MATCH
NC,BLADEN,EXACT_NORMALIZED_MATCH
NC,BRUNSWICK,EXACT_NORMALIZED_MATCH
NC,BUNCOMBE,EXACT_NORMALIZED_MATCH
NC,BURKE,EXACT_NORMALIZED_MATCH
NC,CABARRUS,EXACT_NORMALIZED_MATCH
NC,CALDWELL,EXACT_NORMALIZED_MATCH
NC,CAMDEN,EXACT_NORMALIZED_MATCH
NC,CARTERET,EXACT_NORMALIZED_MATCH
NC,CASWELL,EXACT_NORMALIZED_MATCH
NC,CATAWBA,EXACT_NORMALIZED_MATCH
NC,CHATHAM,EXACT_NORMALIZED_MATCH
NC,CHEROKEE,EXACT_NORMALIZED_MATCH
NC,CHOWAN,EXACT_NORMALIZED_MATCH
NC,CLAY,EXACT_NORMALIZED_MATCH
NC,CLEVELAND,EXACT_NORMALIZED_MATCH
NC,COLUMBUS,EXACT_NORMALIZED_MATCH
NC,CRAVEN,EXACT_NORMALIZED_MATCH
NC,CUMBERLAND,EXACT_NORMALIZED_MATCH
NC,CURRITUCK,EXACT_NORMALIZED_MATCH
NC,DARE,EXACT_NORMALIZED_MATCH
NC,DAVIDSON,EXACT_NORMALIZED_MATCH
NC,DAVIE,EXACT_NORMALIZED_MATCH
NC,DUPLIN,EXACT_NORMALIZED_MATCH
NC,DURHAM,EXACT_NORMALIZED_MATCH
NC,EDGECOMBE,EXACT_NORMALIZED_MATCH
NC,FORSYTH,EXACT_NORMALIZED_MATCH
NC,FRANKLIN,EXACT_NORMALIZED_MATCH
NC,GASTON,EXACT_NORMALIZED_MATCH
NC,GATES,EXACT_NORMALIZED_MATCH
NC,GRAHAM,EXACT_NORMALIZED_MATCH
NC,GRANVILLE,EXACT_NORMALIZED_MATCH
NC,GREENE,EXACT_NORMALIZED_MATCH
NC,GUILFORD,EXACT_NORMALIZED_MATCH
NC,HALIFAX,EXACT_NORMALIZED_MATCH
NC,HARNETT,EXACT_NORMALIZED_MATCH
NC,HAYWOOD,EXACT_NORMALIZED_MATCH
NC,HENDERSON,EXACT_NORMALIZED_MATCH
NC,HERTFORD,EXACT_NORMALIZED_MATCH
NC,HOKE,EXACT_NORMALIZED_MATCH
NC,HYDE,EXACT_NORMALIZED_MATCH
NC,IREDELL,EXACT_NORMALIZED_MATCH
NC,JACKSON,EXACT_NORMALIZED_MATCH
NC,JOHNSTON,EXACT_NORMALIZED_MATCH
NC,JONES,EXACT_NORMALIZED_MATCH
NC,LEE,EXACT_NORMALIZED_MATCH
NC,LENOIR,EXACT_NORMALIZED_MATCH
NC,LINCOLN,EXACT_NORMALIZED_MATCH
NC,MACON,EXACT_NORMALIZED_MATCH
NC,MADISON,EXACT_NORMALIZED_MATCH
NC,MARTIN,EXACT_NORMALIZED_MATCH
NC,MCDOWELL,EXACT_NORMALIZED_MATCH
NC,MECKLENBURG,EXACT_NORMALIZED_MATCH
NC,MITCHELL,EXACT_NORMALIZED_MATCH
NC,MONTGOMERY,EXACT_NORMALIZED_MATCH
NC,MOORE,EXACT_NORMALIZED_MATCH
NC,NASH,EXACT_NORMALIZED_MATCH
NC,NEW HANOVER,EXACT_NORMALIZED_MATCH
NC,NORTHAMPTON,EXACT_NORMALIZED_MATCH
NC,ONSLOW,EXACT_NORMALIZED_MATCH
NC,ORANGE,EXACT_NORMALIZED_MATCH
NC,PAMLICO,EXACT_NORMALIZED_MATCH
NC,PASQUOTANK,EXACT_NORMALIZED_MATCH
NC,PENDER,EXACT_NORMALIZED_MATCH
NC,PERQUIMANS,EXACT_NORMALIZED_MATCH
NC,PERSON,EXACT_NORMALIZED_MATCH
NC,PITT,EXACT_NORMALIZED_MATCH
NC,POLK,EXACT_NORMALIZED_MATCH
NC,RANDOLPH,EXACT_NORMALIZED_MATCH
NC,RICHMOND,EXACT_NORMALIZED_MATCH
NC,ROBESON,EXACT_NORMALIZED_MATCH
NC,ROCKINGHAM,EXACT_NORMALIZED_MATCH
NC,ROWAN,EXACT_NORMALIZED_MATCH
NC,RUTHERFORD,EXACT_NORMALIZED_MATCH
NC,SAMPSON,EXACT_NORMALIZED_MATCH
NC,SCOTLAND,EXACT_NORMALIZED_MATCH
NC,STANLY,EXACT_NORMALIZED_MATCH
NC,STOKES,EXACT_NORMALIZED_MATCH
NC,SURRY,EXACT_NORMALIZED_MATCH
NC,SWAIN,EXACT_NORMALIZED_MATCH
NC,TRANSYLVANIA,EXACT_NORMALIZED_MATCH
NC,TYRRELL,EXACT_NORMALIZED_MATCH
NC,UNION,EXACT_NORMALIZED_MATCH
NC,VANCE,EXACT_NORMALIZED_MATCH
NC,WAKE,EXACT_NORMALIZED_MATCH
NC,WARREN,EXACT_NORMALIZED_MATCH
NC,WASHINGTON,EXACT_NORMALIZED_MATCH
NC,WATAUGA,EXACT_NORMALIZED_MATCH
NC,WAYNE,EXACT_NORMALIZED_MATCH
NC,WILKES,EXACT_NORMALIZED_MATCH
NC,WILSON,EXACT_NORMALIZED_MATCH
NC,YADKIN,EXACT_NORMALIZED_MATCH
NC,YANCEY,EXACT_NORMALIZED_MATCH
ND,ADAMS,EXACT_NORMALIZED_MATCH
ND,BARNES,EXACT_NORMALIZED_MATCH
ND,BENSON,EXACT_NORMALIZED_MATCH
ND,BILLINGS,EXACT_NORMALIZED_MATCH
ND,BOTTINEAU,EXACT_NORMALIZED_MATCH
ND,BOWMAN,EXACT_NORMALIZED_MATCH
ND,BURKE,EXACT_NORMALIZED_MATCH
ND,BURLEIGH,EXACT_NORMALIZED_MATCH
ND,CASS,EXACT_NORMALIZED_MATCH
ND,CAVALIER,EXACT_NORMALIZED_MATCH
ND,DICKEY,EXACT_NORMALIZED_MATCH
ND,DIVIDE,EXACT_NORMALIZED_MATCH
ND,DUNN,EXACT_NORMALIZED_MATCH
ND,EDDY,EXACT_NORMALIZED_MATCH
ND,EMMONS,EXACT_NORMALIZED_MATCH
ND,FOSTER,EXACT_NORMALIZED_MATCH
ND,GOLDEN VALLEY,EXACT_NORMALIZED_MATCH
ND,GRAND FORKS,EXACT_NORMALIZED_MATCH
ND,GRANT,EXACT_NORMALIZED_MATCH
ND,GRIGGS,EXACT_NORMALIZED_MATCH
ND,HETTINGER,EXACT_NORMALIZED_MATCH
ND,KIDDER,EXACT_NORMALIZED_MATCH
ND,LOGAN,EXACT_NORMALIZED_MATCH
ND,MCHENRY,EXACT_NORMALIZED_MATCH
ND,MCINTOSH,EXACT_NORMALIZED_MATCH
ND,MCKENZIE,EXACT_NORMALIZED_MATCH
ND,MCLEAN,EXACT_NORMALIZED_MATCH
ND,MERCER,EXACT_NORMALIZED_MATCH
ND,MORTON,EXACT_NORMALIZED_MATCH
ND,MOUNTRAIL,EXACT_NORMALIZED_MATCH
ND,NELSON,EXACT_NORMALIZED_MATCH
ND,OLIVER,EXACT_NORMALIZED_MATCH
ND,PEMBINA,EXACT_NORMALIZED_MATCH
ND,PIERCE,EXACT_NORMALIZED_MATCH
ND,RAMSEY,EXACT_NORMALIZED_MATCH
ND,RANSOM,EXACT_NORMALIZED_MATCH
ND,RENVILLE,EXACT_NORMALIZED_MATCH
ND,RICHLAND,EXACT_NORMALIZED_MATCH
ND,ROLETTE,EXACT_NORMALIZED_MATCH
ND,SARGENT,EXACT_NORMALIZED_MATCH
ND,SHERIDAN,EXACT_NORMALIZED_MATCH
ND,SIOUX,EXACT_NORMALIZED_MATCH
ND,SLOPE,EXACT_NORMALIZED_MATCH
ND,STARK,EXACT_NORMALIZED_MATCH
ND,STEELE,EXACT_NORMALIZED_MATCH
ND,STUTSMAN,EXACT_NORMALIZED_MATCH
ND,TRAILL,EXACT_NORMALIZED_MATCH
ND,WARD,EXACT_NORMALIZED_MATCH
ND,WELLS,EXACT_NORMALIZED_MATCH
ND,WILLIAMS,EXACT_NORMALIZED_MATCH
NE,ADAMS,EXACT_NORMALIZED_MATCH
NE,ANTELOPE,EXACT_NORMALIZED_MATCH
NE,ARTHUR,EXACT_NORMALIZED_MATCH
NE,BANNER,EXACT_NORMALIZED_MATCH
NE,BLAINE,EXACT_NORMALIZED_MATCH
NE,BOONE,EXACT_NORMALIZED_MATCH
NE,BOX BUTTE,EXACT_NORMALIZED_MATCH
NE,BOYD,EXACT_NORMALIZED_MATCH
NE,BROWN,EXACT_NORMALIZED_MATCH
NE,BUFFALO,EXACT_NORMALIZED_MATCH
NE,BURT,EXACT_NORMALIZED_MATCH
NE,BUTLER,EXACT_NORMALIZED_MATCH
NE,CASS,EXACT_NORMALIZED_MATCH
NE,CEDAR,EXACT_NORMALIZED_MATCH
NE,CHASE,EXACT_NORMALIZED_MATCH
NE,CHERRY,EXACT_NORMALIZED_MATCH
NE,CHEYENNE,EXACT_NORMALIZED_MATCH
NE,CLAY,EXACT_NORMALIZED_MATCH
NE,COLFAX,EXACT_NORMALIZED_MATCH
NE,CUMING,EXACT_NORMALIZED_MATCH
NE,CUSTER,EXACT_NORMALIZED_MATCH
NE,DAKOTA,EXACT_NORMALIZED_MATCH
NE,DAWES,EXACT_NORMALIZED_MATCH
NE,DAWSON,EXACT_NORMALIZED_MATCH
NE,DEUEL,EXACT_NORMALIZED_MATCH
NE,DIXON,EXACT_NORMALIZED_MATCH
NE,DODGE,EXACT_NORMALIZED_MATCH
NE,DOUGLAS,EXACT_NORMALIZED_MATCH
NE,DUNDY,EXACT_NORMALIZED_MATCH
NE,FILLMORE,EXACT_NORMALIZED_MATCH
NE,FRANKLIN,EXACT_NORMALIZED_MATCH
NE,FRONTIER,EXACT_NORMALIZED_MATCH
NE,FURNAS,EXACT_NORMALIZED_MATCH
NE,GAGE,EXACT_NORMALIZED_MATCH
NE,GARDEN,EXACT_NORMALIZED_MATCH
NE,GARFIELD,EXACT_NORMALIZED_MATCH
NE,GOSPER,EXACT_NORMALIZED_MATCH
NE,GRANT,EXACT_NORMALIZED_MATCH
NE,GREELEY,EXACT_NORMALIZED_MATCH
NE,HALL,EXACT_NORMALIZED_MATCH
NE,HAMILTON,EXACT_NORMALIZED_MATCH
NE,HARLAN,EXACT_NORMALIZED_MATCH
NE,HAYES,EXACT_NORMALIZED_MATCH
NE,HITCHCOCK,EXACT_NORMALIZED_MATCH
NE,HOLT,EXACT_NORMALIZED_MATCH
NE,HOOKER,EXACT_NORMALIZED_MATCH
NE,HOWARD,EXACT_NORMALIZED_MATCH
NE,JEFFERSON,EXACT_NORMALIZED_MATCH
NE,JOHNSON,EXACT_NORMALIZED_MATCH
NE,KEARNEY,EXACT_NORMALIZED_MATCH
NE,KEITH,EXACT_NORMALIZED_MATCH
NE,KEYA PAHA,EXACT_NORMALIZED_MATCH
NE,KIMBALL,EXACT_NORMALIZED_MATCH
NE,KNOX,EXACT_NORMALIZED_MATCH
NE,LANCASTER,EXACT_NORMALIZED_MATCH
NE,LINCOLN,EXACT_NORMALIZED_MATCH
NE,LOGAN,EXACT_NORMALIZED_MATCH
NE,LOUP,EXACT_NORMALIZED_MATCH
NE,MADISON,EXACT_NORMALIZED_MATCH
NE,MCPHERSON,EXACT_NORMALIZED_MATCH
NE,MERRICK,EXACT_NORMALIZED_MATCH
NE,MORRILL,EXACT_NORMALIZED_MATCH
NE,NANCE,EXACT_NORMALIZED_MATCH
NE,NEMAHA,EXACT_NORMALIZED_MATCH
NE,NUCKOLLS,EXACT_NORMALIZED_MATCH
NE,OTOE,EXACT_NORMALIZED_MATCH
NE,PAWNEE,EXACT_NORMALIZED_MATCH
NE,PERKINS,EXACT_NORMALIZED_MATCH
NE,PHELPS,EXACT_NORMALIZED_MATCH
NE,PIERCE,EXACT_NORMALIZED_MATCH
NE,PLATTE,EXACT_NORMALIZED_MATCH
NE,POLK,EXACT_NORMALIZED_MATCH
NE,RED WILLOW,EXACT_NORMALIZED_MATCH
NE,RICHARDSON,EXACT_NORMALIZED_MATCH
NE,ROCK,EXACT_NORMALIZED_MATCH
NE,SALINE,EXACT_NORMALIZED_MATCH
NE,SARPY,EXACT_NORMALIZED_MATCH
NE,SAUNDERS,EXACT_NORMALIZED_MATCH
NE,SCOTTS BLUFF,EXACT_NORMALIZED_MATCH
NE,SEWARD,EXACT_NORMALIZED_MATCH
NE,SHERIDAN,EXACT_NORMALIZED_MATCH
NE,SHERMAN,EXACT_NORMALIZED_MATCH
NE,SIOUX,EXACT_NORMALIZED_MATCH
NE,STANTON,EXACT_NORMALIZED_MATCH
NE,THAYER,EXACT_NORMALIZED_MATCH
NE,THOMAS,EXACT_NORMALIZED_MATCH
NE,THURSTON,EXACT_NORMALIZED_MATCH
NE,VALLEY,EXACT_NORMALIZED_MATCH
NE,WASHINGTON,EXACT_NORMALIZED_MATCH
NE,WAYNE,EXACT_NORMALIZED_MATCH
NE,WEBSTER,EXACT_NORMALIZED_MATCH
NE,YORK,EXACT_NORMALIZED_MATCH
NH,BELKNAP,EXACT_NORMALIZED_MATCH
NH,CARROLL,EXACT_NORMALIZED_MATCH
NH,CHESHIRE,EXACT_NORMALIZED_MATCH
NH,COOS,EXACT_NORMALIZED_MATCH
NH,GRAFTON,EXACT_NORMALIZED_MATCH
NH,HILLSBOROUGH,EXACT_NORMALIZED_MATCH
NH,MERRIMACK,EXACT_NORMALIZED_MATCH
NH,ROCKINGHAM,EXACT_NORMALIZED_MATCH
NH,STRAFFORD,EXACT_NORMALIZED_MATCH
NH,SULLIVAN,EXACT_NORMALIZED_MATCH
NJ,ATLANTIC,EXACT_NORMALIZED_MATCH
NJ,BERGEN,EXACT_NORMALIZED_MATCH
NJ,BURLINGTON,EXACT_NORMALIZED_MATCH
NJ,CAMDEN,EXACT_NORMALIZED_MATCH
NJ,CAPE MAY,EXACT_NORMALIZED_MATCH
NJ,CUMBERLAND,EXACT_NORMALIZED_MATCH
NJ,ESSEX,EXACT_NORMALIZED_MATCH
NJ,GLOUCESTER,EXACT_NORMALIZED_MATCH
NJ,HUDSON,EXACT_NORMALIZED_MATCH
NJ,HUNTERDON,EXACT_NORMALIZED_MATCH
NJ,MERCER,EXACT_NORMALIZED_MATCH
NJ,MIDDLESEX,EXACT_NORMALIZED_MATCH
NJ,MONMOUTH,EXACT_NORMALIZED_MATCH
NJ,MORRIS,EXACT_NORMALIZED_MATCH
NJ,OCEAN,EXACT_NORMALIZED_MATCH
NJ,PASSAIC,EXACT_NORMALIZED_MATCH
NJ,SALEM,EXACT_NORMALIZED_MATCH
NJ,SOMERSET,EXACT_NORMALIZED_MATCH
NJ,SUSSEX,EXACT_NORMALIZED_MATCH
NJ,UNION,EXACT_NORMALIZED_MATCH
NJ,WARREN,EXACT_NORMALIZED_MATCH
NM,BERNALILLO,EXACT_NORMALIZED_MATCH
NM,CATRON,EXACT_NORMALIZED_MATCH
NM,CHAVES,EXACT_NORMALIZED_MATCH
NM,CIBOLA,EXACT_NORMALIZED_MATCH
NM,COLFAX,EXACT_NORMALIZED_MATCH
NM,CURRY,EXACT_NORMALIZED_MATCH
NM,DE BACA,EXACT_NORMALIZED_MATCH
NM,DONA ANA,EXACT_NORMALIZED_MATCH
NM,EDDY,EXACT_NORMALIZED_MATCH
NM,GRANT,EXACT_NORMALIZED_MATCH
NM,GUADALUPE,EXACT_NORMALIZED_MATCH
NM,HARDING,EXACT_NORMALIZED_MATCH
NM,HIDALGO,EXACT_NORMALIZED_MATCH
NM,LEA,EXACT_NORMALIZED_MATCH
NM,LINCOLN,EXACT_NORMALIZED_MATCH
NM,LOS ALAMOS,EXACT_NORMALIZED_MATCH
NM,LUNA,EXACT_NORMALIZED_MATCH
NM,MCKINLEY,EXACT_NORMALIZED_MATCH
NM,MORA,EXACT_NORMALIZED_MATCH
NM,OTERO,EXACT_NORMALIZED_MATCH
NM,QUAY,EXACT_NORMALIZED_MATCH
NM,RIO ARRIBA,EXACT_NORMALIZED_MATCH
NM,ROOSEVELT,EXACT_NORMALIZED_MATCH
NM,SAN JUAN,EXACT_NORMALIZED_MATCH
NM,SAN MIGUEL,EXACT_NORMALIZED_MATCH
NM,SANDOVAL,EXACT_NORMALIZED_MATCH
NM,SANTA FE,EXACT_NORMALIZED_MATCH
NM,SIERRA,EXACT_NORMALIZED_MATCH
NM,SOCORRO,EXACT_NORMALIZED_MATCH
NM,TORRANCE,EXACT_NORMALIZED_MATCH
NM,UNION,EXACT_NORMALIZED_MATCH
NM,VALENCIA,EXACT_NORMALIZED_MATCH
NV,CHURCHILL,EXACT_NORMALIZED_MATCH
NV,CLARK,EXACT_NORMALIZED_MATCH
NV,DOUGLAS,EXACT_NORMALIZED_MATCH
NV,ELKO,EXACT_NORMALIZED_MATCH
NV,EUREKA,EXACT_NORMALIZED_MATCH
NV,HUMBOLDT,EXACT_NORMALIZED_MATCH
NV,LINCOLN,EXACT_NORMALIZED_MATCH
NV,LYON,EXACT_NORMALIZED_MATCH
NV,MINERAL,EXACT_NORMALIZED_MATCH
NV,NYE,EXACT_NORMALIZED_MATCH
NV,PERSHING,EXACT_NORMALIZED_MATCH
NV,WASHOE,EXACT_NORMALIZED_MATCH
NV,WHITE PINE,EXACT_NORMALIZED_MATCH
NY,ALBANY,EXACT_NORMALIZED_MATCH
NY,ALLEGANY,EXACT_NORMALIZED_MATCH
NY,BRONX,EXACT_NORMALIZED_MATCH
NY,BROOME,EXACT_NORMALIZED_MATCH
NY,CATTARAUGUS,EXACT_NORMALIZED_MATCH
NY,CAYUGA,EXACT_NORMALIZED_MATCH
NY,CHAUTAUQUA,EXACT_NORMALIZED_MATCH
NY,CHEMUNG,EXACT_NORMALIZED_MATCH
NY,CHENANGO,EXACT_NORMALIZED_MATCH
NY,CLINTON,EXACT_NORMALIZED_MATCH
NY,COLUMBIA,EXACT_NORMALIZED_MATCH
NY,CORTLAND,EXACT_NORMALIZED_MATCH
NY,DELAWARE,EXACT_NORMALIZED_MATCH
NY,DUTCHESS,EXACT_NORMALIZED_MATCH
NY,ERIE,EXACT_NORMALIZED_MATCH
NY,ESSEX,EXACT_NORMALIZED_MATCH
NY,FRANKLIN,EXACT_NORMALIZED_MATCH
NY,FULTON,EXACT_NORMALIZED_MATCH
NY,GENESEE,EXACT_NORMALIZED_MATCH
NY,GREENE,EXACT_NORMALIZED_MATCH
NY,HAMILTON,EXACT_NORMALIZED_MATCH
NY,HERKIMER,EXACT_NORMALIZED_MATCH
NY,JEFFERSON,EXACT_NORMALIZED_MATCH
NY,KINGS,EXACT_NORMALIZED_MATCH
NY,LEWIS,EXACT_NORMALIZED_MATCH
NY,LIVINGSTON,EXACT_NORMALIZED_MATCH
NY,MADISON,EXACT_NORMALIZED_MATCH
NY,MONROE,EXACT_NORMALIZED_MATCH
NY,MONTGOMERY,EXACT_NORMALIZED_MATCH
NY,NASSAU,EXACT_NORMALIZED_MATCH
NY,NEW YORK,EXACT_NORMALIZED_MATCH
NY,NIAGARA,EXACT_NORMALIZED_MATCH
NY,ONEIDA,EXACT_NORMALIZED_MATCH
NY,ONONDAGA,EXACT_NORMALIZED_MATCH
NY,ONTARIO,EXACT_NORMALIZED_MATCH
NY,ORANGE,EXACT_NORMALIZED_MATCH
NY,ORLEANS,EXACT_NORMALIZED_MATCH
NY,OSWEGO,EXACT_NORMALIZED_MATCH
NY,OTSEGO,EXACT_NORMALIZED_MATCH
NY,PUTNAM,EXACT_NORMALIZED_MATCH
NY,QUEENS,EXACT_NORMALIZED_MATCH
NY,RENSSELAER,EXACT_NORMALIZED_MATCH
NY,RICHMOND,EXACT_NORMALIZED_MATCH
NY,ROCKLAND,EXACT_NORMALIZED_MATCH
NY,SARATOGA,EXACT_NORMALIZED_MATCH
NY,SCHENECTADY,EXACT_NORMALIZED_MATCH
NY,SCHOHARIE,EXACT_NORMALIZED_MATCH
NY,SCHUYLER,EXACT_NORMALIZED_MATCH
NY,SENECA,EXACT_NORMALIZED_MATCH
NY,STEUBEN,EXACT_NORMALIZED_MATCH
NY,SUFFOLK,EXACT_NORMALIZED_MATCH
NY,SULLIVAN,EXACT_NORMALIZED_MATCH
NY,TIOGA,EXACT_NORMALIZED_MATCH
NY,TOMPKINS,EXACT_NORMALIZED_MATCH
NY,ULSTER,EXACT_NORMALIZED_MATCH
NY,WARREN,EXACT_NORMALIZED_MATCH
NY,WASHINGTON,EXACT_NORMALIZED_MATCH
NY,WAYNE,EXACT_NORMALIZED_MATCH
NY,WESTCHESTER,EXACT_NORMALIZED_MATCH
NY,WYOMING,EXACT_NORMALIZED_MATCH
NY,YATES,EXACT_NORMALIZED_MATCH
OH,ADAMS,EXACT_NORMALIZED_MATCH
OH,ASHLAND,EXACT_NORMALIZED_MATCH
OH,ASHTABULA,EXACT_NORMALIZED_MATCH
OH,ATHENS,EXACT_NORMALIZED_MATCH
OH,AUGLAIZE,EXACT_NORMALIZED_MATCH
OH,BELMONT,EXACT_NORMALIZED_MATCH
OH,BROWN,EXACT_NORMALIZED_MATCH
OH,BUTLER,EXACT_NORMALIZED_MATCH
OH,CARROLL,EXACT_NORMALIZED_MATCH
OH,CHAMPAIGN,EXACT_NORMALIZED_MATCH
OH,CLARK,EXACT_NORMALIZED_MATCH
OH,CLERMONT,EXACT_NORMALIZED_MATCH
OH,CLINTON,EXACT_NORMALIZED_MATCH
OH,COLUMBIANA,EXACT_NORMALIZED_MATCH
OH,COSHOCTON,EXACT_NORMALIZED_MATCH
OH,CRAWFORD,EXACT_NORMALIZED_MATCH
OH,CUYAHOGA,EXACT_NORMALIZED_MATCH
OH,DARKE,EXACT_NORMALIZED_MATCH
OH,DEFIANCE,EXACT_NORMALIZED_MATCH
OH,DELAWARE,EXACT_NORMALIZED_MATCH
OH,ERIE,EXACT_NORMALIZED_MATCH
OH,FAIRFIELD,EXACT_NORMALIZED_MATCH
OH,FAYETTE,EXACT_NORMALIZED_MATCH
OH,FRANKLIN,EXACT_NORMALIZED_MATCH
OH,FULTON,EXACT_NORMALIZED_MATCH
OH,GALLIA,EXACT_NORMALIZED_MATCH
OH,GEAUGA,EXACT_NORMALIZED_MATCH
OH,GREENE,EXACT_NORMALIZED_MATCH
OH,GUERNSEY,EXACT_NORMALIZED_MATCH
OH,HAMILTON,EXACT_NORMALIZED_MATCH
OH,HANCOCK,EXACT_NORMALIZED_MATCH
OH,HARDIN,EXACT_NORMALIZED_MATCH
OH,HARRISON,EXACT_NORMALIZED_MATCH
OH,HENRY,EXACT_NORMALIZED_MATCH
OH,HIGHLAND,EXACT_NORMALIZED_MATCH
OH,HOCKING,EXACT_NORMALIZED_MATCH
OH,HOLMES,EXACT_NORMALIZED_MATCH
OH,HURON,EXACT_NORMALIZED_MATCH
OH,JACKSON,EXACT_NORMALIZED_MATCH
OH,JEFFERSON,EXACT_NORMALIZED_MATCH
OH,KNOX,EXACT_NORMALIZED_MATCH
OH,LAKE,EXACT_NORMALIZED_MATCH
OH,LAWRENCE,EXACT_NORMALIZED_MATCH
OH,LICKING,EXACT_NORMALIZED_MATCH
OH,LOGAN,EXACT_NORMALIZED_MATCH
OH,LORAIN,EXACT_NORMALIZED_MATCH
OH,LUCAS,EXACT_NORMALIZED_MATCH
OH,MADISON,EXACT_NORMALIZED_MATCH
OH,MAHONING,EXACT_NORMALIZED_MATCH
OH,MARION,EXACT_NORMALIZED_MATCH
OH,MEDINA,EXACT_NORMALIZED_MATCH
OH,MEIGS,EXACT_NORMALIZED_MATCH
OH,MERCER,EXACT_NORMALIZED_MATCH
OH,MIAMI,EXACT_NORMALIZED_MATCH
OH,MONROE,EXACT_NORMALIZED_MATCH
OH,MONTGOMERY,EXACT_NORMALIZED_MATCH
OH,MORGAN,EXACT_NORMALIZED_MATCH
OH,MORROW,EXACT_NORMALIZED_MATCH
OH,MUSKINGUM,EXACT_NORMALIZED_MATCH
OH,NOBLE,EXACT_NORMALIZED_MATCH
OH,OTTAWA,EXACT_NORMALIZED_MATCH
OH,PAULDING,EXACT_NORMALIZED_MATCH
OH,PERRY,EXACT_NORMALIZED_MATCH
OH,PICKAWAY,EXACT_NORMALIZED_MATCH
OH,PIKE,EXACT_NORMALIZED_MATCH
OH,PORTAGE,EXACT_NORMALIZED_MATCH
OH,PREBLE,EXACT_NORMALIZED_MATCH
OH,PUTNAM,EXACT_NORMALIZED_MATCH
OH,RICHLAND,EXACT_NORMALIZED_MATCH
OH,ROSS,EXACT_NORMALIZED_MATCH
OH,SANDUSKY,EXACT_NORMALIZED_MATCH
OH,SCIOTO,EXACT_NORMALIZED_MATCH
OH,SENECA,EXACT_NORMALIZED_MATCH
OH,SHELBY,EXACT_NORMALIZED_MATCH
OH,STARK,EXACT_NORMALIZED_MATCH
OH,SUMMIT,EXACT_NORMALIZED_MATCH
OH,TRUMBULL,EXACT_NORMALIZED_MATCH
OH,TUSCARAWAS,EXACT_NORMALIZED_MATCH
OH,UNION,EXACT_NORMALIZED_MATCH
OH,VAN WERT,EXACT_NORMALIZED_MATCH
OH,VINTON,EXACT_NORMALIZED_MATCH
OH,WARREN,EXACT_NORMALIZED_MATCH
OH,WASHINGTON,EXACT_NORMALIZED_MATCH
OH,WAYNE,EXACT_NORMALIZED_MATCH
OH,WILLIAMS,EXACT_NORMALIZED_MATCH
OH,WOOD,EXACT_NORMALIZED_MATCH
OH,WYANDOT,EXACT_NORMALIZED_MATCH
OK,ADAIR,EXACT_NORMALIZED_MATCH
OK,ALFALFA,EXACT_NORMALIZED_MATCH
OK,ATOKA,EXACT_NORMALIZED_MATCH
OK,BEAVER,EXACT_NORMALIZED_MATCH
OK,BECKHAM,EXACT_NORMALIZED_MATCH
OK,BLAINE,EXACT_NORMALIZED_MATCH
OK,BRYAN,EXACT_NORMALIZED_MATCH
OK,CADDO,EXACT_NORMALIZED_MATCH
OK,CANADIAN,EXACT_NORMALIZED_MATCH
OK,CARTER,EXACT_NORMALIZED_MATCH
OK,CHEROKEE,EXACT_NORMALIZED_MATCH
OK,CIMARRON,EXACT_NORMALIZED_MATCH
OK,CLEVELAND,EXACT_NORMALIZED_MATCH
OK,COAL,EXACT_NORMALIZED_MATCH
OK,COMANCHE,EXACT_NORMALIZED_MATCH
OK,COTTON,EXACT_NORMALIZED_MATCH
OK,CRAIG,EXACT_NORMALIZED_MATCH
OK,CREEK,EXACT_NORMALIZED_MATCH
OK,CUSTER,EXACT_NORMALIZED_MATCH
OK,DELAWARE,EXACT_NORMALIZED_MATCH
OK,DEWEY,EXACT_NORMALIZED_MATCH
OK,ELLIS,EXACT_NORMALIZED_MATCH
OK,GARFIELD,EXACT_NORMALIZED_MATCH
OK,GARVIN,EXACT_NORMALIZED_MATCH
OK,GRADY,EXACT_NORMALIZED_MATCH
OK,GRANT,EXACT_NORMALIZED_MATCH
OK,GREER,EXACT_NORMALIZED_MATCH
OK,HARMON,EXACT_NORMALIZED_MATCH
OK,HARPER,EXACT_NORMALIZED_MATCH
OK,HASKELL,EXACT_NORMALIZED_MATCH
OK,HUGHES,EXACT_NORMALIZED_MATCH
OK,JACKSON,EXACT_NORMALIZED_MATCH
OK,JEFFERSON,EXACT_NORMALIZED_MATCH
OK,JOHNSTON,EXACT_NORMALIZED_MATCH
OK,KAY,EXACT_NORMALIZED_MATCH
OK,KINGFISHER,EXACT_NORMALIZED_MATCH
OK,KIOWA,EXACT_NORMALIZED_MATCH
OK,LATIMER,EXACT_NORMALIZED_MATCH
OK,LE FLORE,EXACT_NORMALIZED_MATCH
OK,LINCOLN,EXACT_NORMALIZED_MATCH
OK,LOGAN,EXACT_NORMALIZED_MATCH
OK,LOVE,EXACT_NORMALIZED_MATCH
OK,MAJOR,EXACT_NORMALIZED_MATCH
OK,MARSHALL,EXACT_NORMALIZED_MATCH
OK,MAYES,EXACT_NORMALIZED_MATCH
OK,MCCLAIN,EXACT_NORMALIZED_MATCH
OK,MCCURTAIN,EXACT_NORMALIZED_MATCH
OK,MCINTOSH,EXACT_NORMALIZED_MATCH
OK,MURRAY,EXACT_NORMALIZED_MATCH
OK,MUSKOGEE,EXACT_NORMALIZED_MATCH
OK,NOBLE,EXACT_NORMALIZED_MATCH
OK,NOWATA,EXACT_NORMALIZED_MATCH
OK,OKFUSKEE,EXACT_NORMALIZED_MATCH
OK,OKLAHOMA,EXACT_NORMALIZED_MATCH
OK,OKMULGEE,EXACT_NORMALIZED_MATCH
OK,OSAGE,EXACT_NORMALIZED_MATCH
OK,OTTAWA,EXACT_NORMALIZED_MATCH
OK,PAWNEE,EXACT_NORMALIZED_MATCH
OK,PAYNE,EXACT_NORMALIZED_MATCH
OK,PITTSBURG,EXACT_NORMALIZED_MATCH
OK,PONTOTOC,EXACT_NORMALIZED_MATCH
OK,POTTAWATOMIE,EXACT_NORMALIZED_MATCH
OK,PUSHMATAHA,EXACT_NORMALIZED_MATCH
OK,ROGER MILLS,EXACT_NORMALIZED_MATCH
OK,ROGERS,EXACT_NORMALIZED_MATCH
OK,SEMINOLE,EXACT_NORMALIZED_MATCH
OK,SEQUOYAH,EXACT_NORMALIZED_MATCH
OK,STEPHENS,EXACT_NORMALIZED_MATCH
OK,TEXAS,EXACT_NORMALIZED_MATCH
OK,TILLMAN,EXACT_NORMALIZED_MATCH
OK,TULSA,EXACT_NORMALIZED_MATCH
OK,WAGONER,EXACT_NORMALIZED_MATCH
OK,WASHINGTON,EXACT_NORMALIZED_MATCH
OK,WASHITA,EXACT_NORMALIZED_MATCH
OK,WOODS,EXACT_NORMALIZED_MATCH
OK,WOODWARD,EXACT_NORMALIZED_MATCH
OR,BAKER,EXACT_NORMALIZED_MATCH
OR,BENTON,EXACT_NORMALIZED_MATCH
OR,CLACKAMAS,EXACT_NORMALIZED_MATCH
OR,COOS,EXACT_NORMALIZED_MATCH
OR,CROOK,EXACT_NORMALIZED_MATCH
OR,CURRY,EXACT_NORMALIZED_MATCH
OR,DESCHUTES,EXACT_NORMALIZED_MATCH
OR,GILLIAM,EXACT_NORMALIZED_MATCH
OR,GRANT,EXACT_NORMALIZED_MATCH
OR,HARNEY,EXACT_NORMALIZED_MATCH
OR,JACKSON,EXACT_NORMALIZED_MATCH
OR,LAKE,EXACT_NORMALIZED_MATCH
OR,LANE,EXACT_NORMALIZED_MATCH
OR,LINCOLN,EXACT_NORMALIZED_MATCH
OR,LINN,EXACT_NORMALIZED_MATCH
OR,MALHEUR,EXACT_NORMALIZED_MATCH
OR,MARION,EXACT_NORMALIZED_MATCH
OR,POLK,EXACT_NORMALIZED_MATCH
OR,SHERMAN,EXACT_NORMALIZED_MATCH
OR,TILLAMOOK,EXACT_NORMALIZED_MATCH
OR,UMATILLA,EXACT_NORMALIZED_MATCH
OR,UNION,EXACT_NORMALIZED_MATCH
OR,WALLOWA,EXACT_NORMALIZED_MATCH
OR,WASHINGTON,EXACT_NORMALIZED_MATCH
OR,YAMHILL,EXACT_NORMALIZED_MATCH
PA,ADAMS,EXACT_NORMALIZED_MATCH
PA,ALLEGHENY,EXACT_NORMALIZED_MATCH
PA,ARMSTRONG,EXACT_NORMALIZED_MATCH
PA,BEAVER,EXACT_NORMALIZED_MATCH
PA,BERKS,EXACT_NORMALIZED_MATCH
PA,BLAIR,EXACT_NORMALIZED_MATCH
PA,BRADFORD,EXACT_NORMALIZED_MATCH
PA,BUCKS,EXACT_NORMALIZED_MATCH
PA,BUTLER,EXACT_NORMALIZED_MATCH
PA,CAMBRIA,EXACT_NORMALIZED_MATCH
PA,CAMERON,EXACT_NORMALIZED_MATCH
PA,CARBON,EXACT_NORMALIZED_MATCH
PA,CENTRE,EXACT_NORMALIZED_MATCH
PA,CHESTER,EXACT_NORMALIZED_MATCH
PA,CLARION,EXACT_NORMALIZED_MATCH
PA,CLEARFIELD,EXACT_NORMALIZED_MATCH
PA,CLINTON,EXACT_NORMALIZED_MATCH
PA,COLUMBIA,EXACT_NORMALIZED_MATCH
PA,CRAWFORD,EXACT_NORMALIZED_MATCH
PA,CUMBERLAND,EXACT_NORMALIZED_MATCH
PA,DAUPHIN,EXACT_NORMALIZED_MATCH
PA,DELAWARE,EXACT_NORMALIZED_MATCH
PA,ELK,EXACT_NORMALIZED_MATCH
PA,ERIE,EXACT_NORMALIZED_MATCH
PA,FAYETTE,EXACT_NORMALIZED_MATCH
PA,FOREST,EXACT_NORMALIZED_MATCH
PA,FRANKLIN,EXACT_NORMALIZED_MATCH
PA,GREENE,EXACT_NORMALIZED_MATCH
PA,HUNTINGDON,EXACT_NORMALIZED_MATCH
PA,INDIANA,EXACT_NORMALIZED_MATCH
PA,JEFFERSON,EXACT_NORMALIZED_MATCH
PA,JUNIATA,EXACT_NORMALIZED_MATCH
PA,LACKAWANNA,EXACT_NORMALIZED_MATCH
PA,LANCASTER,EXACT_NORMALIZED_MATCH
PA,LAWRENCE,EXACT_NORMALIZED_MATCH
PA,LEBANON,EXACT_NORMALIZED_MATCH
PA,LEHIGH,EXACT_NORMALIZED_MATCH
PA,LUZERNE,EXACT_NORMALIZED_MATCH
PA,LYCOMING,EXACT_NORMALIZED_MATCH
PA,MCKEAN,EXACT_NORMALIZED_MATCH
PA,MERCER,EXACT_NORMALIZED_MATCH
PA,MIFFLIN,EXACT_NORMALIZED_MATCH
PA,MONROE,EXACT_NORMALIZED_MATCH
PA,MONTGOMERY,EXACT_NORMALIZED_MATCH
PA,MONTOUR,EXACT_NORMALIZED_MATCH
PA,NORTHAMPTON,EXACT_NORMALIZED_MATCH
PA,NORTHUMBERLAND,EXACT_NORMALIZED_MATCH
PA,PERRY,EXACT_NORMALIZED_MATCH
PA,PHILADELPHIA,EXACT_NORMALIZED_MATCH
PA,PIKE,EXACT_NORMALIZED_MATCH
PA,POTTER,EXACT_NORMALIZED_MATCH
PA,SCHUYLKILL,EXACT_NORMALIZED_MATCH
PA,SNYDER,EXACT_NORMALIZED_MATCH
PA,SOMERSET,EXACT_NORMALIZED_MATCH
PA,SULLIVAN,EXACT_NORMALIZED_MATCH
PA,SUSQUEHANNA,EXACT_NORMALIZED_MATCH
PA,TIOGA,EXACT_NORMALIZED_MATCH
PA,UNION,EXACT_NORMALIZED_MATCH
PA,VENANGO,EXACT_NORMALIZED_MATCH
PA,WARREN,EXACT_NORMALIZED_MATCH
PA,WASHINGTON,EXACT_NORMALIZED_MATCH
PA,WAYNE,EXACT_NORMALIZED_MATCH
PA,WESTMORELAND,EXACT_NORMALIZED_MATCH
PA,WYOMING,EXACT_NORMALIZED_MATCH
PA,YORK,EXACT_NORMALIZED_MATCH
RI,BRISTOL,EXACT_NORMALIZED_MATCH
RI,KENT,EXACT_NORMALIZED_MATCH
RI,NEWPORT,EXACT_NORMALIZED_MATCH
RI,PROVIDENCE,EXACT_NORMALIZED_MATCH
RI,WASHINGTON,EXACT_NORMALIZED_MATCH
SC,ABBEVILLE,EXACT_NORMALIZED_MATCH
SC,AIKEN,EXACT_NORMALIZED_MATCH
SC,ANDERSON,EXACT_NORMALIZED_MATCH
SC,BAMBERG,EXACT_NORMALIZED_MATCH
SC,BEAUFORT,EXACT_NORMALIZED_MATCH
SC,BERKELEY,EXACT_NORMALIZED_MATCH
SC,CALHOUN,EXACT_NORMALIZED_MATCH
SC,CHARLESTON,EXACT_NORMALIZED_MATCH
SC,CHEROKEE,EXACT_NORMALIZED_MATCH
SC,CHESTER,EXACT_NORMALIZED_MATCH
SC,CHESTERFIELD,EXACT_NORMALIZED_MATCH
SC,CLARENDON,EXACT_NORMALIZED_MATCH
SC,COLLETON,EXACT_NORMALIZED_MATCH
SC,DARLINGTON,EXACT_NORMALIZED_MATCH
SC,DILLON,EXACT_NORMALIZED_MATCH
SC,DORCHESTER,EXACT_NORMALIZED_MATCH
SC,EDGEFIELD,EXACT_NORMALIZED_MATCH
SC,FAIRFIELD,EXACT_NORMALIZED_MATCH
SC,FLORENCE,EXACT_NORMALIZED_MATCH
SC,GEORGETOWN,EXACT_NORMALIZED_MATCH
SC,GREENVILLE,EXACT_NORMALIZED_MATCH
SC,GREENWOOD,EXACT_NORMALIZED_MATCH
SC,HAMPTON,EXACT_NORMALIZED_MATCH
SC,HORRY,EXACT_NORMALIZED_MATCH
SC,JASPER,EXACT_NORMALIZED_MATCH
SC,KERSHAW,EXACT_NORMALIZED_MATCH
SC,LANCASTER,EXACT_NORMALIZED_MATCH
SC,LAURENS,EXACT_NORMALIZED_MATCH
SC,LEE,EXACT_NORMALIZED_MATCH
SC,LEXINGTON,EXACT_NORMALIZED_MATCH
SC,MARION,EXACT_NORMALIZED_MATCH
SC,MARLBORO,EXACT_NORMALIZED_MATCH
SC,MCCORMICK,EXACT_NORMALIZED_MATCH
SC,NEWBERRY,EXACT_NORMALIZED_MATCH
SC,OCONEE,EXACT_NORMALIZED_MATCH
SC,ORANGEBURG,EXACT_NORMALIZED_MATCH
SC,PICKENS,EXACT_NORMALIZED_MATCH
SC,RICHLAND,EXACT_NORMALIZED_MATCH
SC,SALUDA,EXACT_NORMALIZED_MATCH
SC,SPARTANBURG,EXACT_NORMALIZED_MATCH
SC,SUMTER,EXACT_NORMALIZED_MATCH
SC,UNION,EXACT_NORMALIZED_MATCH
SC,WILLIAMSBURG,EXACT_NORMALIZED_MATCH
SC,YORK,EXACT_NORMALIZED_MATCH
SD,AURORA,EXACT_NORMALIZED_MATCH
SD,BEADLE,EXACT_NORMALIZED_MATCH
SD,BENNETT,EXACT_NORMALIZED_MATCH
SD,BON HOMME,EXACT_NORMALIZED_MATCH
SD,BROOKINGS,EXACT_NORMALIZED_MATCH
SD,BROWN,EXACT_NORMALIZED_MATCH
SD,BRULE,EXACT_NORMALIZED_MATCH
SD,BUFFALO,EXACT_NORMALIZED_MATCH
SD,BUTTE,EXACT_NORMALIZED_MATCH
SD,CAMPBELL,EXACT_NORMALIZED_MATCH
SD,CHARLES MIX,EXACT_NORMALIZED_MATCH
SD,CLARK,EXACT_NORMALIZED_MATCH
SD,CLAY,EXACT_NORMALIZED_MATCH
SD,CODINGTON,EXACT_NORMALIZED_MATCH
SD,CORSON,EXACT_NORMALIZED_MATCH
SD,CUSTER,EXACT_NORMALIZED_MATCH
SD,DAVISON,EXACT_NORMALIZED_MATCH
SD,DAY,EXACT_NORMALIZED_MATCH
SD,DEUEL,EXACT_NORMALIZED_MATCH
SD,DEWEY,EXACT_NORMALIZED_MATCH
SD,DOUGLAS,EXACT_NORMALIZED_MATCH
SD,EDMUNDS,EXACT_NORMALIZED_MATCH
SD,FALL RIVER,EXACT_NORMALIZED_MATCH
SD,FAULK,EXACT_NORMALIZED_MATCH
SD,GRANT,EXACT_NORMALIZED_MATCH
SD,GREGORY,EXACT_NORMALIZED_MATCH
SD,HAAKON,EXACT_NORMALIZED_MATCH
SD,HAMLIN,EXACT_NORMALIZED_MATCH
SD,HAND,EXACT_NORMALIZED_MATCH
SD,HANSON,EXACT_NORMALIZED_MATCH
SD,HARDING,EXACT_NORMALIZED_MATCH
SD,HUGHES,EXACT_NORMALIZED_MATCH
SD,HUTCHINSON,EXACT_NORMALIZED_MATCH
SD,HYDE,EXACT_NORMALIZED_MATCH
SD,JACKSON,EXACT_NORMALIZED_MATCH
SD,JERAULD,EXACT_NORMALIZED_MATCH
SD,JONES,EXACT_NORMALIZED_MATCH
SD,KINGSBURY,EXACT_NORMALIZED_MATCH
SD,LAKE,EXACT_NORMALIZED_MATCH
SD,LAWRENCE,EXACT_NORMALIZED_MATCH
SD,LINCOLN,EXACT_NORMALIZED_MATCH
SD,LYMAN,EXACT_NORMALIZED_MATCH
SD,MARSHALL,EXACT_NORMALIZED_MATCH
SD,MCCOOK,EXACT_NORMALIZED_MATCH
SD,MCPHERSON,EXACT_NORMALIZED_MATCH
SD,MEADE,EXACT_NORMALIZED_MATCH
SD,MELLETTE,EXACT_NORMALIZED_MATCH
SD,MINER,EXACT_NORMALIZED_MATCH
SD,MINNEHAHA,EXACT_NORMALIZED_MATCH
SD,MOODY,EXACT_NORMALIZED_MATCH
SD,OGLALA LAKOTA,EXACT_NORMALIZED_MATCH
SD,PENNINGTON,EXACT_NORMALIZED_MATCH
SD,PERKINS,EXACT_NORMALIZED_MATCH
SD,POTTER,EXACT_NORMALIZED_MATCH
SD,ROBERTS,EXACT_NORMALIZED_MATCH
SD,SANBORN,EXACT_NORMALIZED_MATCH
SD,SPINK,EXACT_NORMALIZED_MATCH
SD,STANLEY,EXACT_NORMALIZED_MATCH
SD,SULLY,EXACT_NORMALIZED_MATCH
SD,TODD,EXACT_NORMALIZED_MATCH
SD,TRIPP,EXACT_NORMALIZED_MATCH
SD,TURNER,EXACT_NORMALIZED_MATCH
SD,UNION,EXACT_NORMALIZED_MATCH
SD,WALWORTH,EXACT_NORMALIZED_MATCH
SD,YANKTON,EXACT_NORMALIZED_MATCH
SD,ZIEBACH,EXACT_NORMALIZED_MATCH
TN,ANDERSON,EXACT_NORMALIZED_MATCH
TN,BEDFORD,EXACT_NORMALIZED_MATCH
TN,BENTON,EXACT_NORMALIZED_MATCH
TN,BLEDSOE,EXACT_NORMALIZED_MATCH
TN,BLOUNT,EXACT_NORMALIZED_MATCH
TN,BRADLEY,EXACT_NORMALIZED_MATCH
TN,CAMPBELL,EXACT_NORMALIZED_MATCH
TN,CANNON,EXACT_NORMALIZED_MATCH
TN,CARROLL,EXACT_NORMALIZED_MATCH
TN,CARTER,EXACT_NORMALIZED_MATCH
TN,CHEATHAM,EXACT_NORMALIZED_MATCH
TN,CHESTER,EXACT_NORMALIZED_MATCH
TN,CLAIBORNE,EXACT_NORMALIZED_MATCH
TN,CLAY,EXACT_NORMALIZED_MATCH
TN,COCKE,EXACT_NORMALIZED_MATCH
TN,COFFEE,EXACT_NORMALIZED_MATCH
TN,CROCKETT,EXACT_NORMALIZED_MATCH
TN,CUMBERLAND,EXACT_NORMALIZED_MATCH
TN,DAVIDSON,EXACT_NORMALIZED_MATCH
TN,DECATUR,EXACT_NORMALIZED_MATCH
TN,DEKALB,EXACT_NORMALIZED_MATCH
TN,DICKSON,EXACT_NORMALIZED_MATCH
TN,DYER,EXACT_NORMALIZED_MATCH
TN,FAYETTE,EXACT_NORMALIZED_MATCH
TN,FENTRESS,EXACT_NORMALIZED_MATCH
TN,FRANKLIN,EXACT_NORMALIZED_MATCH
TN,GIBSON,EXACT_NORMALIZED_MATCH
TN,GILES,EXACT_NORMALIZED_MATCH
TN,GRAINGER,EXACT_NORMALIZED_MATCH
TN,GREENE,EXACT_NORMALIZED_MATCH
TN,GRUNDY,EXACT_NORMALIZED_MATCH
TN,HAMBLEN,EXACT_NORMALIZED_MATCH
TN,HAMILTON,EXACT_NORMALIZED_MATCH
TN,HANCOCK,EXACT_NORMALIZED_MATCH
TN,HARDEMAN,EXACT_NORMALIZED_MATCH
TN,HARDIN,EXACT_NORMALIZED_MATCH
TN,HAWKINS,EXACT_NORMALIZED_MATCH
TN,HAYWOOD,EXACT_NORMALIZED_MATCH
TN,HENDERSON,EXACT_NORMALIZED_MATCH
TN,HENRY,EXACT_NORMALIZED_MATCH
TN,HICKMAN,EXACT_NORMALIZED_MATCH
TN,HOUSTON,EXACT_NORMALIZED_MATCH
TN,JACKSON,EXACT_NORMALIZED_MATCH
TN,JEFFERSON,EXACT_NORMALIZED_MATCH
TN,JOHNSON,EXACT_NORMALIZED_MATCH
TN,KNOX,EXACT_NORMALIZED_MATCH
TN,LAKE,EXACT_NORMALIZED_MATCH
TN,LAUDERDALE,EXACT_NORMALIZED_MATCH
TN,LAWRENCE,EXACT_NORMALIZED_MATCH
TN,LEWIS,EXACT_NORMALIZED_MATCH
TN,LINCOLN,EXACT_NORMALIZED_MATCH
TN,LOUDON,EXACT_NORMALIZED_MATCH
TN,MACON,EXACT_NORMALIZED_MATCH
TN,MADISON,EXACT_NORMALIZED_MATCH
TN,MARION,EXACT_NORMALIZED_MATCH
TN,MARSHALL,EXACT_NORMALIZED_MATCH
TN,MAURY,EXACT_NORMALIZED_MATCH
TN,MCMINN,EXACT_NORMALIZED_MATCH
TN,MCNAIRY,EXACT_NORMALIZED_MATCH
TN,MEIGS,EXACT_NORMALIZED_MATCH
TN,MONROE,EXACT_NORMALIZED_MATCH
TN,MONTGOMERY,EXACT_NORMALIZED_MATCH
TN,MOORE,EXACT_NORMALIZED_MATCH
TN,MORGAN,EXACT_NORMALIZED_MATCH
TN,OBION,EXACT_NORMALIZED_MATCH
TN,OVERTON,EXACT_NORMALIZED_MATCH
TN,PERRY,EXACT_NORMALIZED_MATCH
TN,PICKETT,EXACT_NORMALIZED_MATCH
TN,POLK,EXACT_NORMALIZED_MATCH
TN,PUTNAM,EXACT_NORMALIZED_MATCH
TN,RHEA,EXACT_NORMALIZED_MATCH
TN,ROANE,EXACT_NORMALIZED_MATCH
TN,ROBERTSON,EXACT_NORMALIZED_MATCH
TN,RUTHERFORD,EXACT_NORMALIZED_MATCH
TN,SCOTT,EXACT_NORMALIZED_MATCH
TN,SEQUATCHIE,EXACT_NORMALIZED_MATCH
TN,SEVIER,EXACT_NORMALIZED_MATCH
TN,SHELBY,EXACT_NORMALIZED_MATCH
TN,SMITH,EXACT_NORMALIZED_MATCH
TN,STEWART,EXACT_NORMALIZED_MATCH
TN,SULLIVAN,EXACT_NORMALIZED_MATCH
TN,SUMNER,EXACT_NORMALIZED_MATCH
TN,TIPTON,EXACT_NORMALIZED_MATCH
TN,TROUSDALE,EXACT_NORMALIZED_MATCH
TN,UNICOI,EXACT_NORMALIZED_MATCH
TN,UNION,EXACT_NORMALIZED_MATCH
TN,VAN BUREN,EXACT_NORMALIZED_MATCH
TN,WARREN,EXACT_NORMALIZED_MATCH
TN,WASHINGTON,EXACT_NORMALIZED_MATCH
TN,WAYNE,EXACT_NORMALIZED_MATCH
TN,WEAKLEY,EXACT_NORMALIZED_MATCH
TN,WHITE,EXACT_NORMALIZED_MATCH
TN,WILLIAMSON,EXACT_NORMALIZED_MATCH
TN,WILSON,EXACT_NORMALIZED_MATCH
TX,ANDERSON,EXACT_NORMALIZED_MATCH
TX,ANDREWS,EXACT_NORMALIZED_MATCH
TX,ANGELINA,EXACT_NORMALIZED_MATCH
TX,ARANSAS,EXACT_NORMALIZED_MATCH
TX,ARCHER,EXACT_NORMALIZED_MATCH
TX,ARMSTRONG,EXACT_NORMALIZED_MATCH
TX,ATASCOSA,EXACT_NORMALIZED_MATCH
TX,AUSTIN,EXACT_NORMALIZED_MATCH
TX,BAILEY,EXACT_NORMALIZED_MATCH
TX,BANDERA,EXACT_NORMALIZED_MATCH
TX,BASTROP,EXACT_NORMALIZED_MATCH
TX,BAYLOR,EXACT_NORMALIZED_MATCH
TX,BEE,EXACT_NORMALIZED_MATCH
TX,BELL,EXACT_NORMALIZED_MATCH
TX,BEXAR,EXACT_NORMALIZED_MATCH
TX,BLANCO,EXACT_NORMALIZED_MATCH
TX,BORDEN,EXACT_NORMALIZED_MATCH
TX,BOSQUE,EXACT_NORMALIZED_MATCH
TX,BOWIE,EXACT_NORMALIZED_MATCH
TX,BRAZORIA,EXACT_NORMALIZED_MATCH
TX,BRAZOS,EXACT_NORMALIZED_MATCH
TX,BREWSTER,EXACT_NORMALIZED_MATCH
TX,BRISCOE,EXACT_NORMALIZED_MATCH
TX,BROWN,EXACT_NORMALIZED_MATCH
TX,BURLESON,EXACT_NORMALIZED_MATCH
TX,BURNET,EXACT_NORMALIZED_MATCH
TX,CALDWELL,EXACT_NORMALIZED_MATCH
TX,CALHOUN,EXACT_NORMALIZED_MATCH
TX,CALLAHAN,EXACT_NORMALIZED_MATCH
TX,CAMERON,EXACT_NORMALIZED_MATCH
TX,CAMP,EXACT_NORMALIZED_MATCH
TX,CARSON,EXACT_NORMALIZED_MATCH
TX,CASS,EXACT_NORMALIZED_MATCH
TX,CASTRO,EXACT_NORMALIZED_MATCH
TX,CHAMBERS,EXACT_NORMALIZED_MATCH
TX,CHEROKEE,EXACT_NORMALIZED_MATCH
TX,CHILDRESS,EXACT_NORMALIZED_MATCH
TX,CLAY,EXACT_NORMALIZED_MATCH
TX,COCHRAN,EXACT_NORMALIZED_MATCH
TX,COKE,EXACT_NORMALIZED_MATCH
TX,COLEMAN,EXACT_NORMALIZED_MATCH
TX,COLLIN,EXACT_NORMALIZED_MATCH
TX,COLLINGSWORTH,EXACT_NORMALIZED_MATCH
TX,COLORADO,EXACT_NORMALIZED_MATCH
TX,COMAL,EXACT_NORMALIZED_MATCH
TX,COMANCHE,EXACT_NORMALIZED_MATCH
TX,CONCHO,EXACT_NORMALIZED_MATCH
TX,COOKE,EXACT_NORMALIZED_MATCH
TX,CORYELL,EXACT_NORMALIZED_MATCH
TX,COTTLE,EXACT_NORMALIZED_MATCH
TX,CRANE,EXACT_NORMALIZED_MATCH
TX,CROCKETT,EXACT_NORMALIZED_MATCH
TX,CROSBY,EXACT_NORMALIZED_MATCH
TX,DALLAM,EXACT_NORMALIZED_MATCH
TX,DALLAS,EXACT_NORMALIZED_MATCH
TX,DAWSON,EXACT_NORMALIZED_MATCH
TX,DEAF SMITH,EXACT_NORMALIZED_MATCH
TX,DELTA,EXACT_NORMALIZED_MATCH
TX,DENTON,EXACT_NORMALIZED_MATCH
TX,DICKENS,EXACT_NORMALIZED_MATCH
TX,DIMMIT,EXACT_NORMALIZED_MATCH
TX,DONLEY,EXACT_NORMALIZED_MATCH
TX,DUVAL,EXACT_NORMALIZED_MATCH
TX,EASTLAND,EXACT_NORMALIZED_MATCH
TX,ECTOR,EXACT_NORMALIZED_MATCH
TX,EDWARDS,EXACT_NORMALIZED_MATCH
TX,EL PASO,EXACT_NORMALIZED_MATCH
TX,ELLIS,EXACT_NORMALIZED_MATCH
TX,ERATH,EXACT_NORMALIZED_MATCH
TX,FALLS,EXACT_NORMALIZED_MATCH
TX,FANNIN,EXACT_NORMALIZED_MATCH
TX,FAYETTE,EXACT_NORMALIZED_MATCH
TX,FISHER,EXACT_NORMALIZED_MATCH
TX,FLOYD,EXACT_NORMALIZED_MATCH
TX,FOARD,EXACT_NORMALIZED_MATCH
TX,FORT BEND,EXACT_NORMALIZED_MATCH
TX,FRANKLIN,EXACT_NORMALIZED_MATCH
TX,FREESTONE,EXACT_NORMALIZED_MATCH
TX,FRIO,EXACT_NORMALIZED_MATCH
TX,GAINES,EXACT_NORMALIZED_MATCH
TX,GALVESTON,EXACT_NORMALIZED_MATCH
TX,GARZA,EXACT_NORMALIZED_MATCH
TX,GILLESPIE,EXACT_NORMALIZED_MATCH
TX,GLASSCOCK,EXACT_NORMALIZED_MATCH
TX,GOLIAD,EXACT_NORMALIZED_MATCH
TX,GONZALES,EXACT_NORMALIZED_MATCH
TX,GRAY,EXACT_NORMALIZED_MATCH
TX,GRAYSON,EXACT_NORMALIZED_MATCH
TX,GREGG,EXACT_NORMALIZED_MATCH
TX,GRIMES,EXACT_NORMALIZED_MATCH
TX,GUADALUPE,EXACT_NORMALIZED_MATCH
TX,HALE,EXACT_NORMALIZED_MATCH
TX,HALL,EXACT_NORMALIZED_MATCH
TX,HAMILTON,EXACT_NORMALIZED_MATCH
TX,HANSFORD,EXACT_NORMALIZED_MATCH
TX,HARDEMAN,EXACT_NORMALIZED_MATCH
TX,HARDIN,EXACT_NORMALIZED_MATCH
TX,HARRIS,EXACT_NORMALIZED_MATCH
TX,HARRISON,EXACT_NORMALIZED_MATCH
TX,HARTLEY,EXACT_NORMALIZED_MATCH
TX,HASKELL,EXACT_NORMALIZED_MATCH
TX,HAYS,EXACT_NORMALIZED_MATCH
TX,HEMPHILL,EXACT_NORMALIZED_MATCH
TX,HENDERSON,EXACT_NORMALIZED_MATCH
TX,HIDALGO,EXACT_NORMALIZED_MATCH
TX,HILL,EXACT_NORMALIZED_MATCH
TX,HOCKLEY,EXACT_NORMALIZED_MATCH
TX,HOOD,EXACT_NORMALIZED_MATCH
TX,HOPKINS,EXACT_NORMALIZED_MATCH
TX,HOUSTON,EXACT_NORMALIZED_MATCH
TX,HOWARD,EXACT_NORMALIZED_MATCH
TX,HUDSPETH,EXACT_NORMALIZED_MATCH
TX,HUNT,EXACT_NORMALIZED_MATCH
TX,HUTCHINSON,EXACT_NORMALIZED_MATCH
TX,IRION,EXACT_NORMALIZED_MATCH
TX,JACK,EXACT_NORMALIZED_MATCH
TX,JACKSON,EXACT_NORMALIZED_MATCH
TX,JASPER,EXACT_NORMALIZED_MATCH
TX,JEFF DAVIS,EXACT_NORMALIZED_MATCH
TX,JEFFERSON,EXACT_NORMALIZED_MATCH
TX,JIM HOGG,EXACT_NORMALIZED_MATCH
TX,JIM WELLS,EXACT_NORMALIZED_MATCH
TX,JOHNSON,EXACT_NORMALIZED_MATCH
TX,JONES,EXACT_NORMALIZED_MATCH
TX,KARNES,EXACT_NORMALIZED_MATCH
TX,KAUFMAN,EXACT_NORMALIZED_MATCH
TX,KENDALL,EXACT_NORMALIZED_MATCH
TX,KENT,EXACT_NORMALIZED_MATCH
TX,KERR,EXACT_NORMALIZED_MATCH
TX,KIMBLE,EXACT_NORMALIZED_MATCH
TX,KING,EXACT_NORMALIZED_MATCH
TX,KINNEY,EXACT_NORMALIZED_MATCH
TX,KLEBERG,EXACT_NORMALIZED_MATCH
TX,KNOX,EXACT_NORMALIZED_MATCH
TX,LA SALLE,EXACT_NORMALIZED_MATCH
TX,LAMAR,EXACT_NORMALIZED_MATCH
TX,LAMB,EXACT_NORMALIZED_MATCH
TX,LAMPASAS,EXACT_NORMALIZED_MATCH
TX,LAVACA,EXACT_NORMALIZED_MATCH
TX,LEE,EXACT_NORMALIZED_MATCH
TX,LEON,EXACT_NORMALIZED_MATCH
TX,LIBERTY,EXACT_NORMALIZED_MATCH
TX,LIMESTONE,EXACT_NORMALIZED_MATCH
TX,LIPSCOMB,EXACT_NORMALIZED_MATCH
TX,LIVE OAK,EXACT_NORMALIZED_MATCH
TX,LLANO,EXACT_NORMALIZED_MATCH
TX,LOVING,EXACT_NORMALIZED_MATCH
TX,LUBBOCK,EXACT_NORMALIZED_MATCH
TX,LYNN,EXACT_NORMALIZED_MATCH
TX,MADISON,EXACT_NORMALIZED_MATCH
TX,MARION,EXACT_NORMALIZED_MATCH
TX,MARTIN,EXACT_NORMALIZED_MATCH
TX,MASON,EXACT_NORMALIZED_MATCH
TX,MATAGORDA,EXACT_NORMALIZED_MATCH
TX,MCCULLOCH,EXACT_NORMALIZED_MATCH
TX,MCLENNAN,EXACT_NORMALIZED_MATCH
TX,MCMULLEN,EXACT_NORMALIZED_MATCH
TX,MEDINA,EXACT_NORMALIZED_MATCH
TX,MENARD,EXACT_NORMALIZED_MATCH
TX,MIDLAND,EXACT_NORMALIZED_MATCH
TX,MILAM,EXACT_NORMALIZED_MATCH
TX,MILLS,EXACT_NORMALIZED_MATCH
TX,MITCHELL,EXACT_NORMALIZED_MATCH
TX,MONTAGUE,EXACT_NORMALIZED_MATCH
TX,MONTGOMERY,EXACT_NORMALIZED_MATCH
TX,MOORE,EXACT_NORMALIZED_MATCH
TX,MORRIS,EXACT_NORMALIZED_MATCH
TX,MOTLEY,EXACT_NORMALIZED_MATCH
TX,NACOGDOCHES,EXACT_NORMALIZED_MATCH
TX,NAVARRO,EXACT_NORMALIZED_MATCH
TX,NEWTON,EXACT_NORMALIZED_MATCH
TX,NOLAN,EXACT_NORMALIZED_MATCH
TX,NUECES,EXACT_NORMALIZED_MATCH
TX,OCHILTREE,EXACT_NORMALIZED_MATCH
TX,OLDHAM,EXACT_NORMALIZED_MATCH
TX,ORANGE,EXACT_NORMALIZED_MATCH
TX,PALO PINTO,EXACT_NORMALIZED_MATCH
TX,PANOLA,EXACT_NORMALIZED_MATCH
TX,PARKER,EXACT_NORMALIZED_MATCH
TX,PARMER,EXACT_NORMALIZED_MATCH
TX,PECOS,EXACT_NORMALIZED_MATCH
TX,POLK,EXACT_NORMALIZED_MATCH
TX,POTTER,EXACT_NORMALIZED_MATCH
TX,RANDALL,EXACT_NORMALIZED_MATCH
TX,REAGAN,EXACT_NORMALIZED_MATCH
TX,REAL,EXACT_NORMALIZED_MATCH
TX,RED RIVER,EXACT_NORMALIZED_MATCH
TX,REEVES,EXACT_NORMALIZED_MATCH
TX,ROBERTS,EXACT_NORMALIZED_MATCH
TX,ROBERTSON,EXACT_NORMALIZED_MATCH
TX,ROCKWALL,EXACT_NORMALIZED_MATCH
TX,RUNNELS,EXACT_NORMALIZED_MATCH
TX,RUSK,EXACT_NORMALIZED_MATCH
TX,SABINE,EXACT_NORMALIZED_MATCH
TX,SAN AUGUSTINE,EXACT_NORMALIZED_MATCH
TX,SAN JACINTO,EXACT_NORMALIZED_MATCH
TX,SAN PATRICIO,EXACT_NORMALIZED_MATCH
TX,SAN SABA,EXACT_NORMALIZED_MATCH
TX,SCHLEICHER,EXACT_NORMALIZED_MATCH
TX,SCURRY,EXACT_NORMALIZED_MATCH
TX,SHACKELFORD,EXACT_NORMALIZED_MATCH
TX,SHELBY,EXACT_NORMALIZED_MATCH
TX,SHERMAN,EXACT_NORMALIZED_MATCH
TX,SMITH,EXACT_NORMALIZED_MATCH
TX,SOMERVELL,EXACT_NORMALIZED_MATCH
TX,STARR,EXACT_NORMALIZED_MATCH
TX,STEPHENS,EXACT_NORMALIZED_MATCH
TX,STERLING,EXACT_NORMALIZED_MATCH
TX,STONEWALL,EXACT_NORMALIZED_MATCH
TX,SUTTON,EXACT_NORMALIZED_MATCH
TX,SWISHER,EXACT_NORMALIZED_MATCH
TX,TARRANT,EXACT_NORMALIZED_MATCH
TX,TAYLOR,EXACT_NORMALIZED_MATCH
TX,TERRELL,EXACT_NORMALIZED_MATCH
TX,TERRY,EXACT_NORMALIZED_MATCH
TX,THROCKMORTON,EXACT_NORMALIZED_MATCH
TX,TITUS,EXACT_NORMALIZED_MATCH
TX,TOM GREEN,EXACT_NORMALIZED_MATCH
TX,TRAVIS,EXACT_NORMALIZED_MATCH
TX,TRINITY,EXACT_NORMALIZED_MATCH
TX,TYLER,EXACT_NORMALIZED_MATCH
TX,UPSHUR,EXACT_NORMALIZED_MATCH
TX,UPTON,EXACT_NORMALIZED_MATCH
TX,UVALDE,EXACT_NORMALIZED_MATCH
TX,VAL VERDE,EXACT_NORMALIZED_MATCH
TX,VAN ZANDT,EXACT_NORMALIZED_MATCH
TX,VICTORIA,EXACT_NORMALIZED_MATCH
TX,WALKER,EXACT_NORMALIZED_MATCH
TX,WALLER,EXACT_NORMALIZED_MATCH
TX,WASHINGTON,EXACT_NORMALIZED_MATCH
TX,WEBB,EXACT_NORMALIZED_MATCH
TX,WHARTON,EXACT_NORMALIZED_MATCH
TX,WHEELER,EXACT_NORMALIZED_MATCH
TX,WICHITA,EXACT_NORMALIZED_MATCH
TX,WILBARGER,EXACT_NORMALIZED_MATCH
TX,WILLACY,EXACT_NORMALIZED_MATCH
TX,WILLIAMSON,EXACT_NORMALIZED_MATCH
TX,WILSON,EXACT_NORMALIZED_MATCH
TX,WINKLER,EXACT_NORMALIZED_MATCH
TX,WISE,EXACT_NORMALIZED_MATCH
TX,WOOD,EXACT_NORMALIZED_MATCH
TX,YOAKUM,EXACT_NORMALIZED_MATCH
TX,YOUNG,EXACT_NORMALIZED_MATCH
TX,ZAPATA,EXACT_NORMALIZED_MATCH
TX,ZAVALA,EXACT_NORMALIZED_MATCH
UT,BEAVER,EXACT_NORMALIZED_MATCH
UT,BOX ELDER,EXACT_NORMALIZED_MATCH
UT,CACHE,EXACT_NORMALIZED_MATCH
UT,CARBON,EXACT_NORMALIZED_MATCH
UT,DAVIS,EXACT_NORMALIZED_MATCH
UT,DUCHESNE,EXACT_NORMALIZED_MATCH
UT,EMERY,EXACT_NORMALIZED_MATCH
UT,GARFIELD,EXACT_NORMALIZED_MATCH
UT,GRAND,EXACT_NORMALIZED_MATCH
UT,IRON,EXACT_NORMALIZED_MATCH
UT,JUAB,EXACT_NORMALIZED_MATCH
UT,KANE,EXACT_NORMALIZED_MATCH
UT,MILLARD,EXACT_NORMALIZED_MATCH
UT,MORGAN,EXACT_NORMALIZED_MATCH
UT,PIUTE,EXACT_NORMALIZED_MATCH
UT,RICH,EXACT_NORMALIZED_MATCH
UT,SALT LAKE,EXACT_NORMALIZED_MATCH
UT,SAN JUAN,EXACT_NORMALIZED_MATCH
UT,SANPETE,EXACT_NORMALIZED_MATCH
UT,SEVIER,EXACT_NORMALIZED_MATCH
UT,SUMMIT,EXACT_NORMALIZED_MATCH
UT,TOOELE,EXACT_NORMALIZED_MATCH
UT,UINTAH,EXACT_NORMALIZED_MATCH
UT,UTAH,EXACT_NORMALIZED_MATCH
UT,WASATCH,EXACT_NORMALIZED_MATCH
UT,WASHINGTON,EXACT_NORMALIZED_MATCH
UT,WAYNE,EXACT_NORMALIZED_MATCH
UT,WEBER,EXACT_NORMALIZED_MATCH
VA,ACCOMACK,EXACT_NORMALIZED_MATCH
VA,ALBEMARLE,EXACT_NORMALIZED_MATCH
VA,ALLEGHANY,EXACT_NORMALIZED_MATCH
VA,AMELIA,EXACT_NORMALIZED_MATCH
VA,AMHERST,EXACT_NORMALIZED_MATCH
VA,APPOMATTOX,EXACT_NORMALIZED_MATCH
VA,ARLINGTON,EXACT_NORMALIZED_MATCH
VA,AUGUSTA,EXACT_NORMALIZED_MATCH
VA,BATH,EXACT_NORMALIZED_MATCH
VA,BEDFORD,EXACT_NORMALIZED_MATCH
VA,BLAND,EXACT_NORMALIZED_MATCH
VA,BOTETOURT,EXACT_NORMALIZED_MATCH
VA,BRUNSWICK,EXACT_NORMALIZED_MATCH
VA,BUCHANAN,EXACT_NORMALIZED_MATCH
VA,BUCKINGHAM,EXACT_NORMALIZED_MATCH
VA,CAMPBELL,EXACT_NORMALIZED_MATCH
VA,CAROLINE,EXACT_NORMALIZED_MATCH
VA,CARROLL,EXACT_NORMALIZED_MATCH
VA,CHARLOTTE,EXACT_NORMALIZED_MATCH
VA,CHESTERFIELD,EXACT_NORMALIZED_MATCH
VA,CLARKE,EXACT_NORMALIZED_MATCH
VA,CRAIG,EXACT_NORMALIZED_MATCH
VA,CULPEPER,EXACT_NORMALIZED_MATCH
VA,CUMBERLAND,EXACT_NORMALIZED_MATCH
VA,DICKENSON,EXACT_NORMALIZED_MATCH
VA,DINWIDDIE,EXACT_NORMALIZED_MATCH
VA,EMPORIA,EXACT_NORMALIZED_MATCH
VA,ESSEX,EXACT_NORMALIZED_MATCH
VA,FAIRFAX,EXACT_NORMALIZED_MATCH
VA,FAUQUIER,EXACT_NORMALIZED_MATCH
VA,FLOYD,EXACT_NORMALIZED_MATCH
VA,FLUVANNA,EXACT_NORMALIZED_MATCH
VA,FRANKLIN,EXACT_NORMALIZED_MATCH
VA,FREDERICK,EXACT_NORMALIZED_MATCH
VA,GILES,EXACT_NORMALIZED_MATCH
VA,GLOUCESTER,EXACT_NORMALIZED_MATCH
VA,GOOCHLAND,EXACT_NORMALIZED_MATCH
VA,GRAYSON,EXACT_NORMALIZED_MATCH
VA,GREENE,EXACT_NORMALIZED_MATCH
VA,GREENSVILLE,EXACT_NORMALIZED_MATCH
VA,HALIFAX,EXACT_NORMALIZED_MATCH
VA,HANOVER,EXACT_NORMALIZED_MATCH
VA,HENRICO,EXACT_NORMALIZED_MATCH
VA,HENRY,EXACT_NORMALIZED_MATCH
VA,HIGHLAND,EXACT_NORMALIZED_MATCH
VA,ISLE OF WIGHT,EXACT_NORMALIZED_MATCH
VA,JAMES,EXACT_NORMALIZED_MATCH
VA,KING AND QUEEN,EXACT_NORMALIZED_MATCH
VA,KING GEORGE,EXACT_NORMALIZED_MATCH
VA,KING WILLIAM,EXACT_NORMALIZED_MATCH
VA,LANCASTER,EXACT_NORMALIZED_MATCH
VA,LEE,EXACT_NORMALIZED_MATCH
VA,LOUDOUN,EXACT_NORMALIZED_MATCH
VA,LOUISA,EXACT_NORMALIZED_MATCH
VA,LUNENBURG,EXACT_NORMALIZED_MATCH
VA,MADISON,EXACT_NORMALIZED_MATCH
VA,MATHEWS,EXACT_NORMALIZED_MATCH
VA,MECKLENBURG,EXACT_NORMALIZED_MATCH
VA,MIDDLESEX,EXACT_NORMALIZED_MATCH
VA,MONTGOMERY,EXACT_NORMALIZED_MATCH
VA,NELSON,EXACT_NORMALIZED_MATCH
VA,NEW KENT,EXACT_NORMALIZED_MATCH
VA,NORTHAMPTON,EXACT_NORMALIZED_MATCH
VA,NORTHUMBERLAND,EXACT_NORMALIZED_MATCH
VA,NOTTOWAY,EXACT_NORMALIZED_MATCH
VA,ORANGE,EXACT_NORMALIZED_MATCH
VA,PAGE,EXACT_NORMALIZED_MATCH
VA,PATRICK,EXACT_NORMALIZED_MATCH
VA,PITTSYLVANIA,EXACT_NORMALIZED_MATCH
VA,POWHATAN,EXACT_NORMALIZED_MATCH
VA,PRINCE EDWARD,EXACT_NORMALIZED_MATCH
VA,PRINCE GEORGE,EXACT_NORMALIZED_MATCH
VA,PRINCE WILLIAM,EXACT_NORMALIZED_MATCH
VA,PULASKI,EXACT_NORMALIZED_MATCH
VA,RAPPAHANNOCK,EXACT_NORMALIZED_MATCH
VA,RICHMOND,EXACT_NORMALIZED_MATCH
VA,ROANOKE,EXACT_NORMALIZED_MATCH
VA,ROCKBRIDGE,EXACT_NORMALIZED_MATCH
VA,ROCKINGHAM,EXACT_NORMALIZED_MATCH
VA,RUSSELL,EXACT_NORMALIZED_MATCH
VA,SCOTT,EXACT_NORMALIZED_MATCH
VA,SHENANDOAH,EXACT_NORMALIZED_MATCH
VA,SMYTH,EXACT_NORMALIZED_MATCH
VA,SOUTHAMPTON,EXACT_NORMALIZED_MATCH
VA,SPOTSYLVANIA,EXACT_NORMALIZED_MATCH
VA,STAFFORD,EXACT_NORMALIZED_MATCH
VA,SURRY,EXACT_NORMALIZED_MATCH
VA,SUSSEX,EXACT_NORMALIZED_MATCH
VA,TAZEWELL,EXACT_NORMALIZED_MATCH
VA,WARREN,EXACT_NORMALIZED_MATCH
VA,WASHINGTON,EXACT_NORMALIZED_MATCH
VA,WESTMORELAND,EXACT_NORMALIZED_MATCH
VA,WISE,EXACT_NORMALIZED_MATCH
VA,WYTHE,EXACT_NORMALIZED_MATCH
VA,YORK,EXACT_NORMALIZED_MATCH
VT,ADDISON,EXACT_NORMALIZED_MATCH
VT,BENNINGTON,EXACT_NORMALIZED_MATCH
VT,CALEDONIA,EXACT_NORMALIZED_MATCH
VT,CHITTENDEN,EXACT_NORMALIZED_MATCH
VT,ESSEX,EXACT_NORMALIZED_MATCH
VT,FRANKLIN,EXACT_NORMALIZED_MATCH
VT,GRAND ISLE,EXACT_NORMALIZED_MATCH
VT,LAMOILLE,EXACT_NORMALIZED_MATCH
VT,ORANGE,EXACT_NORMALIZED_MATCH
VT,ORLEANS,EXACT_NORMALIZED_MATCH
VT,RUTLAND,EXACT_NORMALIZED_MATCH
VT,WASHINGTON,EXACT_NORMALIZED_MATCH
VT,WINDHAM,EXACT_NORMALIZED_MATCH
VT,WINDSOR,EXACT_NORMALIZED_MATCH
WA,ADAMS,EXACT_NORMALIZED_MATCH
WA,ASOTIN,EXACT_NORMALIZED_MATCH
WA,CHELAN,EXACT_NORMALIZED_MATCH
WA,CLALLAM,EXACT_NORMALIZED_MATCH
WA,CLARK,EXACT_NORMALIZED_MATCH
WA,COWLITZ,EXACT_NORMALIZED_MATCH
WA,FERRY,EXACT_NORMALIZED_MATCH
WA,GRAYS HARBOR,EXACT_NORMALIZED_MATCH
WA,KITTITAS,EXACT_NORMALIZED_MATCH
WA,KLICKITAT,EXACT_NORMALIZED_MATCH
WA,LINCOLN,EXACT_NORMALIZED_MATCH
WA,OKANOGAN,EXACT_NORMALIZED_MATCH
WA,PEND OREILLE,EXACT_NORMALIZED_MATCH
WA,SKAGIT,EXACT_NORMALIZED_MATCH
WA,SPOKANE,EXACT_NORMALIZED_MATCH
WA,STEVENS,EXACT_NORMALIZED_MATCH
WA,WAHKIAKUM,EXACT_NORMALIZED_MATCH
WA,WHATCOM,EXACT_NORMALIZED_MATCH
WA,WHITMAN,EXACT_NORMALIZED_MATCH
WI,ADAMS,EXACT_NORMALIZED_MATCH
WI,ASHLAND,EXACT_NORMALIZED_MATCH
WI,BARRON,EXACT_NORMALIZED_MATCH
WI,BAYFIELD,EXACT_NORMALIZED_MATCH
WI,BROWN,EXACT_NORMALIZED_MATCH
WI,BUFFALO,EXACT_NORMALIZED_MATCH
WI,BURNETT,EXACT_NORMALIZED_MATCH
WI,CALUMET,EXACT_NORMALIZED_MATCH
WI,CHIPPEWA,EXACT_NORMALIZED_MATCH
WI,CLARK,EXACT_NORMALIZED_MATCH
WI,COLUMBIA,EXACT_NORMALIZED_MATCH
WI,CRAWFORD,EXACT_NORMALIZED_MATCH
WI,DANE,EXACT_NORMALIZED_MATCH
WI,DODGE,EXACT_NORMALIZED_MATCH
WI,DOOR,EXACT_NORMALIZED_MATCH
WI,DOUGLAS,EXACT_NORMALIZED_MATCH
WI,DUNN,EXACT_NORMALIZED_MATCH
WI,EAU CLAIRE,EXACT_NORMALIZED_MATCH
WI,FLORENCE,EXACT_NORMALIZED_MATCH
WI,FOND DU LAC,EXACT_NORMALIZED_MATCH
WI,FOREST,EXACT_NORMALIZED_MATCH
WI,GRANT,EXACT_NORMALIZED_MATCH
WI,GREEN,EXACT_NORMALIZED_MATCH
WI,GREEN LAKE,EXACT_NORMALIZED_MATCH
WI,IOWA,EXACT_NORMALIZED_MATCH
WI,IRON,EXACT_NORMALIZED_MATCH
WI,JACKSON,EXACT_NORMALIZED_MATCH
WI,JEFFERSON,EXACT_NORMALIZED_MATCH
WI,JUNEAU,EXACT_NORMALIZED_MATCH
WI,KENOSHA,EXACT_NORMALIZED_MATCH
WI,KEWAUNEE,EXACT_NORMALIZED_MATCH
WI,LA CROSSE,EXACT_NORMALIZED_MATCH
WI,LAFAYETTE,EXACT_NORMALIZED_MATCH
WI,LANGLADE,EXACT_NORMALIZED_MATCH
WI,LINCOLN,EXACT_NORMALIZED_MATCH
WI,MANITOWOC,EXACT_NORMALIZED_MATCH
WI,MARATHON,EXACT_NORMALIZED_MATCH
WI,MARINETTE,EXACT_NORMALIZED_MATCH
WI,MARQUETTE,EXACT_NORMALIZED_MATCH
WI,MILWAUKEE,EXACT_NORMALIZED_MATCH
WI,MONROE,EXACT_NORMALIZED_MATCH
WI,OCONTO,EXACT_NORMALIZED_MATCH
WI,ONEIDA,EXACT_NORMALIZED_MATCH
WI,OUTAGAMIE,EXACT_NORMALIZED_MATCH
WI,OZAUKEE,EXACT_NORMALIZED_MATCH
WI,PEPIN,EXACT_NORMALIZED_MATCH
WI,PIERCE,EXACT_NORMALIZED_MATCH
WI,POLK,EXACT_NORMALIZED_MATCH
WI,PORTAGE,EXACT_NORMALIZED_MATCH
WI,PRICE,EXACT_NORMALIZED_MATCH
WI,RACINE,EXACT_NORMALIZED_MATCH
WI,RICHLAND,EXACT_NORMALIZED_MATCH
WI,ROCK,EXACT_NORMALIZED_MATCH
WI,RUSK,EXACT_NORMALIZED_MATCH
WI,SAUK,EXACT_NORMALIZED_MATCH
WI,SAWYER,EXACT_NORMALIZED_MATCH
WI,SHAWANO,EXACT_NORMALIZED_MATCH
WI,SHEBOYGAN,EXACT_NORMALIZED_MATCH
WI,TAYLOR,EXACT_NORMALIZED_MATCH
WI,TREMPEALEAU,EXACT_NORMALIZED_MATCH
WI,VERNON,EXACT_NORMALIZED_MATCH
WI,VILAS,EXACT_NORMALIZED_MATCH
WI,WALWORTH,EXACT_NORMALIZED_MATCH
WI,WASHBURN,EXACT_NORMALIZED_MATCH
WI,WASHINGTON,EXACT_NORMALIZED_MATCH
WI,WAUKESHA,EXACT_NORMALIZED_MATCH
WI,WAUPACA,EXACT_NORMALIZED_MATCH
WI,WAUSHARA,EXACT_NORMALIZED_MATCH
WI,WINNEBAGO,EXACT_NORMALIZED_MATCH
WI,WOOD,EXACT_NORMALIZED_MATCH
WV,BARBOUR,EXACT_NORMALIZED_MATCH
WV,BERKELEY,EXACT_NORMALIZED_MATCH
WV,BOONE,EXACT_NORMALIZED_MATCH
WV,BRAXTON,EXACT_NORMALIZED_MATCH
WV,BROOKE,EXACT_NORMALIZED_MATCH
WV,CABELL,EXACT_NORMALIZED_MATCH
WV,CALHOUN,EXACT_NORMALIZED_MATCH
WV,CLAY,EXACT_NORMALIZED_MATCH
WV,DODDRIDGE,EXACT_NORMALIZED_MATCH
WV,FAYETTE,EXACT_NORMALIZED_MATCH
WV,GILMER,EXACT_NORMALIZED_MATCH
WV,GRANT,EXACT_NORMALIZED_MATCH
WV,GREENBRIER,EXACT_NORMALIZED_MATCH
WV,HAMPSHIRE,EXACT_NORMALIZED_MATCH
WV,HANCOCK,EXACT_NORMALIZED_MATCH
WV,HARDY,EXACT_NORMALIZED_MATCH
WV,HARRISON,EXACT_NORMALIZED_MATCH
WV,JACKSON,EXACT_NORMALIZED_MATCH
WV,JEFFERSON,EXACT_NORMALIZED_MATCH
WV,KANAWHA,EXACT_NORMALIZED_MATCH
WV,LEWIS,EXACT_NORMALIZED_MATCH
WV,LINCOLN,EXACT_NORMALIZED_MATCH
WV,LOGAN,EXACT_NORMALIZED_MATCH
WV,MARION,EXACT_NORMALIZED_MATCH
WV,MARSHALL,EXACT_NORMALIZED_MATCH
WV,MASON,EXACT_NORMALIZED_MATCH
WV,MCDOWELL,EXACT_NORMALIZED_MATCH
WV,MERCER,EXACT_NORMALIZED_MATCH
WV,MINERAL,EXACT_NORMALIZED_MATCH
WV,MINGO,EXACT_NORMALIZED_MATCH
WV,MONONGALIA,EXACT_NORMALIZED_MATCH
WV,MONROE,EXACT_NORMALIZED_MATCH
WV,MORGAN,EXACT_NORMALIZED_MATCH
WV,NICHOLAS,EXACT_NORMALIZED_MATCH
WV,OHIO,EXACT_NORMALIZED_MATCH
WV,PENDLETON,EXACT_NORMALIZED_MATCH
WV,POCAHONTAS,EXACT_NORMALIZED_MATCH
WV,PRESTON,EXACT_NORMALIZED_MATCH
WV,PUTNAM,EXACT_NORMALIZED_MATCH
WV,RALEIGH,EXACT_NORMALIZED_MATCH
WV,RANDOLPH,EXACT_NORMALIZED_MATCH
WV,RITCHIE,EXACT_NORMALIZED_MATCH
WV,ROANE,EXACT_NORMALIZED_MATCH
WV,SUMMERS,EXACT_NORMALIZED_MATCH
WV,TAYLOR,EXACT_NORMALIZED_MATCH
WV,TUCKER,EXACT_NORMALIZED_MATCH
WV,TYLER,EXACT_NORMALIZED_MATCH
WV,UPSHUR,EXACT_NORMALIZED_MATCH
WV,WAYNE,EXACT_NORMALIZED_MATCH
WV,WEBSTER,EXACT_NORMALIZED_MATCH
WV,WETZEL,EXACT_NORMALIZED_MATCH
WV,WIRT,EXACT_NORMALIZED_MATCH
WV,WOOD,EXACT_NORMALIZED_MATCH
WV,WYOMING,EXACT_NORMALIZED_MATCH
WY,ALBANY,EXACT_NORMALIZED_MATCH
WY,BIG HORN,EXACT_NORMALIZED_MATCH
WY,CAMPBELL,EXACT_NORMALIZED_MATCH
WY,CARBON,EXACT_NORMALIZED_MATCH
WY,CONVERSE,EXACT_NORMALIZED_MATCH
WY,CROOK,EXACT_NORMALIZED_MATCH
WY,FREMONT,EXACT_NORMALIZED_MATCH
WY,GOSHEN,EXACT_NORMALIZED_MATCH
WY,HOT SPRINGS,EXACT_NORMALIZED_MATCH
WY,JOHNSON,EXACT_NORMALIZED_MATCH
WY,LARAMIE,EXACT_NORMALIZED_MATCH
WY,LINCOLN,EXACT_NORMALIZED_MATCH
WY,NATRONA,EXACT_NORMALIZED_MATCH
WY,NIOBRARA,EXACT_NORMALIZED_MATCH
WY,PARK,EXACT_NORMALIZED_MATCH
WY,PLATTE,EXACT_NORMALIZED_MATCH
WY,SHERIDAN,EXACT_NORMALIZED_MATCH
WY,SUBLETTE,EXACT_NORMALIZED_MATCH
WY,SWEETWATER,EXACT_NORMALIZED_MATCH
WY,TETON,EXACT_NORMALIZED_MATCH
WY,UINTA,EXACT_NORMALIZED_MATCH
WY,WASHAKIE,EXACT_NORMALIZED_MATCH
WY,WESTON,EXACT_NORMALIZED_MATCH
AK,ALEUTIANS EAST,EIA_UNMATCHED_DIAGNOSTIC
AK,ALEUTIANS WEST,EIA_UNMATCHED_DIAGNOSTIC
AK,ANCHORAGE,EIA_UNMATCHED_DIAGNOSTIC
AK,BETHEL,EIA_UNMATCHED_DIAGNOSTIC
AK,BRISTOL BAY,EIA_UNMATCHED_DIAGNOSTIC
AK,DENALI,EIA_UNMATCHED_DIAGNOSTIC
AK,DILLINGHAM,EIA_UNMATCHED_DIAGNOSTIC
AK,FAIRBANKS NORTH STAR,EIA_UNMATCHED_DIAGNOSTIC
AK,HAINES,EIA_UNMATCHED_DIAGNOSTIC
AK,KODIAK ISLAND,EIA_UNMATCHED_DIAGNOSTIC
AK,KUSILVAK,EIA_UNMATCHED_DIAGNOSTIC
AK,LAKE AND PENINSULA,EIA_UNMATCHED_DIAGNOSTIC
AK,MATANUSKA SUSITNA,EIA_UNMATCHED_DIAGNOSTIC
AK,NOME,EIA_UNMATCHED_DIAGNOSTIC
AK,NORTH SLOPE,EIA_UNMATCHED_DIAGNOSTIC
AK,NORTHWEST ARCTIC,EIA_UNMATCHED_DIAGNOSTIC
AK,NOT APPLICABLE,EIA_UNMATCHED_DIAGNOSTIC
AK,PRINCE OF WALES KETCHIKAN,EIA_UNMATCHED_DIAGNOSTIC
AK,SITKA,EIA_UNMATCHED_DIAGNOSTIC
AK,SKAGWAY HOONAH ANGOON,EIA_UNMATCHED_DIAGNOSTIC
AK,SOUTHEAST FAIRBANKS,EIA_UNMATCHED_DIAGNOSTIC
AK,VALDEZ CORDOVA,EIA_UNMATCHED_DIAGNOSTIC
AK,WRANGELL PETERSBURG,EIA_UNMATCHED_DIAGNOSTIC
AK,YAKUTAT,EIA_UNMATCHED_DIAGNOSTIC
AK,YUKON KOYUKUK,EIA_UNMATCHED_DIAGNOSTIC
AL,CHAMBERS,EIA_UNMATCHED_DIAGNOSTIC
AL,ST CLAIR,EIA_UNMATCHED_DIAGNOSTIC
AR,BRADLEY,EIA_UNMATCHED_DIAGNOSTIC
AR,IZARD,EIA_UNMATCHED_DIAGNOSTIC
AR,ST FRANCIS,EIA_UNMATCHED_DIAGNOSTIC
AZ,GREENLEE,EIA_UNMATCHED_DIAGNOSTIC
CA,AMADOR,EIA_UNMATCHED_DIAGNOSTIC
CA,CALAVERAS,EIA_UNMATCHED_DIAGNOSTIC
CA,MODOC,EIA_UNMATCHED_DIAGNOSTIC
CA,TUOLUMNE,EIA_UNMATCHED_DIAGNOSTIC
CO,ALAMOSA,EIA_UNMATCHED_DIAGNOSTIC
CO,CHAFFEE,EIA_UNMATCHED_DIAGNOSTIC
CO,CLEAR CREEK,EIA_UNMATCHED_DIAGNOSTIC
CO,CONEJOS,EIA_UNMATCHED_DIAGNOSTIC
CO,COSTILLA,EIA_UNMATCHED_DIAGNOSTIC
CO,DELTA,EIA_UNMATCHED_DIAGNOSTIC
CO,DOLORES,EIA_UNMATCHED_DIAGNOSTIC
CO,GILPIN,EIA_UNMATCHED_DIAGNOSTIC
CO,LAKE,EIA_UNMATCHED_DIAGNOSTIC
FL,DESOTO,EIA_UNMATCHED_DIAGNOSTIC
FL,ST JOHNS,EIA_UNMATCHED_DIAGNOSTIC
FL,ST LUCIE,EIA_UNMATCHED_DIAGNOSTIC
GA,BARROW,EIA_UNMATCHED_DIAGNOSTIC
GA,BRYAN,EIA_UNMATCHED_DIAGNOSTIC
GA,CHATTAHOOCHEE,EIA_UNMATCHED_DIAGNOSTIC
GA,CLAY,EIA_UNMATCHED_DIAGNOSTIC
GA,DEKALB,EIA_UNMATCHED_DIAGNOSTIC
GA,FORSYTH,EIA_UNMATCHED_DIAGNOSTIC
GA,GLASCOCK,EIA_UNMATCHED_DIAGNOSTIC
GA,GREENE,EIA_UNMATCHED_DIAGNOSTIC
GA,HANCOCK,EIA_UNMATCHED_DIAGNOSTIC
GA,HARALSON,EIA_UNMATCHED_DIAGNOSTIC
GA,MACON,EIA_UNMATCHED_DIAGNOSTIC
GA,TELFAIR,EIA_UNMATCHED_DIAGNOSTIC
GA,TOWNS,EIA_UNMATCHED_DIAGNOSTIC
GA,WARREN,EIA_UNMATCHED_DIAGNOSTIC
GA,WILCOX,EIA_UNMATCHED_DIAGNOSTIC
HI,KALAWAO,EIA_UNMATCHED_DIAGNOSTIC
ID,CLEARWATER,EIA_UNMATCHED_DIAGNOSTIC
ID,ONEIDA,EIA_UNMATCHED_DIAGNOSTIC
ID,TWIN FALLS,EIA_UNMATCHED_DIAGNOSTIC
ID,WASHINGTON,EIA_UNMATCHED_DIAGNOSTIC
IL,CALHOUN,EIA_UNMATCHED_DIAGNOSTIC
IL,CRAWFORD,EIA_UNMATCHED_DIAGNOSTIC
IL,DEKALB,EIA_UNMATCHED_DIAGNOSTIC
IL,DEWITT,EIA_UNMATCHED_DIAGNOSTIC
IL,DUPAGE,EIA_UNMATCHED_DIAGNOSTIC
IL,LASALLE,EIA_UNMATCHED_DIAGNOSTIC
IL,ST CLAIR,EIA_UNMATCHED_DIAGNOSTIC
IN,DEKALB,EIA_UNMATCHED_DIAGNOSTIC
IN,FOUNTAIN,EIA_UNMATCHED_DIAGNOSTIC
IN,LAPORTE,EIA_UNMATCHED_DIAGNOSTIC
IN,ST JOSEPH,EIA_UNMATCHED_DIAGNOSTIC
IN,STARKE,EIA_UNMATCHED_DIAGNOSTIC
IN,WHITE,EIA_UNMATCHED_DIAGNOSTIC
KY,CRITTENDEN,EIA_UNMATCHED_DIAGNOSTIC
KY,ROBERTSON,EIA_UNMATCHED_DIAGNOSTIC
LA,DESOTO,EIA_UNMATCHED_DIAGNOSTIC
LA,ST BERNARD,EIA_UNMATCHED_DIAGNOSTIC
LA,ST CHARLES,EIA_UNMATCHED_DIAGNOSTIC
LA,ST HELENA,EIA_UNMATCHED_DIAGNOSTIC
LA,ST JAMES,EIA_UNMATCHED_DIAGNOSTIC
LA,ST JOHN THE BAPTIST,EIA_UNMATCHED_DIAGNOSTIC
LA,ST LANDRY,EIA_UNMATCHED_DIAGNOSTIC
LA,ST MARTIN,EIA_UNMATCHED_DIAGNOSTIC
LA,ST MARY,EIA_UNMATCHED_DIAGNOSTIC
LA,ST TAMMANY,EIA_UNMATCHED_DIAGNOSTIC
LA,WINN,EIA_UNMATCHED_DIAGNOSTIC
MA,NANTUCKET,EIA_UNMATCHED_DIAGNOSTIC
MD,PRINCE GEORGES,EIA_UNMATCHED_DIAGNOSTIC
MD,QUEEN ANNES,EIA_UNMATCHED_DIAGNOSTIC
MD,ST MARYS,EIA_UNMATCHED_DIAGNOSTIC
ME,SAGADAHOC,EIA_UNMATCHED_DIAGNOSTIC
MI,ALCONA,EIA_UNMATCHED_DIAGNOSTIC
MI,BARAGA,EIA_UNMATCHED_DIAGNOSTIC
MI,CHARLEVOIX,EIA_UNMATCHED_DIAGNOSTIC
MI,EMMET,EIA_UNMATCHED_DIAGNOSTIC
MI,IRON,EIA_UNMATCHED_DIAGNOSTIC
MI,KEWEENAW,EIA_UNMATCHED_DIAGNOSTIC
MI,LEELANAU,EIA_UNMATCHED_DIAGNOSTIC
MI,MACKINAC,EIA_UNMATCHED_DIAGNOSTIC
MI,MONTMORENCY,EIA_UNMATCHED_DIAGNOSTIC
MI,PRESQUE ISLE,EIA_UNMATCHED_DIAGNOSTIC
MI,ROSCOMMON,EIA_UNMATCHED_DIAGNOSTIC
MI,ST CLAIR,EIA_UNMATCHED_DIAGNOSTIC
MI,ST JOSEPH,EIA_UNMATCHED_DIAGNOSTIC
MN,CLEARWATER,EIA_UNMATCHED_DIAGNOSTIC
MN,KANABEC,EIA_UNMATCHED_DIAGNOSTIC
MN,KOOCHICHING,EIA_UNMATCHED_DIAGNOSTIC
MN,MAHNOMEN,EIA_UNMATCHED_DIAGNOSTIC
MN,MILLE LACS,EIA_UNMATCHED_DIAGNOSTIC
MN,RED LAKE,EIA_UNMATCHED_DIAGNOSTIC
MN,ST LOUIS,EIA_UNMATCHED_DIAGNOSTIC
MO,CARROLL,EIA_UNMATCHED_DIAGNOSTIC
MO,DEKALB,EIA_UNMATCHED_DIAGNOSTIC
MO,RALLS,EIA_UNMATCHED_DIAGNOSTIC
MO,ST CHARLES,EIA_UNMATCHED_DIAGNOSTIC
MO,ST CLAIR,EIA_UNMATCHED_DIAGNOSTIC
MO,ST FRANCOIS,EIA_UNMATCHED_DIAGNOSTIC
MO,ST LOUIS,EIA_UNMATCHED_DIAGNOSTIC
MS,BENTON,EIA_UNMATCHED_DIAGNOSTIC
MS,CHICKASAW,EIA_UNMATCHED_DIAGNOSTIC
MS,COAHOMA,EIA_UNMATCHED_DIAGNOSTIC
MS,DESOTO,EIA_UNMATCHED_DIAGNOSTIC
MS,PERRY,EIA_UNMATCHED_DIAGNOSTIC
MS,TALLAHATCHIE,EIA_UNMATCHED_DIAGNOSTIC
MS,TUNICA,EIA_UNMATCHED_DIAGNOSTIC
MT,DEER LODGE,EIA_UNMATCHED_DIAGNOSTIC
MT,GOLDEN VALLEY,EIA_UNMATCHED_DIAGNOSTIC
MT,GRANITE,EIA_UNMATCHED_DIAGNOSTIC
MT,LINCOLN,EIA_UNMATCHED_DIAGNOSTIC
MT,WIBAUX,EIA_UNMATCHED_DIAGNOSTIC
ND,LAMOURE,EIA_UNMATCHED_DIAGNOSTIC
ND,TOWNER,EIA_UNMATCHED_DIAGNOSTIC
ND,WALSH,EIA_UNMATCHED_DIAGNOSTIC
NE,WHEELER,EIA_UNMATCHED_DIAGNOSTIC
NM,TAOS,EIA_UNMATCHED_DIAGNOSTIC
NV,CARSON,EIA_UNMATCHED_DIAGNOSTIC
NV,ESMERALDA,EIA_UNMATCHED_DIAGNOSTIC
NV,LANDER,EIA_UNMATCHED_DIAGNOSTIC
NV,STOREY,EIA_UNMATCHED_DIAGNOSTIC
NY,ST LAWRENCE,EIA_UNMATCHED_DIAGNOSTIC
OH,ALLEN,EIA_UNMATCHED_DIAGNOSTIC
OK,CHOCTAW,EIA_UNMATCHED_DIAGNOSTIC
OR,CLATSOP,EIA_UNMATCHED_DIAGNOSTIC
OR,COLUMBIA,EIA_UNMATCHED_DIAGNOSTIC
OR,DOUGLAS,EIA_UNMATCHED_DIAGNOSTIC
OR,HOOD RIVER,EIA_UNMATCHED_DIAGNOSTIC
OR,JEFFERSON,EIA_UNMATCHED_DIAGNOSTIC
OR,JOSEPHINE,EIA_UNMATCHED_DIAGNOSTIC
OR,KLAMATH,EIA_UNMATCHED_DIAGNOSTIC
OR,MORROW,EIA_UNMATCHED_DIAGNOSTIC
OR,MULTNOMAH,EIA_UNMATCHED_DIAGNOSTIC
OR,WASCO,EIA_UNMATCHED_DIAGNOSTIC
OR,WHEELER,EIA_UNMATCHED_DIAGNOSTIC
PA,BEDFORD,EIA_UNMATCHED_DIAGNOSTIC
PA,FULTON,EIA_UNMATCHED_DIAGNOSTIC
SC,ALLENDALE,EIA_UNMATCHED_DIAGNOSTIC
SC,BARNWELL,EIA_UNMATCHED_DIAGNOSTIC
TN,HUMPHREYS,EIA_UNMATCHED_DIAGNOSTIC
TX,BROOKS,EIA_UNMATCHED_DIAGNOSTIC
TX,CULBERSON,EIA_UNMATCHED_DIAGNOSTIC
TX,DEWITT,EIA_UNMATCHED_DIAGNOSTIC
TX,KENEDY,EIA_UNMATCHED_DIAGNOSTIC
TX,MAVERICK,EIA_UNMATCHED_DIAGNOSTIC
TX,PRESIDIO,EIA_UNMATCHED_DIAGNOSTIC
TX,RAINS,EIA_UNMATCHED_DIAGNOSTIC
TX,REFUGIO,EIA_UNMATCHED_DIAGNOSTIC
TX,WARD,EIA_UNMATCHED_DIAGNOSTIC
UT,DAGGETT,EIA_UNMATCHED_DIAGNOSTIC
VA,ALEXANDRIA,EIA_UNMATCHED_DIAGNOSTIC
VA,BRISTOL,EIA_UNMATCHED_DIAGNOSTIC
VA,BUENA VISTA,EIA_UNMATCHED_DIAGNOSTIC
VA,CHARLES,EIA_UNMATCHED_DIAGNOSTIC
VA,CHARLOTTESVILLE,EIA_UNMATCHED_DIAGNOSTIC
VA,CHESAPEAKE,EIA_UNMATCHED_DIAGNOSTIC
VA,COLONIAL HEIGHTS,EIA_UNMATCHED_DIAGNOSTIC
VA,COVINGTON,EIA_UNMATCHED_DIAGNOSTIC
VA,DANVILLE,EIA_UNMATCHED_DIAGNOSTIC
VA,FALLS CHURCH,EIA_UNMATCHED_DIAGNOSTIC
VA,FREDERICKSBURG,EIA_UNMATCHED_DIAGNOSTIC
VA,GALAX,EIA_UNMATCHED_DIAGNOSTIC
VA,HAMPTON,EIA_UNMATCHED_DIAGNOSTIC
VA,HARRISONBURG,EIA_UNMATCHED_DIAGNOSTIC
VA,HOPEWELL,EIA_UNMATCHED_DIAGNOSTIC
VA,LEXINGTON,EIA_UNMATCHED_DIAGNOSTIC
VA,LYNCHBURG,EIA_UNMATCHED_DIAGNOSTIC
VA,MANASSAS,EIA_UNMATCHED_DIAGNOSTIC
VA,MANASSAS PARK,EIA_UNMATCHED_DIAGNOSTIC
VA,MARTINSVILLE,EIA_UNMATCHED_DIAGNOSTIC
VA,NEWPORT NEWS,EIA_UNMATCHED_DIAGNOSTIC
VA,NORFOLK,EIA_UNMATCHED_DIAGNOSTIC
VA,NORTON,EIA_UNMATCHED_DIAGNOSTIC
VA,PETERSBURG,EIA_UNMATCHED_DIAGNOSTIC
VA,POQUOSON,EIA_UNMATCHED_DIAGNOSTIC
VA,PORTSMOUTH,EIA_UNMATCHED_DIAGNOSTIC
VA,RADFORD,EIA_UNMATCHED_DIAGNOSTIC
VA,SALEM,EIA_UNMATCHED_DIAGNOSTIC
VA,STAUNTON,EIA_UNMATCHED_DIAGNOSTIC
VA,SUFFOLK,EIA_UNMATCHED_DIAGNOSTIC
VA,VIRGINIA BEACH,EIA_UNMATCHED_DIAGNOSTIC
VA,WAYNESBORO,EIA_UNMATCHED_DIAGNOSTIC
VA,WILLIAMSBURG,EIA_UNMATCHED_DIAGNOSTIC
VA,WINCHESTER,EIA_UNMATCHED_DIAGNOSTIC
WA,BENTON,EIA_UNMATCHED_DIAGNOSTIC
WA,COLUMBIA,EIA_UNMATCHED_DIAGNOSTIC
WA,DOUGLAS,EIA_UNMATCHED_DIAGNOSTIC
WA,FRANKLIN,EIA_UNMATCHED_DIAGNOSTIC
WA,GARFIELD,EIA_UNMATCHED_DIAGNOSTIC
WA,GRANT,EIA_UNMATCHED_DIAGNOSTIC
WA,ISLAND,EIA_UNMATCHED_DIAGNOSTIC
WA,JEFFERSON,EIA_UNMATCHED_DIAGNOSTIC
WA,KING,EIA_UNMATCHED_DIAGNOSTIC
WA,KITSAP,EIA_UNMATCHED_DIAGNOSTIC
WA,LEWIS,EIA_UNMATCHED_DIAGNOSTIC
WA,MASON,EIA_UNMATCHED_DIAGNOSTIC
WA,PACIFIC,EIA_UNMATCHED_DIAGNOSTIC
WA,PIERCE,EIA_UNMATCHED_DIAGNOSTIC
WA,SAN JUAN,EIA_UNMATCHED_DIAGNOSTIC
WA,SKAMANIA,EIA_UNMATCHED_DIAGNOSTIC
WA,SNOHOMISH,EIA_UNMATCHED_DIAGNOSTIC
WA,THURSTON,EIA_UNMATCHED_DIAGNOSTIC
WA,WALLA WALLA,EIA_UNMATCHED_DIAGNOSTIC
WA,YAKIMA,EIA_UNMATCHED_DIAGNOSTIC
WI,MENOMINEE,EIA_UNMATCHED_DIAGNOSTIC
WI,ST CROIX,EIA_UNMATCHED_DIAGNOSTIC
WV,PLEASANTS,EIA_UNMATCHED_DIAGNOSTIC
