utility_id,state,eia_county_normalized,census_geoid,census_county_name,noaa_2024_event_records,noaa_event_key_present
84,MD,SOMERSET,24039,Somerset County,2,True
84,VA,ACCOMACK,51001,Accomack County,4,True
84,VA,NORTHAMPTON,51131,Northampton County,7,True
108,WI,ADAMS,55001,Adams County,5,True
108,WI,COLUMBIA,55021,Columbia County,13,True
108,WI,DANE,55025,Dane County,60,True
108,WI,DODGE,55027,Dodge County,15,True
108,WI,GREEN LAKE,55047,Green Lake County,3,True
108,WI,JEFFERSON,55055,Jefferson County,13,True
108,WI,MARQUETTE,55077,Marquette County,5,True
108,WI,PORTAGE,55097,Portage County,4,True
108,WI,SAUK,55111,Sauk County,8,True
108,WI,WAUPACA,55135,Waupaca County,6,True
108,WI,WAUSHARA,55137,Waushara County,2,True
108,WI,WOOD,55141,Wood County,12,True
155,MN,BIG STONE,27011,Big Stone County,11,True
155,MN,CHIPPEWA,27023,Chippewa County,5,True
155,MN,KANDIYOHI,27067,Kandiyohi County,13,True
155,MN,POPE,27121,Pope County,1,True
155,MN,STEVENS,27149,Stevens County,8,True
155,MN,SWIFT,27151,Swift County,4,True
162,SC,AIKEN,45003,Aiken County,17,True
162,SC,BARNWELL,45011,Barnwell County,0,False
162,SC,CALHOUN,45017,Calhoun County,12,True
162,SC,EDGEFIELD,45037,Edgefield County,11,True
162,SC,GREENWOOD,45047,Greenwood County,8,True
162,SC,LEXINGTON,45063,Lexington County,43,True
162,SC,MCCORMICK,45065,McCormick County,11,True
162,SC,ORANGEBURG,45075,Orangeburg County,49,True
162,SC,SALUDA,45081,Saluda County,11,True
207,CA,ALAMEDA,06001,Alameda County,33,True
213,AK,JUNEAU,02110,Juneau City and Borough,0,False
230,GA,DOUGHERTY,13095,Dougherty County,15,True
230,GA,LEE,13177,Lee County,11,True
232,NC,STANLY,37167,Stanly County,7,True
240,NC,CAMDEN,37029,Camden County,4,True
240,NC,CHOWAN,37041,Chowan County,3,True
240,NC,CURRITUCK,37053,Currituck County,16,True
240,NC,PASQUOTANK,37139,Pasquotank County,14,True
240,NC,PERQUIMANS,37143,Perquimans County,5,True
276,MS,ALCORN,28003,Alcorn County,2,True
295,MN,DOUGLAS,27041,Douglas County,9,True
296,KS,BARBER,20007,Barber County,18,True
296,KS,HARPER,20077,Harper County,9,True
296,OK,ALFALFA,40003,Alfalfa County,4,True
296,OK,GARFIELD,40047,Garfield County,48,True
296,OK,GRANT,40053,Grant County,6,True
296,OK,MAJOR,40093,Major County,16,True
296,OK,WOODS,40151,Woods County,9,True
305,MI,ALGER,26003,Alger County,8,True
305,MI,DELTA,26041,Delta County,6,True
305,MI,DICKINSON,26043,Dickinson County,8,True
305,MI,MARQUETTE,26103,Marquette County,19,True
305,MI,MENOMINEE,26109,Menominee County,1,True
305,MI,SCHOOLCRAFT,26153,Schoolcraft County,5,True
392,MI,ALCONA,26001,Alcona County,0,False
392,MI,ALPENA,26007,Alpena County,1,True
392,MI,MONTMORENCY,26119,Montmorency County,0,False
392,MI,PRESQUE ISLE,26141,Presque Isle County,0,False
407,GA,EMANUEL,13107,Emanuel County,1,True
407,GA,JOHNSON,13167,Johnson County,9,True
407,GA,LAURENS,13175,Laurens County,7,True
407,GA,MONTGOMERY,13209,Montgomery County,5,True
407,GA,TATTNALL,13267,Tattnall County,23,True
407,GA,TOOMBS,13279,Toombs County,2,True
407,GA,TREUTLEN,13283,Treutlen County,1,True
554,IA,STORY,19169,Story County,20,True
562,GA,BARTOW,13015,Bartow County,11,True
562,GA,CHEROKEE,13057,Cherokee County,36,True
562,GA,DAWSON,13085,Dawson County,4,True
562,GA,FANNIN,13111,Fannin County,12,True
562,GA,FORSYTH,13117,Forsyth County,0,False
562,GA,GILMER,13123,Gilmer County,6,True
562,GA,GORDON,13129,Gordon County,10,True
562,GA,LUMPKIN,13187,Lumpkin County,12,True
562,GA,MURRAY,13213,Murray County,8,True
562,GA,PICKENS,13227,Pickens County,11,True
590,CA,ORANGE,06059,Orange County,15,True
636,IN,MADISON,18095,Madison County,6,True
689,MN,ANOKA,27003,Anoka County,12,True
689,MN,CHISAGO,27025,Chisago County,7,True
689,MN,HENNEPIN,27053,Hennepin County,39,True
689,MN,ISANTI,27059,Isanti County,5,True
689,MN,MILLE LACS,27095,Mille Lacs County,0,False
689,MN,RAMSEY,27123,Ramsey County,11,True
689,MN,SHERBURNE,27141,Sherburne County,7,True
689,MN,WASHINGTON,27163,Washington County,9,True
691,MN,ANOKA,27003,Anoka County,12,True
691,MN,HENNEPIN,27053,Hennepin County,39,True
719,NC,WAKE,37183,Wake County,74,True
727,TN,GRAINGER,47057,Grainger County,6,True
727,TN,HAMBLEN,47063,Hamblen County,5,True
727,TN,JEFFERSON,47089,Jefferson County,11,True
727,TN,SEVIER,47155,Sevier County,23,True
803,AZ,APACHE,04001,Apache County,9,True
803,AZ,COCHISE,04003,Cochise County,22,True
803,AZ,COCONINO,04005,Coconino County,18,True
803,AZ,GILA,04007,Gila County,12,True
803,AZ,GRAHAM,04009,Graham County,5,True
803,AZ,GREENLEE,04011,Greenlee County,0,False
803,AZ,MARICOPA,04013,Maricopa County,80,True
803,AZ,MOHAVE,04015,Mohave County,20,True
803,AZ,NAVAJO,04017,Navajo County,7,True
803,AZ,PIMA,04019,Pima County,56,True
803,AZ,PINAL,04021,Pinal County,25,True
803,AZ,SANTA CRUZ,04023,Santa Cruz County,13,True
803,AZ,YAVAPAI,04025,Yavapai County,23,True
803,AZ,YUMA,04027,Yuma County,6,True
817,AR,CRAWFORD,05033,Crawford County,21,True
817,AR,FRANKLIN,05047,Franklin County,21,True
817,AR,JOHNSON,05071,Johnson County,9,True
817,AR,LOGAN,05083,Logan County,3,True
817,AR,MADISON,05087,Madison County,8,True
817,AR,NEWTON,05101,Newton County,5,True
817,AR,POPE,05115,Pope County,13,True
817,AR,SCOTT,05127,Scott County,4,True
817,AR,SEBASTIAN,05131,Sebastian County,19,True
817,AR,WASHINGTON,05143,Washington County,32,True
817,AR,YELL,05149,Yell County,11,True
817,OK,ADAIR,40001,Adair County,7,True
817,OK,LE FLORE,40079,Le Flore County,14,True
817,OK,SEQUOYAH,40135,Sequoyah County,9,True
963,NJ,ATLANTIC,34001,Atlantic County,2,True
963,NJ,BURLINGTON,34005,Burlington County,41,True
963,NJ,CAMDEN,34007,Camden County,7,True
963,NJ,CAPE MAY,34009,Cape May County,2,True
963,NJ,CUMBERLAND,34011,Cumberland County,3,True
963,NJ,GLOUCESTER,34015,Gloucester County,9,True
963,NJ,OCEAN,34029,Ocean County,16,True
963,NJ,SALEM,34033,Salem County,7,True
1009,MN,MOWER,27099,Mower County,16,True
1015,TX,TRAVIS,48453,Travis County,39,True
1015,TX,WILLIAMSON,48491,Williamson County,15,True
1050,CA,LOS ANGELES,06037,Los Angeles County,49,True
1149,AL,BALDWIN,01003,Baldwin County,28,True
1149,AL,MONROE,01099,Monroe County,6,True
1175,TX,BANDERA,48019,Bandera County,6,True
1175,TX,BEXAR,48029,Bexar County,51,True
1175,TX,KENDALL,48259,Kendall County,3,True
1175,TX,KERR,48265,Kerr County,4,True
1175,TX,MEDINA,48325,Medina County,9,True
1175,TX,REAL,48385,Real County,2,True
1175,TX,UVALDE,48463,Uvalde County,3,True
1179,ME,AROOSTOOK,23003,Aroostook County,14,True
1179,ME,HANCOCK,23009,Hancock County,7,True
1179,ME,PENOBSCOT,23019,Penobscot County,58,True
1179,ME,PISCATAQUIS,23021,Piscataquis County,14,True
1179,ME,WALDO,23027,Waldo County,3,True
1179,ME,WASHINGTON,23029,Washington County,1,True
1251,WI,BARRON,55005,Barron County,7,True
1251,WI,BURNETT,55013,Burnett County,5,True
1251,WI,CHIPPEWA,55017,Chippewa County,11,True
1251,WI,DUNN,55033,Dunn County,4,True
1251,WI,POLK,55095,Polk County,17,True
1251,WI,RUSK,55107,Rusk County,2,True
1251,WI,SAWYER,55113,Sawyer County,6,True
1251,WI,WASHBURN,55129,Washburn County,4,True
1273,TX,BELL,48027,Bell County,54,True
1273,TX,BURLESON,48051,Burleson County,2,True
1273,TX,LEE,48287,Lee County,7,True
1273,TX,MILAM,48331,Milam County,4,True
1273,TX,WILLIAMSON,48491,Williamson County,15,True
1283,IN,BARTHOLOMEW,18005,Bartholomew County,2,True
1283,IN,DECATUR,18031,Decatur County,5,True
1283,IN,JACKSON,18071,Jackson County,1,True
1283,IN,JENNINGS,18079,Jennings County,3,True
1300,FL,POLK,12105,Polk County,6,True
1325,IL,KANE,17089,Kane County,59,True
1366,MI,BAY,26017,Bay County,4,True
1458,LA,ALLEN,22003,Allen Parish,11,True
1458,LA,BEAUREGARD,22011,Beauregard Parish,16,True
1458,LA,CALCASIEU,22019,Calcasieu Parish,47,True
1458,LA,EVANGELINE,22039,Evangeline Parish,6,True
1458,LA,JEFFERSON DAVIS,22053,Jefferson Davis Parish,13,True
1458,LA,RAPIDES,22079,Rapides Parish,40,True
1458,LA,VERNON,22115,Vernon Parish,30,True
1529,MN,BELTRAMI,27007,Beltrami County,13,True
1529,MN,CASS,27021,Cass County,23,True
1529,MN,CLEARWATER,27029,Clearwater County,0,False
1529,MN,HUBBARD,27057,Hubbard County,13,True
1529,MN,ITASCA,27061,Itasca County,42,True
1529,MN,KOOCHICHING,27071,Koochiching County,0,False
1579,WA,BENTON,53005,Benton County,0,False
1591,TX,BORDEN,48033,Borden County,8,True
1591,TX,FISHER,48151,Fisher County,11,True
1591,TX,GARZA,48169,Garza County,11,True
1591,TX,HASKELL,48207,Haskell County,14,True
1591,TX,JONES,48253,Jones County,17,True
1591,TX,KENT,48263,Kent County,4,True
1591,TX,MITCHELL,48335,Mitchell County,9,True
1591,TX,NOLAN,48353,Nolan County,11,True
1591,TX,SCURRY,48415,Scurry County,25,True
1591,TX,SHACKELFORD,48417,Shackelford County,2,True
1591,TX,STONEWALL,48433,Stonewall County,3,True
1591,TX,THROCKMORTON,48447,Throckmorton County,3,True
1613,SC,BERKELEY,45015,Berkeley County,29,True
1613,SC,CHARLESTON,45019,Charleston County,30,True
1613,SC,DORCHESTER,45035,Dorchester County,26,True
1625,WA,BENTON,53005,Benton County,0,False
1625,WA,LEWIS,53041,Lewis County,0,False
1625,WA,YAKIMA,53077,Yakima County,0,False
1708,KY,BREATHITT,21025,Breathitt County,7,True
1708,KY,FLOYD,21071,Floyd County,19,True
1708,KY,JOHNSON,21115,Johnson County,8,True
1708,KY,KNOTT,21119,Knott County,4,True
1708,KY,LAWRENCE,21127,Lawrence County,2,True
1708,KY,MAGOFFIN,21153,Magoffin County,7,True
1708,KY,MARTIN,21159,Martin County,4,True
1708,KY,MORGAN,21175,Morgan County,10,True
1723,WA,ADAMS,53001,Adams County,1,True
1723,WA,FRANKLIN,53021,Franklin County,0,False
1723,WA,GRANT,53025,Grant County,0,False
1723,WA,LINCOLN,53043,Lincoln County,2,True
1723,WA,WHITMAN,53075,Whitman County,8,True
1763,SC,CLARENDON,45027,Clarendon County,9,True
1763,SC,KERSHAW,45055,Kershaw County,23,True
1763,SC,LEE,45061,Lee County,7,True
1763,SC,SUMTER,45085,Sumter County,19,True
1769,SD,CUSTER,46033,Custer County,43,True
1769,SD,FALL RIVER,46047,Fall River County,33,True
1769,SD,LAWRENCE,46081,Lawrence County,20,True
1769,SD,MEADE,46093,Meade County,55,True
1769,SD,OGLALA LAKOTA,46102,Oglala Lakota County,26,True
1769,SD,PENNINGTON,46103,Pennington County,80,True
1775,MO,BOLLINGER,29017,Bollinger County,10,True
1775,MO,CAPE GIRARDEAU,29031,Cape Girardeau County,13,True
1775,MO,DENT,29065,Dent County,30,True
1775,MO,IRON,29093,Iron County,17,True
1775,MO,MADISON,29123,Madison County,8,True
1775,MO,REYNOLDS,29179,Reynolds County,14,True
1775,MO,SHANNON,29203,Shannon County,21,True
1775,MO,WAYNE,29223,Wayne County,10,True
1884,MN,BLUE EARTH,27013,Blue Earth County,7,True
1884,MN,FARIBAULT,27043,Faribault County,5,True
1884,MN,LE SUEUR,27079,Le Sueur County,7,True
1884,MN,NICOLLET,27103,Nicollet County,4,True
1884,MN,SIBLEY,27143,Sibley County,10,True
1886,KY,ANDERSON,21005,Anderson County,6,True
1886,KY,BOURBON,21017,Bourbon County,2,True
1886,KY,BRACKEN,21023,Bracken County,1,True
1886,KY,ESTILL,21065,Estill County,18,True
1886,KY,FAYETTE,21067,Fayette County,13,True
1886,KY,FRANKLIN,21073,Franklin County,3,True
1886,KY,GARRARD,21079,Garrard County,3,True
1886,KY,GRANT,21081,Grant County,5,True
1886,KY,HARRISON,21097,Harrison County,3,True
1886,KY,HENRY,21103,Henry County,4,True
1886,KY,JACKSON,21109,Jackson County,4,True
1886,KY,JESSAMINE,21113,Jessamine County,4,True
1886,KY,MADISON,21151,Madison County,6,True
1886,KY,MERCER,21167,Mercer County,4,True
1886,KY,NELSON,21179,Nelson County,17,True
1886,KY,NICHOLAS,21181,Nicholas County,2,True
1886,KY,PENDLETON,21191,Pendleton County,4,True
1886,KY,ROBERTSON,21201,Robertson County,0,False
1886,KY,SCOTT,21209,Scott County,6,True
1886,KY,SHELBY,21211,Shelby County,3,True
1886,KY,SPENCER,21215,Spencer County,2,True
1886,KY,WASHINGTON,21229,Washington County,6,True
1886,KY,WOODFORD,21239,Woodford County,4,True
1889,NC,ALEXANDER,37003,Alexander County,11,True
1889,NC,ALLEGHANY,37005,Alleghany County,2,True
1889,NC,ASHE,37009,Ashe County,20,True
1889,NC,AVERY,37011,Avery County,3,True
1889,NC,CALDWELL,37027,Caldwell County,11,True
1889,NC,WATAUGA,37189,Watauga County,18,True
1889,NC,WILKES,37193,Wilkes County,21,True
1890,SC,ANDERSON,45007,Anderson County,12,True
1890,SC,GREENVILLE,45045,Greenville County,22,True
1890,SC,OCONEE,45073,Oconee County,10,True
1890,SC,PICKENS,45077,Pickens County,16,True
1890,SC,SPARTANBURG,45083,Spartanburg County,28,True
1891,GA,FANNIN,13111,Fannin County,12,True
1891,GA,GILMER,13123,Gilmer County,6,True
1891,GA,TOWNS,13281,Towns County,0,False
1891,GA,UNION,13291,Union County,8,True
1891,NC,CHEROKEE,37039,Cherokee County,10,True
1892,TX,AUSTIN,48015,Austin County,13,True
1892,TX,BASTROP,48021,Bastrop County,12,True
1892,TX,BURLESON,48051,Burleson County,2,True
1892,TX,CALDWELL,48055,Caldwell County,2,True
1892,TX,COLORADO,48089,Colorado County,3,True
1892,TX,FAYETTE,48149,Fayette County,13,True
1892,TX,GONZALES,48177,Gonzales County,17,True
1892,TX,GUADALUPE,48187,Guadalupe County,10,True
1892,TX,HAYS,48209,Hays County,25,True
1892,TX,LEE,48287,Lee County,7,True
1892,TX,MILAM,48331,Milam County,4,True
1892,TX,TRAVIS,48453,Travis County,39,True
1892,TX,WASHINGTON,48477,Washington County,6,True
1892,TX,WILLIAMSON,48491,Williamson County,15,True
1936,TN,FAYETTE,47047,Fayette County,6,True
1936,TN,HARDEMAN,47069,Hardeman County,3,True
2001,MO,AUDRAIN,29007,Audrain County,4,True
2001,MO,BOONE,29019,Boone County,8,True
2001,MO,CALLAWAY,29027,Callaway County,5,True
2001,MO,HOWARD,29089,Howard County,2,True
2001,MO,MONROE,29137,Monroe County,5,True
2001,MO,RANDOLPH,29175,Randolph County,3,True
2008,NV,CLARK,32003,Clark County,13,True
2049,TX,BOWIE,48037,Bowie County,13,True
2049,TX,CASS,48067,Cass County,8,True
2049,TX,FRANKLIN,48159,Franklin County,9,True
2049,TX,MORRIS,48343,Morris County,1,True
2049,TX,RED RIVER,48387,Red River County,9,True
2049,TX,TITUS,48449,Titus County,6,True
2054,OH,WOOD,39173,Wood County,10,True
2056,KY,WARREN,21227,Warren County,7,True
2138,MN,CROW WING,27035,Crow Wing County,24,True
2144,MA,NORFOLK,25021,Norfolk County,5,True
2212,NC,CLEVELAND,37045,Cleveland County,11,True
2212,NC,POLK,37149,Polk County,7,True
2212,NC,RUTHERFORD,37161,Rutherford County,15,True
2212,SC,CHEROKEE,45021,Cherokee County,7,True
2212,SC,NEWBERRY,45071,Newberry County,30,True
2212,SC,SPARTANBURG,45083,Spartanburg County,28,True
2212,SC,UNION,45087,Union County,13,True
2212,SC,YORK,45091,York County,16,True
2247,TN,SULLIVAN,47163,Sullivan County,6,True
2248,VA,BRISTOL,51520,Bristol city,0,False
2248,VA,SCOTT,51169,Scott County,2,True
2248,VA,WASHINGTON,51191,Washington County,7,True
2285,SD,BROOKINGS,46011,Brookings County,15,True
2409,TX,CAMERON,48061,Cameron County,14,True
2442,TX,BRAZOS,48041,Brazos County,11,True
2442,TX,BURLESON,48051,Burleson County,2,True
2442,TX,ROBERTSON,48395,Robertson County,5,True
2502,OH,ATHENS,39009,Athens County,12,True
2502,OH,GALLIA,39053,Gallia County,17,True
2502,OH,JACKSON,39079,Jackson County,14,True
2502,OH,LAWRENCE,39087,Lawrence County,40,True
2502,OH,MEIGS,39105,Meigs County,11,True
2502,OH,PIKE,39131,Pike County,6,True
2502,OH,ROSS,39141,Ross County,11,True
2502,OH,SCIOTO,39145,Scioto County,15,True
2502,OH,VINTON,39163,Vinton County,13,True
2507,CA,LOS ANGELES,06037,Los Angeles County,49,True
2548,VT,CHITTENDEN,50007,Chittenden County,16,True
2651,IN,FRANKLIN,18047,Franklin County,7,True
2651,OH,BUTLER,39017,Butler County,14,True
2651,OH,HAMILTON,39061,Hamilton County,23,True
2651,OH,MONTGOMERY,39113,Montgomery County,14,True
2651,OH,PREBLE,39135,Preble County,10,True
2652,IA,BREMER,19017,Bremer County,4,True
2652,IA,BUTLER,19023,Butler County,20,True
2652,IA,CERRO GORDO,19033,Cerro Gordo County,15,True
2652,IA,CHICKASAW,19037,Chickasaw County,5,True
2652,IA,FAYETTE,19065,Fayette County,4,True
2652,IA,FLOYD,19067,Floyd County,9,True
2652,IA,FRANKLIN,19069,Franklin County,4,True
2812,GA,GORDON,13129,Gordon County,10,True
2849,MS,ATTALA,28007,Attala County,5,True
2849,MS,LEAKE,28079,Leake County,9,True
2849,MS,NEWTON,28101,Newton County,16,True
2849,MS,RANKIN,28121,Rankin County,38,True
2849,MS,SCOTT,28123,Scott County,18,True
2849,MS,TATE,28137,Tate County,11,True
2911,OK,CLEVELAND,40027,Cleveland County,99,True
2911,OK,CREEK,40037,Creek County,19,True
2911,OK,HUGHES,40063,Hughes County,8,True
2911,OK,LINCOLN,40081,Lincoln County,23,True
2911,OK,MCINTOSH,40091,McIntosh County,16,True
2911,OK,OKFUSKEE,40107,Okfuskee County,9,True
2911,OK,OKLAHOMA,40109,Oklahoma County,133,True
2911,OK,OKMULGEE,40111,Okmulgee County,19,True
2911,OK,POTTAWATOMIE,40125,Pottawatomie County,15,True
2911,OK,SEMINOLE,40133,Seminole County,10,True
2960,TN,CANNON,47015,Cannon County,6,True
2960,TN,COFFEE,47031,Coffee County,12,True
2960,TN,DEKALB,47041,DeKalb County,3,True
2960,TN,GRUNDY,47061,Grundy County,4,True
2960,TN,PUTNAM,47141,Putnam County,15,True
2960,TN,VAN BUREN,47175,Van Buren County,1,True
2960,TN,WARREN,47177,Warren County,5,True
2960,TN,WHITE,47185,White County,12,True
2985,ND,BURLEIGH,38015,Burleigh County,23,True
2985,ND,EMMONS,38029,Emmons County,10,True
2985,ND,KIDDER,38043,Kidder County,3,True
2985,ND,MCLEAN,38055,McLean County,17,True
2985,ND,SHERIDAN,38083,Sheridan County,3,True
3046,NC,ALAMANCE,37001,Alamance County,8,True
3046,NC,ANSON,37007,Anson County,6,True
3046,NC,AVERY,37011,Avery County,3,True
3046,NC,BEAUFORT,37013,Beaufort County,13,True
3046,NC,BLADEN,37017,Bladen County,31,True
3046,NC,BRUNSWICK,37019,Brunswick County,36,True
3046,NC,BUNCOMBE,37021,Buncombe County,16,True
3046,NC,CARTERET,37031,Carteret County,39,True
3046,NC,CASWELL,37033,Caswell County,10,True
3046,NC,CHATHAM,37037,Chatham County,12,True
3046,NC,COLUMBUS,37047,Columbus County,21,True
3046,NC,CRAVEN,37049,Craven County,13,True
3046,NC,CUMBERLAND,37051,Cumberland County,22,True
3046,NC,DUPLIN,37061,Duplin County,19,True
3046,NC,DURHAM,37063,Durham County,28,True
3046,NC,EDGECOMBE,37065,Edgecombe County,3,True
3046,NC,FRANKLIN,37069,Franklin County,24,True
3046,NC,GRANVILLE,37077,Granville County,9,True
3046,NC,GREENE,37079,Greene County,3,True
3046,NC,GUILFORD,37081,Guilford County,19,True
3046,NC,HALIFAX,37083,Halifax County,5,True
3046,NC,HARNETT,37085,Harnett County,5,True
3046,NC,HAYWOOD,37087,Haywood County,4,True
3046,NC,HENDERSON,37089,Henderson County,16,True
3046,NC,HOKE,37093,Hoke County,6,True
3046,NC,JACKSON,37099,Jackson County,8,True
3046,NC,JOHNSTON,37101,Johnston County,13,True
3046,NC,JONES,37103,Jones County,9,True
3046,NC,LEE,37105,Lee County,9,True
3046,NC,LENOIR,37107,Lenoir County,12,True
3046,NC,MADISON,37115,Madison County,8,True
3046,NC,MCDOWELL,37111,McDowell County,11,True
3046,NC,MITCHELL,37121,Mitchell County,4,True
3046,NC,MONTGOMERY,37123,Montgomery County,6,True
3046,NC,MOORE,37125,Moore County,13,True
3046,NC,NASH,37127,Nash County,10,True
3046,NC,NEW HANOVER,37129,New Hanover County,34,True
3046,NC,ONSLOW,37133,Onslow County,23,True
3046,NC,ORANGE,37135,Orange County,9,True
3046,NC,PAMLICO,37137,Pamlico County,3,True
3046,NC,PENDER,37141,Pender County,14,True
3046,NC,PERSON,37145,Person County,11,True
3046,NC,PITT,37147,Pitt County,13,True
3046,NC,RANDOLPH,37151,Randolph County,27,True
3046,NC,RICHMOND,37153,Richmond County,8,True
3046,NC,ROBESON,37155,Robeson County,35,True
3046,NC,RUTHERFORD,37161,Rutherford County,15,True
3046,NC,SAMPSON,37163,Sampson County,22,True
3046,NC,SCOTLAND,37165,Scotland County,15,True
3046,NC,STANLY,37167,Stanly County,7,True
3046,NC,VANCE,37181,Vance County,7,True
3046,NC,WAKE,37183,Wake County,74,True
3046,NC,WARREN,37185,Warren County,8,True
3046,NC,WAYNE,37191,Wayne County,16,True
3046,NC,WILSON,37195,Wilson County,6,True
3046,NC,YANCEY,37199,Yancey County,6,True
3046,SC,CHESTERFIELD,45025,Chesterfield County,28,True
3046,SC,CLARENDON,45027,Clarendon County,9,True
3046,SC,DARLINGTON,45031,Darlington County,16,True
3046,SC,DILLON,45033,Dillon County,6,True
3046,SC,FLORENCE,45041,Florence County,23,True
3046,SC,GEORGETOWN,45043,Georgetown County,13,True
3046,SC,HORRY,45051,Horry County,27,True
3046,SC,KERSHAW,45055,Kershaw County,23,True
3046,SC,LEE,45061,Lee County,7,True
3046,SC,MARION,45067,Marion County,8,True
3046,SC,MARLBORO,45069,Marlboro County,14,True
3046,SC,SUMTER,45085,Sumter County,19,True
3046,SC,WILLIAMSBURG,45089,Williamsburg County,7,True
3081,GA,CARROLL,13045,Carroll County,23,True
3081,GA,FLOYD,13115,Floyd County,3,True
3081,GA,HARALSON,13143,Haralson County,0,False
3081,GA,HEARD,13149,Heard County,4,True
3081,GA,PAULDING,13223,Paulding County,20,True
3081,GA,POLK,13233,Polk County,13,True
3081,GA,TROUP,13285,Troup County,23,True
3093,AR,BENTON,05007,Benton County,64,True
3093,AR,BOONE,05009,Boone County,10,True
3093,AR,CARROLL,05015,Carroll County,16,True
3093,AR,MADISON,05087,Madison County,8,True
3093,AR,NEWTON,05101,Newton County,5,True
3093,AR,POPE,05115,Pope County,13,True
3093,AR,WASHINGTON,05143,Washington County,32,True
3093,MO,BARRY,29009,Barry County,39,True
3093,MO,MCDONALD,29119,McDonald County,22,True
3093,MO,STONE,29209,Stone County,23,True
3093,MO,TANEY,29213,Taney County,39,True
3107,NC,CARTERET,37031,Carteret County,39,True
3107,NC,CRAVEN,37049,Craven County,13,True
3107,NC,JONES,37103,Jones County,9,True
3107,NC,ONSLOW,37133,Onslow County,23,True
3113,MO,JASPER,29097,Jasper County,42,True
3203,IA,BLACK HAWK,19013,Black Hawk County,24,True
3203,IA,BUTLER,19023,Butler County,20,True
3203,IA,GRUNDY,19075,Grundy County,6,True
3208,WI,OZAUKEE,55089,Ozaukee County,6,True
3222,AL,AUTAUGA,01001,Autauga County,3,True
3222,AL,BIBB,01007,Bibb County,4,True
3222,AL,CHILTON,01021,Chilton County,6,True
3222,AL,COOSA,01037,Coosa County,8,True
3222,AL,DALLAS,01047,Dallas County,6,True
3222,AL,ELMORE,01051,Elmore County,9,True
3222,AL,LOWNDES,01085,Lowndes County,2,True
3222,AL,PERRY,01105,Perry County,5,True
3222,AL,TALLADEGA,01121,Talladega County,12,True
3222,AL,TALLAPOOSA,01123,Tallapoosa County,17,True
3226,OK,CREEK,40037,Creek County,19,True
3226,OK,GARFIELD,40047,Garfield County,48,True
3226,OK,LINCOLN,40081,Lincoln County,23,True
3226,OK,LOGAN,40083,Logan County,32,True
3226,OK,NOBLE,40103,Noble County,13,True
3226,OK,OKLAHOMA,40109,Oklahoma County,133,True
3226,OK,PAWNEE,40117,Pawnee County,8,True
3226,OK,PAYNE,40119,Payne County,14,True
3245,FL,ALACHUA,12001,Alachua County,17,True
3245,FL,DIXIE,12029,Dixie County,5,True
3245,FL,GILCHRIST,12041,Gilchrist County,3,True
3245,FL,LAFAYETTE,12067,Lafayette County,3,True
3245,FL,LEVY,12075,Levy County,2,True
3245,FL,MARION,12083,Marion County,31,True
3248,GA,BARTOW,13015,Bartow County,11,True
3248,GA,BIBB,13021,Bibb County,2,True
3248,GA,BUTTS,13035,Butts County,2,True
3248,GA,CLAYTON,13063,Clayton County,6,True
3248,GA,FAYETTE,13113,Fayette County,19,True
3248,GA,HENRY,13151,Henry County,9,True
3248,GA,JASPER,13159,Jasper County,1,True
3248,GA,JONES,13169,Jones County,3,True
3248,GA,LAMAR,13171,Lamar County,2,True
3248,GA,MONROE,13207,Monroe County,4,True
3248,GA,MORGAN,13211,Morgan County,1,True
3248,GA,MURRAY,13213,Murray County,8,True
3248,GA,NEWTON,13217,Newton County,2,True
3248,GA,PIKE,13231,Pike County,15,True
3248,GA,PUTNAM,13237,Putnam County,11,True
3248,GA,SPALDING,13255,Spalding County,22,True
3249,NY,ALBANY,36001,Albany County,47,True
3249,NY,COLUMBIA,36021,Columbia County,36,True
3249,NY,DUTCHESS,36027,Dutchess County,39,True
3249,NY,GREENE,36039,Greene County,3,True
3249,NY,ORANGE,36071,Orange County,28,True
3249,NY,PUTNAM,36079,Putnam County,15,True
3249,NY,ULSTER,36111,Ulster County,28,True
3250,NC,CHATHAM,37037,Chatham County,12,True
3250,NC,HARNETT,37085,Harnett County,5,True
3250,NC,LEE,37105,Lee County,9,True
3250,NC,MOORE,37125,Moore County,13,True
3250,NC,RANDOLPH,37151,Randolph County,27,True
3264,OR,COOS,41011,Coos County,7,True
3264,OR,DOUGLAS,41019,Douglas County,0,False
3264,OR,LANE,41039,Lane County,2,True
3264,OR,LINCOLN,41041,Lincoln County,1,True
3266,ME,ANDROSCOGGIN,23001,Androscoggin County,19,True
3266,ME,CUMBERLAND,23005,Cumberland County,21,True
3266,ME,FRANKLIN,23007,Franklin County,18,True
3266,ME,HANCOCK,23009,Hancock County,7,True
3266,ME,KENNEBEC,23011,Kennebec County,7,True
3266,ME,KNOX,23013,Knox County,6,True
3266,ME,LINCOLN,23015,Lincoln County,1,True
3266,ME,OXFORD,23017,Oxford County,8,True
3266,ME,PENOBSCOT,23019,Penobscot County,58,True
3266,ME,PISCATAQUIS,23021,Piscataquis County,14,True
3266,ME,SAGADAHOC,23023,Sagadahoc County,0,False
3266,ME,SOMERSET,23025,Somerset County,16,True
3266,ME,WALDO,23027,Waldo County,3,True
3266,ME,YORK,23031,York County,7,True
3268,MO,BENTON,29015,Benton County,21,True
3268,MO,PETTIS,29159,Pettis County,10,True
3268,MO,SALINE,29195,Saline County,2,True
3273,NM,BERNALILLO,35001,Bernalillo County,16,True
3273,NM,CHAVES,35005,Chaves County,30,True
3273,NM,DE BACA,35011,De Baca County,3,True
3273,NM,GUADALUPE,35019,Guadalupe County,6,True
3273,NM,LINCOLN,35027,Lincoln County,32,True
3273,NM,SAN MIGUEL,35047,San Miguel County,19,True
3273,NM,SANDOVAL,35043,Sandoval County,9,True
3273,NM,SANTA FE,35049,Santa Fe County,11,True
3273,NM,SOCORRO,35053,Socorro County,7,True
3273,NM,TORRANCE,35057,Torrance County,10,True
3273,NM,VALENCIA,35061,Valencia County,1,True
3278,TX,ARANSAS,48007,Aransas County,7,True
3278,TX,ATASCOSA,48013,Atascosa County,8,True
3278,TX,BEE,48025,Bee County,3,True
3278,TX,BROOKS,48047,Brooks County,0,False
3278,TX,CALDWELL,48055,Caldwell County,2,True
3278,TX,CALHOUN,48057,Calhoun County,8,True
3278,TX,CAMERON,48061,Cameron County,14,True
3278,TX,COLORADO,48089,Colorado County,3,True
3278,TX,DEWITT,48123,DeWitt County,0,False
3278,TX,DIMMIT,48127,Dimmit County,2,True
3278,TX,DUVAL,48131,Duval County,3,True
3278,TX,EDWARDS,48137,Edwards County,3,True
3278,TX,FRIO,48163,Frio County,5,True
3278,TX,GOLIAD,48175,Goliad County,2,True
3278,TX,GONZALES,48177,Gonzales County,17,True
3278,TX,GUADALUPE,48187,Guadalupe County,10,True
3278,TX,HIDALGO,48215,Hidalgo County,16,True
3278,TX,JACKSON,48239,Jackson County,3,True
3278,TX,JIM HOGG,48247,Jim Hogg County,1,True
3278,TX,JIM WELLS,48249,Jim Wells County,2,True
3278,TX,KARNES,48255,Karnes County,2,True
3278,TX,KENEDY,48261,Kenedy County,0,False
3278,TX,KINNEY,48271,Kinney County,2,True
3278,TX,KLEBERG,48273,Kleberg County,2,True
3278,TX,LA SALLE,48283,La Salle County,5,True
3278,TX,LIVE OAK,48297,Live Oak County,2,True
3278,TX,MATAGORDA,48321,Matagorda County,9,True
3278,TX,MAVERICK,48323,Maverick County,0,False
3278,TX,MCMULLEN,48311,McMullen County,1,True
3278,TX,MEDINA,48325,Medina County,9,True
3278,TX,NUECES,48355,Nueces County,8,True
3278,TX,REAL,48385,Real County,2,True
3278,TX,REFUGIO,48391,Refugio County,0,False
3278,TX,SAN PATRICIO,48409,San Patricio County,2,True
3278,TX,STARR,48427,Starr County,3,True
3278,TX,UVALDE,48463,Uvalde County,3,True
3278,TX,VAL VERDE,48465,Val Verde County,6,True
3278,TX,VICTORIA,48469,Victoria County,8,True
3278,TX,WEBB,48479,Webb County,17,True
3278,TX,WHARTON,48481,Wharton County,3,True
3278,TX,WILLACY,48489,Willacy County,2,True
3278,TX,WILSON,48493,Wilson County,7,True
3278,TX,ZAPATA,48505,Zapata County,3,True
3278,TX,ZAVALA,48507,Zavala County,2,True
3282,TX,BLANCO,48031,Blanco County,18,True
3282,TX,GILLESPIE,48171,Gillespie County,4,True
3282,TX,KENDALL,48259,Kendall County,3,True
3282,TX,KERR,48265,Kerr County,4,True
3282,TX,KIMBLE,48267,Kimble County,5,True
3282,TX,LLANO,48299,Llano County,11,True
3282,TX,MASON,48319,Mason County,5,True
3282,TX,MCCULLOCH,48307,McCulloch County,32,True
3282,TX,MENARD,48327,Menard County,14,True
3282,TX,REAL,48385,Real County,2,True
3282,TX,SAN SABA,48411,San Saba County,9,True
3287,NM,CHAVES,35005,Chaves County,30,True
3287,NM,EDDY,35015,Eddy County,12,True
3287,NM,LEA,35025,Lea County,24,True
3287,NM,OTERO,35035,Otero County,5,True
3291,VA,ALBEMARLE,51003,Albemarle County,41,True
3291,VA,AMHERST,51009,Amherst County,9,True
3291,VA,APPOMATTOX,51011,Appomattox County,21,True
3291,VA,AUGUSTA,51015,Augusta County,26,True
3291,VA,BUCKINGHAM,51029,Buckingham County,4,True
3291,VA,CAMPBELL,51031,Campbell County,42,True
3291,VA,CUMBERLAND,51049,Cumberland County,6,True
3291,VA,FLUVANNA,51065,Fluvanna County,6,True
3291,VA,GOOCHLAND,51075,Goochland County,8,True
3291,VA,GREENE,51079,Greene County,20,True
3291,VA,LOUISA,51109,Louisa County,14,True
3291,VA,NELSON,51125,Nelson County,34,True
3291,VA,ORANGE,51137,Orange County,20,True
3291,VA,PRINCE EDWARD,51147,Prince Edward County,29,True
3295,WA,LEWIS,53041,Lewis County,0,False
3329,PA,FRANKLIN,42055,Franklin County,2,True
3400,MN,CARVER,27019,Carver County,13,True
3408,GA,CATOOSA,13047,Catoosa County,7,True
3408,GA,DADE,13083,Dade County,15,True
3408,GA,WALKER,13295,Walker County,18,True
3408,TN,BLEDSOE,47007,Bledsoe County,3,True
3408,TN,BRADLEY,47011,Bradley County,9,True
3408,TN,HAMILTON,47065,Hamilton County,18,True
3408,TN,MARION,47115,Marion County,8,True
3408,TN,RHEA,47143,Rhea County,4,True
3408,TN,SEQUATCHIE,47153,Sequatchie County,5,True
3413,WA,CHELAN,53007,Chelan County,2,True
3413,WA,KING,53033,King County,0,False
3413,WA,KITTITAS,53037,Kittitas County,1,True
3413,WA,OKANOGAN,53047,Okanogan County,5,True
3436,MI,BENZIE,26019,Benzie County,1,True
3436,MI,GRAND TRAVERSE,26055,Grand Traverse County,5,True
3436,MI,KALKASKA,26079,Kalkaska County,3,True
3436,MI,LEELANAU,26089,Leelanau County,0,False
3436,MI,MANISTEE,26101,Manistee County,12,True
3436,MI,WEXFORD,26165,Wexford County,6,True
3461,WY,ALBANY,56001,Albany County,3,True
3461,WY,LARAMIE,56021,Laramie County,34,True
3470,TX,CHEROKEE,48073,Cherokee County,13,True
3470,TX,NACOGDOCHES,48347,Nacogdoches County,27,True
3470,TX,RUSK,48401,Rusk County,37,True
3470,TX,SMITH,48423,Smith County,44,True
3477,MA,HAMPDEN,25013,Hampden County,14,True
3478,OK,BLAINE,40011,Blaine County,19,True
3478,OK,CANADIAN,40017,Canadian County,20,True
3478,OK,CUSTER,40039,Custer County,22,True
3478,OK,DEWEY,40043,Dewey County,10,True
3478,OK,GARFIELD,40047,Garfield County,48,True
3478,OK,KINGFISHER,40073,Kingfisher County,19,True
3478,OK,LOGAN,40083,Logan County,32,True
3478,OK,MAJOR,40093,Major County,16,True
3478,OK,OKLAHOMA,40109,Oklahoma County,133,True
3502,FL,HOLMES,12059,Holmes County,43,True
3502,FL,OKALOOSA,12091,Okaloosa County,9,True
3502,FL,SANTA ROSA,12113,Santa Rosa County,30,True
3502,FL,WALTON,12131,Walton County,40,True
3522,AK,ANCHORAGE,02020,Anchorage Municipality,0,False
3522,AK,KENAI PENINSULA,02122,Kenai Peninsula Borough,0,False
3527,OK,ATOKA,40005,Atoka County,8,True
3527,OK,BRYAN,40013,Bryan County,9,True
3527,OK,CHOCTAW,40023,Choctaw County,0,False
3527,OK,LE FLORE,40079,Le Flore County,14,True
3527,OK,MCCURTAIN,40089,McCurtain County,21,True
3527,OK,PUSHMATAHA,40127,Pushmataha County,3,True
3542,OH,ADAMS,39001,Adams County,12,True
3542,OH,BROWN,39015,Brown County,16,True
3542,OH,BUTLER,39017,Butler County,14,True
3542,OH,CLARK,39023,Clark County,11,True
3542,OH,CLERMONT,39025,Clermont County,6,True
3542,OH,CLINTON,39027,Clinton County,13,True
3542,OH,COSHOCTON,39031,Coshocton County,32,True
3542,OH,DELAWARE,39041,Delaware County,10,True
3542,OH,FAIRFIELD,39045,Fairfield County,12,True
3542,OH,FRANKLIN,39049,Franklin County,48,True
3542,OH,GREENE,39057,Greene County,11,True
3542,OH,HAMILTON,39061,Hamilton County,23,True
3542,OH,HIGHLAND,39071,Highland County,9,True
3542,OH,LICKING,39089,Licking County,25,True
3542,OH,MADISON,39097,Madison County,6,True
3542,OH,MONTGOMERY,39113,Montgomery County,14,True
3542,OH,MUSKINGUM,39119,Muskingum County,41,True
3542,OH,PICKAWAY,39129,Pickaway County,14,True
3542,OH,PIKE,39131,Pike County,6,True
3542,OH,PREBLE,39135,Preble County,10,True
3542,OH,ROSS,39141,Ross County,11,True
3542,OH,SCIOTO,39145,Scioto County,15,True
3542,OH,WARREN,39165,Warren County,18,True
3597,PA,NORTHUMBERLAND,42097,Northumberland County,13,True
3597,PA,UNION,42119,Union County,3,True
3644,WA,CLALLAM,53009,Clallam County,2,True
3644,WA,JEFFERSON,53031,Jefferson County,0,False
3647,OK,ROGERS,40131,Rogers County,34,True
3660,WA,CLARK,53011,Clark County,3,True
3687,KY,BATH,21011,Bath County,38,True
3687,KY,BOURBON,21017,Bourbon County,2,True
3687,KY,CLARK,21049,Clark County,9,True
3687,KY,ESTILL,21065,Estill County,18,True
3687,KY,FAYETTE,21067,Fayette County,13,True
3687,KY,MADISON,21151,Madison County,6,True
3687,KY,MENIFEE,21165,Menifee County,7,True
3687,KY,MONTGOMERY,21173,Montgomery County,7,True
3687,KY,MORGAN,21175,Morgan County,10,True
3687,KY,POWELL,21197,Powell County,14,True
3687,KY,ROWAN,21205,Rowan County,21,True
3704,TN,MONTGOMERY,47125,Montgomery County,13,True
3712,AR,CLAY,05021,Clay County,12,True
3712,AR,GREENE,05055,Greene County,9,True
3712,AR,RANDOLPH,05121,Randolph County,11,True
3712,AR,SHARP,05135,Sharp County,7,True
3712,MO,BUTLER,29023,Butler County,10,True
3712,MO,OREGON,29149,Oregon County,4,True
3712,MO,RIPLEY,29181,Ripley County,7,True
3755,OH,ASHTABULA,39007,Ashtabula County,20,True
3755,OH,CUYAHOGA,39035,Cuyahoga County,44,True
3755,OH,GEAUGA,39055,Geauga County,18,True
3755,OH,LAKE,39085,Lake County,20,True
3755,OH,LORAIN,39093,Lorain County,24,True
3755,OH,MEDINA,39103,Medina County,6,True
3755,OH,PORTAGE,39133,Portage County,17,True
3755,OH,SUMMIT,39153,Summit County,36,True
3755,OH,TRUMBULL,39155,Trumbull County,34,True
3757,FL,ALACHUA,12001,Alachua County,17,True
3757,FL,BAKER,12003,Baker County,4,True
3757,FL,BRADFORD,12007,Bradford County,7,True
3757,FL,CLAY,12019,Clay County,8,True
3757,FL,COLUMBIA,12023,Columbia County,15,True
3757,FL,DUVAL,12031,Duval County,81,True
3757,FL,FLAGLER,12035,Flagler County,16,True
3757,FL,GILCHRIST,12041,Gilchrist County,3,True
3757,FL,LAKE,12069,Lake County,7,True
3757,FL,LEVY,12075,Levy County,2,True
3757,FL,MARION,12083,Marion County,31,True
3757,FL,PUTNAM,12107,Putnam County,23,True
3757,FL,SUWANNEE,12121,Suwannee County,5,True
3757,FL,UNION,12125,Union County,5,True
3757,FL,VOLUSIA,12127,Volusia County,7,True
3758,TN,BRADLEY,47011,Bradley County,9,True
3762,OH,CUYAHOGA,39035,Cuyahoga County,44,True
3812,TN,ANDERSON,47001,Anderson County,3,True
3812,TN,CAMPBELL,47013,Campbell County,4,True
3812,TN,KNOX,47093,Knox County,34,True
3812,TN,MORGAN,47129,Morgan County,7,True
3812,TN,ROANE,47145,Roane County,8,True
3812,TN,UNION,47173,Union County,4,True
3828,MI,CHIPPEWA,26033,Chippewa County,2,True
3828,MI,DELTA,26041,Delta County,6,True
3828,MI,LUCE,26095,Luce County,13,True
3828,MI,MACKINAC,26097,Mackinac County,0,False
3828,MI,SCHOOLCRAFT,26153,Schoolcraft County,5,True
3841,MS,HANCOCK,28045,Hancock County,18,True
3841,MS,HARRISON,28047,Harrison County,13,True
3841,MS,PEARL RIVER,28109,Pearl River County,8,True
3843,GA,BRYAN,13029,Bryan County,0,False
3843,GA,LIBERTY,13179,Liberty County,5,True
3843,GA,LONG,13183,Long County,5,True
3843,GA,MCINTOSH,13191,McIntosh County,5,True
3855,TN,MAURY,47119,Maury County,6,True
3855,TN,WILLIAMSON,47187,Williamson County,30,True
3892,KS,LABETTE,20099,Labette County,13,True
3892,KS,MONTGOMERY,20125,Montgomery County,38,True
3915,MI,BRANCH,26023,Branch County,8,True
3916,GA,BARTOW,13015,Bartow County,11,True
3916,GA,CHEROKEE,13057,Cherokee County,36,True
3916,GA,COBB,13067,Cobb County,4,True
3916,GA,FULTON,13121,Fulton County,25,True
3916,GA,PAULDING,13223,Paulding County,20,True
3940,TX,BRAZOS,48041,Brazos County,11,True
3989,CO,EL PASO,08041,El Paso County,55,True
3989,CO,TELLER,08119,Teller County,2,True
4003,CA,SAN BERNARDINO,06071,San Bernardino County,49,True
4041,OR,UMATILLA,41059,Umatilla County,3,True
4041,WA,COLUMBIA,53013,Columbia County,0,False
4041,WA,WALLA WALLA,53071,Walla Walla County,0,False
4045,MO,BOONE,29019,Boone County,8,True
4063,MO,BENTON,29015,Benton County,21,True
4063,MO,CAMDEN,29029,Camden County,25,True
4063,MO,COLE,29051,Cole County,4,True
4063,MO,COOPER,29053,Cooper County,4,True
4063,MO,MILLER,29131,Miller County,20,True
4063,MO,MONITEAU,29135,Moniteau County,2,True
4063,MO,MORGAN,29141,Morgan County,26,True
4063,MO,PETTIS,29159,Pettis County,10,True
4063,MO,SALINE,29195,Saline County,2,True
4065,OH,FRANKLIN,39049,Franklin County,48,True
4068,MS,LOWNDES,28087,Lowndes County,17,True
4110,IL,BOONE,17007,Boone County,6,True
4110,IL,BUREAU,17011,Bureau County,9,True
4110,IL,CARROLL,17015,Carroll County,12,True
4110,IL,COOK,17031,Cook County,177,True
4110,IL,DEKALB,17037,DeKalb County,27,True
4110,IL,DUPAGE,17043,DuPage County,57,True
4110,IL,FORD,17053,Ford County,14,True
4110,IL,GRUNDY,17063,Grundy County,8,True
4110,IL,JO DAVIESS,17085,Jo Daviess County,27,True
4110,IL,KANE,17089,Kane County,59,True
4110,IL,KANKAKEE,17091,Kankakee County,21,True
4110,IL,KENDALL,17093,Kendall County,12,True
4110,IL,LAKE,17097,Lake County,54,True
4110,IL,LASALLE,17099,LaSalle County,21,True
4110,IL,LEE,17103,Lee County,9,True
4110,IL,LIVINGSTON,17105,Livingston County,12,True
4110,IL,MARSHALL,17123,Marshall County,29,True
4110,IL,MCHENRY,17111,McHenry County,49,True
4110,IL,OGLE,17141,Ogle County,19,True
4110,IL,STEPHENSON,17177,Stephenson County,24,True
4110,IL,WHITESIDE,17195,Whiteside County,21,True
4110,IL,WILL,17197,Will County,65,True
4110,IL,WINNEBAGO,17201,Winnebago County,44,True
4110,IL,WOODFORD,17203,Woodford County,15,True
4146,TX,COKE,48081,Coke County,16,True
4146,TX,CONCHO,48095,Concho County,13,True
4146,TX,GLASSCOCK,48173,Glasscock County,2,True
4146,TX,IRION,48235,Irion County,6,True
4146,TX,MITCHELL,48335,Mitchell County,9,True
4146,TX,NOLAN,48353,Nolan County,11,True
4146,TX,REAGAN,48383,Reagan County,6,True
4146,TX,RUNNELS,48399,Runnels County,33,True
4146,TX,STERLING,48431,Sterling County,5,True
4146,TX,TOM GREEN,48451,Tom Green County,75,True
4150,NC,CABARRUS,37025,Cabarrus County,13,True
4226,NY,BRONX,36005,Bronx County,4,True
4226,NY,KINGS,36047,Kings County,2,True
4226,NY,NEW YORK,36061,New York County,1,True
4226,NY,QUEENS,36081,Queens County,4,True
4226,NY,RICHMOND,36085,Richmond County,1,True
4226,NY,WESTCHESTER,36119,Westchester County,35,True
4237,MO,AUDRAIN,29007,Audrain County,4,True
4237,MO,BOONE,29019,Boone County,8,True
4237,MO,CALLAWAY,29027,Callaway County,5,True
4237,MO,LINCOLN,29113,Lincoln County,5,True
4237,MO,MONROE,29137,Monroe County,5,True
4237,MO,MONTGOMERY,29139,Montgomery County,7,True
4237,MO,PIKE,29163,Pike County,5,True
4237,MO,RALLS,29173,Ralls County,0,False
4262,TX,COOKE,48097,Cooke County,21,True
4262,TX,DENTON,48121,Denton County,112,True
4262,TX,GRAYSON,48181,Grayson County,59,True
4262,TX,MONTAGUE,48337,Montague County,12,True
4262,TX,WISE,48497,Wise County,30,True
4265,NM,BERNALILLO,35001,Bernalillo County,16,True
4265,NM,CIBOLA,35006,Cibola County,4,True
4265,NM,MCKINLEY,35031,McKinley County,4,True
4265,NM,SANDOVAL,35043,Sandoval County,9,True
4265,NM,VALENCIA,35061,Valencia County,1,True
4280,AR,FAULKNER,05045,Faulkner County,23,True
4296,OK,ADAIR,40001,Adair County,7,True
4296,OK,CHEROKEE,40021,Cherokee County,21,True
4296,OK,HASKELL,40061,Haskell County,7,True
4296,OK,LATIMER,40077,Latimer County,2,True
4296,OK,LE FLORE,40079,Le Flore County,14,True
4296,OK,MUSKOGEE,40101,Muskogee County,28,True
4296,OK,PITTSBURG,40121,Pittsburg County,23,True
4296,OK,SEQUOYAH,40135,Sequoyah County,9,True
4317,OR,COOS,41011,Coos County,7,True
4317,OR,CURRY,41015,Curry County,1,True
4317,OR,DOUGLAS,41019,Douglas County,0,False
4373,NE,BOONE,31011,Boone County,8,True
4373,NE,COLFAX,31037,Colfax County,14,True
4373,NE,GREELEY,31077,Greeley County,11,True
4373,NE,NANCE,31125,Nance County,9,True
4373,NE,PLATTE,31141,Platte County,18,True
4373,NE,WHEELER,31183,Wheeler County,0,False
4390,CA,RIVERSIDE,06065,Riverside County,33,True
4401,OK,CADDO,40015,Caddo County,22,True
4401,OK,CARTER,40019,Carter County,10,True
4401,OK,COMANCHE,40031,Comanche County,35,True
4401,OK,COTTON,40033,Cotton County,15,True
4401,OK,GRADY,40051,Grady County,25,True
4401,OK,JEFFERSON,40067,Jefferson County,4,True
4401,OK,STEPHENS,40137,Stephens County,26,True
4401,OK,TILLMAN,40141,Tillman County,50,True
4430,AL,COFFEE,01031,Coffee County,16,True
4430,AL,COVINGTON,01039,Covington County,8,True
4430,AL,CRENSHAW,01041,Crenshaw County,2,True
4430,AL,DALE,01045,Dale County,21,True
4430,AL,ESCAMBIA,01053,Escambia County,5,True
4430,AL,GENEVA,01061,Geneva County,28,True
4432,GA,CLAYTON,13063,Clayton County,6,True
4432,GA,COWETA,13077,Coweta County,19,True
4432,GA,FAYETTE,13113,Fayette County,19,True
4432,GA,FULTON,13121,Fulton County,25,True
4432,GA,HEARD,13149,Heard County,4,True
4432,GA,MERIWETHER,13199,Meriwether County,6,True
4432,GA,SPALDING,13255,Spalding County,22,True
4432,GA,TROUP,13285,Troup County,23,True
4442,WA,COWLITZ,53015,Cowlitz County,1,True
4508,IN,MONTGOMERY,18107,Montgomery County,8,True
4509,AR,CRAIGHEAD,05031,Craighead County,14,True
4509,AR,CRITTENDEN,05035,Crittenden County,5,True
4509,AR,GREENE,05055,Greene County,9,True
4509,AR,INDEPENDENCE,05063,Independence County,7,True
4509,AR,LAWRENCE,05075,Lawrence County,12,True
4509,AR,POINSETT,05111,Poinsett County,8,True
4509,AR,RANDOLPH,05121,Randolph County,11,True
4509,AR,SHARP,05135,Sharp County,7,True
4524,MO,CRAWFORD,29055,Crawford County,7,True
4524,MO,DENT,29065,Dent County,30,True
4524,MO,FRANKLIN,29071,Franklin County,13,True
4524,MO,GASCONADE,29073,Gasconade County,6,True
4524,MO,JEFFERSON,29099,Jefferson County,18,True
4524,MO,PHELPS,29161,Phelps County,41,True
4524,MO,WASHINGTON,29221,Washington County,10,True
4577,MN,CASS,27021,Cass County,23,True
4577,MN,CROW WING,27035,Crow Wing County,24,True
4577,MN,MORRISON,27097,Morrison County,13,True
4577,MN,TODD,27153,Todd County,18,True
4618,AL,CULLMAN,01043,Cullman County,15,True
4618,AL,LAWRENCE,01079,Lawrence County,12,True
4618,AL,MORGAN,01103,Morgan County,60,True
4618,AL,WINSTON,01133,Winston County,5,True
4622,KY,BELL,21013,Bell County,25,True
4622,KY,CLAY,21051,Clay County,19,True
4622,KY,HARLAN,21095,Harlan County,8,True
4622,KY,KNOX,21121,Knox County,11,True
4622,KY,LAUREL,21125,Laurel County,22,True
4622,KY,LESLIE,21131,Leslie County,6,True
4622,KY,LETCHER,21133,Letcher County,2,True
4622,KY,MCCREARY,21147,McCreary County,7,True
4622,KY,WHITLEY,21235,Whitley County,31,True
4622,TN,CAMPBELL,47013,Campbell County,4,True
4622,TN,CLAIBORNE,47025,Claiborne County,7,True
4624,TN,CHEATHAM,47021,Cheatham County,7,True
4624,TN,DICKSON,47043,Dickson County,5,True
4624,TN,MONTGOMERY,47125,Montgomery County,13,True
4624,TN,ROBERTSON,47147,Robertson County,37,True
4624,TN,STEWART,47161,Stewart County,13,True
4624,TN,SUMNER,47165,Sumner County,22,True
4671,NE,BLAINE,31009,Blaine County,1,True
4671,NE,BROWN,31017,Brown County,14,True
4671,NE,BUFFALO,31019,Buffalo County,36,True
4671,NE,CHERRY,31031,Cherry County,37,True
4671,NE,CUSTER,31041,Custer County,37,True
4671,NE,DAWSON,31047,Dawson County,35,True
4671,NE,GARFIELD,31071,Garfield County,3,True
4671,NE,GRANT,31075,Grant County,6,True
4671,NE,HOOKER,31091,Hooker County,3,True
4671,NE,LINCOLN,31111,Lincoln County,40,True
4671,NE,LOGAN,31113,Logan County,5,True
4671,NE,LOUP,31115,Loup County,2,True
4671,NE,MCPHERSON,31117,McPherson County,1,True
4671,NE,SHERMAN,31163,Sherman County,11,True
4671,NE,THOMAS,31171,Thomas County,3,True
4671,NE,VALLEY,31175,Valley County,7,True
4683,OH,SUMMIT,39153,Summit County,36,True
4717,ND,DICKEY,38021,Dickey County,3,True
4717,ND,LAMOURE,38045,LaMoure County,11,True
4717,ND,LOGAN,38047,Logan County,4,True
4717,ND,MCINTOSH,38051,McIntosh County,6,True
4717,ND,RANSOM,38073,Ransom County,3,True
4717,ND,RICHLAND,38077,Richland County,13,True
4717,ND,SARGENT,38081,Sargent County,1,True
4717,ND,STUTSMAN,38093,Stutsman County,15,True
4743,OR,BENTON,41003,Benton County,2,True
4743,OR,LANE,41039,Lane County,2,True
4743,OR,LINCOLN,41041,Lincoln County,1,True
4743,OR,LINN,41043,Linn County,1,True
4743,OR,MARION,41047,Marion County,1,True
4743,OR,POLK,41053,Polk County,2,True
4848,IN,DAVIESS,18027,Daviess County,7,True
4848,IN,GREENE,18055,Greene County,7,True
4848,IN,LAWRENCE,18093,Lawrence County,4,True
4848,IN,MARTIN,18101,Martin County,4,True
4911,NE,BUFFALO,31019,Buffalo County,36,True
4911,NE,CUSTER,31041,Custer County,37,True
4911,NE,DAWSON,31047,Dawson County,35,True
4911,NE,FRONTIER,31063,Frontier County,17,True
4911,NE,GOSPER,31073,Gosper County,11,True
4911,NE,LINCOLN,31111,Lincoln County,40,True
4911,NE,SHERMAN,31163,Sherman County,11,True
4922,OH,AUGLAIZE,39011,Auglaize County,5,True
4922,OH,BROWN,39015,Brown County,16,True
4922,OH,BUTLER,39017,Butler County,14,True
4922,OH,CHAMPAIGN,39021,Champaign County,2,True
4922,OH,CLARK,39023,Clark County,11,True
4922,OH,CLINTON,39027,Clinton County,13,True
4922,OH,DARKE,39037,Darke County,7,True
4922,OH,DELAWARE,39041,Delaware County,10,True
4922,OH,FAYETTE,39047,Fayette County,4,True
4922,OH,GREENE,39057,Greene County,11,True
4922,OH,HARDIN,39065,Hardin County,2,True
4922,OH,HIGHLAND,39071,Highland County,9,True
4922,OH,LOGAN,39091,Logan County,17,True
4922,OH,MADISON,39097,Madison County,6,True
4922,OH,MERCER,39107,Mercer County,11,True
4922,OH,MIAMI,39109,Miami County,11,True
4922,OH,MONTGOMERY,39113,Montgomery County,14,True
4922,OH,PICKAWAY,39129,Pickaway County,14,True
4922,OH,PREBLE,39135,Preble County,10,True
4922,OH,ROSS,39141,Ross County,11,True
4922,OH,SHELBY,39149,Shelby County,10,True
4922,OH,UNION,39159,Union County,5,True
4922,OH,VAN WERT,39161,Van Wert County,4,True
4922,OH,WARREN,39165,Warren County,18,True
4939,TX,CASTRO,48069,Castro County,7,True
4939,TX,DEAF SMITH,48117,Deaf Smith County,5,True
4939,TX,OLDHAM,48359,Oldham County,9,True
4939,TX,PARMER,48369,Parmer County,6,True
4958,AL,MORGAN,01103,Morgan County,60,True
4960,IN,BARTHOLOMEW,18005,Bartholomew County,2,True
4960,IN,DECATUR,18031,Decatur County,5,True
4960,IN,FRANKLIN,18047,Franklin County,7,True
4960,IN,JENNINGS,18079,Jennings County,3,True
4960,IN,RIPLEY,18137,Ripley County,16,True
4960,IN,RUSH,18139,Rush County,7,True
4975,TX,JASPER,48241,Jasper County,25,True
4975,TX,NACOGDOCHES,48347,Nacogdoches County,27,True
4975,TX,NEWTON,48351,Newton County,15,True
4975,TX,PANOLA,48365,Panola County,18,True
4975,TX,RUSK,48401,Rusk County,37,True
4975,TX,SABINE,48403,Sabine County,10,True
4975,TX,SAN AUGUSTINE,48405,San Augustine County,8,True
4975,TX,SHELBY,48419,Shelby County,22,True
5063,TX,DENTON,48121,Denton County,112,True
5070,DE,KENT,10001,Kent County,2,True
5070,DE,SUSSEX,10005,Sussex County,5,True
5078,TX,COLLIN,48085,Collin County,57,True
5078,TX,COOKE,48097,Cooke County,21,True
5078,TX,DENTON,48121,Denton County,112,True
5078,TX,GRAYSON,48181,Grayson County,59,True
5078,TX,TARRANT,48439,Tarrant County,133,True
5078,TX,WISE,48497,Wise County,30,True
5086,CO,DELTA,08029,Delta County,0,False
5086,CO,GUNNISON,08051,Gunnison County,4,True
5086,CO,MONTROSE,08085,Montrose County,4,True
5086,CO,OURAY,08091,Ouray County,2,True
5148,TN,CHEATHAM,47021,Cheatham County,7,True
5148,TN,DICKSON,47043,Dickson County,5,True
5148,TN,HICKMAN,47081,Hickman County,2,True
5148,TN,HOUSTON,47083,Houston County,6,True
5148,TN,MONTGOMERY,47125,Montgomery County,13,True
5175,MS,CLARKE,28023,Clarke County,17,True
5175,MS,COVINGTON,28031,Covington County,7,True
5175,MS,FORREST,28035,Forrest County,19,True
5175,MS,JASPER,28061,Jasper County,22,True
5175,MS,JONES,28067,Jones County,17,True
5175,MS,PERRY,28111,Perry County,0,False
5175,MS,WAYNE,28153,Wayne County,3,True
5204,AL,BARBOUR,01005,Barbour County,4,True
5204,AL,BULLOCK,01011,Bullock County,1,True
5204,AL,LEE,01081,Lee County,7,True
5204,AL,LOWNDES,01085,Lowndes County,2,True
5204,AL,MACON,01087,Macon County,8,True
5204,AL,MONTGOMERY,01101,Montgomery County,10,True
5204,AL,PIKE,01109,Pike County,5,True
5204,AL,TALLAPOOSA,01123,Tallapoosa County,17,True
5309,AL,DALE,01045,Dale County,21,True
5309,AL,HOUSTON,01069,Houston County,38,True
5336,OH,TUSCARAWAS,39157,Tuscarawas County,12,True
5394,IN,CRAWFORD,18025,Crawford County,8,True
5394,IN,DUBOIS,18037,Dubois County,16,True
5394,IN,MARTIN,18101,Martin County,4,True
5394,IN,ORANGE,18117,Orange County,2,True
5394,IN,PERRY,18123,Perry County,8,True
5394,IN,PIKE,18125,Pike County,11,True
5399,TN,BEDFORD,47003,Bedford County,10,True
5399,TN,COFFEE,47031,Coffee County,12,True
5399,TN,FRANKLIN,47051,Franklin County,12,True
5399,TN,GILES,47055,Giles County,7,True
5399,TN,GRUNDY,47061,Grundy County,4,True
5399,TN,LAWRENCE,47099,Lawrence County,15,True
5399,TN,LEWIS,47101,Lewis County,7,True
5399,TN,LINCOLN,47103,Lincoln County,25,True
5399,TN,MARION,47115,Marion County,8,True
5399,TN,MARSHALL,47117,Marshall County,16,True
5399,TN,MAURY,47119,Maury County,6,True
5399,TN,MOORE,47127,Moore County,12,True
5399,TN,RUTHERFORD,47149,Rutherford County,20,True
5399,TN,WILLIAMSON,47187,Williamson County,30,True
5416,NC,ALAMANCE,37001,Alamance County,8,True
5416,NC,ALEXANDER,37003,Alexander County,11,True
5416,NC,ANSON,37007,Anson County,6,True
5416,NC,BUNCOMBE,37021,Buncombe County,16,True
5416,NC,BURKE,37023,Burke County,19,True
5416,NC,CABARRUS,37025,Cabarrus County,13,True
5416,NC,CALDWELL,37027,Caldwell County,11,True
5416,NC,CASWELL,37033,Caswell County,10,True
5416,NC,CATAWBA,37035,Catawba County,12,True
5416,NC,CHATHAM,37037,Chatham County,12,True
5416,NC,CHEROKEE,37039,Cherokee County,10,True
5416,NC,CLAY,37043,Clay County,6,True
5416,NC,CLEVELAND,37045,Cleveland County,11,True
5416,NC,DAVIDSON,37057,Davidson County,10,True
5416,NC,DAVIE,37059,Davie County,2,True
5416,NC,DURHAM,37063,Durham County,28,True
5416,NC,FORSYTH,37067,Forsyth County,16,True
5416,NC,GASTON,37071,Gaston County,16,True
5416,NC,GRAHAM,37075,Graham County,2,True
5416,NC,GRANVILLE,37077,Granville County,9,True
5416,NC,GUILFORD,37081,Guilford County,19,True
5416,NC,HENDERSON,37089,Henderson County,16,True
5416,NC,IREDELL,37097,Iredell County,20,True
5416,NC,JACKSON,37099,Jackson County,8,True
5416,NC,LINCOLN,37109,Lincoln County,5,True
5416,NC,MACON,37113,Macon County,5,True
5416,NC,MCDOWELL,37111,McDowell County,11,True
5416,NC,MECKLENBURG,37119,Mecklenburg County,15,True
5416,NC,ORANGE,37135,Orange County,9,True
5416,NC,PERSON,37145,Person County,11,True
5416,NC,POLK,37149,Polk County,7,True
5416,NC,RANDOLPH,37151,Randolph County,27,True
5416,NC,ROCKINGHAM,37157,Rockingham County,21,True
5416,NC,ROWAN,37159,Rowan County,15,True
5416,NC,RUTHERFORD,37161,Rutherford County,15,True
5416,NC,STANLY,37167,Stanly County,7,True
5416,NC,STOKES,37169,Stokes County,18,True
5416,NC,SURRY,37171,Surry County,53,True
5416,NC,SWAIN,37173,Swain County,4,True
5416,NC,TRANSYLVANIA,37175,Transylvania County,8,True
5416,NC,UNION,37179,Union County,11,True
5416,NC,WAKE,37183,Wake County,74,True
5416,NC,WILKES,37193,Wilkes County,21,True
5416,NC,YADKIN,37197,Yadkin County,12,True
5416,SC,ABBEVILLE,45001,Abbeville County,2,True
5416,SC,ANDERSON,45007,Anderson County,12,True
5416,SC,CHEROKEE,45021,Cherokee County,7,True
5416,SC,CHESTER,45023,Chester County,6,True
5416,SC,EDGEFIELD,45037,Edgefield County,11,True
5416,SC,FAIRFIELD,45039,Fairfield County,22,True
5416,SC,GREENVILLE,45045,Greenville County,22,True
5416,SC,GREENWOOD,45047,Greenwood County,8,True
5416,SC,KERSHAW,45055,Kershaw County,23,True
5416,SC,LANCASTER,45057,Lancaster County,34,True
5416,SC,LAURENS,45059,Laurens County,12,True
5416,SC,MCCORMICK,45065,McCormick County,11,True
5416,SC,NEWBERRY,45071,Newberry County,30,True
5416,SC,OCONEE,45073,Oconee County,10,True
5416,SC,PICKENS,45077,Pickens County,16,True
5416,SC,SALUDA,45081,Saluda County,11,True
5416,SC,SPARTANBURG,45083,Spartanburg County,28,True
5416,SC,UNION,45087,Union County,13,True
5416,SC,YORK,45091,York County,16,True
5480,MA,ESSEX,25009,Essex County,4,True
5487,PA,ALLEGHENY,42003,Allegheny County,165,True
5487,PA,BEAVER,42007,Beaver County,69,True
5487,PA,WESTMORELAND,42129,Westmoreland County,74,True
5509,TN,DYER,47045,Dyer County,4,True
5574,MN,AITKIN,27001,Aitkin County,12,True
5574,MN,BENTON,27009,Benton County,3,True
5574,MN,CHISAGO,27025,Chisago County,7,True
5574,MN,ISANTI,27059,Isanti County,5,True
5574,MN,KANABEC,27065,Kanabec County,0,False
5574,MN,MILLE LACS,27095,Mille Lacs County,0,False
5574,MN,MORRISON,27097,Morrison County,13,True
5574,MN,PINE,27115,Pine County,10,True
5574,MN,SHERBURNE,27141,Sherburne County,7,True
5574,MN,WASHINGTON,27163,Washington County,9,True
5574,WI,BURNETT,55013,Burnett County,5,True
5574,WI,DOUGLAS,55031,Douglas County,5,True
5574,WI,WASHBURN,55129,Washburn County,4,True
5578,MS,ATTALA,28007,Attala County,5,True
5578,MS,CLARKE,28023,Clarke County,17,True
5578,MS,JASPER,28061,Jasper County,22,True
5578,MS,KEMPER,28069,Kemper County,4,True
5578,MS,LAUDERDALE,28075,Lauderdale County,22,True
5578,MS,NESHOBA,28099,Neshoba County,11,True
5578,MS,NEWTON,28101,Newton County,16,True
5578,MS,NOXUBEE,28103,Noxubee County,5,True
5578,MS,WAYNE,28153,Wayne County,3,True
5578,MS,WINSTON,28159,Winston County,2,True
5585,IL,CHAMPAIGN,17019,Champaign County,49,True
5585,IL,DOUGLAS,17041,Douglas County,9,True
5585,IL,EDGAR,17045,Edgar County,13,True
5585,IL,FORD,17053,Ford County,14,True
5585,IL,IROQUOIS,17075,Iroquois County,14,True
5585,IL,LIVINGSTON,17105,Livingston County,12,True
5585,IL,MCLEAN,17113,McLean County,31,True
5585,IL,MOULTRIE,17139,Moultrie County,6,True
5585,IL,PIATT,17147,Piatt County,4,True
5585,IL,VERMILION,17183,Vermilion County,22,True
5588,IA,BENTON,19011,Benton County,12,True
5588,IA,BLACK HAWK,19013,Black Hawk County,24,True
5588,IA,BREMER,19017,Bremer County,4,True
5588,IA,BUCHANAN,19019,Buchanan County,14,True
5588,IA,CLAYTON,19043,Clayton County,11,True
5588,IA,DELAWARE,19055,Delaware County,4,True
5588,IA,FAYETTE,19065,Fayette County,4,True
5588,IA,IOWA,19095,Iowa County,13,True
5588,IA,JOHNSON,19103,Johnson County,48,True
5588,IA,LINN,19113,Linn County,36,True
5588,IA,TAMA,19171,Tama County,18,True
5598,OK,CREEK,40037,Creek County,19,True
5598,OK,LINCOLN,40081,Lincoln County,23,True
5598,OK,MCINTOSH,40091,McIntosh County,16,True
5598,OK,MUSKOGEE,40101,Muskogee County,28,True
5598,OK,OKFUSKEE,40107,Okfuskee County,9,True
5598,OK,OKMULGEE,40111,Okmulgee County,19,True
5598,OK,SEMINOLE,40133,Seminole County,10,True
5598,OK,TULSA,40143,Tulsa County,87,True
5598,OK,WAGONER,40145,Wagoner County,16,True
5605,IA,CEDAR,19031,Cedar County,24,True
5605,IA,CLINTON,19045,Clinton County,20,True
5605,IA,DES MOINES,19057,Des Moines County,24,True
5605,IA,HENRY,19087,Henry County,7,True
5605,IA,JACKSON,19097,Jackson County,16,True
5605,IA,JOHNSON,19103,Johnson County,48,True
5605,IA,JONES,19105,Jones County,20,True
5605,IA,LINN,19113,Linn County,36,True
5605,IA,LOUISA,19115,Louisa County,10,True
5605,IA,MUSCATINE,19139,Muscatine County,22,True
5605,IA,SCOTT,19163,Scott County,54,True
5605,IA,WASHINGTON,19183,Washington County,17,True
5609,ME,AROOSTOOK,23003,Aroostook County,14,True
5609,ME,PENOBSCOT,23019,Penobscot County,58,True
5609,ME,WASHINGTON,23029,Washington County,1,True
5625,MD,TALBOT,24041,Talbot County,3,True
5644,SC,ALLENDALE,45005,Allendale County,0,False
5644,SC,BAMBERG,45009,Bamberg County,9,True
5644,SC,BARNWELL,45011,Barnwell County,0,False
5644,SC,BERKELEY,45015,Berkeley County,29,True
5644,SC,COLLETON,45029,Colleton County,81,True
5644,SC,DORCHESTER,45035,Dorchester County,26,True
5644,SC,HAMPTON,45049,Hampton County,2,True
5644,SC,ORANGEBURG,45075,Orangeburg County,49,True
5656,NC,BEAUFORT,37013,Beaufort County,13,True
5656,NC,BERTIE,37015,Bertie County,5,True
5656,NC,EDGECOMBE,37065,Edgecombe County,3,True
5656,NC,HALIFAX,37083,Halifax County,5,True
5656,NC,MARTIN,37117,Martin County,6,True
5656,NC,NASH,37127,Nash County,10,True
5656,NC,PITT,37147,Pitt County,13,True
5656,NC,WILSON,37195,Wilson County,6,True
5661,OK,OKLAHOMA,40109,Oklahoma County,133,True
5773,MN,HENNEPIN,27053,Hennepin County,39,True
5773,MN,SHERBURNE,27141,Sherburne County,7,True
5773,MN,WRIGHT,27171,Wright County,12,True
5780,NE,ANTELOPE,31003,Antelope County,4,True
5780,NE,BOONE,31011,Boone County,8,True
5780,NE,HOLT,31089,Holt County,23,True
5780,NE,MADISON,31119,Madison County,12,True
5780,NE,PIERCE,31139,Pierce County,7,True
5780,NE,PLATTE,31141,Platte County,18,True
5780,NE,STANTON,31167,Stanton County,11,True
5780,NE,WHEELER,31183,Wheeler County,0,False
5862,CO,DOLORES,08033,Dolores County,0,False
5862,CO,MONTEZUMA,08083,Montezuma County,4,True
5862,CO,SAN MIGUEL,08113,San Miguel County,4,True
5862,UT,SAN JUAN,49037,San Juan County,9,True
5905,GA,BRYAN,13029,Bryan County,0,False
5905,GA,BULLOCH,13031,Bulloch County,15,True
5905,GA,CANDLER,13043,Candler County,3,True
5905,GA,EFFINGHAM,13103,Effingham County,27,True
5905,GA,EMANUEL,13107,Emanuel County,1,True
5905,GA,EVANS,13109,Evans County,9,True
5905,GA,JENKINS,13165,Jenkins County,5,True
5905,GA,TATTNALL,13267,Tattnall County,23,True
5929,SC,CHESTER,45023,Chester County,6,True
5929,SC,FAIRFIELD,45039,Fairfield County,22,True
5929,SC,KERSHAW,45055,Kershaw County,23,True
5929,SC,RICHLAND,45079,Richland County,94,True
5929,SC,YORK,45091,York County,16,True
5930,NY,MONROE,36055,Monroe County,25,True
5961,TN,CARTER,47019,Carter County,2,True
5961,TN,UNICOI,47171,Unicoi County,2,True
5961,TN,WASHINGTON,47179,Washington County,6,True
6022,OR,LANE,41039,Lane County,2,True
6169,ID,CLARK,16033,Clark County,10,True
6169,ID,FREMONT,16043,Fremont County,21,True
6169,ID,JEFFERSON,16051,Jefferson County,35,True
6169,ID,MADISON,16065,Madison County,12,True
6169,ID,TETON,16081,Teton County,6,True
6169,MT,GALLATIN,30031,Gallatin County,14,True
6169,WY,TETON,56039,Teton County,2,True
6173,TX,COLLIN,48085,Collin County,57,True
6173,TX,FANNIN,48147,Fannin County,21,True
6173,TX,GRAYSON,48181,Grayson County,59,True
6173,TX,HUNT,48231,Hunt County,14,True
6173,TX,LAMAR,48277,Lamar County,10,True
6181,MO,CALDWELL,29025,Caldwell County,3,True
6181,MO,CARROLL,29033,Carroll County,0,False
6181,MO,CHARITON,29041,Chariton County,1,True
6181,MO,CLINTON,29049,Clinton County,15,True
6181,MO,DAVIESS,29061,Daviess County,1,True
6181,MO,DEKALB,29063,DeKalb County,3,True
6181,MO,HARRISON,29081,Harrison County,6,True
6181,MO,LINN,29115,Linn County,5,True
6181,MO,LIVINGSTON,29117,Livingston County,4,True
6181,MO,RAY,29177,Ray County,13,True
6182,TX,COLLIN,48085,Collin County,57,True
6182,TX,DALLAS,48113,Dallas County,69,True
6182,TX,DELTA,48119,Delta County,4,True
6182,TX,FANNIN,48147,Fannin County,21,True
6182,TX,FRANKLIN,48159,Franklin County,9,True
6182,TX,HOPKINS,48223,Hopkins County,12,True
6182,TX,HUNT,48231,Hunt County,14,True
6182,TX,KAUFMAN,48257,Kaufman County,32,True
6182,TX,RAINS,48379,Rains County,0,False
6182,TX,ROCKWALL,48397,Rockwall County,2,True
6182,TX,VAN ZANDT,48467,Van Zandt County,17,True
6182,TX,WOOD,48499,Wood County,8,True
6194,KY,ADAIR,21001,Adair County,10,True
6194,KY,BARREN,21009,Barren County,12,True
6194,KY,EDMONSON,21061,Edmonson County,2,True
6194,KY,GRAYSON,21085,Grayson County,9,True
6194,KY,GREEN,21087,Green County,6,True
6194,KY,HARDIN,21093,Hardin County,17,True
6194,KY,HART,21099,Hart County,9,True
6194,KY,LARUE,21123,Larue County,11,True
6194,KY,METCALFE,21169,Metcalfe County,2,True
6194,KY,MONROE,21171,Monroe County,6,True
6194,KY,WARREN,21227,Warren County,7,True
6198,NM,CURRY,35009,Curry County,20,True
6198,NM,DE BACA,35011,De Baca County,3,True
6198,NM,GUADALUPE,35019,Guadalupe County,6,True
6198,NM,HARDING,35021,Harding County,3,True
6198,NM,QUAY,35037,Quay County,11,True
6198,NM,ROOSEVELT,35041,Roosevelt County,14,True
6198,NM,SAN MIGUEL,35047,San Miguel County,19,True
6198,TX,DEAF SMITH,48117,Deaf Smith County,5,True
6198,TX,OLDHAM,48359,Oldham County,9,True
6198,TX,PARMER,48369,Parmer County,6,True
6204,NM,RIO ARRIBA,35039,Rio Arriba County,5,True
6204,NM,SAN JUAN,35045,San Juan County,15,True
6234,TN,FRANKLIN,47051,Franklin County,12,True
6234,TN,GILES,47055,Giles County,7,True
6234,TN,LINCOLN,47103,Lincoln County,25,True
6234,TN,MARSHALL,47117,Marshall County,16,True
6235,NC,CUMBERLAND,37051,Cumberland County,22,True
6258,IA,DICKINSON,19059,Dickinson County,31,True
6258,IA,EMMET,19063,Emmet County,9,True
6258,IA,KOSSUTH,19109,Kossuth County,30,True
6258,IA,OSCEOLA,19143,Osceola County,8,True
6258,MN,COTTONWOOD,27033,Cottonwood County,5,True
6258,MN,FARIBAULT,27043,Faribault County,5,True
6258,MN,JACKSON,27063,Jackson County,7,True
6258,MN,MARTIN,27091,Martin County,11,True
6258,MN,MURRAY,27101,Murray County,9,True
6258,MN,NOBLES,27105,Nobles County,7,True
6258,MN,WATONWAN,27165,Watonwan County,4,True
6342,AR,ARKANSAS,05001,Arkansas County,8,True
6342,AR,CLEBURNE,05023,Cleburne County,4,True
6342,AR,CONWAY,05029,Conway County,9,True
6342,AR,FAULKNER,05045,Faulkner County,23,True
6342,AR,GARLAND,05051,Garland County,19,True
6342,AR,GRANT,05053,Grant County,11,True
6342,AR,INDEPENDENCE,05063,Independence County,7,True
6342,AR,JEFFERSON,05069,Jefferson County,12,True
6342,AR,LONOKE,05085,Lonoke County,12,True
6342,AR,MONROE,05095,Monroe County,4,True
6342,AR,PERRY,05105,Perry County,6,True
6342,AR,PRAIRIE,05117,Prairie County,5,True
6342,AR,PULASKI,05119,Pulaski County,48,True
6342,AR,SALINE,05125,Saline County,29,True
6342,AR,STONE,05137,Stone County,6,True
6342,AR,WHITE,05145,White County,12,True
6342,AR,YELL,05149,Yell County,11,True
6374,MA,MIDDLESEX,25017,Middlesex County,24,True
6374,MA,WORCESTER,25027,Worcester County,20,True
6395,MT,CARBON,30009,Carbon County,3,True
6395,MT,FLATHEAD,30029,Flathead County,2,True
6395,MT,LAKE,30047,Lake County,4,True
6395,MT,LINCOLN,30053,Lincoln County,0,False
6395,MT,PARK,30067,Park County,6,True
6395,MT,SANDERS,30089,Sanders County,1,True
6411,GA,BIBB,13021,Bibb County,2,True
6411,GA,CHATTAHOOCHEE,13053,Chattahoochee County,0,False
6411,GA,CRAWFORD,13079,Crawford County,6,True
6411,GA,DOOLY,13093,Dooly County,3,True
6411,GA,HARRIS,13145,Harris County,6,True
6411,GA,HOUSTON,13153,Houston County,7,True
6411,GA,MACON,13193,Macon County,0,False
6411,GA,MARION,13197,Marion County,3,True
6411,GA,MONROE,13207,Monroe County,4,True
6411,GA,MUSCOGEE,13215,Muscogee County,10,True
6411,GA,PEACH,13225,Peach County,1,True
6411,GA,SCHLEY,13249,Schley County,2,True
6411,GA,SUMTER,13261,Sumter County,1,True
6411,GA,TALBOT,13263,Talbot County,7,True
6411,GA,TAYLOR,13269,Taylor County,3,True
6411,GA,TWIGGS,13289,Twiggs County,5,True
6411,GA,UPSON,13293,Upson County,1,True
6424,WI,FLORENCE,55037,Florence County,1,True
6427,TX,KARNES,48255,Karnes County,2,True
6427,TX,WILSON,48493,Wilson County,7,True
6442,KY,BATH,21011,Bath County,38,True
6442,KY,BRACKEN,21023,Bracken County,1,True
6442,KY,FLEMING,21069,Fleming County,14,True
6442,KY,LEWIS,21135,Lewis County,5,True
6442,KY,MASON,21161,Mason County,5,True
6442,KY,NICHOLAS,21181,Nicholas County,2,True
6442,KY,ROBERTSON,21201,Robertson County,0,False
6442,KY,ROWAN,21205,Rowan County,21,True
6443,FL,MONROE,12087,Monroe County,7,True
6455,FL,ALACHUA,12001,Alachua County,17,True
6455,FL,BAY,12005,Bay County,44,True
6455,FL,BREVARD,12009,Brevard County,13,True
6455,FL,CITRUS,12017,Citrus County,2,True
6455,FL,COLUMBIA,12023,Columbia County,15,True
6455,FL,DIXIE,12029,Dixie County,5,True
6455,FL,FLAGLER,12035,Flagler County,16,True
6455,FL,FRANKLIN,12037,Franklin County,17,True
6455,FL,GILCHRIST,12041,Gilchrist County,3,True
6455,FL,GULF,12045,Gulf County,28,True
6455,FL,HAMILTON,12047,Hamilton County,3,True
6455,FL,HERNANDO,12053,Hernando County,2,True
6455,FL,HIGHLANDS,12055,Highlands County,5,True
6455,FL,HILLSBOROUGH,12057,Hillsborough County,7,True
6455,FL,JEFFERSON,12065,Jefferson County,22,True
6455,FL,LAFAYETTE,12067,Lafayette County,3,True
6455,FL,LAKE,12069,Lake County,7,True
6455,FL,LEON,12073,Leon County,94,True
6455,FL,LEVY,12075,Levy County,2,True
6455,FL,MADISON,12079,Madison County,20,True
6455,FL,MARION,12083,Marion County,31,True
6455,FL,ORANGE,12095,Orange County,20,True
6455,FL,OSCEOLA,12097,Osceola County,8,True
6455,FL,PASCO,12101,Pasco County,6,True
6455,FL,PINELLAS,12103,Pinellas County,13,True
6455,FL,POLK,12105,Polk County,6,True
6455,FL,SEMINOLE,12117,Seminole County,6,True
6455,FL,SUMTER,12119,Sumter County,2,True
6455,FL,SUWANNEE,12121,Suwannee County,5,True
6455,FL,TAYLOR,12123,Taylor County,12,True
6455,FL,VOLUSIA,12127,Volusia County,7,True
6455,FL,WAKULLA,12129,Wakulla County,20,True
6457,FL,CALHOUN,12013,Calhoun County,14,True
6457,FL,JACKSON,12063,Jackson County,74,True
6457,FL,LIBERTY,12077,Liberty County,4,True
6457,FL,NASSAU,12089,Nassau County,14,True
6491,AL,BALDWIN,01003,Baldwin County,28,True
6582,OR,WASHINGTON,41067,Washington County,2,True
6604,CO,LARIMER,08069,Larimer County,14,True
6608,TN,BLOUNT,47009,Blount County,18,True
6608,TN,LOUDON,47105,Loudon County,5,True
6608,TN,MONROE,47123,Monroe County,5,True
6638,CO,EL PASO,08041,El Paso County,55,True
6640,NC,BLADEN,37017,Bladen County,31,True
6640,NC,COLUMBUS,37047,Columbus County,21,True
6640,NC,DUPLIN,37061,Duplin County,19,True
6640,NC,ONSLOW,37133,Onslow County,23,True
6640,NC,PENDER,37141,Pender County,14,True
6640,NC,SAMPSON,37163,Sampson County,22,True
6641,MS,CHOCTAW,28019,Choctaw County,2,True
6641,MS,CLAY,28025,Clay County,4,True
6641,MS,LOWNDES,28087,Lowndes County,17,True
6641,MS,MONROE,28095,Monroe County,10,True
6641,MS,NOXUBEE,28103,Noxubee County,5,True
6641,MS,OKTIBBEHA,28105,Oktibbeha County,4,True
6641,MS,WEBSTER,28155,Webster County,2,True
6708,KY,FRANKLIN,21073,Franklin County,3,True
6708,KY,SHELBY,21211,Shelby County,3,True
6708,KY,WOODFORD,21239,Woodford County,4,True
6709,SC,PICKENS,45077,Pickens County,16,True
6716,WA,FRANKLIN,53021,Franklin County,0,False
6775,NY,NASSAU,36059,Nassau County,15,True
6779,NE,DODGE,31053,Dodge County,16,True
6782,IA,WORTH,19195,Worth County,10,True
6782,MN,DODGE,27039,Dodge County,14,True
6782,MN,FARIBAULT,27043,Faribault County,5,True
6782,MN,FILLMORE,27045,Fillmore County,21,True
6782,MN,FREEBORN,27047,Freeborn County,12,True
6782,MN,MOWER,27099,Mower County,16,True
6782,MN,OLMSTED,27109,Olmsted County,15,True
6782,MN,STEELE,27147,Steele County,6,True
6784,NC,BUNCOMBE,37021,Buncombe County,16,True
6784,NC,MADISON,37115,Madison County,8,True
6784,NC,MCDOWELL,37111,McDowell County,11,True
6784,NC,MITCHELL,37121,Mitchell County,4,True
6784,NC,YANCEY,37199,Yancey County,6,True
6784,TN,COCKE,47029,Cocke County,14,True
6784,TN,UNICOI,47171,Unicoi County,2,True
6894,SC,CHEROKEE,45021,Cherokee County,7,True
6909,FL,ALACHUA,12001,Alachua County,17,True
6923,TN,SUMNER,47165,Sumner County,22,True
6941,KS,FINNEY,20055,Finney County,39,True
6957,AZ,COCONINO,04005,Coconino County,18,True
6957,AZ,MOHAVE,04015,Mohave County,20,True
6957,UT,GARFIELD,49017,Garfield County,6,True
6957,UT,IRON,49021,Iron County,2,True
6957,UT,KANE,49025,Kane County,21,True
6957,UT,PIUTE,49031,Piute County,1,True
6957,UT,SEVIER,49041,Sevier County,3,True
6957,UT,WASHINGTON,49053,Washington County,13,True
6957,UT,WAYNE,49055,Wayne County,6,True
6958,TX,DALLAS,48113,Dallas County,69,True
7027,NC,GASTON,37071,Gaston County,16,True
7090,GA,BARTOW,13015,Bartow County,11,True
7090,GA,CARROLL,13045,Carroll County,23,True
7090,GA,COBB,13067,Cobb County,4,True
7090,GA,COWETA,13077,Coweta County,19,True
7090,GA,DOUGLAS,13097,Douglas County,30,True
7090,GA,FAYETTE,13113,Fayette County,19,True
7090,GA,FULTON,13121,Fulton County,25,True
7090,GA,PAULDING,13223,Paulding County,20,True
7096,IL,KANE,17089,Kane County,59,True
7129,TX,WILLIAMSON,48491,Williamson County,15,True
7140,GA,APPLING,13001,Appling County,3,True
7140,GA,ATKINSON,13003,Atkinson County,7,True
7140,GA,BACON,13005,Bacon County,2,True
7140,GA,BAKER,13007,Baker County,4,True
7140,GA,BALDWIN,13009,Baldwin County,9,True
7140,GA,BANKS,13011,Banks County,12,True
7140,GA,BARROW,13013,Barrow County,0,False
7140,GA,BARTOW,13015,Bartow County,11,True
7140,GA,BEN HILL,13017,Ben Hill County,9,True
7140,GA,BERRIEN,13019,Berrien County,23,True
7140,GA,BIBB,13021,Bibb County,2,True
7140,GA,BLECKLEY,13023,Bleckley County,5,True
7140,GA,BRANTLEY,13025,Brantley County,4,True
7140,GA,BROOKS,13027,Brooks County,16,True
7140,GA,BRYAN,13029,Bryan County,0,False
7140,GA,BULLOCH,13031,Bulloch County,15,True
7140,GA,BURKE,13033,Burke County,21,True
7140,GA,BUTTS,13035,Butts County,2,True
7140,GA,CALHOUN,13037,Calhoun County,5,True
7140,GA,CAMDEN,13039,Camden County,10,True
7140,GA,CANDLER,13043,Candler County,3,True
7140,GA,CARROLL,13045,Carroll County,23,True
7140,GA,CATOOSA,13047,Catoosa County,7,True
7140,GA,CHARLTON,13049,Charlton County,2,True
7140,GA,CHATTAHOOCHEE,13053,Chattahoochee County,0,False
7140,GA,CHATTOOGA,13055,Chattooga County,18,True
7140,GA,CHEROKEE,13057,Cherokee County,36,True
7140,GA,CLARKE,13059,Clarke County,1,True
7140,GA,CLAY,13061,Clay County,0,False
7140,GA,CLAYTON,13063,Clayton County,6,True
7140,GA,CLINCH,13065,Clinch County,5,True
7140,GA,COBB,13067,Cobb County,4,True
7140,GA,COFFEE,13069,Coffee County,16,True
7140,GA,COLQUITT,13071,Colquitt County,17,True
7140,GA,COLUMBIA,13073,Columbia County,20,True
7140,GA,COOK,13075,Cook County,11,True
7140,GA,COWETA,13077,Coweta County,19,True
7140,GA,CRAWFORD,13079,Crawford County,6,True
7140,GA,CRISP,13081,Crisp County,6,True
7140,GA,DADE,13083,Dade County,15,True
7140,GA,DAWSON,13085,Dawson County,4,True
7140,GA,DECATUR,13087,Decatur County,1,True
7140,GA,DEKALB,13089,DeKalb County,43,True
7140,GA,DODGE,13091,Dodge County,15,True
7140,GA,DOOLY,13093,Dooly County,3,True
7140,GA,DOUGHERTY,13095,Dougherty County,15,True
7140,GA,DOUGLAS,13097,Douglas County,30,True
7140,GA,EARLY,13099,Early County,8,True
7140,GA,ECHOLS,13101,Echols County,1,True
7140,GA,EFFINGHAM,13103,Effingham County,27,True
7140,GA,ELBERT,13105,Elbert County,8,True
7140,GA,EMANUEL,13107,Emanuel County,1,True
7140,GA,EVANS,13109,Evans County,9,True
7140,GA,FAYETTE,13113,Fayette County,19,True
7140,GA,FLOYD,13115,Floyd County,3,True
7140,GA,FORSYTH,13117,Forsyth County,0,False
7140,GA,FRANKLIN,13119,Franklin County,2,True
7140,GA,FULTON,13121,Fulton County,25,True
7140,GA,GILMER,13123,Gilmer County,6,True
7140,GA,GLASCOCK,13125,Glascock County,0,False
7140,GA,GLYNN,13127,Glynn County,7,True
7140,GA,GORDON,13129,Gordon County,10,True
7140,GA,GRADY,13131,Grady County,5,True
7140,GA,GREENE,13133,Greene County,0,False
7140,GA,GWINNETT,13135,Gwinnett County,24,True
7140,GA,HABERSHAM,13137,Habersham County,9,True
7140,GA,HALL,13139,Hall County,25,True
7140,GA,HANCOCK,13141,Hancock County,0,False
7140,GA,HARALSON,13143,Haralson County,0,False
7140,GA,HARRIS,13145,Harris County,6,True
7140,GA,HART,13147,Hart County,2,True
7140,GA,HEARD,13149,Heard County,4,True
7140,GA,HENRY,13151,Henry County,9,True
7140,GA,HOUSTON,13153,Houston County,7,True
7140,GA,IRWIN,13155,Irwin County,11,True
7140,GA,JACKSON,13157,Jackson County,7,True
7140,GA,JASPER,13159,Jasper County,1,True
7140,GA,JEFF DAVIS,13161,Jeff Davis County,9,True
7140,GA,JEFFERSON,13163,Jefferson County,1,True
7140,GA,JENKINS,13165,Jenkins County,5,True
7140,GA,JOHNSON,13167,Johnson County,9,True
7140,GA,JONES,13169,Jones County,3,True
7140,GA,LAMAR,13171,Lamar County,2,True
7140,GA,LANIER,13173,Lanier County,9,True
7140,GA,LAURENS,13175,Laurens County,7,True
7140,GA,LEE,13177,Lee County,11,True
7140,GA,LIBERTY,13179,Liberty County,5,True
7140,GA,LINCOLN,13181,Lincoln County,4,True
7140,GA,LONG,13183,Long County,5,True
7140,GA,LOWNDES,13185,Lowndes County,61,True
7140,GA,LUMPKIN,13187,Lumpkin County,12,True
7140,GA,MACON,13193,Macon County,0,False
7140,GA,MADISON,13195,Madison County,2,True
7140,GA,MARION,13197,Marion County,3,True
7140,GA,MCDUFFIE,13189,McDuffie County,4,True
7140,GA,MCINTOSH,13191,McIntosh County,5,True
7140,GA,MERIWETHER,13199,Meriwether County,6,True
7140,GA,MILLER,13201,Miller County,10,True
7140,GA,MITCHELL,13205,Mitchell County,32,True
7140,GA,MONROE,13207,Monroe County,4,True
7140,GA,MONTGOMERY,13209,Montgomery County,5,True
7140,GA,MORGAN,13211,Morgan County,1,True
7140,GA,MURRAY,13213,Murray County,8,True
7140,GA,MUSCOGEE,13215,Muscogee County,10,True
7140,GA,NEWTON,13217,Newton County,2,True
7140,GA,OCONEE,13219,Oconee County,1,True
7140,GA,OGLETHORPE,13221,Oglethorpe County,4,True
7140,GA,PAULDING,13223,Paulding County,20,True
7140,GA,PEACH,13225,Peach County,1,True
7140,GA,PICKENS,13227,Pickens County,11,True
7140,GA,PIERCE,13229,Pierce County,5,True
7140,GA,PIKE,13231,Pike County,15,True
7140,GA,POLK,13233,Polk County,13,True
7140,GA,PULASKI,13235,Pulaski County,1,True
7140,GA,PUTNAM,13237,Putnam County,11,True
7140,GA,QUITMAN,13239,Quitman County,1,True
7140,GA,RABUN,13241,Rabun County,6,True
7140,GA,RANDOLPH,13243,Randolph County,6,True
7140,GA,RICHMOND,13245,Richmond County,9,True
7140,GA,ROCKDALE,13247,Rockdale County,1,True
7140,GA,SCHLEY,13249,Schley County,2,True
7140,GA,SCREVEN,13251,Screven County,9,True
7140,GA,SEMINOLE,13253,Seminole County,3,True
7140,GA,SPALDING,13255,Spalding County,22,True
7140,GA,STEPHENS,13257,Stephens County,2,True
7140,GA,STEWART,13259,Stewart County,2,True
7140,GA,SUMTER,13261,Sumter County,1,True
7140,GA,TALBOT,13263,Talbot County,7,True
7140,GA,TALIAFERRO,13265,Taliaferro County,1,True
7140,GA,TATTNALL,13267,Tattnall County,23,True
7140,GA,TAYLOR,13269,Taylor County,3,True
7140,GA,TELFAIR,13271,Telfair County,0,False
7140,GA,TERRELL,13273,Terrell County,5,True
7140,GA,THOMAS,13275,Thomas County,32,True
7140,GA,TIFT,13277,Tift County,12,True
7140,GA,TOOMBS,13279,Toombs County,2,True
7140,GA,TREUTLEN,13283,Treutlen County,1,True
7140,GA,TROUP,13285,Troup County,23,True
7140,GA,TURNER,13287,Turner County,17,True
7140,GA,TWIGGS,13289,Twiggs County,5,True
7140,GA,UPSON,13293,Upson County,1,True
7140,GA,WALKER,13295,Walker County,18,True
7140,GA,WALTON,13297,Walton County,34,True
7140,GA,WARE,13299,Ware County,4,True
7140,GA,WARREN,13301,Warren County,0,False
7140,GA,WASHINGTON,13303,Washington County,3,True
7140,GA,WAYNE,13305,Wayne County,3,True
7140,GA,WEBSTER,13307,Webster County,1,True
7140,GA,WHEELER,13309,Wheeler County,5,True
7140,GA,WHITE,13311,White County,5,True
7140,GA,WHITFIELD,13313,Whitfield County,34,True
7140,GA,WILCOX,13315,Wilcox County,0,False
7140,GA,WILKES,13317,Wilkes County,2,True
7140,GA,WILKINSON,13319,Wilkinson County,5,True
7140,GA,WORTH,13321,Worth County,19,True
7174,KY,CARLISLE,21039,Carlisle County,9,True
7174,KY,FULTON,21075,Fulton County,9,True
7174,KY,GRAVES,21083,Graves County,9,True
7174,KY,HICKMAN,21105,Hickman County,3,True
7174,TN,CROCKETT,47033,Crockett County,4,True
7174,TN,DYER,47045,Dyer County,4,True
7174,TN,GIBSON,47053,Gibson County,9,True
7174,TN,HAYWOOD,47075,Haywood County,1,True
7174,TN,LAKE,47095,Lake County,1,True
7174,TN,LAUDERDALE,47097,Lauderdale County,5,True
7174,TN,MADISON,47113,Madison County,13,True
7174,TN,OBION,47131,Obion County,8,True
7174,TN,WEAKLEY,47183,Weakley County,10,True
7222,WY,CAMPBELL,56005,Campbell County,13,True
7222,WY,CROOK,56011,Crook County,21,True
7264,FL,GLADES,12043,Glades County,6,True
7264,FL,HENDRY,12051,Hendry County,8,True
7264,FL,HIGHLANDS,12055,Highlands County,5,True
7264,FL,OKEECHOBEE,12093,Okeechobee County,4,True
7270,KY,BARREN,21009,Barren County,12,True
7294,CA,LOS ANGELES,06037,Los Angeles County,49,True
7353,AK,DENALI,02068,Denali Borough,0,False
7353,AK,FAIRBANKS NORTH STAR,02090,Fairbanks North Star Borough,0,False
7353,AK,SOUTHEAST FAIRBANKS,02240,Southeast Fairbanks Census Area,0,False
7353,AK,YUKON KOYUKUK,02290,Yukon-Koyukuk Census Area,0,False
7450,GA,BROOKS,13027,Brooks County,16,True
7450,GA,COLQUITT,13071,Colquitt County,17,True
7450,GA,DECATUR,13087,Decatur County,1,True
7450,GA,GRADY,13131,Grady County,5,True
7450,GA,MITCHELL,13205,Mitchell County,32,True
7450,GA,THOMAS,13275,Thomas County,32,True
7483,MI,OTTAWA,26139,Ottawa County,5,True
7490,OK,MAYES,40097,Mayes County,13,True
7548,WA,GRAYS HARBOR,53027,Grays Harbor County,1,True
7548,WA,JEFFERSON,53031,Jefferson County,0,False
7548,WA,LEWIS,53041,Lewis County,0,False
7548,WA,PACIFIC,53049,Pacific County,0,False
7548,WA,THURSTON,53067,Thurston County,0,False
7558,KY,CARTER,21043,Carter County,9,True
7558,KY,ELLIOTT,21063,Elliott County,3,True
7558,KY,GREENUP,21089,Greenup County,39,True
7558,KY,LAWRENCE,21127,Lawrence County,2,True
7558,KY,LEWIS,21135,Lewis County,5,True
7558,KY,ROWAN,21205,Rowan County,21,True
7559,TX,COLLIN,48085,Collin County,57,True
7559,TX,COOKE,48097,Cooke County,21,True
7559,TX,FANNIN,48147,Fannin County,21,True
7559,TX,GRAYSON,48181,Grayson County,59,True
7563,CO,DELTA,08029,Delta County,0,False
7563,CO,GARFIELD,08045,Garfield County,12,True
7563,CO,MESA,08077,Mesa County,10,True
7601,VT,ADDISON,50001,Addison County,11,True
7601,VT,BENNINGTON,50003,Bennington County,4,True
7601,VT,CALEDONIA,50005,Caledonia County,14,True
7601,VT,CHITTENDEN,50007,Chittenden County,16,True
7601,VT,ESSEX,50009,Essex County,7,True
7601,VT,FRANKLIN,50011,Franklin County,5,True
7601,VT,LAMOILLE,50015,Lamoille County,7,True
7601,VT,ORANGE,50017,Orange County,5,True
7601,VT,ORLEANS,50019,Orleans County,5,True
7601,VT,RUTLAND,50021,Rutland County,11,True
7601,VT,WASHINGTON,50023,Washington County,7,True
7601,VT,WINDHAM,50025,Windham County,6,True
7601,VT,WINDSOR,50027,Windsor County,3,True
7625,TN,GREENE,47059,Greene County,9,True
7627,IN,HANCOCK,18059,Hancock County,1,True
7634,TX,HUNT,48231,Hunt County,14,True
7639,NC,PITT,37147,Pitt County,13,True
7646,SC,GREENWOOD,45047,Greenwood County,8,True
7654,SC,GREENVILLE,45045,Greenville County,22,True
7654,SC,SPARTANBURG,45083,Spartanburg County,28,True
7752,TX,BEXAR,48029,Bexar County,51,True
7752,TX,CALDWELL,48055,Caldwell County,2,True
7752,TX,COMAL,48091,Comal County,14,True
7752,TX,DEWITT,48123,DeWitt County,0,False
7752,TX,FAYETTE,48149,Fayette County,13,True
7752,TX,GOLIAD,48175,Goliad County,2,True
7752,TX,GONZALES,48177,Gonzales County,17,True
7752,TX,GUADALUPE,48187,Guadalupe County,10,True
7752,TX,JACKSON,48239,Jackson County,3,True
7752,TX,KARNES,48255,Karnes County,2,True
7752,TX,LAVACA,48285,Lavaca County,8,True
7752,TX,VICTORIA,48469,Victoria County,8,True
7752,TX,WILSON,48493,Wilson County,7,True
7785,FL,BAY,12005,Bay County,44,True
7785,FL,CALHOUN,12013,Calhoun County,14,True
7785,FL,GULF,12045,Gulf County,28,True
7785,FL,JACKSON,12063,Jackson County,74,True
7785,FL,WALTON,12131,Walton County,40,True
7785,FL,WASHINGTON,12133,Washington County,41,True
7887,GA,HABERSHAM,13137,Habersham County,9,True
7887,GA,HALL,13139,Hall County,25,True
7887,GA,LUMPKIN,13187,Lumpkin County,12,True
7887,GA,RABUN,13241,Rabun County,6,True
7887,GA,STEPHENS,13257,Stephens County,2,True
7887,GA,WHITE,13311,White County,5,True
7891,OH,COSHOCTON,39031,Coshocton County,32,True
7891,OH,GUERNSEY,39059,Guernsey County,35,True
7891,OH,HARRISON,39067,Harrison County,7,True
7891,OH,LICKING,39089,Licking County,25,True
7891,OH,MORGAN,39115,Morgan County,12,True
7891,OH,MUSKINGUM,39119,Muskingum County,41,True
7891,OH,NOBLE,39121,Noble County,23,True
7891,OH,PERRY,39127,Perry County,19,True
7891,OH,TUSCARAWAS,39157,Tuscarawas County,12,True
7977,OH,BUTLER,39017,Butler County,14,True
8000,IN,HAMILTON,18057,Hamilton County,8,True
8000,IN,HANCOCK,18059,Hancock County,1,True
8000,IN,MADISON,18095,Madison County,6,True
8000,IN,RUSH,18139,Rush County,7,True
8034,OH,ALLEN,39003,Allen County,0,False
8034,OH,ERIE,39043,Erie County,2,True
8034,OH,HANCOCK,39063,Hancock County,7,True
8034,OH,HARDIN,39065,Hardin County,2,True
8034,OH,HENRY,39069,Henry County,2,True
8034,OH,OTTAWA,39123,Ottawa County,5,True
8034,OH,PUTNAM,39137,Putnam County,5,True
8034,OH,SANDUSKY,39143,Sandusky County,3,True
8034,OH,SENECA,39147,Seneca County,10,True
8034,OH,WOOD,39173,Wood County,10,True
8034,OH,WYANDOT,39175,Wyandot County,5,True
8055,MO,MARION,29127,Marion County,5,True
8055,MO,RALLS,29173,Ralls County,0,False
8147,TN,MORGAN,47129,Morgan County,7,True
8147,TN,ROANE,47145,Roane County,8,True
8179,IN,CLARK,18019,Clark County,11,True
8179,IN,CRAWFORD,18025,Crawford County,8,True
8179,IN,FLOYD,18043,Floyd County,7,True
8179,IN,HARRISON,18061,Harrison County,16,True
8179,IN,WASHINGTON,18175,Washington County,5,True
8198,VA,ROCKINGHAM,51165,Rockingham County,21,True
8210,GA,BANKS,13011,Banks County,12,True
8210,GA,ELBERT,13105,Elbert County,8,True
8210,GA,FRANKLIN,13119,Franklin County,2,True
8210,GA,HART,13147,Hart County,2,True
8210,GA,MADISON,13195,Madison County,2,True
8210,GA,STEPHENS,13257,Stephens County,2,True
8212,WI,DODGE,55027,Dodge County,15,True
8212,WI,WASHINGTON,55131,Washington County,7,True
8245,NE,ADAMS,31001,Adams County,18,True
8245,NE,CLAY,31035,Clay County,19,True
8287,HI,HAWAII,15001,Hawaii County,9,True
8319,IA,CERRO GORDO,19033,Cerro Gordo County,15,True
8319,IA,CHICKASAW,19037,Chickasaw County,5,True
8319,IA,FLOYD,19067,Floyd County,9,True
8319,IA,HANCOCK,19081,Hancock County,6,True
8319,IA,HOWARD,19089,Howard County,9,True
8319,IA,KOSSUTH,19109,Kossuth County,30,True
8319,IA,MITCHELL,19131,Mitchell County,3,True
8319,IA,WINNEBAGO,19189,Winnebago County,9,True
8319,IA,WORTH,19195,Worth County,10,True
8319,MN,FARIBAULT,27043,Faribault County,5,True
8319,MN,FREEBORN,27047,Freeborn County,12,True
8319,MN,MOWER,27099,Mower County,16,True
8333,GA,RABUN,13241,Rabun County,6,True
8333,NC,BUNCOMBE,37021,Buncombe County,16,True
8333,NC,HAYWOOD,37087,Haywood County,4,True
8333,NC,JACKSON,37099,Jackson County,8,True
8333,NC,MACON,37113,Macon County,5,True
8333,NC,MADISON,37115,Madison County,8,True
8333,NC,TRANSYLVANIA,37175,Transylvania County,8,True
8333,SC,OCONEE,45073,Oconee County,10,True
8447,IN,HENDRICKS,18063,Hendricks County,3,True
8447,IN,MONTGOMERY,18107,Montgomery County,8,True
8447,IN,MORGAN,18109,Morgan County,5,True
8447,IN,PUTNAM,18133,Putnam County,7,True
8449,KY,HENDERSON,21101,Henderson County,21,True
8566,WY,BIG HORN,56003,Big Horn County,7,True
8566,WY,CARBON,56007,Carbon County,16,True
8566,WY,FREMONT,56013,Fremont County,15,True
8566,WY,HOT SPRINGS,56017,Hot Springs County,1,True
8566,WY,JOHNSON,56019,Johnson County,4,True
8566,WY,NATRONA,56025,Natrona County,8,True
8566,WY,PARK,56029,Park County,1,True
8566,WY,TETON,56039,Teton County,2,True
8566,WY,WASHAKIE,56043,Washakie County,4,True
8571,NC,DAVIDSON,37057,Davidson County,10,True
8571,NC,FORSYTH,37067,Forsyth County,16,True
8571,NC,GUILFORD,37081,Guilford County,19,True
8571,NC,RANDOLPH,37151,Randolph County,27,True
8620,TX,DALLAS,48113,Dallas County,69,True
8620,TX,ELLIS,48139,Ellis County,30,True
8620,TX,HILL,48217,Hill County,31,True
8620,TX,JOHNSON,48251,Johnson County,14,True
8620,TX,MCLENNAN,48309,McLennan County,37,True
8699,ID,BENEWAH,16009,Benewah County,2,True
8699,ID,BONNER,16017,Bonner County,3,True
8699,ID,KOOTENAI,16055,Kootenai County,2,True
8699,WA,ADAMS,53001,Adams County,1,True
8699,WA,ASOTIN,53003,Asotin County,2,True
8699,WA,COLUMBIA,53013,Columbia County,0,False
8699,WA,FRANKLIN,53021,Franklin County,0,False
8699,WA,GARFIELD,53023,Garfield County,0,False
8699,WA,LINCOLN,53043,Lincoln County,2,True
8699,WA,SPOKANE,53063,Spokane County,19,True
8699,WA,STEVENS,53065,Stevens County,3,True
8699,WA,WALLA WALLA,53071,Walla Walla County,0,False
8699,WA,WHITMAN,53075,Whitman County,8,True
8723,MI,ALLEGAN,26005,Allegan County,4,True
8723,MI,OTTAWA,26139,Ottawa County,5,True
8761,OH,ASHLAND,39005,Ashland County,4,True
8761,OH,COSHOCTON,39031,Coshocton County,32,True
8761,OH,HOLMES,39075,Holmes County,7,True
8761,OH,KNOX,39083,Knox County,7,True
8761,OH,STARK,39151,Stark County,6,True
8761,OH,TUSCARAWAS,39157,Tuscarawas County,12,True
8761,OH,WAYNE,39169,Wayne County,12,True
8764,TN,HAMBLEN,47063,Hamblen County,5,True
8764,TN,HAWKINS,47073,Hawkins County,6,True
8773,CO,EAGLE,08037,Eagle County,6,True
8773,CO,GARFIELD,08045,Garfield County,12,True
8773,CO,GUNNISON,08051,Gunnison County,4,True
8773,CO,MESA,08077,Mesa County,10,True
8773,CO,PITKIN,08097,Pitkin County,3,True
8774,MA,HAMPDEN,25013,Hampden County,14,True
8786,SC,HORRY,45051,Horry County,27,True
8795,FL,MIAMI DADE,12086,Miami-Dade County,29,True
8840,AR,HEMPSTEAD,05057,Hempstead County,8,True
8898,TX,ANDERSON,48001,Anderson County,12,True
8898,TX,ANGELINA,48005,Angelina County,24,True
8898,TX,CHEROKEE,48073,Cherokee County,13,True
8898,TX,FREESTONE,48161,Freestone County,11,True
8898,TX,HOUSTON,48225,Houston County,7,True
8898,TX,LEON,48289,Leon County,12,True
8898,TX,MADISON,48313,Madison County,14,True
8898,TX,TRINITY,48455,Trinity County,21,True
8898,TX,WALKER,48471,Walker County,25,True
8901,TX,AUSTIN,48015,Austin County,13,True
8901,TX,BRAZORIA,48039,Brazoria County,21,True
8901,TX,CHAMBERS,48071,Chambers County,6,True
8901,TX,COLORADO,48089,Colorado County,3,True
8901,TX,FORT BEND,48157,Fort Bend County,17,True
8901,TX,GALVESTON,48167,Galveston County,21,True
8901,TX,HARRIS,48201,Harris County,79,True
8901,TX,LIBERTY,48291,Liberty County,13,True
8901,TX,MATAGORDA,48321,Matagorda County,9,True
8901,TX,MONTGOMERY,48339,Montgomery County,17,True
8901,TX,WALLER,48473,Waller County,6,True
8901,TX,WHARTON,48481,Wharton County,3,True
8973,MA,MIDDLESEX,25017,Middlesex County,24,True
9087,NC,MECKLENBURG,37119,Mecklenburg County,15,True
9094,AL,MADISON,01089,Madison County,53,True
9096,LA,LAFAYETTE,22055,Lafayette Parish,26,True
9130,MN,MCLEOD,27085,McLeod County,5,True
9187,ID,BONNEVILLE,16019,Bonneville County,17,True
9191,ID,ADA,16001,Ada County,11,True
9191,ID,ADAMS,16003,Adams County,6,True
9191,ID,BANNOCK,16005,Bannock County,10,True
9191,ID,BINGHAM,16011,Bingham County,22,True
9191,ID,BLAINE,16013,Blaine County,2,True
9191,ID,BOISE,16015,Boise County,11,True
9191,ID,CAMAS,16025,Camas County,2,True
9191,ID,CANYON,16027,Canyon County,1,True
9191,ID,CASSIA,16031,Cassia County,19,True
9191,ID,ELMORE,16039,Elmore County,12,True
9191,ID,GEM,16045,Gem County,4,True
9191,ID,GOODING,16047,Gooding County,1,True
9191,ID,IDAHO,16049,Idaho County,5,True
9191,ID,JEROME,16053,Jerome County,2,True
9191,ID,LEMHI,16059,Lemhi County,4,True
9191,ID,LINCOLN,16063,Lincoln County,2,True
9191,ID,MINIDOKA,16067,Minidoka County,10,True
9191,ID,ONEIDA,16071,Oneida County,0,False
9191,ID,OWYHEE,16073,Owyhee County,2,True
9191,ID,PAYETTE,16075,Payette County,5,True
9191,ID,POWER,16077,Power County,19,True
9191,ID,TWIN FALLS,16083,Twin Falls County,0,False
9191,ID,VALLEY,16085,Valley County,6,True
9191,ID,WASHINGTON,16087,Washington County,0,False
9191,OR,BAKER,41001,Baker County,9,True
9191,OR,GRANT,41023,Grant County,2,True
9191,OR,HARNEY,41025,Harney County,2,True
9191,OR,MALHEUR,41045,Malheur County,1,True
9191,OR,WALLOWA,41063,Wallowa County,4,True
9216,CA,IMPERIAL,06025,Imperial County,11,True
9216,CA,RIVERSIDE,06065,Riverside County,33,True
9216,CA,SAN DIEGO,06073,San Diego County,70,True
9230,IA,BUCHANAN,19019,Buchanan County,14,True
9231,MO,JACKSON,29095,Jackson County,74,True
9246,OK,CREEK,40037,Creek County,19,True
9246,OK,KAY,40071,Kay County,48,True
9246,OK,NOBLE,40103,Noble County,13,True
9246,OK,OSAGE,40113,Osage County,29,True
9246,OK,PAWNEE,40117,Pawnee County,8,True
9246,OK,PAYNE,40119,Payne County,14,True
9246,OK,TULSA,40143,Tulsa County,87,True
9273,IN,BARTHOLOMEW,18005,Bartholomew County,2,True
9273,IN,BOONE,18011,Boone County,6,True
9273,IN,DAVIESS,18027,Daviess County,7,True
9273,IN,GIBSON,18051,Gibson County,22,True
9273,IN,GREENE,18055,Greene County,7,True
9273,IN,HAMILTON,18057,Hamilton County,8,True
9273,IN,HANCOCK,18059,Hancock County,1,True
9273,IN,HENDRICKS,18063,Hendricks County,3,True
9273,IN,JOHNSON,18081,Johnson County,3,True
9273,IN,KNOX,18083,Knox County,17,True
9273,IN,MADISON,18095,Madison County,6,True
9273,IN,MARION,18097,Marion County,18,True
9273,IN,MONROE,18105,Monroe County,10,True
9273,IN,MORGAN,18109,Morgan County,5,True
9273,IN,OWEN,18119,Owen County,3,True
9273,IN,PIKE,18125,Pike County,11,True
9273,IN,PUTNAM,18133,Putnam County,7,True
9273,IN,SHELBY,18145,Shelby County,6,True
9273,IN,SULLIVAN,18153,Sullivan County,2,True
9273,IN,SWITZERLAND,18155,Switzerland County,6,True
9292,KY,BOYLE,21021,Boyle County,4,True
9292,KY,CASEY,21045,Casey County,5,True
9292,KY,GARRARD,21079,Garrard County,3,True
9292,KY,LARUE,21123,Larue County,11,True
9292,KY,LINCOLN,21137,Lincoln County,9,True
9292,KY,MADISON,21151,Madison County,6,True
9292,KY,MARION,21155,Marion County,2,True
9292,KY,MERCER,21167,Mercer County,4,True
9292,KY,NELSON,21179,Nelson County,17,True
9292,KY,ROCKCASTLE,21203,Rockcastle County,12,True
9292,KY,TAYLOR,21217,Taylor County,10,True
9292,KY,WASHINGTON,21229,Washington County,6,True
9331,MO,CRAWFORD,29055,Crawford County,7,True
9331,MO,DENT,29065,Dent County,30,True
9331,MO,GASCONADE,29073,Gasconade County,6,True
9331,MO,MARIES,29125,Maries County,7,True
9331,MO,PHELPS,29161,Phelps County,41,True
9331,MO,PULASKI,29169,Pulaski County,29,True
9331,MO,SHANNON,29203,Shannon County,21,True
9331,MO,TEXAS,29215,Texas County,38,True
9331,MO,WRIGHT,29229,Wright County,45,True
9336,CO,ADAMS,08001,Adams County,38,True
9336,CO,ARAPAHOE,08005,Arapahoe County,27,True
9336,CO,CHAFFEE,08015,Chaffee County,0,False
9336,CO,CLEAR CREEK,08019,Clear Creek County,0,False
9336,CO,DOUGLAS,08035,Douglas County,12,True
9336,CO,EL PASO,08041,El Paso County,55,True
9336,CO,ELBERT,08039,Elbert County,34,True
9336,CO,FREMONT,08043,Fremont County,10,True
9336,CO,JEFFERSON,08059,Jefferson County,9,True
9336,CO,PARK,08093,Park County,1,True
9336,CO,TELLER,08119,Teller County,2,True
9417,IA,ADAIR,19001,Adair County,17,True
9417,IA,ADAMS,19003,Adams County,10,True
9417,IA,ALLAMAKEE,19005,Allamakee County,16,True
9417,IA,APPANOOSE,19007,Appanoose County,16,True
9417,IA,BENTON,19011,Benton County,12,True
9417,IA,BLACK HAWK,19013,Black Hawk County,24,True
9417,IA,BOONE,19015,Boone County,12,True
9417,IA,BREMER,19017,Bremer County,4,True
9417,IA,BUCHANAN,19019,Buchanan County,14,True
9417,IA,BUENA VISTA,19021,Buena Vista County,10,True
9417,IA,BUTLER,19023,Butler County,20,True
9417,IA,CARROLL,19027,Carroll County,10,True
9417,IA,CASS,19029,Cass County,13,True
9417,IA,CEDAR,19031,Cedar County,24,True
9417,IA,CERRO GORDO,19033,Cerro Gordo County,15,True
9417,IA,CHEROKEE,19035,Cherokee County,15,True
9417,IA,CHICKASAW,19037,Chickasaw County,5,True
9417,IA,CLARKE,19039,Clarke County,12,True
9417,IA,CLAY,19041,Clay County,43,True
9417,IA,CLAYTON,19043,Clayton County,11,True
9417,IA,CLINTON,19045,Clinton County,20,True
9417,IA,DALLAS,19049,Dallas County,22,True
9417,IA,DAVIS,19051,Davis County,8,True
9417,IA,DECATUR,19053,Decatur County,6,True
9417,IA,DELAWARE,19055,Delaware County,4,True
9417,IA,DES MOINES,19057,Des Moines County,24,True
9417,IA,DICKINSON,19059,Dickinson County,31,True
9417,IA,DUBUQUE,19061,Dubuque County,45,True
9417,IA,EMMET,19063,Emmet County,9,True
9417,IA,FAYETTE,19065,Fayette County,4,True
9417,IA,FLOYD,19067,Floyd County,9,True
9417,IA,FRANKLIN,19069,Franklin County,4,True
9417,IA,GREENE,19073,Greene County,4,True
9417,IA,GRUNDY,19075,Grundy County,6,True
9417,IA,GUTHRIE,19077,Guthrie County,6,True
9417,IA,HAMILTON,19079,Hamilton County,10,True
9417,IA,HANCOCK,19081,Hancock County,6,True
9417,IA,HARDIN,19083,Hardin County,15,True
9417,IA,HENRY,19087,Henry County,7,True
9417,IA,HOWARD,19089,Howard County,9,True
9417,IA,IOWA,19095,Iowa County,13,True
9417,IA,JACKSON,19097,Jackson County,16,True
9417,IA,JASPER,19099,Jasper County,47,True
9417,IA,JEFFERSON,19101,Jefferson County,3,True
9417,IA,JOHNSON,19103,Johnson County,48,True
9417,IA,JONES,19105,Jones County,20,True
9417,IA,KEOKUK,19107,Keokuk County,14,True
9417,IA,KOSSUTH,19109,Kossuth County,30,True
9417,IA,LEE,19111,Lee County,20,True
9417,IA,LINN,19113,Linn County,36,True
9417,IA,LOUISA,19115,Louisa County,10,True
9417,IA,LUCAS,19117,Lucas County,5,True
9417,IA,LYON,19119,Lyon County,14,True
9417,IA,MADISON,19121,Madison County,30,True
9417,IA,MAHASKA,19123,Mahaska County,10,True
9417,IA,MARION,19125,Marion County,44,True
9417,IA,MARSHALL,19127,Marshall County,14,True
9417,IA,MITCHELL,19131,Mitchell County,3,True
9417,IA,MONROE,19135,Monroe County,11,True
9417,IA,MONTGOMERY,19137,Montgomery County,18,True
9417,IA,MUSCATINE,19139,Muscatine County,22,True
9417,IA,O BRIEN,19141,O'Brien County,27,True
9417,IA,OSCEOLA,19143,Osceola County,8,True
9417,IA,PALO ALTO,19147,Palo Alto County,10,True
9417,IA,POCAHONTAS,19151,Pocahontas County,5,True
9417,IA,POLK,19153,Polk County,68,True
9417,IA,POWESHIEK,19157,Poweshiek County,8,True
9417,IA,RINGGOLD,19159,Ringgold County,7,True
9417,IA,SCOTT,19163,Scott County,54,True
9417,IA,SIOUX,19167,Sioux County,26,True
9417,IA,STORY,19169,Story County,20,True
9417,IA,TAMA,19171,Tama County,18,True
9417,IA,TAYLOR,19173,Taylor County,4,True
9417,IA,UNION,19175,Union County,20,True
9417,IA,VAN BUREN,19177,Van Buren County,28,True
9417,IA,WAPELLO,19179,Wapello County,11,True
9417,IA,WARREN,19181,Warren County,41,True
9417,IA,WASHINGTON,19183,Washington County,17,True
9417,IA,WAYNE,19185,Wayne County,6,True
9417,IA,WEBSTER,19187,Webster County,14,True
9417,IA,WINNEBAGO,19189,Winnebago County,9,True
9417,IA,WINNESHIEK,19191,Winneshiek County,14,True
9417,IA,WORTH,19195,Worth County,10,True
9417,IA,WRIGHT,19197,Wright County,18,True
9425,IA,BUENA VISTA,19021,Buena Vista County,10,True
9425,IA,CHEROKEE,19035,Cherokee County,15,True
9425,IA,CLAY,19041,Clay County,43,True
9425,IA,DICKINSON,19059,Dickinson County,31,True
9425,IA,EMMET,19063,Emmet County,9,True
9425,IA,IDA,19093,Ida County,3,True
9425,IA,KOSSUTH,19109,Kossuth County,30,True
9425,IA,O BRIEN,19141,O'Brien County,27,True
9425,IA,OSCEOLA,19143,Osceola County,8,True
9425,IA,PALO ALTO,19147,Palo Alto County,10,True
9425,IA,PLYMOUTH,19149,Plymouth County,30,True
9425,IA,POCAHONTAS,19151,Pocahontas County,5,True
9425,IA,SAC,19161,Sac County,4,True
9475,MN,BECKER,27005,Becker County,8,True
9475,MN,CASS,27021,Cass County,23,True
9475,MN,CLEARWATER,27029,Clearwater County,0,False
9475,MN,HUBBARD,27057,Hubbard County,13,True
9475,MN,WADENA,27159,Wadena County,11,True
9575,KY,BREATHITT,21025,Breathitt County,7,True
9575,KY,CLAY,21051,Clay County,19,True
9575,KY,ESTILL,21065,Estill County,18,True
9575,KY,GARRARD,21079,Garrard County,3,True
9575,KY,JACKSON,21109,Jackson County,4,True
9575,KY,LAUREL,21125,Laurel County,22,True
9575,KY,LEE,21129,Lee County,2,True
9575,KY,LESLIE,21131,Leslie County,6,True
9575,KY,LINCOLN,21137,Lincoln County,9,True
9575,KY,MADISON,21151,Madison County,6,True
9575,KY,OWSLEY,21189,Owsley County,1,True
9575,KY,POWELL,21197,Powell County,14,True
9575,KY,PULASKI,21199,Pulaski County,15,True
9575,KY,ROCKCASTLE,21203,Rockcastle County,12,True
9575,KY,WOLFE,21237,Wolfe County,7,True
9576,IN,BARTHOLOMEW,18005,Bartholomew County,2,True
9576,IN,BROWN,18013,Brown County,4,True
9576,IN,CLARK,18019,Clark County,11,True
9576,IN,JACKSON,18071,Jackson County,1,True
9576,IN,JEFFERSON,18077,Jefferson County,6,True
9576,IN,JENNINGS,18079,Jennings County,3,True
9576,IN,LAWRENCE,18093,Lawrence County,4,True
9576,IN,MONROE,18105,Monroe County,10,True
9576,IN,SCOTT,18143,Scott County,5,True
9576,IN,WASHINGTON,18175,Washington County,5,True
9601,GA,BANKS,13011,Banks County,12,True
9601,GA,BARROW,13013,Barrow County,0,False
9601,GA,CLARKE,13059,Clarke County,1,True
9601,GA,FRANKLIN,13119,Franklin County,2,True
9601,GA,GWINNETT,13135,Gwinnett County,24,True
9601,GA,HALL,13139,Hall County,25,True
9601,GA,JACKSON,13157,Jackson County,7,True
9601,GA,LUMPKIN,13187,Lumpkin County,12,True
9601,GA,MADISON,13195,Madison County,2,True
9601,GA,OCONEE,13219,Oconee County,1,True
9601,GA,OGLETHORPE,13221,Oglethorpe County,4,True
9601,GA,WHITE,13311,White County,5,True
9605,KY,BALLARD,21007,Ballard County,11,True
9605,KY,CARLISLE,21039,Carlisle County,9,True
9605,KY,GRAVES,21083,Graves County,9,True
9605,KY,LIVINGSTON,21139,Livingston County,4,True
9605,KY,MARSHALL,21157,Marshall County,7,True
9605,KY,MCCRACKEN,21145,McCracken County,13,True
9612,TN,MADISON,47113,Madison County,13,True
9613,IN,BOONE,18011,Boone County,6,True
9645,NY,CHAUTAUQUA,36013,Chautauqua County,10,True
9665,IN,JASPER,18073,Jasper County,13,True
9665,IN,NEWTON,18111,Newton County,1,True
9665,IN,PORTER,18127,Porter County,22,True
9665,IN,PULASKI,18131,Pulaski County,1,True
9665,IN,STARKE,18149,Starke County,0,False
9665,IN,WHITE,18181,White County,0,False
9667,IN,DUBOIS,18037,Dubois County,16,True
9668,TX,ANGELINA,48005,Angelina County,24,True
9668,TX,JASPER,48241,Jasper County,25,True
9668,TX,NEWTON,48351,Newton County,15,True
9668,TX,ORANGE,48361,Orange County,10,True
9668,TX,SABINE,48403,Sabine County,10,True
9682,LA,ALLEN,22003,Allen Parish,11,True
9682,LA,CALCASIEU,22019,Calcasieu Parish,47,True
9682,LA,CAMERON,22023,Cameron Parish,16,True
9682,LA,JEFFERSON DAVIS,22053,Jefferson Davis Parish,13,True
9682,LA,VERMILION,22113,Vermilion Parish,7,True
9689,GA,BURKE,13033,Burke County,21,True
9689,GA,COLUMBIA,13073,Columbia County,20,True
9689,GA,EMANUEL,13107,Emanuel County,1,True
9689,GA,GLASCOCK,13125,Glascock County,0,False
9689,GA,JEFFERSON,13163,Jefferson County,1,True
9689,GA,JENKINS,13165,Jenkins County,5,True
9689,GA,JOHNSON,13167,Johnson County,9,True
9689,GA,MCDUFFIE,13189,McDuffie County,4,True
9689,GA,RICHMOND,13245,Richmond County,9,True
9689,GA,WARREN,13301,Warren County,0,False
9689,GA,WASHINGTON,13303,Washington County,3,True
9699,NM,MCKINLEY,35031,McKinley County,4,True
9699,NM,RIO ARRIBA,35039,Rio Arriba County,5,True
9699,NM,SAN JUAN,35045,San Juan County,15,True
9699,NM,SANDOVAL,35043,Sandoval County,9,True
9699,NM,SANTA FE,35049,Santa Fe County,11,True
9726,NJ,BURLINGTON,34005,Burlington County,41,True
9726,NJ,ESSEX,34013,Essex County,16,True
9726,NJ,HUNTERDON,34019,Hunterdon County,23,True
9726,NJ,MERCER,34021,Mercer County,7,True
9726,NJ,MIDDLESEX,34023,Middlesex County,14,True
9726,NJ,MONMOUTH,34025,Monmouth County,26,True
9726,NJ,MORRIS,34027,Morris County,19,True
9726,NJ,OCEAN,34029,Ocean County,16,True
9726,NJ,PASSAIC,34031,Passaic County,14,True
9726,NJ,SOMERSET,34035,Somerset County,26,True
9726,NJ,SUSSEX,34037,Sussex County,28,True
9726,NJ,UNION,34039,Union County,16,True
9726,NJ,WARREN,34041,Warren County,23,True
9739,AL,LAWRENCE,01079,Lawrence County,12,True
9739,AL,MORGAN,01103,Morgan County,60,True
9750,IL,CARROLL,17015,Carroll County,12,True
9750,IL,HENRY,17073,Henry County,48,True
9750,IL,JO DAVIESS,17085,Jo Daviess County,27,True
9750,IL,WHITESIDE,17195,Whiteside County,21,True
9777,TN,CARTER,47019,Carter County,2,True
9777,TN,GREENE,47059,Greene County,9,True
9777,TN,SULLIVAN,47163,Sullivan County,6,True
9777,TN,WASHINGTON,47179,Washington County,6,True
9778,IN,BROWN,18013,Brown County,4,True
9778,IN,JOHNSON,18081,Johnson County,3,True
9778,IN,MORGAN,18109,Morgan County,5,True
9778,IN,SHELBY,18145,Shelby County,6,True
9837,NC,CRAVEN,37049,Craven County,13,True
9837,NC,DUPLIN,37061,Duplin County,19,True
9837,NC,JONES,37103,Jones County,9,True
9837,NC,LENOIR,37107,Lenoir County,12,True
9837,NC,ONSLOW,37133,Onslow County,23,True
9837,NC,PENDER,37141,Pender County,14,True
9964,KY,BRECKINRIDGE,21027,Breckinridge County,21,True
9964,KY,CALDWELL,21033,Caldwell County,4,True
9964,KY,CRITTENDEN,21055,Crittenden County,0,False
9964,KY,DAVIESS,21059,Daviess County,22,True
9964,KY,HANCOCK,21091,Hancock County,7,True
9964,KY,HENDERSON,21101,Henderson County,21,True
9964,KY,HOPKINS,21107,Hopkins County,12,True
9964,KY,LIVINGSTON,21139,Livingston County,4,True
9964,KY,LYON,21143,Lyon County,4,True
9964,KY,MCLEAN,21149,McLean County,7,True
9964,KY,MUHLENBERG,21177,Muhlenberg County,17,True
9964,KY,OHIO,21183,Ohio County,5,True
9964,KY,UNION,21225,Union County,19,True
9964,KY,WEBSTER,21233,Webster County,3,True
9996,KS,WYANDOTTE,20209,Wyandotte County,30,True
10000,KS,ANDERSON,20003,Anderson County,10,True
10000,KS,BOURBON,20011,Bourbon County,9,True
10000,KS,COFFEY,20031,Coffey County,6,True
10000,KS,DOUGLAS,20045,Douglas County,24,True
10000,KS,FRANKLIN,20059,Franklin County,10,True
10000,KS,JOHNSON,20091,Johnson County,56,True
10000,KS,LEAVENWORTH,20103,Leavenworth County,18,True
10000,KS,LINN,20107,Linn County,6,True
10000,KS,MIAMI,20121,Miami County,12,True
10000,KS,OSAGE,20139,Osage County,14,True
10000,KS,WYANDOTTE,20209,Wyandotte County,30,True
10000,MO,BATES,29013,Bates County,14,True
10000,MO,CARROLL,29033,Carroll County,0,False
10000,MO,CASS,29037,Cass County,32,True
10000,MO,CHARITON,29041,Chariton County,1,True
10000,MO,CLAY,29047,Clay County,29,True
10000,MO,HOWARD,29089,Howard County,2,True
10000,MO,JACKSON,29095,Jackson County,74,True
10000,MO,JOHNSON,29101,Johnson County,10,True
10000,MO,LAFAYETTE,29107,Lafayette County,18,True
10000,MO,LIVINGSTON,29117,Livingston County,4,True
10000,MO,PETTIS,29159,Pettis County,10,True
10000,MO,PLATTE,29165,Platte County,19,True
10000,MO,RANDOLPH,29175,Randolph County,3,True
10000,MO,SALINE,29195,Saline County,2,True
10005,KS,ALLEN,20001,Allen County,9,True
10005,KS,ANDERSON,20003,Anderson County,10,True
10005,KS,BOURBON,20011,Bourbon County,9,True
10005,KS,BUTLER,20015,Butler County,51,True
10005,KS,CHAUTAUQUA,20019,Chautauqua County,15,True
10005,KS,CHEROKEE,20021,Cherokee County,18,True
10005,KS,COFFEY,20031,Coffey County,6,True
10005,KS,COWLEY,20035,Cowley County,39,True
10005,KS,CRAWFORD,20037,Crawford County,10,True
10005,KS,ELK,20049,Elk County,18,True
10005,KS,GREENWOOD,20073,Greenwood County,14,True
10005,KS,HARVEY,20079,Harvey County,27,True
10005,KS,KINGMAN,20095,Kingman County,17,True
10005,KS,LABETTE,20099,Labette County,13,True
10005,KS,LINN,20107,Linn County,6,True
10005,KS,MARION,20115,Marion County,32,True
10005,KS,MCPHERSON,20113,McPherson County,40,True
10005,KS,MONTGOMERY,20125,Montgomery County,38,True
10005,KS,NEOSHO,20133,Neosho County,9,True
10005,KS,RENO,20155,Reno County,18,True
10005,KS,SEDGWICK,20173,Sedgwick County,72,True
10005,KS,SUMNER,20191,Sumner County,13,True
10005,KS,WILSON,20205,Wilson County,26,True
10005,KS,WOODSON,20207,Woodson County,8,True
10009,TX,ATASCOSA,48013,Atascosa County,8,True
10009,TX,BEE,48025,Bee County,3,True
10009,TX,BEXAR,48029,Bexar County,51,True
10009,TX,DEWITT,48123,DeWitt County,0,False
10009,TX,FRIO,48163,Frio County,5,True
10009,TX,GOLIAD,48175,Goliad County,2,True
10009,TX,KARNES,48255,Karnes County,2,True
10009,TX,LA SALLE,48283,La Salle County,5,True
10009,TX,LIVE OAK,48297,Live Oak County,2,True
10009,TX,MCMULLEN,48311,McMullen County,1,True
10009,TX,MEDINA,48325,Medina County,9,True
10009,TX,WILSON,48493,Wilson County,7,True
10019,KS,ATCHISON,20005,Atchison County,9,True
10019,KS,DOUGLAS,20045,Douglas County,24,True
10019,KS,JACKSON,20085,Jackson County,7,True
10019,KS,JEFFERSON,20087,Jefferson County,29,True
10019,KS,LEAVENWORTH,20103,Leavenworth County,18,True
10019,KS,OSAGE,20139,Osage County,14,True
10019,KS,POTTAWATOMIE,20149,Pottawatomie County,40,True
10019,KS,SHAWNEE,20177,Shawnee County,63,True
10019,KS,WABAUNSEE,20197,Wabaunsee County,17,True
10056,WI,OUTAGAMIE,55087,Outagamie County,10,True
10071,HI,KAUAI,15007,Kauai County,8,True
10170,OK,ATOKA,40005,Atoka County,8,True
10170,OK,LATIMER,40077,Latimer County,2,True
10170,OK,LE FLORE,40079,Le Flore County,14,True
10170,OK,PITTSBURG,40121,Pittsburg County,23,True
10170,OK,PUSHMATAHA,40127,Pushmataha County,3,True
10171,KY,ADAIR,21001,Adair County,10,True
10171,KY,ANDERSON,21005,Anderson County,6,True
10171,KY,BALLARD,21007,Ballard County,11,True
10171,KY,BARREN,21009,Barren County,12,True
10171,KY,BATH,21011,Bath County,38,True
10171,KY,BELL,21013,Bell County,25,True
10171,KY,BOURBON,21017,Bourbon County,2,True
10171,KY,BOYLE,21021,Boyle County,4,True
10171,KY,BRACKEN,21023,Bracken County,1,True
10171,KY,BULLITT,21029,Bullitt County,5,True
10171,KY,CALDWELL,21033,Caldwell County,4,True
10171,KY,CAMPBELL,21037,Campbell County,8,True
10171,KY,CARLISLE,21039,Carlisle County,9,True
10171,KY,CARROLL,21041,Carroll County,9,True
10171,KY,CASEY,21045,Casey County,5,True
10171,KY,CHRISTIAN,21047,Christian County,15,True
10171,KY,CLARK,21049,Clark County,9,True
10171,KY,CLAY,21051,Clay County,19,True
10171,KY,CRITTENDEN,21055,Crittenden County,0,False
10171,KY,DAVIESS,21059,Daviess County,22,True
10171,KY,EDMONSON,21061,Edmonson County,2,True
10171,KY,ESTILL,21065,Estill County,18,True
10171,KY,FAYETTE,21067,Fayette County,13,True
10171,KY,FLEMING,21069,Fleming County,14,True
10171,KY,FRANKLIN,21073,Franklin County,3,True
10171,KY,FULTON,21075,Fulton County,9,True
10171,KY,GALLATIN,21077,Gallatin County,4,True
10171,KY,GARRARD,21079,Garrard County,3,True
10171,KY,GRANT,21081,Grant County,5,True
10171,KY,GRAYSON,21085,Grayson County,9,True
10171,KY,GREEN,21087,Green County,6,True
10171,KY,HARDIN,21093,Hardin County,17,True
10171,KY,HARLAN,21095,Harlan County,8,True
10171,KY,HARRISON,21097,Harrison County,3,True
10171,KY,HART,21099,Hart County,9,True
10171,KY,HENDERSON,21101,Henderson County,21,True
10171,KY,HENRY,21103,Henry County,4,True
10171,KY,HICKMAN,21105,Hickman County,3,True
10171,KY,HOPKINS,21107,Hopkins County,12,True
10171,KY,JESSAMINE,21113,Jessamine County,4,True
10171,KY,KNOX,21121,Knox County,11,True
10171,KY,LARUE,21123,Larue County,11,True
10171,KY,LAUREL,21125,Laurel County,22,True
10171,KY,LEE,21129,Lee County,2,True
10171,KY,LINCOLN,21137,Lincoln County,9,True
10171,KY,LIVINGSTON,21139,Livingston County,4,True
10171,KY,LYON,21143,Lyon County,4,True
10171,KY,MADISON,21151,Madison County,6,True
10171,KY,MARION,21155,Marion County,2,True
10171,KY,MASON,21161,Mason County,5,True
10171,KY,MCCRACKEN,21145,McCracken County,13,True
10171,KY,MCCREARY,21147,McCreary County,7,True
10171,KY,MCLEAN,21149,McLean County,7,True
10171,KY,MERCER,21167,Mercer County,4,True
10171,KY,MONTGOMERY,21173,Montgomery County,7,True
10171,KY,MUHLENBERG,21177,Muhlenberg County,17,True
10171,KY,NELSON,21179,Nelson County,17,True
10171,KY,NICHOLAS,21181,Nicholas County,2,True
10171,KY,OHIO,21183,Ohio County,5,True
10171,KY,OLDHAM,21185,Oldham County,15,True
10171,KY,OWEN,21187,Owen County,9,True
10171,KY,PENDLETON,21191,Pendleton County,4,True
10171,KY,PULASKI,21199,Pulaski County,15,True
10171,KY,ROBERTSON,21201,Robertson County,0,False
10171,KY,ROCKCASTLE,21203,Rockcastle County,12,True
10171,KY,ROWAN,21205,Rowan County,21,True
10171,KY,RUSSELL,21207,Russell County,3,True
10171,KY,SCOTT,21209,Scott County,6,True
10171,KY,SHELBY,21211,Shelby County,3,True
10171,KY,SPENCER,21215,Spencer County,2,True
10171,KY,TAYLOR,21217,Taylor County,10,True
10171,KY,TRIMBLE,21223,Trimble County,8,True
10171,KY,UNION,21225,Union County,19,True
10171,KY,WASHINGTON,21229,Washington County,6,True
10171,KY,WEBSTER,21233,Webster County,3,True
10171,KY,WHITLEY,21235,Whitley County,31,True
10171,KY,WOODFORD,21239,Woodford County,4,True
10171,VA,DICKENSON,51051,Dickenson County,5,True
10171,VA,LEE,51105,Lee County,8,True
10171,VA,NORTON,51720,Norton city,1,True
10171,VA,RUSSELL,51167,Russell County,3,True
10171,VA,SCOTT,51169,Scott County,2,True
10171,VA,WISE,51195,Wise County,4,True
10210,AK,KETCHIKAN GATEWAY,02130,Ketchikan Gateway Borough,0,False
10226,FL,MONROE,12087,Monroe County,7,True
10331,TN,HAWKINS,47073,Hawkins County,6,True
10331,TN,SULLIVAN,47163,Sullivan County,6,True
10331,TN,WASHINGTON,47179,Washington County,6,True
10345,NC,LENOIR,37107,Lenoir County,12,True
10376,FL,OSCEOLA,12097,Osceola County,8,True
10378,NM,COLFAX,35007,Colfax County,9,True
10378,NM,RIO ARRIBA,35039,Rio Arriba County,5,True
10378,NM,TAOS,35055,Taos County,0,False
10393,WA,BENTON,53005,Benton County,0,False
10393,WA,KLICKITAT,53039,Klickitat County,3,True
10393,WA,SKAMANIA,53059,Skamania County,0,False
10393,WA,YAKIMA,53077,Yakima County,0,False
10421,TN,ANDERSON,47001,Anderson County,3,True
10421,TN,BLOUNT,47009,Blount County,18,True
10421,TN,GRAINGER,47057,Grainger County,6,True
10421,TN,JEFFERSON,47089,Jefferson County,11,True
10421,TN,KNOX,47093,Knox County,34,True
10421,TN,SEVIER,47155,Sevier County,23,True
10421,TN,UNION,47173,Union County,4,True
10448,IN,FULTON,18049,Fulton County,2,True
10448,IN,KOSCIUSKO,18085,Kosciusko County,7,True
10448,IN,WABASH,18169,Wabash County,6,True
10448,IN,WHITLEY,18183,Whitley County,7,True
10454,ID,BENEWAH,16009,Benewah County,2,True
10454,ID,BONNER,16017,Bonner County,3,True
10454,ID,KOOTENAI,16055,Kootenai County,2,True
10454,WA,SPOKANE,53063,Spokane County,19,True
10539,CO,ARCHULETA,08007,Archuleta County,1,True
10539,CO,HINSDALE,08053,Hinsdale County,1,True
10539,CO,LA PLATA,08067,La Plata County,9,True
10539,CO,MINERAL,08079,Mineral County,1,True
10539,CO,SAN JUAN,08111,San Juan County,1,True
10579,TN,CAMPBELL,47013,Campbell County,4,True
10579,TN,CLAIBORNE,47025,Claiborne County,7,True
10579,TN,UNION,47173,Union County,4,True
10599,OK,ADAIR,40001,Adair County,7,True
10599,OK,CHEROKEE,40021,Cherokee County,21,True
10599,OK,DELAWARE,40041,Delaware County,15,True
10599,OK,MAYES,40097,Mayes County,13,True
10599,OK,MUSKOGEE,40101,Muskogee County,28,True
10599,OK,ROGERS,40131,Rogers County,34,True
10599,OK,WAGONER,40145,Wagoner County,16,True
10603,MO,CAMDEN,29029,Camden County,25,True
10603,MO,DALLAS,29059,Dallas County,25,True
10603,MO,LACLEDE,29105,Laclede County,17,True
10603,MO,PULASKI,29169,Pulaski County,29,True
10603,MO,WEBSTER,29225,Webster County,45,True
10603,MO,WRIGHT,29229,Wright County,45,True
10618,MN,BECKER,27005,Becker County,8,True
10618,MN,CLAY,27027,Clay County,8,True
10618,MN,DOUGLAS,27041,Douglas County,9,True
10618,MN,GRANT,27051,Grant County,3,True
10618,MN,OTTER TAIL,27111,Otter Tail County,22,True
10618,MN,TODD,27153,Todd County,18,True
10618,MN,WADENA,27159,Wadena County,11,True
10618,MN,WILKIN,27167,Wilkin County,3,True
10620,FL,PALM BEACH,12099,Palm Beach County,20,True
10623,FL,POLK,12105,Polk County,6,True
10624,GA,BIBB,13021,Bibb County,2,True
10624,GA,COWETA,13077,Coweta County,19,True
10624,GA,CRAWFORD,13079,Crawford County,6,True
10624,GA,LAMAR,13171,Lamar County,2,True
10624,GA,MERIWETHER,13199,Meriwether County,6,True
10624,GA,MONROE,13207,Monroe County,4,True
10624,GA,PIKE,13231,Pike County,15,True
10624,GA,SPALDING,13255,Spalding County,22,True
10624,GA,UPSON,13293,Upson County,1,True
10625,TX,BAILEY,48017,Bailey County,7,True
10625,TX,CASTRO,48069,Castro County,7,True
10625,TX,COCHRAN,48079,Cochran County,7,True
10625,TX,HALE,48189,Hale County,8,True
10625,TX,HOCKLEY,48219,Hockley County,15,True
10625,TX,LAMB,48279,Lamb County,6,True
10649,TX,DELTA,48119,Delta County,4,True
10649,TX,FANNIN,48147,Fannin County,21,True
10649,TX,LAMAR,48277,Lamar County,10,True
10649,TX,RED RIVER,48387,Red River County,9,True
10668,OH,ASHLAND,39005,Ashland County,4,True
10668,OH,COSHOCTON,39031,Coshocton County,32,True
10668,OH,DELAWARE,39041,Delaware County,10,True
10668,OH,FRANKLIN,39049,Franklin County,48,True
10668,OH,KNOX,39083,Knox County,7,True
10668,OH,LICKING,39089,Licking County,25,True
10668,OH,MUSKINGUM,39119,Muskingum County,41,True
10668,OH,PERRY,39127,Perry County,19,True
10668,OH,RICHLAND,39139,Richland County,3,True
10681,OR,LANE,41039,Lane County,2,True
10704,MI,CLINTON,26037,Clinton County,1,True
10704,MI,EATON,26045,Eaton County,4,True
10704,MI,INGHAM,26065,Ingham County,6,True
10768,SC,ABBEVILLE,45001,Abbeville County,2,True
10768,SC,ANDERSON,45007,Anderson County,12,True
10768,SC,GREENVILLE,45045,Greenville County,22,True
10768,SC,LAURENS,45059,Laurens County,12,True
10768,SC,NEWBERRY,45071,Newberry County,30,True
10768,SC,SPARTANBURG,45083,Spartanburg County,28,True
10768,SC,UNION,45087,Union County,13,True
10817,NM,CHAVES,35005,Chaves County,30,True
10817,NM,EDDY,35015,Eddy County,12,True
10817,NM,LEA,35025,Lea County,24,True
10817,TX,COCHRAN,48079,Cochran County,7,True
10817,TX,GAINES,48165,Gaines County,23,True
10817,TX,YOAKUM,48501,Yoakum County,5,True
10857,FL,BROWARD,12011,Broward County,34,True
10857,FL,CHARLOTTE,12015,Charlotte County,7,True
10857,FL,COLLIER,12021,Collier County,19,True
10857,FL,HENDRY,12051,Hendry County,8,True
10857,FL,LEE,12071,Lee County,10,True
10857,FL,MONROE,12087,Monroe County,7,True
10868,FL,LAKE,12069,Lake County,7,True
10868,FL,SUMTER,12119,Sumter County,2,True
10879,UT,UTAH,49049,Utah County,22,True
10944,WA,COWLITZ,53015,Cowlitz County,1,True
10944,WA,GRAYS HARBOR,53027,Grays Harbor County,1,True
10944,WA,LEWIS,53041,Lewis County,0,False
10944,WA,PACIFIC,53049,Pacific County,0,False
10944,WA,PIERCE,53053,Pierce County,0,False
10944,WA,THURSTON,53067,Thurston County,0,False
10960,TN,MARSHALL,47117,Marshall County,16,True
10966,NC,DAVIDSON,37057,Davidson County,10,True
11011,KY,BREATHITT,21025,Breathitt County,7,True
11011,KY,ELLIOTT,21063,Elliott County,3,True
11011,KY,LEE,21129,Lee County,2,True
11011,KY,MAGOFFIN,21153,Magoffin County,7,True
11011,KY,MENIFEE,21165,Menifee County,7,True
11011,KY,MORGAN,21175,Morgan County,10,True
11011,KY,WOLFE,21237,Wolfe County,7,True
11018,NE,LANCASTER,31109,Lancaster County,31,True
11053,IA,BENTON,19011,Benton County,12,True
11053,IA,CEDAR,19031,Cedar County,24,True
11053,IA,IOWA,19095,Iowa County,13,True
11053,IA,JOHNSON,19103,Johnson County,48,True
11053,IA,JONES,19105,Jones County,20,True
11053,IA,LINN,19113,Linn County,36,True
11124,CA,SAN JOAQUIN,06077,San Joaquin County,5,True
11135,UT,CACHE,49005,Cache County,10,True
11171,NY,NASSAU,36059,Nassau County,15,True
11171,NY,QUEENS,36081,Queens County,4,True
11171,NY,SUFFOLK,36103,Suffolk County,47,True
11187,CO,BOULDER,08013,Boulder County,8,True
11187,CO,WELD,08123,Weld County,58,True
11200,OH,ASHLAND,39005,Ashland County,4,True
11200,OH,ERIE,39043,Erie County,2,True
11200,OH,HURON,39077,Huron County,11,True
11200,OH,LORAIN,39093,Lorain County,24,True
11200,OH,MEDINA,39103,Medina County,6,True
11200,OH,WAYNE,39169,Wayne County,12,True
11204,NM,LOS ALAMOS,35028,Los Alamos County,5,True
11208,CA,INYO,06027,Inyo County,6,True
11208,CA,LOS ANGELES,06037,Los Angeles County,49,True
11249,KY,BULLITT,21029,Bullitt County,5,True
11249,KY,HARDIN,21093,Hardin County,17,True
11249,KY,HENRY,21103,Henry County,4,True
11249,KY,JEFFERSON,21111,Jefferson County,28,True
11249,KY,MEADE,21163,Meade County,15,True
11249,KY,OLDHAM,21185,Oldham County,15,True
11249,KY,SHELBY,21211,Shelby County,3,True
11249,KY,SPENCER,21215,Spencer County,2,True
11249,KY,TRIMBLE,21223,Trimble County,8,True
11251,NE,BOONE,31011,Boone County,8,True
11251,NE,COLFAX,31037,Colfax County,14,True
11251,NE,MADISON,31119,Madison County,12,True
11251,NE,NANCE,31125,Nance County,9,True
11251,NE,PLATTE,31141,Platte County,18,True
11256,CO,LARIMER,08069,Larimer County,14,True
11272,MT,DAWSON,30021,Dawson County,23,True
11272,MT,RICHLAND,30083,Richland County,9,True
11272,MT,ROOSEVELT,30085,Roosevelt County,22,True
11272,ND,MCKENZIE,38053,McKenzie County,12,True
11272,ND,WILLIAMS,38105,Williams County,10,True
11291,NC,CUMBERLAND,37051,Cumberland County,22,True
11291,NC,HOKE,37093,Hoke County,6,True
11291,NC,MOORE,37125,Moore County,13,True
11291,NC,ROBESON,37155,Robeson County,35,True
11291,NC,SCOTLAND,37165,Scotland County,15,True
11318,NC,ROBESON,37155,Robeson County,35,True
11355,SC,CHESTERFIELD,45025,Chesterfield County,28,True
11355,SC,KERSHAW,45055,Kershaw County,23,True
11355,SC,LANCASTER,45057,Lancaster County,34,True
11364,TX,ANDREWS,48003,Andrews County,4,True
11364,TX,BORDEN,48033,Borden County,8,True
11364,TX,DAWSON,48115,Dawson County,4,True
11364,TX,GAINES,48165,Gaines County,23,True
11364,TX,GARZA,48169,Garza County,11,True
11364,TX,HOCKLEY,48219,Hockley County,15,True
11364,TX,HOWARD,48227,Howard County,8,True
11364,TX,LUBBOCK,48303,Lubbock County,28,True
11364,TX,LYNN,48305,Lynn County,12,True
11364,TX,MARTIN,48317,Martin County,2,True
11364,TX,TERRY,48445,Terry County,10,True
11364,TX,YOAKUM,48501,Yoakum County,5,True
11463,MO,ADAIR,29001,Adair County,1,True
11463,MO,CHARITON,29041,Chariton County,1,True
11463,MO,KNOX,29103,Knox County,4,True
11463,MO,LINN,29115,Linn County,5,True
11463,MO,MACON,29121,Macon County,7,True
11463,MO,MONROE,29137,Monroe County,5,True
11463,MO,RANDOLPH,29175,Randolph County,3,True
11463,MO,SHELBY,29205,Shelby County,4,True
11463,MO,SULLIVAN,29211,Sullivan County,4,True
11479,WI,DANE,55025,Dane County,60,True
11501,TX,BROOKS,48047,Brooks County,0,False
11501,TX,CAMERON,48061,Cameron County,14,True
11501,TX,HIDALGO,48215,Hidalgo County,16,True
11501,TX,KENEDY,48261,Kenedy County,0,False
11501,TX,STARR,48427,Starr County,3,True
11501,TX,WILLACY,48489,Willacy County,2,True
11519,MS,AMITE,28005,Amite County,14,True
11519,MS,FRANKLIN,28037,Franklin County,6,True
11519,MS,LAWRENCE,28077,Lawrence County,10,True
11519,MS,LINCOLN,28085,Lincoln County,15,True
11519,MS,PIKE,28113,Pike County,11,True
11519,MS,WALTHALL,28147,Walthall County,1,True
11560,VA,MANASSAS,51683,Manassas city,0,False
11571,WI,MANITOWOC,55071,Manitowoc County,5,True
11586,MA,BRISTOL,25005,Bristol County,28,True
11646,GA,COBB,13067,Cobb County,4,True
11701,MI,MARQUETTE,26103,Marquette County,19,True
11731,MN,LYON,27083,Lyon County,10,True
11740,WI,CLARK,55019,Clark County,16,True
11740,WI,MARATHON,55073,Marathon County,19,True
11740,WI,WOOD,55141,Wood County,12,True
11788,IA,JASPER,19099,Jasper County,47,True
11788,IA,MARSHALL,19127,Marshall County,14,True
11788,IA,POLK,19153,Polk County,68,True
11788,IA,STORY,19169,Story County,20,True
11788,IA,TAMA,19171,Tama County,18,True
11789,TN,BLOUNT,47009,Blount County,18,True
11804,MA,BARNSTABLE,25001,Barnstable County,4,True
11804,MA,BERKSHIRE,25003,Berkshire County,22,True
11804,MA,BRISTOL,25005,Bristol County,28,True
11804,MA,ESSEX,25009,Essex County,4,True
11804,MA,FRANKLIN,25011,Franklin County,27,True
11804,MA,HAMPDEN,25013,Hampden County,14,True
11804,MA,HAMPSHIRE,25015,Hampshire County,31,True
11804,MA,MIDDLESEX,25017,Middlesex County,24,True
11804,MA,NORFOLK,25021,Norfolk County,5,True
11804,MA,PLYMOUTH,25023,Plymouth County,9,True
11804,MA,SUFFOLK,25025,Suffolk County,3,True
11804,MA,WORCESTER,25027,Worcester County,20,True
11824,AK,ANCHORAGE,02020,Anchorage Municipality,0,False
11824,AK,MATANUSKA SUSITNA,02170,Matanuska-Susitna Borough,0,False
11843,HI,KALAWAO,15005,Kalawao County,0,False
11843,HI,MAUI,15009,Maui County,4,True
12087,MT,RICHLAND,30083,Richland County,9,True
12087,MT,WIBAUX,30109,Wibaux County,0,False
12087,ND,BILLINGS,38007,Billings County,3,True
12087,ND,DUNN,38025,Dunn County,7,True
12087,ND,GOLDEN VALLEY,38033,Golden Valley County,6,True
12087,ND,MCKENZIE,38053,McKenzie County,12,True
12087,ND,MERCER,38057,Mercer County,11,True
12186,TN,WARREN,47177,Warren County,5,True
12187,OR,YAMHILL,41071,Yamhill County,1,True
12199,MT,CUSTER,30017,Custer County,20,True
12199,MT,DANIELS,30019,Daniels County,6,True
12199,MT,DAWSON,30021,Dawson County,23,True
12199,MT,FALLON,30025,Fallon County,12,True
12199,MT,MCCONE,30055,McCone County,23,True
12199,MT,PRAIRIE,30079,Prairie County,4,True
12199,MT,RICHLAND,30083,Richland County,9,True
12199,MT,ROOSEVELT,30085,Roosevelt County,22,True
12199,MT,ROSEBUD,30087,Rosebud County,12,True
12199,MT,SHERIDAN,30091,Sheridan County,8,True
12199,MT,WIBAUX,30109,Wibaux County,0,False
12199,ND,ADAMS,38001,Adams County,11,True
12199,ND,BILLINGS,38007,Billings County,3,True
12199,ND,BOTTINEAU,38009,Bottineau County,10,True
12199,ND,BOWMAN,38011,Bowman County,3,True
12199,ND,BURKE,38013,Burke County,9,True
12199,ND,BURLEIGH,38015,Burleigh County,23,True
12199,ND,DICKEY,38021,Dickey County,3,True
12199,ND,DIVIDE,38023,Divide County,1,True
12199,ND,DUNN,38025,Dunn County,7,True
12199,ND,EMMONS,38029,Emmons County,10,True
12199,ND,GOLDEN VALLEY,38033,Golden Valley County,6,True
12199,ND,GRANT,38037,Grant County,6,True
12199,ND,HETTINGER,38041,Hettinger County,7,True
12199,ND,KIDDER,38043,Kidder County,3,True
12199,ND,LAMOURE,38045,LaMoure County,11,True
12199,ND,LOGAN,38047,Logan County,4,True
12199,ND,MCINTOSH,38051,McIntosh County,6,True
12199,ND,MCKENZIE,38053,McKenzie County,12,True
12199,ND,MERCER,38057,Mercer County,11,True
12199,ND,MORTON,38059,Morton County,12,True
12199,ND,MOUNTRAIL,38061,Mountrail County,17,True
12199,ND,OLIVER,38065,Oliver County,4,True
12199,ND,RENVILLE,38075,Renville County,10,True
12199,ND,RICHLAND,38077,Richland County,13,True
12199,ND,SIOUX,38085,Sioux County,11,True
12199,ND,SLOPE,38087,Slope County,7,True
12199,ND,STARK,38089,Stark County,10,True
12199,ND,WARD,38101,Ward County,18,True
12199,ND,WILLIAMS,38105,Williams County,10,True
12199,SD,BROWN,46013,Brown County,21,True
12199,SD,CAMPBELL,46021,Campbell County,11,True
12199,SD,CORSON,46031,Corson County,9,True
12199,SD,DAY,46037,Day County,8,True
12199,SD,EDMUNDS,46045,Edmunds County,4,True
12199,SD,FAULK,46049,Faulk County,4,True
12199,SD,GRANT,46051,Grant County,2,True
12199,SD,HARDING,46063,Harding County,26,True
12199,SD,MCPHERSON,46089,McPherson County,7,True
12199,SD,PERKINS,46105,Perkins County,27,True
12199,SD,POTTER,46107,Potter County,13,True
12199,SD,ROBERTS,46109,Roberts County,7,True
12199,SD,WALWORTH,46129,Walworth County,6,True
12199,WY,JOHNSON,56019,Johnson County,4,True
12199,WY,SHERIDAN,56033,Sheridan County,13,True
12208,KS,MCPHERSON,20113,McPherson County,40,True
12227,MN,KANDIYOHI,27067,Kandiyohi County,13,True
12227,MN,MCLEOD,27085,McLeod County,5,True
12227,MN,MEEKER,27093,Meeker County,8,True
12227,MN,RENVILLE,27129,Renville County,12,True
12227,MN,STEARNS,27145,Stearns County,16,True
12227,MN,WRIGHT,27171,Wright County,12,True
12243,KY,BRECKINRIDGE,21027,Breckinridge County,21,True
12243,KY,GRAYSON,21085,Grayson County,9,True
12243,KY,HANCOCK,21091,Hancock County,7,True
12243,KY,HARDIN,21093,Hardin County,17,True
12243,KY,MEADE,21163,Meade County,15,True
12243,KY,OHIO,21183,Ohio County,5,True
12260,NC,GRANVILLE,37077,Granville County,9,True
12260,NC,NORTHAMPTON,37131,Northampton County,2,True
12260,NC,PERSON,37145,Person County,11,True
12260,NC,VANCE,37181,Vance County,7,True
12260,NC,WARREN,37185,Warren County,8,True
12260,VA,BRUNSWICK,51025,Brunswick County,12,True
12260,VA,CHARLOTTE,51037,Charlotte County,16,True
12260,VA,GREENSVILLE,51081,Greensville County,6,True
12260,VA,HALIFAX,51083,Halifax County,49,True
12260,VA,LUNENBURG,51111,Lunenburg County,14,True
12260,VA,MECKLENBURG,51117,Mecklenburg County,28,True
12260,VA,PITTSYLVANIA,51143,Pittsylvania County,47,True
12260,VA,SOUTHAMPTON,51175,Southampton County,10,True
12260,VA,SUSSEX,51183,Sussex County,17,True
12268,TX,ATASCOSA,48013,Atascosa County,8,True
12268,TX,BROOKS,48047,Brooks County,0,False
12268,TX,DIMMIT,48127,Dimmit County,2,True
12268,TX,DUVAL,48131,Duval County,3,True
12268,TX,EDWARDS,48137,Edwards County,3,True
12268,TX,FRIO,48163,Frio County,5,True
12268,TX,JIM HOGG,48247,Jim Hogg County,1,True
12268,TX,KINNEY,48271,Kinney County,2,True
12268,TX,LA SALLE,48283,La Salle County,5,True
12268,TX,MCMULLEN,48311,McMullen County,1,True
12268,TX,MEDINA,48325,Medina County,9,True
12268,TX,REAL,48385,Real County,2,True
12268,TX,STARR,48427,Starr County,3,True
12268,TX,UVALDE,48463,Uvalde County,3,True
12268,TX,WEBB,48479,Webb County,17,True
12268,TX,ZAPATA,48505,Zapata County,3,True
12268,TX,ZAVALA,48507,Zavala County,2,True
12293,TN,SHELBY,47157,Shelby County,21,True
12298,WI,CALUMET,55015,Calumet County,4,True
12298,WI,WINNEBAGO,55139,Winnebago County,3,True
12301,ND,BARNES,38003,Barnes County,5,True
12301,ND,BENSON,38005,Benson County,7,True
12301,ND,CASS,38017,Cass County,8,True
12301,ND,CAVALIER,38019,Cavalier County,2,True
12301,ND,EDDY,38027,Eddy County,1,True
12301,ND,GRAND FORKS,38035,Grand Forks County,12,True
12301,ND,GRIGGS,38039,Griggs County,2,True
12301,ND,NELSON,38063,Nelson County,2,True
12301,ND,PEMBINA,38067,Pembina County,7,True
12301,ND,RAMSEY,38071,Ramsey County,3,True
12301,ND,STEELE,38091,Steele County,3,True
12301,ND,TRAILL,38097,Traill County,5,True
12301,ND,WALSH,38099,Walsh County,0,False
12330,TN,HICKMAN,47081,Hickman County,2,True
12330,TN,HOUSTON,47083,Houston County,6,True
12330,TN,HUMPHREYS,47085,Humphreys County,0,False
12330,TN,LEWIS,47101,Lewis County,7,True
12330,TN,PERRY,47135,Perry County,5,True
12341,IA,ADAIR,19001,Adair County,17,True
12341,IA,ADAMS,19003,Adams County,10,True
12341,IA,AUDUBON,19009,Audubon County,13,True
12341,IA,BLACK HAWK,19013,Black Hawk County,24,True
12341,IA,BREMER,19017,Bremer County,4,True
12341,IA,BUCHANAN,19019,Buchanan County,14,True
12341,IA,BUENA VISTA,19021,Buena Vista County,10,True
12341,IA,BUTLER,19023,Butler County,20,True
12341,IA,CALHOUN,19025,Calhoun County,6,True
12341,IA,CARROLL,19027,Carroll County,10,True
12341,IA,CASS,19029,Cass County,13,True
12341,IA,CERRO GORDO,19033,Cerro Gordo County,15,True
12341,IA,CHEROKEE,19035,Cherokee County,15,True
12341,IA,CHICKASAW,19037,Chickasaw County,5,True
12341,IA,CLINTON,19045,Clinton County,20,True
12341,IA,CRAWFORD,19047,Crawford County,9,True
12341,IA,DALLAS,19049,Dallas County,22,True
12341,IA,FLOYD,19067,Floyd County,9,True
12341,IA,FRANKLIN,19069,Franklin County,4,True
12341,IA,FREMONT,19071,Fremont County,7,True
12341,IA,HAMILTON,19079,Hamilton County,10,True
12341,IA,HARDIN,19083,Hardin County,15,True
12341,IA,HARRISON,19085,Harrison County,25,True
12341,IA,HUMBOLDT,19091,Humboldt County,10,True
12341,IA,IDA,19093,Ida County,3,True
12341,IA,JASPER,19099,Jasper County,47,True
12341,IA,JOHNSON,19103,Johnson County,48,True
12341,IA,KOSSUTH,19109,Kossuth County,30,True
12341,IA,LYON,19119,Lyon County,14,True
12341,IA,MADISON,19121,Madison County,30,True
12341,IA,MAHASKA,19123,Mahaska County,10,True
12341,IA,MARION,19125,Marion County,44,True
12341,IA,MILLS,19129,Mills County,17,True
12341,IA,MONONA,19133,Monona County,13,True
12341,IA,MONROE,19135,Monroe County,11,True
12341,IA,MONTGOMERY,19137,Montgomery County,18,True
12341,IA,MUSCATINE,19139,Muscatine County,22,True
12341,IA,O BRIEN,19141,O'Brien County,27,True
12341,IA,PAGE,19145,Page County,11,True
12341,IA,PALO ALTO,19147,Palo Alto County,10,True
12341,IA,PLYMOUTH,19149,Plymouth County,30,True
12341,IA,POCAHONTAS,19151,Pocahontas County,5,True
12341,IA,POLK,19153,Polk County,68,True
12341,IA,POTTAWATTAMIE,19155,Pottawattamie County,27,True
12341,IA,POWESHIEK,19157,Poweshiek County,8,True
12341,IA,SAC,19161,Sac County,4,True
12341,IA,SCOTT,19163,Scott County,54,True
12341,IA,SHELBY,19165,Shelby County,19,True
12341,IA,SIOUX,19167,Sioux County,26,True
12341,IA,TAYLOR,19173,Taylor County,4,True
12341,IA,WARREN,19181,Warren County,41,True
12341,IA,WASHINGTON,19183,Washington County,17,True
12341,IA,WEBSTER,19187,Webster County,14,True
12341,IA,WOODBURY,19193,Woodbury County,34,True
12341,IA,WRIGHT,19197,Wright County,18,True
12341,IL,HENRY,17073,Henry County,48,True
12341,IL,MERCER,17131,Mercer County,19,True
12341,IL,ROCK ISLAND,17161,Rock Island County,32,True
12341,SD,LINCOLN,46083,Lincoln County,14,True
12341,SD,UNION,46127,Union County,23,True
12351,AZ,MARICOPA,04013,Maricopa County,80,True
12395,IL,CASS,17017,Cass County,1,True
12395,IL,LOGAN,17107,Logan County,24,True
12395,IL,MACON,17115,Macon County,38,True
12395,IL,MASON,17125,Mason County,8,True
12395,IL,MENARD,17129,Menard County,2,True
12395,IL,MORGAN,17137,Morgan County,4,True
12395,IL,SANGAMON,17167,Sangamon County,21,True
12395,IL,TAZEWELL,17179,Tazewell County,35,True
12439,OR,DESCHUTES,41017,Deschutes County,1,True
12439,OR,KLAMATH,41035,Klamath County,0,False
12439,OR,LAKE,41037,Lake County,1,True
12439,OR,LANE,41039,Lane County,2,True
12450,IA,BOONE,19015,Boone County,12,True
12450,IA,CALHOUN,19025,Calhoun County,6,True
12450,IA,DALLAS,19049,Dallas County,22,True
12450,IA,FRANKLIN,19069,Franklin County,4,True
12450,IA,GREENE,19073,Greene County,4,True
12450,IA,GRUNDY,19075,Grundy County,6,True
12450,IA,GUTHRIE,19077,Guthrie County,6,True
12450,IA,HAMILTON,19079,Hamilton County,10,True
12450,IA,HARDIN,19083,Hardin County,15,True
12450,IA,HUMBOLDT,19091,Humboldt County,10,True
12450,IA,KOSSUTH,19109,Kossuth County,30,True
12450,IA,MARSHALL,19127,Marshall County,14,True
12450,IA,POCAHONTAS,19151,Pocahontas County,5,True
12450,IA,POLK,19153,Polk County,68,True
12450,IA,STORY,19169,Story County,20,True
12450,IA,WEBSTER,19187,Webster County,14,True
12450,IA,WRIGHT,19197,Wright County,18,True
12452,TX,BRAZOS,48041,Brazos County,11,True
12452,TX,GRIMES,48185,Grimes County,12,True
12452,TX,MADISON,48313,Madison County,14,True
12452,TX,MONTGOMERY,48339,Montgomery County,17,True
12452,TX,WALKER,48471,Walker County,25,True
12452,TX,WALLER,48473,Waller County,6,True
12462,SC,AIKEN,45003,Aiken County,17,True
12462,SC,LEXINGTON,45063,Lexington County,43,True
12462,SC,NEWBERRY,45071,Newberry County,30,True
12462,SC,RICHLAND,45079,Richland County,94,True
12462,SC,SALUDA,45081,Saluda County,11,True
12470,TN,CANNON,47015,Cannon County,6,True
12470,TN,DEKALB,47041,DeKalb County,3,True
12470,TN,MAURY,47119,Maury County,6,True
12470,TN,RUTHERFORD,47149,Rutherford County,20,True
12470,TN,SMITH,47159,Smith County,10,True
12470,TN,TROUSDALE,47169,Trousdale County,2,True
12470,TN,WILLIAMSON,47187,Williamson County,30,True
12470,TN,WILSON,47189,Wilson County,20,True
12473,MA,PLYMOUTH,25023,Plymouth County,9,True
12515,OH,ALLEN,39003,Allen County,0,False
12515,OH,AUGLAIZE,39011,Auglaize County,5,True
12515,OH,DARKE,39037,Darke County,7,True
12515,OH,MERCER,39107,Mercer County,11,True
12515,OH,PUTNAM,39137,Putnam County,5,True
12515,OH,SHELBY,39149,Shelby County,10,True
12515,OH,VAN WERT,39161,Van Wert County,4,True
12524,KS,BARTON,20009,Barton County,24,True
12524,KS,CHEYENNE,20023,Cheyenne County,24,True
12524,KS,DECATUR,20039,Decatur County,25,True
12524,KS,EDWARDS,20047,Edwards County,16,True
12524,KS,ELLIS,20051,Ellis County,39,True
12524,KS,ELLSWORTH,20053,Ellsworth County,24,True
12524,KS,GOVE,20063,Gove County,63,True
12524,KS,GRAHAM,20065,Graham County,17,True
12524,KS,GREELEY,20071,Greeley County,10,True
12524,KS,HODGEMAN,20083,Hodgeman County,7,True
12524,KS,LANE,20101,Lane County,7,True
12524,KS,LINCOLN,20105,Lincoln County,9,True
12524,KS,LOGAN,20109,Logan County,29,True
12524,KS,MCPHERSON,20113,McPherson County,40,True
12524,KS,NESS,20135,Ness County,5,True
12524,KS,NORTON,20137,Norton County,24,True
12524,KS,OSBORNE,20141,Osborne County,8,True
12524,KS,PAWNEE,20145,Pawnee County,13,True
12524,KS,PHILLIPS,20147,Phillips County,24,True
12524,KS,PRATT,20151,Pratt County,23,True
12524,KS,RAWLINS,20153,Rawlins County,19,True
12524,KS,RENO,20155,Reno County,18,True
12524,KS,RICE,20159,Rice County,9,True
12524,KS,ROOKS,20163,Rooks County,12,True
12524,KS,RUSH,20165,Rush County,8,True
12524,KS,RUSSELL,20167,Russell County,28,True
12524,KS,SALINE,20169,Saline County,27,True
12524,KS,SCOTT,20171,Scott County,21,True
12524,KS,SHERIDAN,20179,Sheridan County,31,True
12524,KS,SHERMAN,20181,Sherman County,33,True
12524,KS,STAFFORD,20185,Stafford County,8,True
12524,KS,THOMAS,20193,Thomas County,33,True
12524,KS,TREGO,20195,Trego County,24,True
12524,KS,WALLACE,20199,Wallace County,10,True
12532,TN,CARROLL,47017,Carroll County,5,True
12532,TN,GIBSON,47053,Gibson County,9,True
12532,TN,MADISON,47113,Madison County,13,True
12539,NE,CHASE,31029,Chase County,14,True
12539,NE,HAYES,31085,Hayes County,1,True
12539,NE,KEITH,31101,Keith County,30,True
12539,NE,LINCOLN,31111,Lincoln County,40,True
12539,NE,PERKINS,31135,Perkins County,14,True
12540,DE,KENT,10001,Kent County,2,True
12540,DE,SUSSEX,10005,Sussex County,5,True
12546,MN,AITKIN,27001,Aitkin County,12,True
12546,MN,CROW WING,27035,Crow Wing County,24,True
12546,MN,MILLE LACS,27095,Mille Lacs County,0,False
12642,IA,BUCHANAN,19019,Buchanan County,14,True
12642,IA,CEDAR,19031,Cedar County,24,True
12642,IA,CLAYTON,19043,Clayton County,11,True
12642,IA,CLINTON,19045,Clinton County,20,True
12642,IA,DELAWARE,19055,Delaware County,4,True
12642,IA,DUBUQUE,19061,Dubuque County,45,True
12642,IA,JACKSON,19097,Jackson County,16,True
12642,IA,JONES,19105,Jones County,20,True
12642,IA,LINN,19113,Linn County,36,True
12651,MN,BLUE EARTH,27013,Blue Earth County,7,True
12651,MN,CARVER,27019,Carver County,13,True
12651,MN,DAKOTA,27037,Dakota County,15,True
12651,MN,HENNEPIN,27053,Hennepin County,39,True
12651,MN,LE SUEUR,27079,Le Sueur County,7,True
12651,MN,RICE,27131,Rice County,12,True
12651,MN,SCOTT,27139,Scott County,6,True
12651,MN,SIBLEY,27143,Sibley County,10,True
12651,MN,WASECA,27161,Waseca County,11,True
12685,MS,ADAMS,28001,Adams County,10,True
12685,MS,AMITE,28005,Amite County,14,True
12685,MS,ATTALA,28007,Attala County,5,True
12685,MS,BOLIVAR,28011,Bolivar County,4,True
12685,MS,CALHOUN,28013,Calhoun County,5,True
12685,MS,CARROLL,28015,Carroll County,3,True
12685,MS,CHOCTAW,28019,Choctaw County,2,True
12685,MS,CLAIBORNE,28021,Claiborne County,11,True
12685,MS,CLAY,28025,Clay County,4,True
12685,MS,COAHOMA,28027,Coahoma County,0,False
12685,MS,COPIAH,28029,Copiah County,28,True
12685,MS,COVINGTON,28031,Covington County,7,True
12685,MS,DESOTO,28033,DeSoto County,11,True
12685,MS,FRANKLIN,28037,Franklin County,6,True
12685,MS,GRENADA,28043,Grenada County,8,True
12685,MS,HINDS,28049,Hinds County,43,True
12685,MS,HOLMES,28051,Holmes County,7,True
12685,MS,HUMPHREYS,28053,Humphreys County,7,True
12685,MS,ISSAQUENA,28055,Issaquena County,5,True
12685,MS,JEFFERSON,28063,Jefferson County,4,True
12685,MS,JEFFERSON DAVIS,28065,Jefferson Davis County,14,True
12685,MS,LAWRENCE,28077,Lawrence County,10,True
12685,MS,LEAKE,28079,Leake County,9,True
12685,MS,LEFLORE,28083,Leflore County,4,True
12685,MS,LINCOLN,28085,Lincoln County,15,True
12685,MS,MADISON,28089,Madison County,22,True
12685,MS,MONTGOMERY,28097,Montgomery County,6,True
12685,MS,PANOLA,28107,Panola County,2,True
12685,MS,PIKE,28113,Pike County,11,True
12685,MS,QUITMAN,28119,Quitman County,2,True
12685,MS,RANKIN,28121,Rankin County,38,True
12685,MS,SCOTT,28123,Scott County,18,True
12685,MS,SHARKEY,28125,Sharkey County,3,True
12685,MS,SIMPSON,28127,Simpson County,16,True
12685,MS,SMITH,28129,Smith County,8,True
12685,MS,SUNFLOWER,28133,Sunflower County,3,True
12685,MS,TALLAHATCHIE,28135,Tallahatchie County,0,False
12685,MS,TATE,28137,Tate County,11,True
12685,MS,TUNICA,28143,Tunica County,0,False
12685,MS,WALTHALL,28147,Walthall County,1,True
12685,MS,WARREN,28149,Warren County,19,True
12685,MS,WASHINGTON,28151,Washington County,7,True
12685,MS,WEBSTER,28155,Webster County,2,True
12685,MS,WILKINSON,28157,Wilkinson County,11,True
12685,MS,YALOBUSHA,28161,Yalobusha County,2,True
12685,MS,YAZOO,28163,Yazoo County,24,True
12686,MS,CLARKE,28023,Clarke County,17,True
12686,MS,COVINGTON,28031,Covington County,7,True
12686,MS,FORREST,28035,Forrest County,19,True
12686,MS,GEORGE,28039,George County,9,True
12686,MS,GREENE,28041,Greene County,1,True
12686,MS,HANCOCK,28045,Hancock County,18,True
12686,MS,HARRISON,28047,Harrison County,13,True
12686,MS,JACKSON,28059,Jackson County,11,True
12686,MS,JASPER,28061,Jasper County,22,True
12686,MS,JEFFERSON DAVIS,28065,Jefferson Davis County,14,True
12686,MS,JONES,28067,Jones County,17,True
12686,MS,LAMAR,28073,Lamar County,12,True
12686,MS,LAUDERDALE,28075,Lauderdale County,22,True
12686,MS,LEAKE,28079,Leake County,9,True
12686,MS,MARION,28091,Marion County,7,True
12686,MS,NESHOBA,28099,Neshoba County,11,True
12686,MS,NEWTON,28101,Newton County,16,True
12686,MS,PEARL RIVER,28109,Pearl River County,8,True
12686,MS,PERRY,28111,Perry County,0,False
12686,MS,SCOTT,28123,Scott County,18,True
12686,MS,SMITH,28129,Smith County,8,True
12686,MS,STONE,28131,Stone County,5,True
12686,MS,WAYNE,28153,Wayne County,3,True
12692,ID,IDAHO,16049,Idaho County,5,True
12692,MT,GRANITE,30039,Granite County,0,False
12692,MT,LAKE,30047,Lake County,4,True
12692,MT,MINERAL,30061,Mineral County,1,True
12692,MT,MISSOULA,30063,Missoula County,8,True
12692,MT,POWELL,30077,Powell County,1,True
12692,MT,RAVALLI,30081,Ravalli County,6,True
12706,GA,BAKER,13007,Baker County,4,True
12706,GA,CALHOUN,13037,Calhoun County,5,True
12706,GA,COLQUITT,13071,Colquitt County,17,True
12706,GA,DECATUR,13087,Decatur County,1,True
12706,GA,DOUGHERTY,13095,Dougherty County,15,True
12706,GA,EARLY,13099,Early County,8,True
12706,GA,GRADY,13131,Grady County,5,True
12706,GA,LEE,13177,Lee County,11,True
12706,GA,MILLER,13201,Miller County,10,True
12706,GA,MITCHELL,13205,Mitchell County,32,True
12706,GA,THOMAS,13275,Thomas County,32,True
12706,GA,TIFT,13277,Tift County,12,True
12706,GA,TURNER,13287,Turner County,17,True
12706,GA,WORTH,13321,Worth County,19,True
12745,CA,SAN JOAQUIN,06077,San Joaquin County,5,True
12745,CA,STANISLAUS,06099,Stanislaus County,2,True
12782,MO,BARRY,29009,Barry County,39,True
12782,MO,LAWRENCE,29109,Lawrence County,17,True
12796,WV,BARBOUR,54001,Barbour County,14,True
12796,WV,BRAXTON,54007,Braxton County,12,True
12796,WV,BROOKE,54009,Brooke County,5,True
12796,WV,CALHOUN,54013,Calhoun County,3,True
12796,WV,CLAY,54015,Clay County,14,True
12796,WV,DODDRIDGE,54017,Doddridge County,9,True
12796,WV,GILMER,54021,Gilmer County,12,True
12796,WV,GRANT,54023,Grant County,2,True
12796,WV,GREENBRIER,54025,Greenbrier County,20,True
12796,WV,HANCOCK,54029,Hancock County,13,True
12796,WV,HARRISON,54033,Harrison County,15,True
12796,WV,JACKSON,54035,Jackson County,6,True
12796,WV,LEWIS,54041,Lewis County,22,True
12796,WV,MARION,54049,Marion County,29,True
12796,WV,MINERAL,54057,Mineral County,7,True
12796,WV,MONONGALIA,54061,Monongalia County,40,True
12796,WV,MONROE,54063,Monroe County,2,True
12796,WV,NICHOLAS,54067,Nicholas County,11,True
12796,WV,PENDLETON,54071,Pendleton County,3,True
12796,WV,PLEASANTS,54073,Pleasants County,0,False
12796,WV,POCAHONTAS,54075,Pocahontas County,11,True
12796,WV,PRESTON,54077,Preston County,19,True
12796,WV,RANDOLPH,54083,Randolph County,6,True
12796,WV,RITCHIE,54085,Ritchie County,17,True
12796,WV,ROANE,54087,Roane County,6,True
12796,WV,SUMMERS,54089,Summers County,3,True
12796,WV,TAYLOR,54091,Taylor County,9,True
12796,WV,TUCKER,54093,Tucker County,2,True
12796,WV,TYLER,54095,Tyler County,6,True
12796,WV,UPSHUR,54097,Upshur County,31,True
12796,WV,WEBSTER,54101,Webster County,9,True
12796,WV,WETZEL,54103,Wetzel County,17,True
12796,WV,WIRT,54105,Wirt County,9,True
12796,WV,WOOD,54107,Wood County,28,True
12801,NC,UNION,37179,Union County,11,True
12825,MT,BEAVERHEAD,30001,Beaverhead County,14,True
12825,MT,BIG HORN,30003,Big Horn County,10,True
12825,MT,BLAINE,30005,Blaine County,13,True
12825,MT,BROADWATER,30007,Broadwater County,1,True
12825,MT,CARBON,30009,Carbon County,3,True
12825,MT,CASCADE,30013,Cascade County,11,True
12825,MT,CHOUTEAU,30015,Chouteau County,7,True
12825,MT,DEER LODGE,30023,Deer Lodge County,0,False
12825,MT,FERGUS,30027,Fergus County,8,True
12825,MT,GALLATIN,30031,Gallatin County,14,True
12825,MT,GOLDEN VALLEY,30037,Golden Valley County,0,False
12825,MT,GRANITE,30039,Granite County,0,False
12825,MT,HILL,30041,Hill County,12,True
12825,MT,JEFFERSON,30043,Jefferson County,2,True
12825,MT,JUDITH BASIN,30045,Judith Basin County,7,True
12825,MT,LEWIS AND CLARK,30049,Lewis and Clark County,12,True
12825,MT,LIBERTY,30051,Liberty County,15,True
12825,MT,MADISON,30057,Madison County,4,True
12825,MT,MEAGHER,30059,Meagher County,1,True
12825,MT,MINERAL,30061,Mineral County,1,True
12825,MT,MISSOULA,30063,Missoula County,8,True
12825,MT,MUSSELSHELL,30065,Musselshell County,2,True
12825,MT,PARK,30067,Park County,6,True
12825,MT,PHILLIPS,30071,Phillips County,9,True
12825,MT,PONDERA,30073,Pondera County,7,True
12825,MT,POWELL,30077,Powell County,1,True
12825,MT,RAVALLI,30081,Ravalli County,6,True
12825,MT,ROSEBUD,30087,Rosebud County,12,True
12825,MT,SANDERS,30089,Sanders County,1,True
12825,MT,SILVER BOW,30093,Silver Bow County,1,True
12825,MT,STILLWATER,30095,Stillwater County,2,True
12825,MT,SWEET GRASS,30097,Sweet Grass County,3,True
12825,MT,TETON,30099,Teton County,4,True
12825,MT,VALLEY,30105,Valley County,29,True
12825,MT,WHEATLAND,30107,Wheatland County,1,True
12825,MT,YELLOWSTONE,30111,Yellowstone County,25,True
12825,WY,PARK,56029,Park County,1,True
12825,WY,TETON,56039,Teton County,2,True
12860,CO,ADAMS,08001,Adams County,38,True
12860,CO,ARAPAHOE,08005,Arapahoe County,27,True
12860,CO,LOGAN,08075,Logan County,33,True
12860,CO,MORGAN,08087,Morgan County,22,True
12860,CO,WASHINGTON,08121,Washington County,40,True
12860,CO,WELD,08123,Weld County,58,True
12866,CO,GARFIELD,08045,Garfield County,12,True
12866,CO,MOFFAT,08081,Moffat County,8,True
12866,CO,RIO BLANCO,08103,Rio Blanco County,6,True
12866,UT,DAGGETT,49009,Daggett County,0,False
12866,UT,DUCHESNE,49013,Duchesne County,6,True
12866,UT,UINTAH,49047,Uintah County,6,True
12866,UT,WASATCH,49051,Wasatch County,5,True
12894,MN,CLAY,27027,Clay County,8,True
12929,IN,BROWN,18013,Brown County,4,True
12929,IN,CLAY,18021,Clay County,6,True
12929,IN,JOHNSON,18081,Johnson County,3,True
12929,IN,MONROE,18105,Monroe County,10,True
12929,IN,MORGAN,18109,Morgan County,5,True
12929,IN,OWEN,18119,Owen County,3,True
12929,IN,PUTNAM,18133,Putnam County,7,True
12944,NC,BURKE,37023,Burke County,19,True
12988,TN,HAMBLEN,47063,Hamblen County,5,True
12990,OH,DELAWARE,39041,Delaware County,10,True
12990,OH,FRANKLIN,39049,Franklin County,48,True
12990,OH,KNOX,39083,Knox County,7,True
12990,OH,LICKING,39089,Licking County,25,True
12990,OH,MARION,39101,Marion County,6,True
12990,OH,MORROW,39117,Morrow County,2,True
12990,OH,RICHLAND,39139,Richland County,3,True
12990,OH,UNION,39159,Union County,5,True
13027,NC,AVERY,37011,Avery County,3,True
13027,NC,BURKE,37023,Burke County,19,True
13027,NC,WATAUGA,37189,Watauga County,18,True
13027,TN,CARTER,47019,Carter County,2,True
13027,TN,JOHNSON,47091,Johnson County,2,True
13027,TN,UNICOI,47171,Unicoi County,2,True
13032,IL,WABASH,17185,Wabash County,5,True
13050,CO,GRAND,08049,Grand County,1,True
13050,CO,JACKSON,08057,Jackson County,1,True
13050,CO,LARIMER,08069,Larimer County,14,True
13050,CO,ROUTT,08107,Routt County,3,True
13050,CO,SUMMIT,08117,Summit County,1,True
13058,CO,ARAPAHOE,08005,Arapahoe County,27,True
13058,CO,CROWLEY,08025,Crowley County,8,True
13058,CO,DOUGLAS,08035,Douglas County,12,True
13058,CO,EL PASO,08041,El Paso County,55,True
13058,CO,ELBERT,08039,Elbert County,34,True
13058,CO,LINCOLN,08073,Lincoln County,38,True
13058,CO,PUEBLO,08101,Pueblo County,33,True
13058,CO,WASHINGTON,08121,Washington County,40,True
13137,UT,SALT LAKE,49035,Salt Lake County,16,True
13143,IA,MUSCATINE,19139,Muscatine County,22,True
13145,WI,GRANT,55043,Grant County,21,True
13145,WI,IOWA,55049,Iowa County,19,True
13145,WI,RICHLAND,55103,Richland County,6,True
13196,ND,BARNES,38003,Barnes County,5,True
13196,ND,BENSON,38005,Benson County,7,True
13196,ND,EDDY,38027,Eddy County,1,True
13196,ND,FOSTER,38031,Foster County,4,True
13196,ND,GRIGGS,38039,Griggs County,2,True
13196,ND,KIDDER,38043,Kidder County,3,True
13196,ND,PIERCE,38069,Pierce County,6,True
13196,ND,RAMSEY,38071,Ramsey County,3,True
13196,ND,ROLETTE,38079,Rolette County,3,True
13196,ND,STUTSMAN,38093,Stutsman County,15,True
13196,ND,TOWNER,38095,Towner County,0,False
13196,ND,WELLS,38103,Wells County,4,True
13206,MA,NANTUCKET,25019,Nantucket County,0,False
13208,IL,DUPAGE,17043,DuPage County,57,True
13208,IL,WILL,17197,Will County,65,True
13214,RI,BRISTOL,44001,Bristol County,2,True
13214,RI,KENT,44003,Kent County,10,True
13214,RI,NEWPORT,44005,Newport County,2,True
13214,RI,PROVIDENCE,44007,Providence County,14,True
13214,RI,WASHINGTON,44009,Washington County,8,True
13216,TN,CHEATHAM,47021,Cheatham County,7,True
13216,TN,DAVIDSON,47037,Davidson County,38,True
13216,TN,ROBERTSON,47147,Robertson County,37,True
13216,TN,RUTHERFORD,47149,Rutherford County,20,True
13216,TN,SUMNER,47165,Sumner County,22,True
13216,TN,WILLIAMSON,47187,Williamson County,30,True
13216,TN,WILSON,47189,Wilson County,20,True
13314,AZ,APACHE,04001,Apache County,9,True
13314,AZ,COCONINO,04005,Coconino County,18,True
13314,AZ,NAVAJO,04017,Navajo County,7,True
13314,NM,MCKINLEY,35031,McKinley County,4,True
13314,NM,SAN JUAN,35045,San Juan County,15,True
13314,UT,SAN JUAN,49037,San Juan County,9,True
13337,NE,ANTELOPE,31003,Antelope County,4,True
13337,NE,BOX BUTTE,31013,Box Butte County,12,True
13337,NE,BOYD,31015,Boyd County,5,True
13337,NE,BROWN,31017,Brown County,14,True
13337,NE,BUFFALO,31019,Buffalo County,36,True
13337,NE,BURT,31021,Burt County,7,True
13337,NE,CASS,31025,Cass County,22,True
13337,NE,CEDAR,31027,Cedar County,13,True
13337,NE,CHERRY,31031,Cherry County,37,True
13337,NE,DAKOTA,31043,Dakota County,7,True
13337,NE,DAWES,31045,Dawes County,9,True
13337,NE,DEUEL,31049,Deuel County,1,True
13337,NE,FILLMORE,31059,Fillmore County,18,True
13337,NE,GAGE,31067,Gage County,11,True
13337,NE,GARDEN,31069,Garden County,9,True
13337,NE,HALL,31079,Hall County,20,True
13337,NE,HAMILTON,31081,Hamilton County,11,True
13337,NE,HOLT,31089,Holt County,23,True
13337,NE,HOWARD,31093,Howard County,14,True
13337,NE,JOHNSON,31097,Johnson County,2,True
13337,NE,KEITH,31101,Keith County,30,True
13337,NE,KNOX,31107,Knox County,10,True
13337,NE,LANCASTER,31109,Lancaster County,31,True
13337,NE,LINCOLN,31111,Lincoln County,40,True
13337,NE,MADISON,31119,Madison County,12,True
13337,NE,MORRILL,31123,Morrill County,11,True
13337,NE,NEMAHA,31127,Nemaha County,13,True
13337,NE,OTOE,31131,Otoe County,7,True
13337,NE,PAWNEE,31133,Pawnee County,6,True
13337,NE,PERKINS,31135,Perkins County,14,True
13337,NE,PIERCE,31139,Pierce County,7,True
13337,NE,RED WILLOW,31145,Red Willow County,42,True
13337,NE,RICHARDSON,31147,Richardson County,12,True
13337,NE,ROCK,31149,Rock County,12,True
13337,NE,SCOTTS BLUFF,31157,Scotts Bluff County,38,True
13337,NE,SEWARD,31159,Seward County,7,True
13337,NE,SHERIDAN,31161,Sheridan County,22,True
13337,NE,SHERMAN,31163,Sherman County,11,True
13337,NE,SIOUX,31165,Sioux County,9,True
13337,NE,THURSTON,31173,Thurston County,2,True
13337,NE,YORK,31185,York County,6,True
13337,SD,OGLALA LAKOTA,46102,Oglala Lakota County,26,True
13407,NV,CLARK,32003,Clark County,13,True
13407,NV,NYE,32023,Nye County,8,True
13416,NC,CRAVEN,37049,Craven County,13,True
13416,NC,JONES,37103,Jones County,9,True
13418,TX,COMAL,48091,Comal County,14,True
13418,TX,GUADALUPE,48187,Guadalupe County,10,True
13441,NH,BELKNAP,33001,Belknap County,4,True
13441,NH,CARROLL,33003,Carroll County,13,True
13441,NH,CHESHIRE,33005,Cheshire County,26,True
13441,NH,COOS,33007,Coos County,27,True
13441,NH,GRAFTON,33009,Grafton County,36,True
13441,NH,MERRIMACK,33013,Merrimack County,13,True
13441,NH,ROCKINGHAM,33015,Rockingham County,22,True
13441,NH,STRAFFORD,33017,Strafford County,7,True
13441,NH,SULLIVAN,33019,Sullivan County,9,True
13448,WI,CALUMET,55015,Calumet County,4,True
13482,NC,WATAUGA,37189,Watauga County,18,True
13485,FL,VOLUSIA,12127,Volusia County,7,True
13511,NY,ALLEGANY,36003,Allegany County,24,True
13511,NY,BROOME,36007,Broome County,45,True
13511,NY,CATTARAUGUS,36009,Cattaraugus County,17,True
13511,NY,CAYUGA,36011,Cayuga County,35,True
13511,NY,CHAUTAUQUA,36013,Chautauqua County,10,True
13511,NY,CHEMUNG,36015,Chemung County,15,True
13511,NY,CHENANGO,36017,Chenango County,12,True
13511,NY,CLINTON,36019,Clinton County,12,True
13511,NY,COLUMBIA,36021,Columbia County,36,True
13511,NY,CORTLAND,36023,Cortland County,37,True
13511,NY,DELAWARE,36025,Delaware County,22,True
13511,NY,DUTCHESS,36027,Dutchess County,39,True
13511,NY,ERIE,36029,Erie County,42,True
13511,NY,ESSEX,36031,Essex County,23,True
13511,NY,FRANKLIN,36033,Franklin County,8,True
13511,NY,GREENE,36039,Greene County,3,True
13511,NY,HAMILTON,36041,Hamilton County,6,True
13511,NY,HERKIMER,36043,Herkimer County,33,True
13511,NY,LEWIS,36049,Lewis County,35,True
13511,NY,LIVINGSTON,36051,Livingston County,21,True
13511,NY,MADISON,36053,Madison County,28,True
13511,NY,NIAGARA,36063,Niagara County,5,True
13511,NY,ONEIDA,36065,Oneida County,27,True
13511,NY,ONONDAGA,36067,Onondaga County,53,True
13511,NY,ONTARIO,36069,Ontario County,80,True
13511,NY,ORANGE,36071,Orange County,28,True
13511,NY,ORLEANS,36073,Orleans County,5,True
13511,NY,OTSEGO,36077,Otsego County,12,True
13511,NY,PUTNAM,36079,Putnam County,15,True
13511,NY,RENSSELAER,36083,Rensselaer County,11,True
13511,NY,SARATOGA,36091,Saratoga County,35,True
13511,NY,SCHOHARIE,36095,Schoharie County,2,True
13511,NY,SCHUYLER,36097,Schuyler County,10,True
13511,NY,SENECA,36099,Seneca County,12,True
13511,NY,STEUBEN,36101,Steuben County,55,True
13511,NY,SULLIVAN,36105,Sullivan County,17,True
13511,NY,TIOGA,36107,Tioga County,12,True
13511,NY,TOMPKINS,36109,Tompkins County,12,True
13511,NY,ULSTER,36111,Ulster County,28,True
13511,NY,WASHINGTON,36115,Washington County,49,True
13511,NY,WAYNE,36117,Wayne County,24,True
13511,NY,WESTCHESTER,36119,Westchester County,35,True
13511,NY,WYOMING,36121,Wyoming County,12,True
13511,NY,YATES,36123,Yates County,8,True
13519,DE,NEW CASTLE,10003,New Castle County,20,True
13524,SC,FAIRFIELD,45039,Fairfield County,22,True
13524,SC,LAURENS,45059,Laurens County,12,True
13524,SC,LEXINGTON,45063,Lexington County,43,True
13524,SC,NEWBERRY,45071,Newberry County,30,True
13547,GA,COWETA,13077,Coweta County,19,True
13647,IN,ALLEN,18003,Allen County,9,True
13647,IN,DEKALB,18033,DeKalb County,6,True
13647,IN,ELKHART,18039,Elkhart County,14,True
13647,IN,KOSCIUSKO,18085,Kosciusko County,7,True
13647,IN,LAGRANGE,18087,LaGrange County,2,True
13647,IN,NOBLE,18113,Noble County,10,True
13647,IN,STEUBEN,18151,Steuben County,12,True
13647,IN,WHITLEY,18183,Whitley County,7,True
13651,KY,BRECKINRIDGE,21027,Breckinridge County,21,True
13651,KY,BULLITT,21029,Bullitt County,5,True
13651,KY,GRAYSON,21085,Grayson County,9,True
13651,KY,GREEN,21087,Green County,6,True
13651,KY,HARDIN,21093,Hardin County,17,True
13651,KY,HART,21099,Hart County,9,True
13651,KY,LARUE,21123,Larue County,11,True
13651,KY,MEADE,21163,Meade County,15,True
13651,KY,TAYLOR,21217,Taylor County,10,True
13664,NE,GAGE,31067,Gage County,11,True
13664,NE,JEFFERSON,31095,Jefferson County,5,True
13664,NE,LANCASTER,31109,Lancaster County,31,True
13664,NE,SALINE,31151,Saline County,12,True
13664,NE,SEWARD,31159,Seward County,7,True
13664,NE,THAYER,31169,Thayer County,13,True
13676,AR,BAXTER,05005,Baxter County,14,True
13676,AR,FULTON,05049,Fulton County,7,True
13676,AR,IZARD,05065,Izard County,0,False
13676,AR,LAWRENCE,05075,Lawrence County,12,True
13676,AR,MARION,05089,Marion County,15,True
13676,AR,SHARP,05135,Sharp County,7,True
13676,AR,STONE,05137,Stone County,6,True
13679,MA,BRISTOL,25005,Bristol County,28,True
13693,OH,CRAWFORD,39033,Crawford County,8,True
13693,OH,HANCOCK,39063,Hancock County,7,True
13693,OH,HURON,39077,Huron County,11,True
13693,OH,RICHLAND,39139,Richland County,3,True
13693,OH,SANDUSKY,39143,Sandusky County,3,True
13693,OH,SENECA,39147,Seneca County,10,True
13693,OH,WOOD,39173,Wood County,10,True
13693,OH,WYANDOT,39175,Wyandot County,5,True
13716,GA,CATOOSA,13047,Catoosa County,7,True
13716,GA,CHATTOOGA,13055,Chattooga County,18,True
13716,GA,FLOYD,13115,Floyd County,3,True
13716,GA,GORDON,13129,Gordon County,10,True
13716,GA,MURRAY,13213,Murray County,8,True
13716,GA,WALKER,13295,Walker County,18,True
13716,GA,WHITFIELD,13313,Whitfield County,34,True
13718,AR,PULASKI,05119,Pulaski County,48,True
13735,MS,DESOTO,28033,DeSoto County,11,True
13735,MS,MARSHALL,28093,Marshall County,2,True
13750,ND,DICKEY,38021,Dickey County,3,True
13750,ND,SARGENT,38081,Sargent County,1,True
13750,SD,BEADLE,46005,Beadle County,6,True
13750,SD,BROWN,46013,Brown County,21,True
13750,SD,CLARK,46025,Clark County,11,True
13750,SD,DAY,46037,Day County,8,True
13750,SD,EDMUNDS,46045,Edmunds County,4,True
13750,SD,FAULK,46049,Faulk County,4,True
13750,SD,HAND,46059,Hand County,14,True
13750,SD,MARSHALL,46091,Marshall County,10,True
13750,SD,MCPHERSON,46089,McPherson County,7,True
13750,SD,SPINK,46115,Spink County,7,True
13757,TX,HANSFORD,48195,Hansford County,13,True
13757,TX,HEMPHILL,48211,Hemphill County,3,True
13757,TX,HUTCHINSON,48233,Hutchinson County,20,True
13757,TX,LIPSCOMB,48295,Lipscomb County,3,True
13757,TX,OCHILTREE,48357,Ochiltree County,17,True
13757,TX,ROBERTS,48393,Roberts County,4,True
13757,TX,WHEELER,48483,Wheeler County,3,True
13758,ID,BONNER,16017,Bonner County,3,True
13758,ID,BOUNDARY,16021,Boundary County,8,True
13758,ID,KOOTENAI,16055,Kootenai County,2,True
13758,MT,LINCOLN,30053,Lincoln County,0,False
13758,MT,SANDERS,30089,Sanders County,1,True
13758,WA,PEND OREILLE,53051,Pend Oreille County,4,True
13781,MN,ANOKA,27003,Anoka County,12,True
13781,MN,BENTON,27009,Benton County,3,True
13781,MN,BLUE EARTH,27013,Blue Earth County,7,True
13781,MN,BROWN,27015,Brown County,7,True
13781,MN,CARVER,27019,Carver County,13,True
13781,MN,CHIPPEWA,27023,Chippewa County,5,True
13781,MN,CHISAGO,27025,Chisago County,7,True
13781,MN,CLAY,27027,Clay County,8,True
13781,MN,DAKOTA,27037,Dakota County,15,True
13781,MN,DODGE,27039,Dodge County,14,True
13781,MN,DOUGLAS,27041,Douglas County,9,True
13781,MN,FARIBAULT,27043,Faribault County,5,True
13781,MN,FREEBORN,27047,Freeborn County,12,True
13781,MN,GOODHUE,27049,Goodhue County,11,True
13781,MN,HENNEPIN,27053,Hennepin County,39,True
13781,MN,HOUSTON,27055,Houston County,4,True
13781,MN,KANDIYOHI,27067,Kandiyohi County,13,True
13781,MN,LAC QUI PARLE,27073,Lac qui Parle County,4,True
13781,MN,LE SUEUR,27079,Le Sueur County,7,True
13781,MN,LINCOLN,27081,Lincoln County,8,True
13781,MN,LYON,27083,Lyon County,10,True
13781,MN,MCLEOD,27085,McLeod County,5,True
13781,MN,MEEKER,27093,Meeker County,8,True
13781,MN,MOWER,27099,Mower County,16,True
13781,MN,MURRAY,27101,Murray County,9,True
13781,MN,NICOLLET,27103,Nicollet County,4,True
13781,MN,NOBLES,27105,Nobles County,7,True
13781,MN,NORMAN,27107,Norman County,4,True
13781,MN,OLMSTED,27109,Olmsted County,15,True
13781,MN,PINE,27115,Pine County,10,True
13781,MN,PIPESTONE,27117,Pipestone County,6,True
13781,MN,POLK,27119,Polk County,15,True
13781,MN,POPE,27121,Pope County,1,True
13781,MN,RAMSEY,27123,Ramsey County,11,True
13781,MN,REDWOOD,27127,Redwood County,5,True
13781,MN,RENVILLE,27129,Renville County,12,True
13781,MN,RICE,27131,Rice County,12,True
13781,MN,ROCK,27133,Rock County,7,True
13781,MN,SCOTT,27139,Scott County,6,True
13781,MN,SHERBURNE,27141,Sherburne County,7,True
13781,MN,SIBLEY,27143,Sibley County,10,True
13781,MN,STEARNS,27145,Stearns County,16,True
13781,MN,STEELE,27147,Steele County,6,True
13781,MN,TODD,27153,Todd County,18,True
13781,MN,WABASHA,27157,Wabasha County,19,True
13781,MN,WASECA,27161,Waseca County,11,True
13781,MN,WASHINGTON,27163,Washington County,9,True
13781,MN,WATONWAN,27165,Watonwan County,4,True
13781,MN,WILKIN,27167,Wilkin County,3,True
13781,MN,WINONA,27169,Winona County,22,True
13781,MN,WRIGHT,27171,Wright County,12,True
13781,MN,YELLOW MEDICINE,27173,Yellow Medicine County,6,True
13781,ND,CASS,38017,Cass County,8,True
13781,ND,GRAND FORKS,38035,Grand Forks County,12,True
13781,ND,MCHENRY,38049,McHenry County,16,True
13781,ND,TRAILL,38097,Traill County,5,True
13781,ND,WARD,38101,Ward County,18,True
13781,SD,HANSON,46061,Hanson County,4,True
13781,SD,HUTCHINSON,46067,Hutchinson County,15,True
13781,SD,LAKE,46079,Lake County,5,True
13781,SD,LINCOLN,46083,Lincoln County,14,True
13781,SD,MCCOOK,46087,McCook County,13,True
13781,SD,MINER,46097,Miner County,1,True
13781,SD,MINNEHAHA,46099,Minnehaha County,22,True
13781,SD,MOODY,46101,Moody County,8,True
13781,SD,SANBORN,46111,Sanborn County,4,True
13781,SD,TURNER,46125,Turner County,10,True
13783,LA,EAST CARROLL,22035,East Carroll Parish,12,True
13783,LA,FRANKLIN,22041,Franklin Parish,10,True
13783,LA,MADISON,22065,Madison Parish,6,True
13783,LA,MOREHOUSE,22067,Morehouse Parish,10,True
13783,LA,RICHLAND,22083,Richland Parish,10,True
13783,LA,TENSAS,22107,Tensas Parish,3,True
13783,LA,WEST CARROLL,22123,West Carroll Parish,4,True
13788,OR,WASCO,41065,Wasco County,0,False
13799,KS,CHEYENNE,20023,Cheyenne County,24,True
13799,KS,CLAY,20027,Clay County,14,True
13799,KS,CLOUD,20029,Cloud County,10,True
13799,KS,DECATUR,20039,Decatur County,25,True
13799,KS,GRAHAM,20065,Graham County,17,True
13799,KS,JEWELL,20089,Jewell County,3,True
13799,KS,MITCHELL,20123,Mitchell County,8,True
13799,KS,NORTON,20137,Norton County,24,True
13799,KS,OSBORNE,20141,Osborne County,8,True
13799,KS,PHILLIPS,20147,Phillips County,24,True
13799,KS,RAWLINS,20153,Rawlins County,19,True
13799,KS,REPUBLIC,20157,Republic County,4,True
13799,KS,ROOKS,20163,Rooks County,12,True
13799,KS,SHERIDAN,20179,Sheridan County,31,True
13799,KS,SHERMAN,20181,Sherman County,33,True
13799,KS,SMITH,20183,Smith County,11,True
13799,KS,THOMAS,20193,Thomas County,33,True
13799,KS,WASHINGTON,20201,Washington County,11,True
13809,SD,AURORA,46003,Aurora County,7,True
13809,SD,BEADLE,46005,Beadle County,6,True
13809,SD,BON HOMME,46009,Bon Homme County,8,True
13809,SD,BROWN,46013,Brown County,21,True
13809,SD,BRULE,46015,Brule County,6,True
13809,SD,CHARLES MIX,46023,Charles Mix County,12,True
13809,SD,CLARK,46025,Clark County,11,True
13809,SD,CODINGTON,46029,Codington County,20,True
13809,SD,DAVISON,46035,Davison County,8,True
13809,SD,DAY,46037,Day County,8,True
13809,SD,DEUEL,46039,Deuel County,4,True
13809,SD,DOUGLAS,46043,Douglas County,10,True
13809,SD,EDMUNDS,46045,Edmunds County,4,True
13809,SD,FAULK,46049,Faulk County,4,True
13809,SD,HAMLIN,46057,Hamlin County,11,True
13809,SD,HAND,46059,Hand County,14,True
13809,SD,HANSON,46061,Hanson County,4,True
13809,SD,HUGHES,46065,Hughes County,16,True
13809,SD,HUTCHINSON,46067,Hutchinson County,15,True
13809,SD,HYDE,46069,Hyde County,10,True
13809,SD,JERAULD,46073,Jerauld County,1,True
13809,SD,KINGSBURY,46077,Kingsbury County,3,True
13809,SD,MARSHALL,46091,Marshall County,10,True
13809,SD,SANBORN,46111,Sanborn County,4,True
13809,SD,SPINK,46115,Spink County,7,True
13809,SD,TURNER,46125,Turner County,10,True
13809,SD,YANKTON,46135,Yankton County,8,True
13830,TX,BROOKS,48047,Brooks County,0,False
13830,TX,DUVAL,48131,Duval County,3,True
13830,TX,JIM WELLS,48249,Jim Wells County,2,True
13830,TX,KENEDY,48261,Kenedy County,0,False
13830,TX,KLEBERG,48273,Kleberg County,2,True
13830,TX,LIVE OAK,48297,Live Oak County,2,True
13830,TX,MCMULLEN,48311,McMullen County,1,True
13830,TX,NUECES,48355,Nueces County,8,True
13839,MA,NORFOLK,25021,Norfolk County,5,True
13936,WI,JACKSON,55053,Jackson County,11,True
13936,WI,JUNEAU,55057,Juneau County,4,True
13936,WI,MONROE,55081,Monroe County,12,True
13936,WI,SAUK,55111,Sauk County,8,True
13936,WI,WOOD,55141,Wood County,12,True
13955,FL,MARION,12083,Marion County,31,True
13963,WI,WAUKESHA,55133,Waukesha County,36,True
13998,OH,ASHLAND,39005,Ashland County,4,True
13998,OH,ASHTABULA,39007,Ashtabula County,20,True
13998,OH,CARROLL,39019,Carroll County,9,True
13998,OH,CHAMPAIGN,39021,Champaign County,2,True
13998,OH,CLARK,39023,Clark County,11,True
13998,OH,COLUMBIANA,39029,Columbiana County,18,True
13998,OH,CRAWFORD,39033,Crawford County,8,True
13998,OH,CUYAHOGA,39035,Cuyahoga County,44,True
13998,OH,DELAWARE,39041,Delaware County,10,True
13998,OH,ERIE,39043,Erie County,2,True
13998,OH,FAYETTE,39047,Fayette County,4,True
13998,OH,FRANKLIN,39049,Franklin County,48,True
13998,OH,GEAUGA,39055,Geauga County,18,True
13998,OH,GREENE,39057,Greene County,11,True
13998,OH,HOLMES,39075,Holmes County,7,True
13998,OH,HURON,39077,Huron County,11,True
13998,OH,KNOX,39083,Knox County,7,True
13998,OH,LORAIN,39093,Lorain County,24,True
13998,OH,MADISON,39097,Madison County,6,True
13998,OH,MAHONING,39099,Mahoning County,18,True
13998,OH,MARION,39101,Marion County,6,True
13998,OH,MEDINA,39103,Medina County,6,True
13998,OH,MIAMI,39109,Miami County,11,True
13998,OH,MORROW,39117,Morrow County,2,True
13998,OH,OTTAWA,39123,Ottawa County,5,True
13998,OH,PORTAGE,39133,Portage County,17,True
13998,OH,RICHLAND,39139,Richland County,3,True
13998,OH,SANDUSKY,39143,Sandusky County,3,True
13998,OH,SENECA,39147,Seneca County,10,True
13998,OH,STARK,39151,Stark County,6,True
13998,OH,SUMMIT,39153,Summit County,36,True
13998,OH,TRUMBULL,39155,Trumbull County,34,True
13998,OH,TUSCARAWAS,39157,Tuscarawas County,12,True
13998,OH,UNION,39159,Union County,5,True
13998,OH,WAYNE,39169,Wayne County,12,True
13998,OH,WYANDOT,39175,Wyandot County,5,True
14006,OH,ADAMS,39001,Adams County,12,True
14006,OH,ALLEN,39003,Allen County,0,False
14006,OH,ASHLAND,39005,Ashland County,4,True
14006,OH,ATHENS,39009,Athens County,12,True
14006,OH,AUGLAIZE,39011,Auglaize County,5,True
14006,OH,BELMONT,39013,Belmont County,15,True
14006,OH,CARROLL,39019,Carroll County,9,True
14006,OH,COLUMBIANA,39029,Columbiana County,18,True
14006,OH,COSHOCTON,39031,Coshocton County,32,True
14006,OH,CRAWFORD,39033,Crawford County,8,True
14006,OH,DARKE,39037,Darke County,7,True
14006,OH,DEFIANCE,39039,Defiance County,3,True
14006,OH,DELAWARE,39041,Delaware County,10,True
14006,OH,FAIRFIELD,39045,Fairfield County,12,True
14006,OH,FRANKLIN,39049,Franklin County,48,True
14006,OH,GALLIA,39053,Gallia County,17,True
14006,OH,GUERNSEY,39059,Guernsey County,35,True
14006,OH,HANCOCK,39063,Hancock County,7,True
14006,OH,HARDIN,39065,Hardin County,2,True
14006,OH,HARRISON,39067,Harrison County,7,True
14006,OH,HENRY,39069,Henry County,2,True
14006,OH,HOCKING,39073,Hocking County,7,True
14006,OH,HOLMES,39075,Holmes County,7,True
14006,OH,HURON,39077,Huron County,11,True
14006,OH,JACKSON,39079,Jackson County,14,True
14006,OH,JEFFERSON,39081,Jefferson County,10,True
14006,OH,KNOX,39083,Knox County,7,True
14006,OH,LAWRENCE,39087,Lawrence County,40,True
14006,OH,LICKING,39089,Licking County,25,True
14006,OH,LOGAN,39091,Logan County,17,True
14006,OH,MARION,39101,Marion County,6,True
14006,OH,MEIGS,39105,Meigs County,11,True
14006,OH,MONROE,39111,Monroe County,14,True
14006,OH,MORGAN,39115,Morgan County,12,True
14006,OH,MORROW,39117,Morrow County,2,True
14006,OH,MUSKINGUM,39119,Muskingum County,41,True
14006,OH,NOBLE,39121,Noble County,23,True
14006,OH,PAULDING,39125,Paulding County,4,True
14006,OH,PERRY,39127,Perry County,19,True
14006,OH,PIKE,39131,Pike County,6,True
14006,OH,PUTNAM,39137,Putnam County,5,True
14006,OH,RICHLAND,39139,Richland County,3,True
14006,OH,SANDUSKY,39143,Sandusky County,3,True
14006,OH,SCIOTO,39145,Scioto County,15,True
14006,OH,SENECA,39147,Seneca County,10,True
14006,OH,STARK,39151,Stark County,6,True
14006,OH,SUMMIT,39153,Summit County,36,True
14006,OH,TUSCARAWAS,39157,Tuscarawas County,12,True
14006,OH,UNION,39159,Union County,5,True
14006,OH,VAN WERT,39161,Van Wert County,4,True
14006,OH,WASHINGTON,39167,Washington County,36,True
14006,OH,WAYNE,39169,Wayne County,12,True
14006,OH,WOOD,39173,Wood County,10,True
14006,OH,WYANDOT,39175,Wyandot County,5,True
14055,WA,OKANOGAN,53047,Okanogan County,5,True
14062,OK,CADDO,40015,Caddo County,22,True
14062,OK,CANADIAN,40017,Canadian County,20,True
14062,OK,CLEVELAND,40027,Cleveland County,99,True
14062,OK,GRADY,40051,Grady County,25,True
14062,OK,MCCLAIN,40087,McClain County,17,True
14062,OK,OKLAHOMA,40109,Oklahoma County,133,True
14062,OK,POTTAWATOMIE,40125,Pottawatomie County,15,True
14063,AR,CRAWFORD,05033,Crawford County,21,True
14063,AR,FRANKLIN,05047,Franklin County,21,True
14063,AR,JOHNSON,05071,Johnson County,9,True
14063,AR,LOGAN,05083,Logan County,3,True
14063,AR,SCOTT,05127,Scott County,4,True
14063,AR,SEBASTIAN,05131,Sebastian County,19,True
14063,AR,WASHINGTON,05143,Washington County,32,True
14063,OK,ADAIR,40001,Adair County,7,True
14063,OK,ALFALFA,40003,Alfalfa County,4,True
14063,OK,ATOKA,40005,Atoka County,8,True
14063,OK,BEAVER,40007,Beaver County,4,True
14063,OK,BECKHAM,40009,Beckham County,13,True
14063,OK,BLAINE,40011,Blaine County,19,True
14063,OK,BRYAN,40013,Bryan County,9,True
14063,OK,CADDO,40015,Caddo County,22,True
14063,OK,CANADIAN,40017,Canadian County,20,True
14063,OK,CARTER,40019,Carter County,10,True
14063,OK,CHEROKEE,40021,Cherokee County,21,True
14063,OK,CHOCTAW,40023,Choctaw County,0,False
14063,OK,CLEVELAND,40027,Cleveland County,99,True
14063,OK,COAL,40029,Coal County,9,True
14063,OK,CREEK,40037,Creek County,19,True
14063,OK,CUSTER,40039,Custer County,22,True
14063,OK,DEWEY,40043,Dewey County,10,True
14063,OK,ELLIS,40045,Ellis County,8,True
14063,OK,GARFIELD,40047,Garfield County,48,True
14063,OK,GARVIN,40049,Garvin County,22,True
14063,OK,GRADY,40051,Grady County,25,True
14063,OK,GRANT,40053,Grant County,6,True
14063,OK,HARPER,40059,Harper County,6,True
14063,OK,HASKELL,40061,Haskell County,7,True
14063,OK,HUGHES,40063,Hughes County,8,True
14063,OK,JEFFERSON,40067,Jefferson County,4,True
14063,OK,JOHNSTON,40069,Johnston County,19,True
14063,OK,KAY,40071,Kay County,48,True
14063,OK,KINGFISHER,40073,Kingfisher County,19,True
14063,OK,LE FLORE,40079,Le Flore County,14,True
14063,OK,LINCOLN,40081,Lincoln County,23,True
14063,OK,LOGAN,40083,Logan County,32,True
14063,OK,LOVE,40085,Love County,12,True
14063,OK,MAJOR,40093,Major County,16,True
14063,OK,MARSHALL,40095,Marshall County,6,True
14063,OK,MCCLAIN,40087,McClain County,17,True
14063,OK,MCINTOSH,40091,McIntosh County,16,True
14063,OK,MURRAY,40099,Murray County,15,True
14063,OK,MUSKOGEE,40101,Muskogee County,28,True
14063,OK,NOBLE,40103,Noble County,13,True
14063,OK,OKFUSKEE,40107,Okfuskee County,9,True
14063,OK,OKLAHOMA,40109,Oklahoma County,133,True
14063,OK,OKMULGEE,40111,Okmulgee County,19,True
14063,OK,OSAGE,40113,Osage County,29,True
14063,OK,PAWNEE,40117,Pawnee County,8,True
14063,OK,PAYNE,40119,Payne County,14,True
14063,OK,PITTSBURG,40121,Pittsburg County,23,True
14063,OK,PONTOTOC,40123,Pontotoc County,37,True
14063,OK,POTTAWATOMIE,40125,Pottawatomie County,15,True
14063,OK,ROGER MILLS,40129,Roger Mills County,12,True
14063,OK,SEMINOLE,40133,Seminole County,10,True
14063,OK,SEQUOYAH,40135,Sequoyah County,9,True
14063,OK,STEPHENS,40137,Stephens County,26,True
14063,OK,TULSA,40143,Tulsa County,87,True
14063,OK,WAGONER,40145,Wagoner County,16,True
14063,OK,WASHITA,40149,Washita County,17,True
14063,OK,WOODS,40151,Woods County,9,True
14063,OK,WOODWARD,40153,Woodward County,25,True
14109,OR,BAKER,41001,Baker County,9,True
14109,OR,GRANT,41023,Grant County,2,True
14109,OR,HARNEY,41025,Harney County,2,True
14109,OR,UNION,41061,Union County,2,True
14127,IA,POTTAWATTAMIE,19155,Pottawattamie County,27,True
14127,NE,BURT,31021,Burt County,7,True
14127,NE,CASS,31025,Cass County,22,True
14127,NE,COLFAX,31037,Colfax County,14,True
14127,NE,DODGE,31053,Dodge County,16,True
14127,NE,DOUGLAS,31055,Douglas County,46,True
14127,NE,JOHNSON,31097,Johnson County,2,True
14127,NE,LANCASTER,31109,Lancaster County,31,True
14127,NE,NEMAHA,31127,Nemaha County,13,True
14127,NE,OTOE,31131,Otoe County,7,True
14127,NE,PAWNEE,31133,Pawnee County,6,True
14127,NE,RICHARDSON,31147,Richardson County,12,True
14127,NE,SARPY,31153,Sarpy County,22,True
14127,NE,SAUNDERS,31155,Saunders County,23,True
14127,NE,WASHINGTON,31177,Washington County,17,True
14146,AL,LEE,01081,Lee County,7,True
14154,NY,ORANGE,36071,Orange County,28,True
14154,NY,ROCKLAND,36087,Rockland County,13,True
14154,NY,SULLIVAN,36105,Sullivan County,17,True
14164,SC,ORANGEBURG,45075,Orangeburg County,49,True
14170,WA,SAN JUAN,53055,San Juan County,0,False
14175,SC,CALHOUN,45017,Calhoun County,12,True
14175,SC,KERSHAW,45055,Kershaw County,23,True
14175,SC,LEXINGTON,45063,Lexington County,43,True
14175,SC,ORANGEBURG,45075,Orangeburg County,49,True
14175,SC,RICHLAND,45079,Richland County,94,True
14175,SC,SUMTER,45085,Sumter County,19,True
14194,OH,STARK,39151,Stark County,6,True
14194,OH,WAYNE,39169,Wayne County,12,True
14232,MN,BECKER,27005,Becker County,8,True
14232,MN,BELTRAMI,27007,Beltrami County,13,True
14232,MN,BIG STONE,27011,Big Stone County,11,True
14232,MN,CASS,27021,Cass County,23,True
14232,MN,CHIPPEWA,27023,Chippewa County,5,True
14232,MN,CLAY,27027,Clay County,8,True
14232,MN,CLEARWATER,27029,Clearwater County,0,False
14232,MN,DOUGLAS,27041,Douglas County,9,True
14232,MN,GRANT,27051,Grant County,3,True
14232,MN,KANDIYOHI,27067,Kandiyohi County,13,True
14232,MN,KITTSON,27069,Kittson County,2,True
14232,MN,LAC QUI PARLE,27073,Lac qui Parle County,4,True
14232,MN,LINCOLN,27081,Lincoln County,8,True
14232,MN,LYON,27083,Lyon County,10,True
14232,MN,MAHNOMEN,27087,Mahnomen County,0,False
14232,MN,MARSHALL,27089,Marshall County,10,True
14232,MN,NORMAN,27107,Norman County,4,True
14232,MN,OTTER TAIL,27111,Otter Tail County,22,True
14232,MN,PENNINGTON,27113,Pennington County,1,True
14232,MN,POLK,27119,Polk County,15,True
14232,MN,POPE,27121,Pope County,1,True
14232,MN,RED LAKE,27125,Red Lake County,0,False
14232,MN,REDWOOD,27127,Redwood County,5,True
14232,MN,ROSEAU,27135,Roseau County,9,True
14232,MN,STEVENS,27149,Stevens County,8,True
14232,MN,SWIFT,27151,Swift County,4,True
14232,MN,TODD,27153,Todd County,18,True
14232,MN,TRAVERSE,27155,Traverse County,4,True
14232,MN,WILKIN,27167,Wilkin County,3,True
14232,MN,YELLOW MEDICINE,27173,Yellow Medicine County,6,True
14232,ND,BARNES,38003,Barnes County,5,True
14232,ND,BENSON,38005,Benson County,7,True
14232,ND,BOTTINEAU,38009,Bottineau County,10,True
14232,ND,BURLEIGH,38015,Burleigh County,23,True
14232,ND,CASS,38017,Cass County,8,True
14232,ND,CAVALIER,38019,Cavalier County,2,True
14232,ND,DICKEY,38021,Dickey County,3,True
14232,ND,EDDY,38027,Eddy County,1,True
14232,ND,FOSTER,38031,Foster County,4,True
14232,ND,GRAND FORKS,38035,Grand Forks County,12,True
14232,ND,GRIGGS,38039,Griggs County,2,True
14232,ND,KIDDER,38043,Kidder County,3,True
14232,ND,LAMOURE,38045,LaMoure County,11,True
14232,ND,LOGAN,38047,Logan County,4,True
14232,ND,MCHENRY,38049,McHenry County,16,True
14232,ND,MCLEAN,38055,McLean County,17,True
14232,ND,MOUNTRAIL,38061,Mountrail County,17,True
14232,ND,NELSON,38063,Nelson County,2,True
14232,ND,PEMBINA,38067,Pembina County,7,True
14232,ND,PIERCE,38069,Pierce County,6,True
14232,ND,RAMSEY,38071,Ramsey County,3,True
14232,ND,RANSOM,38073,Ransom County,3,True
14232,ND,RENVILLE,38075,Renville County,10,True
14232,ND,RICHLAND,38077,Richland County,13,True
14232,ND,ROLETTE,38079,Rolette County,3,True
14232,ND,SARGENT,38081,Sargent County,1,True
14232,ND,SHERIDAN,38083,Sheridan County,3,True
14232,ND,STEELE,38091,Steele County,3,True
14232,ND,STUTSMAN,38093,Stutsman County,15,True
14232,ND,TOWNER,38095,Towner County,0,False
14232,ND,TRAILL,38097,Traill County,5,True
14232,ND,WALSH,38099,Walsh County,0,False
14232,ND,WARD,38101,Ward County,18,True
14232,ND,WELLS,38103,Wells County,4,True
14232,SD,BROOKINGS,46011,Brookings County,15,True
14232,SD,CODINGTON,46029,Codington County,20,True
14232,SD,DAY,46037,Day County,8,True
14232,SD,DEUEL,46039,Deuel County,4,True
14232,SD,GRANT,46051,Grant County,2,True
14232,SD,HAMLIN,46057,Hamlin County,11,True
14232,SD,KINGSBURY,46077,Kingsbury County,3,True
14232,SD,LAKE,46079,Lake County,5,True
14232,SD,MARSHALL,46091,Marshall County,10,True
14232,SD,MOODY,46101,Moody County,8,True
14232,SD,ROBERTS,46109,Roberts County,7,True
14245,NV,CLARK,32003,Clark County,13,True
14246,MN,STEELE,27147,Steele County,6,True
14251,KY,BOONE,21015,Boone County,4,True
14251,KY,CAMPBELL,21037,Campbell County,8,True
14251,KY,CARROLL,21041,Carroll County,9,True
14251,KY,GALLATIN,21077,Gallatin County,4,True
14251,KY,GRANT,21081,Grant County,5,True
14251,KY,KENTON,21117,Kenton County,6,True
14251,KY,OWEN,21187,Owen County,9,True
14251,KY,PENDLETON,21191,Pendleton County,4,True
14251,KY,SCOTT,21209,Scott County,6,True
14268,IN,SPENCER,18147,Spencer County,5,True
14268,KY,DAVIESS,21059,Daviess County,22,True
14275,MS,LAFAYETTE,28071,Lafayette County,8,True
14289,AR,BENTON,05007,Benton County,64,True
14289,AR,CRAWFORD,05033,Crawford County,21,True
14289,AR,FRANKLIN,05047,Franklin County,21,True
14289,AR,MADISON,05087,Madison County,8,True
14289,AR,WASHINGTON,05143,Washington County,32,True
14289,OK,ADAIR,40001,Adair County,7,True
14289,OK,CHEROKEE,40021,Cherokee County,21,True
14289,OK,DELAWARE,40041,Delaware County,15,True
14289,OK,SEQUOYAH,40135,Sequoyah County,9,True
14328,CA,ALAMEDA,06001,Alameda County,33,True
14328,CA,ALPINE,06003,Alpine County,2,True
14328,CA,AMADOR,06005,Amador County,0,False
14328,CA,BUTTE,06007,Butte County,14,True
14328,CA,CALAVERAS,06009,Calaveras County,0,False
14328,CA,COLUSA,06011,Colusa County,4,True
14328,CA,CONTRA COSTA,06013,Contra Costa County,13,True
14328,CA,EL DORADO,06017,El Dorado County,9,True
14328,CA,FRESNO,06019,Fresno County,9,True
14328,CA,GLENN,06021,Glenn County,3,True
14328,CA,HUMBOLDT,06023,Humboldt County,27,True
14328,CA,KERN,06029,Kern County,34,True
14328,CA,KINGS,06031,Kings County,3,True
14328,CA,LAKE,06033,Lake County,7,True
14328,CA,LASSEN,06035,Lassen County,5,True
14328,CA,MADERA,06039,Madera County,2,True
14328,CA,MARIN,06041,Marin County,15,True
14328,CA,MARIPOSA,06043,Mariposa County,3,True
14328,CA,MENDOCINO,06045,Mendocino County,21,True
14328,CA,MERCED,06047,Merced County,12,True
14328,CA,MODOC,06049,Modoc County,0,False
14328,CA,MONTEREY,06053,Monterey County,32,True
14328,CA,NAPA,06055,Napa County,4,True
14328,CA,NEVADA,06057,Nevada County,4,True
14328,CA,PLACER,06061,Placer County,13,True
14328,CA,PLUMAS,06063,Plumas County,3,True
14328,CA,SACRAMENTO,06067,Sacramento County,9,True
14328,CA,SAN BENITO,06069,San Benito County,1,True
14328,CA,SAN BERNARDINO,06071,San Bernardino County,49,True
14328,CA,SAN DIEGO,06073,San Diego County,70,True
14328,CA,SAN FRANCISCO,06075,San Francisco County,13,True
14328,CA,SAN JOAQUIN,06077,San Joaquin County,5,True
14328,CA,SAN LUIS OBISPO,06079,San Luis Obispo County,14,True
14328,CA,SAN MATEO,06081,San Mateo County,10,True
14328,CA,SANTA BARBARA,06083,Santa Barbara County,28,True
14328,CA,SANTA CLARA,06085,Santa Clara County,22,True
14328,CA,SANTA CRUZ,06087,Santa Cruz County,14,True
14328,CA,SHASTA,06089,Shasta County,5,True
14328,CA,SIERRA,06091,Sierra County,3,True
14328,CA,SISKIYOU,06093,Siskiyou County,1,True
14328,CA,SOLANO,06095,Solano County,5,True
14328,CA,SONOMA,06097,Sonoma County,33,True
14328,CA,STANISLAUS,06099,Stanislaus County,2,True
14328,CA,SUTTER,06101,Sutter County,3,True
14328,CA,TEHAMA,06103,Tehama County,15,True
14328,CA,TRINITY,06105,Trinity County,9,True
14328,CA,TULARE,06107,Tulare County,24,True
14328,CA,TUOLUMNE,06109,Tuolumne County,0,False
14328,CA,YOLO,06113,Yolo County,15,True
14328,CA,YUBA,06115,Yuba County,4,True
14354,CA,DEL NORTE,06015,Del Norte County,11,True
14354,CA,MODOC,06049,Modoc County,0,False
14354,CA,SHASTA,06089,Shasta County,5,True
14354,CA,SISKIYOU,06093,Siskiyou County,1,True
14354,ID,BANNOCK,16005,Bannock County,10,True
14354,ID,BEAR LAKE,16007,Bear Lake County,8,True
14354,ID,BINGHAM,16011,Bingham County,22,True
14354,ID,BONNEVILLE,16019,Bonneville County,17,True
14354,ID,BUTTE,16023,Butte County,30,True
14354,ID,CARIBOU,16029,Caribou County,5,True
14354,ID,CLARK,16033,Clark County,10,True
14354,ID,FRANKLIN,16041,Franklin County,2,True
14354,ID,FREMONT,16043,Fremont County,21,True
14354,ID,JEFFERSON,16051,Jefferson County,35,True
14354,ID,MADISON,16065,Madison County,12,True
14354,ID,ONEIDA,16071,Oneida County,0,False
14354,ID,POWER,16077,Power County,19,True
14354,ID,TETON,16081,Teton County,6,True
14354,OR,BENTON,41003,Benton County,2,True
14354,OR,CLATSOP,41007,Clatsop County,0,False
14354,OR,COOS,41011,Coos County,7,True
14354,OR,CROOK,41013,Crook County,1,True
14354,OR,DESCHUTES,41017,Deschutes County,1,True
14354,OR,DOUGLAS,41019,Douglas County,0,False
14354,OR,GILLIAM,41021,Gilliam County,1,True
14354,OR,HOOD RIVER,41027,Hood River County,0,False
14354,OR,JACKSON,41029,Jackson County,5,True
14354,OR,JEFFERSON,41031,Jefferson County,0,False
14354,OR,JOSEPHINE,41033,Josephine County,0,False
14354,OR,KLAMATH,41035,Klamath County,0,False
14354,OR,LAKE,41037,Lake County,1,True
14354,OR,LANE,41039,Lane County,2,True
14354,OR,LINCOLN,41041,Lincoln County,1,True
14354,OR,LINN,41043,Linn County,1,True
14354,OR,MARION,41047,Marion County,1,True
14354,OR,MORROW,41049,Morrow County,0,False
14354,OR,MULTNOMAH,41051,Multnomah County,0,False
14354,OR,POLK,41053,Polk County,2,True
14354,OR,SHERMAN,41055,Sherman County,2,True
14354,OR,TILLAMOOK,41057,Tillamook County,1,True
14354,OR,UMATILLA,41059,Umatilla County,3,True
14354,OR,WALLOWA,41063,Wallowa County,4,True
14354,OR,WASCO,41065,Wasco County,0,False
14354,UT,BEAVER,49001,Beaver County,4,True
14354,UT,BOX ELDER,49003,Box Elder County,24,True
14354,UT,CACHE,49005,Cache County,10,True
14354,UT,CARBON,49007,Carbon County,6,True
14354,UT,DAVIS,49011,Davis County,10,True
14354,UT,DUCHESNE,49013,Duchesne County,6,True
14354,UT,EMERY,49015,Emery County,6,True
14354,UT,GARFIELD,49017,Garfield County,6,True
14354,UT,GRAND,49019,Grand County,21,True
14354,UT,IRON,49021,Iron County,2,True
14354,UT,JUAB,49023,Juab County,7,True
14354,UT,MILLARD,49027,Millard County,10,True
14354,UT,MORGAN,49029,Morgan County,2,True
14354,UT,PIUTE,49031,Piute County,1,True
14354,UT,RICH,49033,Rich County,3,True
14354,UT,SALT LAKE,49035,Salt Lake County,16,True
14354,UT,SAN JUAN,49037,San Juan County,9,True
14354,UT,SANPETE,49039,Sanpete County,3,True
14354,UT,SEVIER,49041,Sevier County,3,True
14354,UT,SUMMIT,49043,Summit County,4,True
14354,UT,TOOELE,49045,Tooele County,88,True
14354,UT,UINTAH,49047,Uintah County,6,True
14354,UT,UTAH,49049,Utah County,22,True
14354,UT,WASATCH,49051,Wasatch County,5,True
14354,UT,WASHINGTON,49053,Washington County,13,True
14354,UT,WEBER,49057,Weber County,11,True
14354,WA,BENTON,53005,Benton County,0,False
14354,WA,COLUMBIA,53013,Columbia County,0,False
14354,WA,COWLITZ,53015,Cowlitz County,1,True
14354,WA,GARFIELD,53023,Garfield County,0,False
14354,WA,WALLA WALLA,53071,Walla Walla County,0,False
14354,WA,YAKIMA,53077,Yakima County,0,False
14354,WY,ALBANY,56001,Albany County,3,True
14354,WY,BIG HORN,56003,Big Horn County,7,True
14354,WY,CARBON,56007,Carbon County,16,True
14354,WY,CONVERSE,56009,Converse County,3,True
14354,WY,FREMONT,56013,Fremont County,15,True
14354,WY,HOT SPRINGS,56017,Hot Springs County,1,True
14354,WY,JOHNSON,56019,Johnson County,4,True
14354,WY,LINCOLN,56023,Lincoln County,2,True
14354,WY,NATRONA,56025,Natrona County,8,True
14354,WY,PARK,56029,Park County,1,True
14354,WY,PLATTE,56031,Platte County,17,True
14354,WY,SUBLETTE,56035,Sublette County,5,True
14354,WY,SWEETWATER,56037,Sweetwater County,5,True
14354,WY,UINTA,56041,Uinta County,15,True
14354,WY,WASHAKIE,56043,Washakie County,4,True
14371,KY,MCCRACKEN,21145,McCracken County,13,True
14381,OH,LAKE,39085,Lake County,20,True
14398,SC,ALLENDALE,45005,Allendale County,0,False
14398,SC,BEAUFORT,45013,Beaufort County,38,True
14398,SC,HAMPTON,45049,Hampton County,2,True
14398,SC,JASPER,45053,Jasper County,9,True
14401,CA,SANTA CLARA,06085,Santa Clara County,22,True
14455,TN,HENRY,47079,Henry County,16,True
14468,MN,DODGE,27039,Dodge County,14,True
14468,MN,FILLMORE,27045,Fillmore County,21,True
14468,MN,MOWER,27099,Mower County,16,True
14468,MN,OLMSTED,27109,Olmsted County,15,True
14468,MN,WABASHA,27157,Wabasha County,19,True
14468,MN,WINONA,27169,Winona County,22,True
14534,CA,LOS ANGELES,06037,Los Angeles County,49,True
14563,MS,COVINGTON,28031,Covington County,7,True
14563,MS,FORREST,28035,Forrest County,19,True
14563,MS,GEORGE,28039,George County,9,True
14563,MS,JACKSON,28059,Jackson County,11,True
14563,MS,JEFFERSON DAVIS,28065,Jefferson Davis County,14,True
14563,MS,LAMAR,28073,Lamar County,12,True
14563,MS,LAWRENCE,28077,Lawrence County,10,True
14563,MS,MARION,28091,Marion County,7,True
14563,MS,PEARL RIVER,28109,Pearl River County,8,True
14563,MS,PERRY,28111,Perry County,0,False
14563,MS,STONE,28131,Stone County,5,True
14563,MS,WALTHALL,28147,Walthall County,1,True
14606,FL,BREVARD,12009,Brevard County,13,True
14606,FL,DESOTO,12027,DeSoto County,0,False
14606,FL,HARDEE,12049,Hardee County,2,True
14606,FL,HIGHLANDS,12055,Highlands County,5,True
14606,FL,HILLSBOROUGH,12057,Hillsborough County,7,True
14606,FL,INDIAN RIVER,12061,Indian River County,8,True
14606,FL,MANATEE,12081,Manatee County,5,True
14606,FL,OSCEOLA,12097,Osceola County,8,True
14606,FL,POLK,12105,Polk County,6,True
14606,FL,SARASOTA,12115,Sarasota County,5,True
14610,FL,ORANGE,12095,Orange County,20,True
14610,FL,OSCEOLA,12097,Osceola County,8,True
14624,WA,ADAMS,53001,Adams County,1,True
14624,WA,DOUGLAS,53017,Douglas County,0,False
14624,WA,GRANT,53025,Grant County,0,False
14624,WA,KITTITAS,53037,Kittitas County,1,True
14624,WA,LINCOLN,53043,Lincoln County,2,True
14626,TX,BELL,48027,Bell County,54,True
14626,TX,BEXAR,48029,Bexar County,51,True
14626,TX,BLANCO,48031,Blanco County,18,True
14626,TX,BURNET,48053,Burnet County,19,True
14626,TX,CALDWELL,48055,Caldwell County,2,True
14626,TX,COMAL,48091,Comal County,14,True
14626,TX,EDWARDS,48137,Edwards County,3,True
14626,TX,GILLESPIE,48171,Gillespie County,4,True
14626,TX,GUADALUPE,48187,Guadalupe County,10,True
14626,TX,HAYS,48209,Hays County,25,True
14626,TX,KENDALL,48259,Kendall County,3,True
14626,TX,KERR,48265,Kerr County,4,True
14626,TX,KIMBLE,48267,Kimble County,5,True
14626,TX,KINNEY,48271,Kinney County,2,True
14626,TX,LAMPASAS,48281,Lampasas County,2,True
14626,TX,LLANO,48299,Llano County,11,True
14626,TX,MASON,48319,Mason County,5,True
14626,TX,MENARD,48327,Menard County,14,True
14626,TX,REAL,48385,Real County,2,True
14626,TX,SAN SABA,48411,San Saba County,9,True
14626,TX,SCHLEICHER,48413,Schleicher County,1,True
14626,TX,SUTTON,48435,Sutton County,3,True
14626,TX,TRAVIS,48453,Travis County,39,True
14626,TX,WILLIAMSON,48491,Williamson County,15,True
14668,WA,KITSAP,53035,Kitsap County,0,False
14668,WA,PIERCE,53053,Pierce County,0,False
14715,PA,BERKS,42011,Berks County,43,True
14715,PA,BRADFORD,42015,Bradford County,15,True
14715,PA,BUCKS,42017,Bucks County,16,True
14715,PA,CARBON,42025,Carbon County,11,True
14715,PA,CENTRE,42027,Centre County,15,True
14715,PA,CHESTER,42029,Chester County,43,True
14715,PA,CLINTON,42035,Clinton County,11,True
14715,PA,COLUMBIA,42037,Columbia County,13,True
14715,PA,CUMBERLAND,42041,Cumberland County,10,True
14715,PA,DAUPHIN,42043,Dauphin County,21,True
14715,PA,JUNIATA,42067,Juniata County,8,True
14715,PA,LACKAWANNA,42069,Lackawanna County,26,True
14715,PA,LANCASTER,42071,Lancaster County,23,True
14715,PA,LEBANON,42075,Lebanon County,5,True
14715,PA,LEHIGH,42077,Lehigh County,25,True
14715,PA,LUZERNE,42079,Luzerne County,37,True
14715,PA,LYCOMING,42081,Lycoming County,25,True
14715,PA,MIFFLIN,42087,Mifflin County,1,True
14715,PA,MONROE,42089,Monroe County,21,True
14715,PA,MONTGOMERY,42091,Montgomery County,21,True
14715,PA,MONTOUR,42093,Montour County,1,True
14715,PA,NORTHAMPTON,42095,Northampton County,19,True
14715,PA,NORTHUMBERLAND,42097,Northumberland County,13,True
14715,PA,PERRY,42099,Perry County,6,True
14715,PA,PIKE,42103,Pike County,5,True
14715,PA,SCHUYLKILL,42107,Schuylkill County,5,True
14715,PA,SNYDER,42109,Snyder County,8,True
14715,PA,SULLIVAN,42113,Sullivan County,6,True
14715,PA,SUSQUEHANNA,42115,Susquehanna County,46,True
14715,PA,UNION,42119,Union County,3,True
14715,PA,WAYNE,42127,Wayne County,13,True
14715,PA,WYOMING,42131,Wyoming County,6,True
14715,PA,YORK,42133,York County,22,True
14717,NC,ANSON,37007,Anson County,6,True
14717,NC,MONTGOMERY,37123,Montgomery County,6,True
14717,NC,MOORE,37125,Moore County,13,True
14717,NC,RICHMOND,37153,Richmond County,8,True
14717,NC,SCOTLAND,37165,Scotland County,15,True
14717,NC,STANLY,37167,Stanly County,7,True
14717,NC,UNION,37179,Union County,11,True
14724,KY,BUTLER,21031,Butler County,11,True
14724,KY,CHRISTIAN,21047,Christian County,15,True
14724,KY,GRANT,21081,Grant County,5,True
14724,KY,LIVINGSTON,21139,Livingston County,4,True
14724,KY,LOGAN,21141,Logan County,12,True
14724,KY,MUHLENBERG,21177,Muhlenberg County,17,True
14724,KY,TODD,21219,Todd County,5,True
14724,KY,TRIGG,21221,Trigg County,12,True
14775,OK,ATOKA,40005,Atoka County,8,True
14775,OK,CARTER,40019,Carter County,10,True
14775,OK,COAL,40029,Coal County,9,True
14775,OK,GARVIN,40049,Garvin County,22,True
14775,OK,HUGHES,40063,Hughes County,8,True
14775,OK,JOHNSTON,40069,Johnston County,19,True
14775,OK,MCCLAIN,40087,McClain County,17,True
14775,OK,MURRAY,40099,Murray County,15,True
14775,OK,PITTSBURG,40121,Pittsburg County,23,True
14775,OK,PONTOTOC,40123,Pontotoc County,37,True
14775,OK,SEMINOLE,40133,Seminole County,10,True
14839,IN,CASS,18017,Cass County,15,True
14839,IN,MIAMI,18103,Miami County,4,True
14864,AR,CLEBURNE,05023,Cleburne County,4,True
14864,AR,CONWAY,05029,Conway County,9,True
14864,AR,FAULKNER,05045,Faulkner County,23,True
14864,AR,MARION,05089,Marion County,15,True
14864,AR,NEWTON,05101,Newton County,5,True
14864,AR,POPE,05115,Pope County,13,True
14864,AR,SEARCY,05129,Searcy County,5,True
14864,AR,STONE,05137,Stone County,6,True
14864,AR,VAN BUREN,05141,Van Buren County,3,True
14940,PA,BUCKS,42017,Bucks County,16,True
14940,PA,CHESTER,42029,Chester County,43,True
14940,PA,DELAWARE,42045,Delaware County,4,True
14940,PA,MONTGOMERY,42091,Montgomery County,21,True
14940,PA,PHILADELPHIA,42101,Philadelphia County,16,True
14940,PA,YORK,42133,York County,22,True
15016,TN,CHESTER,47023,Chester County,2,True
15016,TN,HARDEMAN,47069,Hardeman County,3,True
15016,TN,HARDIN,47071,Hardin County,4,True
15016,TN,MCNAIRY,47109,McNairy County,1,True
15023,NC,ALAMANCE,37001,Alamance County,8,True
15023,NC,CASWELL,37033,Caswell County,10,True
15023,NC,CHATHAM,37037,Chatham County,12,True
15023,NC,DURHAM,37063,Durham County,28,True
15023,NC,GRANVILLE,37077,Granville County,9,True
15023,NC,ORANGE,37135,Orange County,9,True
15023,NC,PERSON,37145,Person County,11,True
15045,PA,PIKE,42103,Pike County,5,True
15048,AZ,PINAL,04021,Pinal County,25,True
15054,OH,AUGLAIZE,39011,Auglaize County,5,True
15054,OH,CHAMPAIGN,39021,Champaign County,2,True
15054,OH,CLARK,39023,Clark County,11,True
15054,OH,DARKE,39037,Darke County,7,True
15054,OH,LOGAN,39091,Logan County,17,True
15054,OH,MADISON,39097,Madison County,6,True
15054,OH,MERCER,39107,Mercer County,11,True
15054,OH,MIAMI,39109,Miami County,11,True
15054,OH,MONTGOMERY,39113,Montgomery County,14,True
15054,OH,SHELBY,39149,Shelby County,10,True
15054,OH,UNION,39159,Union County,5,True
15073,KS,FINNEY,20055,Finney County,39,True
15073,KS,GRANT,20067,Grant County,13,True
15073,KS,GRAY,20069,Gray County,17,True
15073,KS,HAMILTON,20075,Hamilton County,19,True
15073,KS,HASKELL,20081,Haskell County,11,True
15073,KS,KEARNY,20093,Kearny County,7,True
15073,KS,MORTON,20129,Morton County,9,True
15073,KS,SEWARD,20175,Seward County,13,True
15073,KS,STANTON,20187,Stanton County,6,True
15073,KS,STEVENS,20189,Stevens County,8,True
15095,OH,MIAMI,39109,Miami County,11,True
15138,MO,BUCHANAN,29021,Buchanan County,15,True
15138,MO,CALDWELL,29025,Caldwell County,3,True
15138,MO,CLAY,29047,Clay County,29,True
15138,MO,CLINTON,29049,Clinton County,15,True
15138,MO,DEKALB,29063,DeKalb County,3,True
15138,MO,PLATTE,29165,Platte County,19,True
15138,MO,RAY,29177,Ray County,13,True
15141,TN,MORGAN,47129,Morgan County,7,True
15141,TN,SCOTT,47151,Scott County,14,True
15159,WI,FOND DU LAC,55039,Fond du Lac County,7,True
15159,WI,SHEBOYGAN,55117,Sheboygan County,7,True
15175,LA,IBERVILLE,22047,Iberville Parish,7,True
15175,LA,POINTE COUPEE,22077,Pointe Coupee Parish,12,True
15175,LA,WEST BATON ROUGE,22121,West Baton Rouge Parish,4,True
15202,OK,KAY,40071,Kay County,48,True
15202,OK,OSAGE,40113,Osage County,29,True
15229,MO,BUTLER,29023,Butler County,10,True
15248,OR,CLACKAMAS,41005,Clackamas County,1,True
15248,OR,COLUMBIA,41009,Columbia County,0,False
15248,OR,MARION,41047,Marion County,1,True
15248,OR,MULTNOMAH,41051,Multnomah County,0,False
15248,OR,POLK,41053,Polk County,2,True
15248,OR,WASHINGTON,41067,Washington County,2,True
15248,OR,YAMHILL,41071,Yamhill County,1,True
15257,CO,BOULDER,08013,Boulder County,8,True
15257,CO,LARIMER,08069,Larimer County,14,True
15257,CO,WELD,08123,Weld County,58,True
15263,MD,ALLEGANY,24001,Allegany County,11,True
15263,MD,CARROLL,24013,Carroll County,24,True
15263,MD,FREDERICK,24021,Frederick County,17,True
15263,MD,GARRETT,24023,Garrett County,9,True
15263,MD,HOWARD,24027,Howard County,9,True
15263,MD,MONTGOMERY,24031,Montgomery County,36,True
15263,MD,WASHINGTON,24043,Washington County,12,True
15263,WV,BERKELEY,54003,Berkeley County,19,True
15263,WV,GRANT,54023,Grant County,2,True
15263,WV,HAMPSHIRE,54027,Hampshire County,8,True
15263,WV,HARDY,54031,Hardy County,3,True
15263,WV,JEFFERSON,54037,Jefferson County,9,True
15263,WV,MINERAL,54057,Mineral County,7,True
15263,WV,MORGAN,54065,Morgan County,11,True
15263,WV,PENDLETON,54071,Pendleton County,3,True
15291,IA,CERRO GORDO,19033,Cerro Gordo County,15,True
15291,IA,FRANKLIN,19069,Franklin County,4,True
15291,IA,HAMILTON,19079,Hamilton County,10,True
15291,IA,HANCOCK,19081,Hancock County,6,True
15291,IA,HARDIN,19083,Hardin County,15,True
15291,IA,HUMBOLDT,19091,Humboldt County,10,True
15291,IA,KOSSUTH,19109,Kossuth County,30,True
15291,IA,WEBSTER,19187,Webster County,14,True
15291,IA,WINNEBAGO,19189,Winnebago County,9,True
15291,IA,WORTH,19195,Worth County,10,True
15291,IA,WRIGHT,19197,Wright County,18,True
15293,TN,CLAIBORNE,47025,Claiborne County,7,True
15293,TN,GRAINGER,47057,Grainger County,6,True
15293,TN,HANCOCK,47067,Hancock County,6,True
15293,TN,HAWKINS,47073,Hawkins County,6,True
15293,TN,UNION,47173,Union County,4,True
15293,VA,LEE,51105,Lee County,8,True
15293,VA,SCOTT,51169,Scott County,2,True
15293,VA,WISE,51195,Wise County,4,True
15340,MI,ALCONA,26001,Alcona County,0,False
15340,MI,ALPENA,26007,Alpena County,1,True
15340,MI,CHEBOYGAN,26031,Cheboygan County,1,True
15340,MI,EMMET,26047,Emmet County,0,False
15340,MI,MACKINAC,26097,Mackinac County,0,False
15340,MI,MONTMORENCY,26119,Montmorency County,0,False
15340,MI,OSCODA,26135,Oscoda County,1,True
15340,MI,OTSEGO,26137,Otsego County,7,True
15340,MI,PRESQUE ISLE,26141,Presque Isle County,0,False
15410,VA,DINWIDDIE,51053,Dinwiddie County,10,True
15410,VA,ISLE OF WIGHT,51093,Isle of Wight County,7,True
15410,VA,PRINCE GEORGE,51149,Prince George County,18,True
15410,VA,SOUTHAMPTON,51175,Southampton County,10,True
15410,VA,SURRY,51181,Surry County,7,True
15410,VA,SUSSEX,51183,Sussex County,17,True
15419,WA,GRAYS HARBOR,53027,Grays Harbor County,1,True
15419,WA,KITSAP,53035,Kitsap County,0,False
15419,WA,MASON,53045,Mason County,0,False
15419,WA,PIERCE,53053,Pierce County,0,False
15444,UT,UTAH,49049,Utah County,22,True
15466,CO,ADAMS,08001,Adams County,38,True
15466,CO,ALAMOSA,08003,Alamosa County,0,False
15466,CO,ARAPAHOE,08005,Arapahoe County,27,True
15466,CO,ARCHULETA,08007,Archuleta County,1,True
15466,CO,BACA,08009,Baca County,7,True
15466,CO,BENT,08011,Bent County,6,True
15466,CO,BOULDER,08013,Boulder County,8,True
15466,CO,CHAFFEE,08015,Chaffee County,0,False
15466,CO,CLEAR CREEK,08019,Clear Creek County,0,False
15466,CO,CONEJOS,08021,Conejos County,0,False
15466,CO,COSTILLA,08023,Costilla County,0,False
15466,CO,CROWLEY,08025,Crowley County,8,True
15466,CO,CUSTER,08027,Custer County,2,True
15466,CO,DELTA,08029,Delta County,0,False
15466,CO,DENVER,08031,Denver County,37,True
15466,CO,DOLORES,08033,Dolores County,0,False
15466,CO,DOUGLAS,08035,Douglas County,12,True
15466,CO,EAGLE,08037,Eagle County,6,True
15466,CO,EL PASO,08041,El Paso County,55,True
15466,CO,ELBERT,08039,Elbert County,34,True
15466,CO,FREMONT,08043,Fremont County,10,True
15466,CO,GARFIELD,08045,Garfield County,12,True
15466,CO,GILPIN,08047,Gilpin County,0,False
15466,CO,GRAND,08049,Grand County,1,True
15466,CO,GUNNISON,08051,Gunnison County,4,True
15466,CO,HINSDALE,08053,Hinsdale County,1,True
15466,CO,HUERFANO,08055,Huerfano County,4,True
15466,CO,JEFFERSON,08059,Jefferson County,9,True
15466,CO,KIOWA,08061,Kiowa County,2,True
15466,CO,LA PLATA,08067,La Plata County,9,True
15466,CO,LAKE,08065,Lake County,0,False
15466,CO,LARIMER,08069,Larimer County,14,True
15466,CO,LAS ANIMAS,08071,Las Animas County,4,True
15466,CO,LOGAN,08075,Logan County,33,True
15466,CO,MESA,08077,Mesa County,10,True
15466,CO,MINERAL,08079,Mineral County,1,True
15466,CO,MOFFAT,08081,Moffat County,8,True
15466,CO,MONTEZUMA,08083,Montezuma County,4,True
15466,CO,MONTROSE,08085,Montrose County,4,True
15466,CO,MORGAN,08087,Morgan County,22,True
15466,CO,OTERO,08089,Otero County,13,True
15466,CO,OURAY,08091,Ouray County,2,True
15466,CO,PARK,08093,Park County,1,True
15466,CO,PITKIN,08097,Pitkin County,3,True
15466,CO,PROWERS,08099,Prowers County,25,True
15466,CO,PUEBLO,08101,Pueblo County,33,True
15466,CO,RIO BLANCO,08103,Rio Blanco County,6,True
15466,CO,RIO GRANDE,08105,Rio Grande County,3,True
15466,CO,ROUTT,08107,Routt County,3,True
15466,CO,SAGUACHE,08109,Saguache County,2,True
15466,CO,SAN MIGUEL,08113,San Miguel County,4,True
15466,CO,SUMMIT,08117,Summit County,1,True
15466,CO,TELLER,08119,Teller County,2,True
15466,CO,WASHINGTON,08121,Washington County,40,True
15466,CO,WELD,08123,Weld County,58,True
15466,CO,YUMA,08125,Yuma County,83,True
15470,IN,BARTHOLOMEW,18005,Bartholomew County,2,True
15470,IN,BENTON,18007,Benton County,2,True
15470,IN,BOONE,18011,Boone County,6,True
15470,IN,BROWN,18013,Brown County,4,True
15470,IN,CARROLL,18015,Carroll County,2,True
15470,IN,CASS,18017,Cass County,15,True
15470,IN,CLARK,18019,Clark County,11,True
15470,IN,CLAY,18021,Clay County,6,True
15470,IN,CLINTON,18023,Clinton County,3,True
15470,IN,CRAWFORD,18025,Crawford County,8,True
15470,IN,DAVIESS,18027,Daviess County,7,True
15470,IN,DEARBORN,18029,Dearborn County,4,True
15470,IN,DECATUR,18031,Decatur County,5,True
15470,IN,DELAWARE,18035,Delaware County,4,True
15470,IN,DUBOIS,18037,Dubois County,16,True
15470,IN,FAYETTE,18041,Fayette County,3,True
15470,IN,FLOYD,18043,Floyd County,7,True
15470,IN,FOUNTAIN,18045,Fountain County,0,False
15470,IN,FRANKLIN,18047,Franklin County,7,True
15470,IN,FULTON,18049,Fulton County,2,True
15470,IN,GIBSON,18051,Gibson County,22,True
15470,IN,GRANT,18053,Grant County,8,True
15470,IN,GREENE,18055,Greene County,7,True
15470,IN,HAMILTON,18057,Hamilton County,8,True
15470,IN,HANCOCK,18059,Hancock County,1,True
15470,IN,HARRISON,18061,Harrison County,16,True
15470,IN,HENDRICKS,18063,Hendricks County,3,True
15470,IN,HENRY,18065,Henry County,4,True
15470,IN,HOWARD,18067,Howard County,7,True
15470,IN,HUNTINGTON,18069,Huntington County,9,True
15470,IN,JACKSON,18071,Jackson County,1,True
15470,IN,JEFFERSON,18077,Jefferson County,6,True
15470,IN,JENNINGS,18079,Jennings County,3,True
15470,IN,JOHNSON,18081,Johnson County,3,True
15470,IN,KNOX,18083,Knox County,17,True
15470,IN,KOSCIUSKO,18085,Kosciusko County,7,True
15470,IN,LAWRENCE,18093,Lawrence County,4,True
15470,IN,MADISON,18095,Madison County,6,True
15470,IN,MARION,18097,Marion County,18,True
15470,IN,MARTIN,18101,Martin County,4,True
15470,IN,MIAMI,18103,Miami County,4,True
15470,IN,MONROE,18105,Monroe County,10,True
15470,IN,MONTGOMERY,18107,Montgomery County,8,True
15470,IN,MORGAN,18109,Morgan County,5,True
15470,IN,OHIO,18115,Ohio County,2,True
15470,IN,ORANGE,18117,Orange County,2,True
15470,IN,OWEN,18119,Owen County,3,True
15470,IN,PARKE,18121,Parke County,1,True
15470,IN,PIKE,18125,Pike County,11,True
15470,IN,POSEY,18129,Posey County,19,True
15470,IN,PUTNAM,18133,Putnam County,7,True
15470,IN,RANDOLPH,18135,Randolph County,2,True
15470,IN,RIPLEY,18137,Ripley County,16,True
15470,IN,RUSH,18139,Rush County,7,True
15470,IN,SCOTT,18143,Scott County,5,True
15470,IN,SHELBY,18145,Shelby County,6,True
15470,IN,SULLIVAN,18153,Sullivan County,2,True
15470,IN,SWITZERLAND,18155,Switzerland County,6,True
15470,IN,TIPPECANOE,18157,Tippecanoe County,2,True
15470,IN,TIPTON,18159,Tipton County,4,True
15470,IN,UNION,18161,Union County,2,True
15470,IN,VERMILLION,18165,Vermillion County,1,True
15470,IN,VIGO,18167,Vigo County,11,True
15470,IN,WABASH,18169,Wabash County,6,True
15470,IN,WARREN,18171,Warren County,1,True
15470,IN,WARRICK,18173,Warrick County,25,True
15470,IN,WASHINGTON,18175,Washington County,5,True
15470,IN,WAYNE,18177,Wayne County,15,True
15470,IN,WELLS,18179,Wells County,11,True
15470,IN,WHITE,18181,White County,0,False
15470,IN,WHITLEY,18183,Whitley County,7,True
15472,NH,BELKNAP,33001,Belknap County,4,True
15472,NH,CARROLL,33003,Carroll County,13,True
15472,NH,CHESHIRE,33005,Cheshire County,26,True
15472,NH,COOS,33007,Coos County,27,True
15472,NH,GRAFTON,33009,Grafton County,36,True
15472,NH,HILLSBOROUGH,33011,Hillsborough County,30,True
15472,NH,MERRIMACK,33013,Merrimack County,13,True
15472,NH,ROCKINGHAM,33015,Rockingham County,22,True
15472,NH,STRAFFORD,33017,Strafford County,7,True
15472,NH,SULLIVAN,33019,Sullivan County,9,True
15474,OK,ATOKA,40005,Atoka County,8,True
15474,OK,BECKHAM,40009,Beckham County,13,True
15474,OK,BLAINE,40011,Blaine County,19,True
15474,OK,CADDO,40015,Caddo County,22,True
15474,OK,CHEROKEE,40021,Cherokee County,21,True
15474,OK,CHOCTAW,40023,Choctaw County,0,False
15474,OK,COAL,40029,Coal County,9,True
15474,OK,COMANCHE,40031,Comanche County,35,True
15474,OK,COTTON,40033,Cotton County,15,True
15474,OK,CRAIG,40035,Craig County,2,True
15474,OK,CREEK,40037,Creek County,19,True
15474,OK,CUSTER,40039,Custer County,22,True
15474,OK,DELAWARE,40041,Delaware County,15,True
15474,OK,DEWEY,40043,Dewey County,10,True
15474,OK,GRADY,40051,Grady County,25,True
15474,OK,GREER,40055,Greer County,9,True
15474,OK,HARMON,40057,Harmon County,13,True
15474,OK,HASKELL,40061,Haskell County,7,True
15474,OK,HUGHES,40063,Hughes County,8,True
15474,OK,JACKSON,40065,Jackson County,43,True
15474,OK,JEFFERSON,40067,Jefferson County,4,True
15474,OK,JOHNSTON,40069,Johnston County,19,True
15474,OK,KAY,40071,Kay County,48,True
15474,OK,KIOWA,40075,Kiowa County,24,True
15474,OK,LATIMER,40077,Latimer County,2,True
15474,OK,LE FLORE,40079,Le Flore County,14,True
15474,OK,MAYES,40097,Mayes County,13,True
15474,OK,MCCLAIN,40087,McClain County,17,True
15474,OK,MCCURTAIN,40089,McCurtain County,21,True
15474,OK,MCINTOSH,40091,McIntosh County,16,True
15474,OK,NOWATA,40105,Nowata County,5,True
15474,OK,OKFUSKEE,40107,Okfuskee County,9,True
15474,OK,OKMULGEE,40111,Okmulgee County,19,True
15474,OK,OSAGE,40113,Osage County,29,True
15474,OK,OTTAWA,40115,Ottawa County,36,True
15474,OK,PITTSBURG,40121,Pittsburg County,23,True
15474,OK,PONTOTOC,40123,Pontotoc County,37,True
15474,OK,PUSHMATAHA,40127,Pushmataha County,3,True
15474,OK,ROGER MILLS,40129,Roger Mills County,12,True
15474,OK,ROGERS,40131,Rogers County,34,True
15474,OK,STEPHENS,40137,Stephens County,26,True
15474,OK,TILLMAN,40141,Tillman County,50,True
15474,OK,TULSA,40143,Tulsa County,87,True
15474,OK,WAGONER,40145,Wagoner County,16,True
15474,OK,WASHINGTON,40147,Washington County,9,True
15474,OK,WASHITA,40149,Washita County,17,True
15477,NJ,BERGEN,34003,Bergen County,31,True
15477,NJ,BURLINGTON,34005,Burlington County,41,True
15477,NJ,CAMDEN,34007,Camden County,7,True
15477,NJ,ESSEX,34013,Essex County,16,True
15477,NJ,GLOUCESTER,34015,Gloucester County,9,True
15477,NJ,HUDSON,34017,Hudson County,7,True
15477,NJ,MERCER,34021,Mercer County,7,True
15477,NJ,MIDDLESEX,34023,Middlesex County,14,True
15477,NJ,MONMOUTH,34025,Monmouth County,26,True
15477,NJ,MORRIS,34027,Morris County,19,True
15477,NJ,PASSAIC,34031,Passaic County,14,True
15477,NJ,SALEM,34033,Salem County,7,True
15477,NJ,SOMERSET,34035,Somerset County,26,True
15477,NJ,UNION,34039,Union County,16,True
15500,WA,ISLAND,53029,Island County,0,False
15500,WA,KING,53033,King County,0,False
15500,WA,KITSAP,53035,Kitsap County,0,False
15500,WA,KITTITAS,53037,Kittitas County,1,True
15500,WA,PIERCE,53053,Pierce County,0,False
15500,WA,SKAGIT,53057,Skagit County,1,True
15500,WA,THURSTON,53067,Thurston County,0,False
15500,WA,WHATCOM,53073,Whatcom County,1,True
15507,TN,GILES,47055,Giles County,7,True
15507,TN,LINCOLN,47103,Lincoln County,25,True
15671,NC,ALAMANCE,37001,Alamance County,8,True
15671,NC,CHATHAM,37037,Chatham County,12,True
15671,NC,MONTGOMERY,37123,Montgomery County,6,True
15671,NC,MOORE,37125,Moore County,13,True
15671,NC,RANDOLPH,37151,Randolph County,27,True
15700,GA,CLARKE,13059,Clarke County,1,True
15700,GA,GREENE,13133,Greene County,0,False
15700,GA,HANCOCK,13141,Hancock County,0,False
15700,GA,LINCOLN,13181,Lincoln County,4,True
15700,GA,MADISON,13195,Madison County,2,True
15700,GA,MORGAN,13211,Morgan County,1,True
15700,GA,OCONEE,13219,Oconee County,1,True
15700,GA,OGLETHORPE,13221,Oglethorpe County,4,True
15700,GA,TALIAFERRO,13265,Taliaferro County,1,True
15700,GA,WILKES,13317,Wilkes County,2,True
15748,MA,MIDDLESEX,25017,Middlesex County,24,True
15783,CA,SHASTA,06089,Shasta County,5,True
15978,WI,RICHLAND,55103,Richland County,6,True
15979,WA,BENTON,53005,Benton County,0,False
15989,IN,WAYNE,18177,Wayne County,15,True
16057,NM,EDDY,35015,Eddy County,12,True
16057,NM,OTERO,35035,Otero County,5,True
16057,TX,BREWSTER,48043,Brewster County,10,True
16057,TX,CROCKETT,48105,Crockett County,6,True
16057,TX,CULBERSON,48109,Culberson County,0,False
16057,TX,DIMMIT,48127,Dimmit County,2,True
16057,TX,EDWARDS,48137,Edwards County,3,True
16057,TX,EL PASO,48141,El Paso County,5,True
16057,TX,HUDSPETH,48229,Hudspeth County,2,True
16057,TX,JEFF DAVIS,48243,Jeff Davis County,2,True
16057,TX,KINNEY,48271,Kinney County,2,True
16057,TX,MAVERICK,48323,Maverick County,0,False
16057,TX,PECOS,48371,Pecos County,31,True
16057,TX,PRESIDIO,48377,Presidio County,0,False
16057,TX,REEVES,48389,Reeves County,2,True
16057,TX,TERRELL,48443,Terrell County,6,True
16057,TX,UVALDE,48463,Uvalde County,3,True
16057,TX,VAL VERDE,48465,Val Verde County,6,True
16057,TX,WEBB,48479,Webb County,17,True
16057,TX,ZAVALA,48507,Zavala County,2,True
16060,WI,BUFFALO,55011,Buffalo County,9,True
16060,WI,EAU CLAIRE,55035,Eau Claire County,8,True
16060,WI,JACKSON,55053,Jackson County,11,True
16060,WI,LA CROSSE,55063,La Crosse County,17,True
16060,WI,PEPIN,55091,Pepin County,2,True
16060,WI,TREMPEALEAU,55121,Trempealeau County,18,True
16063,TX,DALLAM,48111,Dallam County,12,True
16063,TX,HANSFORD,48195,Hansford County,13,True
16063,TX,HARTLEY,48205,Hartley County,8,True
16063,TX,HUTCHINSON,48233,Hutchinson County,20,True
16063,TX,MOORE,48341,Moore County,11,True
16063,TX,OLDHAM,48359,Oldham County,9,True
16063,TX,POTTER,48375,Potter County,18,True
16063,TX,SHERMAN,48421,Sherman County,14,True
16088,CA,RIVERSIDE,06065,Riverside County,33,True
16101,NC,BERTIE,37015,Bertie County,5,True
16101,NC,CHOWAN,37041,Chowan County,3,True
16101,NC,GATES,37073,Gates County,7,True
16101,NC,HALIFAX,37083,Halifax County,5,True
16101,NC,HERTFORD,37091,Hertford County,6,True
16101,NC,NORTHAMPTON,37131,Northampton County,2,True
16101,NC,PERQUIMANS,37143,Perquimans County,5,True
16146,TX,BRAZOS,48041,Brazos County,11,True
16146,TX,FALLS,48145,Falls County,10,True
16146,TX,FREESTONE,48161,Freestone County,11,True
16146,TX,HILL,48217,Hill County,31,True
16146,TX,LEON,48289,Leon County,12,True
16146,TX,LIMESTONE,48293,Limestone County,30,True
16146,TX,MADISON,48313,Madison County,14,True
16146,TX,MCLENNAN,48309,McLennan County,37,True
16146,TX,ROBERTSON,48395,Robertson County,5,True
16179,IL,LEE,17103,Lee County,9,True
16179,IL,OGLE,17141,Ogle County,19,True
16181,MN,OLMSTED,27109,Olmsted County,15,True
16183,NY,ALLEGANY,36003,Allegany County,24,True
16183,NY,GENESEE,36037,Genesee County,14,True
16183,NY,LIVINGSTON,36051,Livingston County,21,True
16183,NY,MONROE,36055,Monroe County,25,True
16183,NY,ONTARIO,36069,Ontario County,80,True
16183,NY,WAYNE,36117,Wayne County,24,True
16183,NY,WYOMING,36121,Wyoming County,12,True
16195,SC,YORK,45091,York County,16,True
16196,IL,BOONE,17007,Boone County,6,True
16196,IL,MCHENRY,17111,McHenry County,49,True
16196,IL,STEPHENSON,17177,Stephenson County,24,True
16196,IL,WINNEBAGO,17201,Winnebago County,44,True
16196,WI,DANE,55025,Dane County,60,True
16196,WI,GREEN,55045,Green County,20,True
16196,WI,ROCK,55105,Rock County,41,True
16196,WI,WALWORTH,55127,Walworth County,19,True
16213,NJ,BERGEN,34003,Bergen County,31,True
16213,NJ,PASSAIC,34031,Passaic County,14,True
16213,NJ,SUSSEX,34037,Sussex County,28,True
16223,TN,ROANE,47145,Roane County,8,True
16226,NC,EDGECOMBE,37065,Edgecombe County,3,True
16226,NC,NASH,37127,Nash County,10,True
16259,MO,PHELPS,29161,Phelps County,41,True
16286,SD,GREGORY,46053,Gregory County,17,True
16286,SD,LYMAN,46085,Lyman County,13,True
16286,SD,MELLETTE,46095,Mellette County,12,True
16286,SD,TRIPP,46123,Tripp County,23,True
16295,CA,PLACER,06061,Placer County,13,True
16368,MN,DOUGLAS,27041,Douglas County,9,True
16368,MN,GRANT,27051,Grant County,3,True
16368,MN,OTTER TAIL,27111,Otter Tail County,22,True
16368,MN,POPE,27121,Pope County,1,True
16368,MN,STEARNS,27145,Stearns County,16,True
16368,MN,STEVENS,27149,Stevens County,8,True
16368,MN,TODD,27153,Todd County,18,True
16382,OK,CARTER,40019,Carter County,10,True
16382,OK,COMANCHE,40031,Comanche County,35,True
16382,OK,GARVIN,40049,Garvin County,22,True
16382,OK,GRADY,40051,Grady County,25,True
16382,OK,MCCLAIN,40087,McClain County,17,True
16382,OK,STEPHENS,40137,Stephens County,26,True
16461,TX,GREGG,48183,Gregg County,12,True
16461,TX,NACOGDOCHES,48347,Nacogdoches County,27,True
16461,TX,PANOLA,48365,Panola County,18,True
16461,TX,RUSK,48401,Rusk County,37,True
16461,TX,SHELBY,48419,Shelby County,22,True
16463,LA,LINCOLN,22061,Lincoln Parish,4,True
16496,NC,BURKE,37023,Burke County,19,True
16496,NC,CALDWELL,37027,Caldwell County,11,True
16496,NC,CATAWBA,37035,Catawba County,12,True
16496,NC,CLEVELAND,37045,Cleveland County,11,True
16496,NC,GASTON,37071,Gaston County,16,True
16496,NC,LINCOLN,37109,Lincoln County,5,True
16496,NC,MCDOWELL,37111,McDowell County,11,True
16496,NC,MITCHELL,37121,Mitchell County,4,True
16496,NC,POLK,37149,Polk County,7,True
16496,NC,RUTHERFORD,37161,Rutherford County,15,True
16534,CA,PLACER,06061,Placer County,13,True
16534,CA,SACRAMENTO,06067,Sacramento County,9,True
16555,OR,MARION,41047,Marion County,1,True
16555,OR,POLK,41053,Polk County,2,True
16565,ID,BLAINE,16013,Blaine County,2,True
16565,ID,CUSTER,16037,Custer County,3,True
16565,ID,LEMHI,16059,Lemhi County,4,True
16572,AZ,GILA,04007,Gila County,12,True
16572,AZ,MARICOPA,04013,Maricopa County,80,True
16572,AZ,PINAL,04021,Pinal County,25,True
16587,KY,ANDERSON,21005,Anderson County,6,True
16587,KY,BULLITT,21029,Bullitt County,5,True
16587,KY,JEFFERSON,21111,Jefferson County,28,True
16587,KY,LARUE,21123,Larue County,11,True
16587,KY,MARION,21155,Marion County,2,True
16587,KY,MERCER,21167,Mercer County,4,True
16587,KY,NELSON,21179,Nelson County,17,True
16587,KY,SHELBY,21211,Shelby County,3,True
16587,KY,SPENCER,21215,Spencer County,2,True
16587,KY,WASHINGTON,21229,Washington County,6,True
16603,CO,ALAMOSA,08003,Alamosa County,0,False
16603,CO,CONEJOS,08021,Conejos County,0,False
16603,CO,COSTILLA,08023,Costilla County,0,False
16603,CO,HINSDALE,08053,Hinsdale County,1,True
16603,CO,MINERAL,08079,Mineral County,1,True
16603,CO,RIO GRANDE,08105,Rio Grande County,3,True
16603,CO,SAGUACHE,08109,Saguache County,2,True
16604,TX,ATASCOSA,48013,Atascosa County,8,True
16604,TX,BANDERA,48019,Bandera County,6,True
16604,TX,BEXAR,48029,Bexar County,51,True
16604,TX,COMAL,48091,Comal County,14,True
16604,TX,GUADALUPE,48187,Guadalupe County,10,True
16604,TX,KENDALL,48259,Kendall County,3,True
16604,TX,MEDINA,48325,Medina County,9,True
16604,TX,WILSON,48493,Wilson County,7,True
16606,SC,CLARENDON,45027,Clarendon County,9,True
16606,SC,FLORENCE,45041,Florence County,23,True
16606,SC,GEORGETOWN,45043,Georgetown County,13,True
16606,SC,WILLIAMSBURG,45089,Williamsburg County,7,True
16609,CA,ORANGE,06059,Orange County,15,True
16609,CA,SAN DIEGO,06073,San Diego County,70,True
16611,IA,DAVIS,19051,Davis County,8,True
16611,IA,DES MOINES,19057,Des Moines County,24,True
16611,IA,HENRY,19087,Henry County,7,True
16611,IA,JEFFERSON,19101,Jefferson County,3,True
16611,IA,KEOKUK,19107,Keokuk County,14,True
16611,IA,LEE,19111,Lee County,20,True
16611,IA,LOUISA,19115,Louisa County,10,True
16611,IA,VAN BUREN,19177,Van Buren County,28,True
16611,IA,WAPELLO,19179,Wapello County,11,True
16611,IA,WASHINGTON,19183,Washington County,17,True
16613,TX,ANGELINA,48005,Angelina County,24,True
16613,TX,HARDIN,48199,Hardin County,30,True
16613,TX,JASPER,48241,Jasper County,25,True
16613,TX,LIBERTY,48291,Liberty County,13,True
16613,TX,MONTGOMERY,48339,Montgomery County,17,True
16613,TX,POLK,48373,Polk County,18,True
16613,TX,SAN JACINTO,48407,San Jacinto County,9,True
16613,TX,TRINITY,48455,Trinity County,21,True
16613,TX,TYLER,48457,Tyler County,26,True
16613,TX,WALKER,48471,Walker County,25,True
16616,CO,COSTILLA,08023,Costilla County,0,False
16616,CO,CUSTER,08027,Custer County,2,True
16616,CO,FREMONT,08043,Fremont County,10,True
16616,CO,HUERFANO,08055,Huerfano County,4,True
16616,CO,LAS ANIMAS,08071,Las Animas County,4,True
16616,CO,OTERO,08089,Otero County,13,True
16616,CO,PUEBLO,08101,Pueblo County,33,True
16627,TX,ARANSAS,48007,Aransas County,7,True
16627,TX,BEE,48025,Bee County,3,True
16627,TX,GOLIAD,48175,Goliad County,2,True
16627,TX,JIM WELLS,48249,Jim Wells County,2,True
16627,TX,LIVE OAK,48297,Live Oak County,2,True
16627,TX,MCMULLEN,48311,McMullen County,1,True
16627,TX,NUECES,48355,Nueces County,8,True
16627,TX,REFUGIO,48391,Refugio County,0,False
16627,TX,SAN PATRICIO,48409,San Patricio County,2,True
16638,TX,AUSTIN,48015,Austin County,13,True
16638,TX,COLORADO,48089,Colorado County,3,True
16638,TX,FAYETTE,48149,Fayette County,13,True
16638,TX,GRIMES,48185,Grimes County,12,True
16638,TX,HARRIS,48201,Harris County,79,True
16638,TX,LAVACA,48285,Lavaca County,8,True
16638,TX,MONTGOMERY,48339,Montgomery County,17,True
16638,TX,WALLER,48473,Waller County,6,True
16655,CA,SANTA CLARA,06085,Santa Clara County,22,True
16740,IL,JO DAVIESS,17085,Jo Daviess County,27,True
16740,IL,STEPHENSON,17177,Stephenson County,24,True
16740,WI,CRAWFORD,55023,Crawford County,12,True
16740,WI,GRANT,55043,Grant County,21,True
16740,WI,GREEN,55045,Green County,20,True
16740,WI,IOWA,55049,Iowa County,19,True
16740,WI,LAFAYETTE,55065,Lafayette County,11,True
16740,WI,RICHLAND,55103,Richland County,6,True
16740,WI,VERNON,55123,Vernon County,13,True
16751,MO,COLE,29051,Cole County,4,True
16751,MO,FRANKLIN,29071,Franklin County,13,True
16751,MO,GASCONADE,29073,Gasconade County,6,True
16751,MO,MARIES,29125,Maries County,7,True
16751,MO,MILLER,29131,Miller County,20,True
16751,MO,MONITEAU,29135,Moniteau County,2,True
16751,MO,OSAGE,29151,Osage County,4,True
16805,MO,BOLLINGER,29017,Bollinger County,10,True
16805,MO,CAPE GIRARDEAU,29031,Cape Girardeau County,13,True
16805,MO,MISSISSIPPI,29133,Mississippi County,5,True
16805,MO,NEW MADRID,29143,New Madrid County,9,True
16805,MO,SCOTT,29201,Scott County,16,True
16805,MO,STODDARD,29207,Stoddard County,18,True
16829,AL,JACKSON,01071,Jackson County,70,True
16865,GA,CHEROKEE,13057,Cherokee County,36,True
16865,GA,DAWSON,13085,Dawson County,4,True
16865,GA,FORSYTH,13117,Forsyth County,0,False
16865,GA,FULTON,13121,Fulton County,25,True
16865,GA,GWINNETT,13135,Gwinnett County,24,True
16865,GA,HALL,13139,Hall County,25,True
16865,GA,LUMPKIN,13187,Lumpkin County,12,True
16868,WA,KING,53033,King County,0,False
16900,TX,GUADALUPE,48187,Guadalupe County,10,True
16930,TN,BLEDSOE,47007,Bledsoe County,3,True
16930,TN,COFFEE,47031,Coffee County,12,True
16930,TN,GRUNDY,47061,Grundy County,4,True
16930,TN,HAMILTON,47065,Hamilton County,18,True
16930,TN,MARION,47115,Marion County,8,True
16930,TN,RHEA,47143,Rhea County,4,True
16930,TN,SEQUATCHIE,47153,Sequatchie County,5,True
16930,TN,VAN BUREN,47175,Van Buren County,1,True
16949,TN,BLOUNT,47009,Blount County,18,True
16949,TN,SEVIER,47155,Sevier County,23,True
16971,MN,SCOTT,27139,Scott County,6,True
17011,WI,SHAWANO,55115,Shawano County,6,True
17038,IN,BARTHOLOMEW,18005,Bartholomew County,2,True
17038,IN,DECATUR,18031,Decatur County,5,True
17038,IN,FAYETTE,18041,Fayette County,3,True
17038,IN,FRANKLIN,18047,Franklin County,7,True
17038,IN,HANCOCK,18059,Hancock County,1,True
17038,IN,HENRY,18065,Henry County,4,True
17038,IN,JOHNSON,18081,Johnson County,3,True
17038,IN,RUSH,18139,Rush County,7,True
17038,IN,SHELBY,18145,Shelby County,6,True
17044,KY,ANDERSON,21005,Anderson County,6,True
17044,KY,CARROLL,21041,Carroll County,9,True
17044,KY,FRANKLIN,21073,Franklin County,3,True
17044,KY,HENRY,21103,Henry County,4,True
17044,KY,JEFFERSON,21111,Jefferson County,28,True
17044,KY,OLDHAM,21185,Oldham County,15,True
17044,KY,OWEN,21187,Owen County,9,True
17044,KY,SHELBY,21211,Shelby County,3,True
17044,KY,SPENCER,21215,Spencer County,2,True
17044,KY,TRIMBLE,21223,Trimble County,8,True
17047,TN,BEDFORD,47003,Bedford County,10,True
17066,VA,AUGUSTA,51015,Augusta County,26,True
17066,VA,CLARKE,51043,Clarke County,7,True
17066,VA,FREDERICK,51069,Frederick County,13,True
17066,VA,GREENE,51079,Greene County,20,True
17066,VA,HIGHLAND,51091,Highland County,5,True
17066,VA,NELSON,51125,Nelson County,34,True
17066,VA,PAGE,51139,Page County,5,True
17066,VA,ROCKBRIDGE,51163,Rockbridge County,10,True
17066,VA,ROCKINGHAM,51165,Rockingham County,21,True
17066,VA,SHENANDOAH,51171,Shenandoah County,7,True
17066,VA,WARREN,51187,Warren County,7,True
17066,VA,WINCHESTER,51840,Winchester city,0,False
17127,MA,WORCESTER,25027,Worcester County,20,True
17166,NV,CARSON,32510,Carson City,2,True
17166,NV,CHURCHILL,32001,Churchill County,1,True
17166,NV,DOUGLAS,32005,Douglas County,6,True
17166,NV,ELKO,32007,Elko County,17,True
17166,NV,ESMERALDA,32009,Esmeralda County,0,False
17166,NV,EUREKA,32011,Eureka County,3,True
17166,NV,HUMBOLDT,32013,Humboldt County,7,True
17166,NV,LANDER,32015,Lander County,0,False
17166,NV,LYON,32019,Lyon County,2,True
17166,NV,MINERAL,32021,Mineral County,2,True
17166,NV,NYE,32023,Nye County,8,True
17166,NV,PERSHING,32027,Pershing County,1,True
17166,NV,STOREY,32029,Storey County,0,False
17166,NV,WASHOE,32031,Washoe County,11,True
17184,AR,BENTON,05007,Benton County,64,True
17252,AL,MOBILE,01097,Mobile County,27,True
17252,AL,WASHINGTON,01129,Washington County,8,True
17252,MS,GEORGE,28039,George County,9,True
17252,MS,GREENE,28041,Greene County,1,True
17252,MS,HARRISON,28047,Harrison County,13,True
17252,MS,JACKSON,28059,Jackson County,11,True
17252,MS,PERRY,28111,Perry County,0,False
17252,MS,STONE,28131,Stone County,5,True
17252,MS,WAYNE,28153,Wayne County,3,True
17260,IA,CHEROKEE,19035,Cherokee County,15,True
17260,IA,CLAY,19041,Clay County,43,True
17260,IA,CRAWFORD,19047,Crawford County,9,True
17260,IA,IDA,19093,Ida County,3,True
17260,IA,LYON,19119,Lyon County,14,True
17260,IA,O BRIEN,19141,O'Brien County,27,True
17260,IA,OSCEOLA,19143,Osceola County,8,True
17260,IA,PLYMOUTH,19149,Plymouth County,30,True
17260,IA,SAC,19161,Sac County,4,True
17260,IA,SIOUX,19167,Sioux County,26,True
17260,IA,WOODBURY,19193,Woodbury County,34,True
17267,MN,LINCOLN,27081,Lincoln County,8,True
17267,MN,MURRAY,27101,Murray County,9,True
17267,MN,NOBLES,27105,Nobles County,7,True
17267,MN,PIPESTONE,27117,Pipestone County,6,True
17267,MN,ROCK,27133,Rock County,7,True
17267,SD,BROOKINGS,46011,Brookings County,15,True
17267,SD,DEUEL,46039,Deuel County,4,True
17267,SD,HAMLIN,46057,Hamlin County,11,True
17267,SD,KINGSBURY,46077,Kingsbury County,3,True
17267,SD,LAKE,46079,Lake County,5,True
17267,SD,MCCOOK,46087,McCook County,13,True
17267,SD,MINER,46097,Miner County,1,True
17267,SD,MINNEHAHA,46099,Minnehaha County,22,True
17267,SD,MOODY,46101,Moody County,8,True
17267,SD,TURNER,46125,Turner County,10,True
17324,WI,WASHINGTON,55131,Washington County,7,True
17470,WA,ISLAND,53029,Island County,0,False
17470,WA,SNOHOMISH,53061,Snohomish County,0,False
17534,AL,BULLOCK,01011,Bullock County,1,True
17534,AL,BUTLER,01013,Butler County,4,True
17534,AL,COFFEE,01031,Coffee County,16,True
17534,AL,CRENSHAW,01041,Crenshaw County,2,True
17534,AL,DALE,01045,Dale County,21,True
17534,AL,LOWNDES,01085,Lowndes County,2,True
17534,AL,MONTGOMERY,01101,Montgomery County,10,True
17534,AL,PIKE,01109,Pike County,5,True
17539,SC,AIKEN,45003,Aiken County,17,True
17539,SC,BEAUFORT,45013,Beaufort County,38,True
17539,SC,BERKELEY,45015,Berkeley County,29,True
17539,SC,CALHOUN,45017,Calhoun County,12,True
17539,SC,CHARLESTON,45019,Charleston County,30,True
17539,SC,COLLETON,45029,Colleton County,81,True
17539,SC,DORCHESTER,45035,Dorchester County,26,True
17539,SC,FAIRFIELD,45039,Fairfield County,22,True
17539,SC,JASPER,45053,Jasper County,9,True
17539,SC,LEXINGTON,45063,Lexington County,43,True
17539,SC,RICHLAND,45079,Richland County,94,True
17543,SC,BERKELEY,45015,Berkeley County,29,True
17543,SC,GEORGETOWN,45043,Georgetown County,13,True
17543,SC,HORRY,45051,Horry County,27,True
17550,MN,BLUE EARTH,27013,Blue Earth County,7,True
17550,MN,BROWN,27015,Brown County,7,True
17550,MN,COTTONWOOD,27033,Cottonwood County,5,True
17550,MN,JACKSON,27063,Jackson County,7,True
17550,MN,MARTIN,27091,Martin County,11,True
17550,MN,MURRAY,27101,Murray County,9,True
17550,MN,REDWOOD,27127,Redwood County,5,True
17550,MN,WATONWAN,27165,Watonwan County,4,True
17564,KY,ADAIR,21001,Adair County,10,True
17564,KY,CASEY,21045,Casey County,5,True
17564,KY,CLINTON,21053,Clinton County,10,True
17564,KY,CUMBERLAND,21057,Cumberland County,8,True
17564,KY,LAUREL,21125,Laurel County,22,True
17564,KY,LINCOLN,21137,Lincoln County,9,True
17564,KY,MCCREARY,21147,McCreary County,7,True
17564,KY,PULASKI,21199,Pulaski County,15,True
17564,KY,ROCKCASTLE,21203,Rockcastle County,12,True
17564,KY,RUSSELL,21207,Russell County,3,True
17564,KY,WAYNE,21231,Wayne County,14,True
17564,TN,PICKETT,47137,Pickett County,3,True
17564,TN,SCOTT,47151,Scott County,14,True
17572,NC,BLADEN,37017,Bladen County,31,True
17572,NC,CUMBERLAND,37051,Cumberland County,22,True
17572,NC,HARNETT,37085,Harnett County,5,True
17572,NC,JOHNSTON,37101,Johnston County,13,True
17572,NC,SAMPSON,37163,Sampson County,22,True
17585,IL,FRANKLIN,17055,Franklin County,17,True
17585,IL,GALLATIN,17059,Gallatin County,10,True
17585,IL,HAMILTON,17065,Hamilton County,8,True
17585,IL,HARDIN,17069,Hardin County,1,True
17585,IL,JOHNSON,17087,Johnson County,8,True
17585,IL,MASSAC,17127,Massac County,4,True
17585,IL,POPE,17151,Pope County,1,True
17585,IL,SALINE,17165,Saline County,20,True
17585,IL,WHITE,17193,White County,11,True
17585,IL,WILLIAMSON,17199,Williamson County,24,True
17592,CO,BACA,08009,Baca County,7,True
17592,CO,BENT,08011,Bent County,6,True
17592,CO,CHEYENNE,08017,Cheyenne County,25,True
17592,CO,CROWLEY,08025,Crowley County,8,True
17592,CO,EL PASO,08041,El Paso County,55,True
17592,CO,KIOWA,08061,Kiowa County,2,True
17592,CO,LAS ANIMAS,08071,Las Animas County,4,True
17592,CO,LINCOLN,08073,Lincoln County,38,True
17592,CO,OTERO,08089,Otero County,13,True
17592,CO,PROWERS,08099,Prowers County,25,True
17592,CO,PUEBLO,08101,Pueblo County,33,True
17599,IN,DEARBORN,18029,Dearborn County,4,True
17599,IN,FRANKLIN,18047,Franklin County,7,True
17599,IN,JEFFERSON,18077,Jefferson County,6,True
17599,IN,JENNINGS,18079,Jennings County,3,True
17599,IN,OHIO,18115,Ohio County,2,True
17599,IN,RIPLEY,18137,Ripley County,16,True
17599,IN,SWITZERLAND,18155,Switzerland County,6,True
17603,OK,ATOKA,40005,Atoka County,8,True
17603,OK,BRYAN,40013,Bryan County,9,True
17603,OK,CHOCTAW,40023,Choctaw County,0,False
17603,OK,COAL,40029,Coal County,9,True
17603,OK,JOHNSTON,40069,Johnston County,19,True
17609,AZ,LA PAZ,04012,La Paz County,3,True
17609,CA,FRESNO,06019,Fresno County,9,True
17609,CA,IMPERIAL,06025,Imperial County,11,True
17609,CA,INYO,06027,Inyo County,6,True
17609,CA,KERN,06029,Kern County,34,True
17609,CA,KINGS,06031,Kings County,3,True
17609,CA,LOS ANGELES,06037,Los Angeles County,49,True
17609,CA,MADERA,06039,Madera County,2,True
17609,CA,MONO,06051,Mono County,9,True
17609,CA,ORANGE,06059,Orange County,15,True
17609,CA,RIVERSIDE,06065,Riverside County,33,True
17609,CA,SAN BERNARDINO,06071,San Bernardino County,49,True
17609,CA,SAN DIEGO,06073,San Diego County,70,True
17609,CA,SANTA BARBARA,06083,Santa Barbara County,28,True
17609,CA,TULARE,06107,Tulare County,24,True
17609,CA,TUOLUMNE,06109,Tuolumne County,0,False
17609,CA,VENTURA,06111,Ventura County,14,True
17609,NV,CLARK,32003,Clark County,13,True
17612,CA,SAN BERNARDINO,06071,San Bernardino County,49,True
17633,IN,DUBOIS,18037,Dubois County,16,True
17633,IN,GIBSON,18051,Gibson County,22,True
17633,IN,PIKE,18125,Pike County,11,True
17633,IN,POSEY,18129,Posey County,19,True
17633,IN,SPENCER,18147,Spencer County,5,True
17633,IN,VANDERBURGH,18163,Vanderburgh County,30,True
17633,IN,WARRICK,18173,Warrick County,25,True
17647,MS,COPIAH,28029,Copiah County,28,True
17647,MS,COVINGTON,28031,Covington County,7,True
17647,MS,FORREST,28035,Forrest County,19,True
17647,MS,JASPER,28061,Jasper County,22,True
17647,MS,JEFFERSON DAVIS,28065,Jefferson Davis County,14,True
17647,MS,LAWRENCE,28077,Lawrence County,10,True
17647,MS,NEWTON,28101,Newton County,16,True
17647,MS,RANKIN,28121,Rankin County,38,True
17647,MS,SCOTT,28123,Scott County,18,True
17647,MS,SIMPSON,28127,Simpson County,16,True
17647,MS,SMITH,28129,Smith County,8,True
17671,AR,COLUMBIA,05027,Columbia County,8,True
17671,AR,HEMPSTEAD,05057,Hempstead County,8,True
17671,AR,HOWARD,05061,Howard County,3,True
17671,AR,LAFAYETTE,05073,Lafayette County,13,True
17671,AR,LITTLE RIVER,05081,Little River County,5,True
17671,AR,MILLER,05091,Miller County,11,True
17671,AR,POLK,05113,Polk County,3,True
17671,AR,SEVIER,05133,Sevier County,3,True
17671,OK,MCCURTAIN,40089,McCurtain County,21,True
17671,TX,BOWIE,48037,Bowie County,13,True
17671,TX,CASS,48067,Cass County,8,True
17683,MS,ADAMS,28001,Adams County,10,True
17683,MS,AMITE,28005,Amite County,14,True
17683,MS,CLAIBORNE,28021,Claiborne County,11,True
17683,MS,COPIAH,28029,Copiah County,28,True
17683,MS,FRANKLIN,28037,Franklin County,6,True
17683,MS,HINDS,28049,Hinds County,43,True
17683,MS,JEFFERSON,28063,Jefferson County,4,True
17683,MS,LINCOLN,28085,Lincoln County,15,True
17683,MS,WILKINSON,28157,Wilkinson County,11,True
17692,NE,CHASE,31029,Chase County,14,True
17692,NE,DUNDY,31057,Dundy County,23,True
17692,NE,FRONTIER,31063,Frontier County,17,True
17692,NE,HAYES,31085,Hayes County,1,True
17692,NE,HITCHCOCK,31087,Hitchcock County,51,True
17692,NE,RED WILLOW,31145,Red Willow County,42,True
17718,NM,CHAVES,35005,Chaves County,30,True
17718,NM,CURRY,35009,Curry County,20,True
17718,NM,EDDY,35015,Eddy County,12,True
17718,NM,LEA,35025,Lea County,24,True
17718,NM,QUAY,35037,Quay County,11,True
17718,NM,ROOSEVELT,35041,Roosevelt County,14,True
17718,TX,ANDREWS,48003,Andrews County,4,True
17718,TX,ARMSTRONG,48011,Armstrong County,4,True
17718,TX,BAILEY,48017,Bailey County,7,True
17718,TX,BORDEN,48033,Borden County,8,True
17718,TX,BRISCOE,48045,Briscoe County,7,True
17718,TX,CARSON,48065,Carson County,9,True
17718,TX,CASTRO,48069,Castro County,7,True
17718,TX,COCHRAN,48079,Cochran County,7,True
17718,TX,COTTLE,48101,Cottle County,2,True
17718,TX,CROSBY,48107,Crosby County,10,True
17718,TX,DALLAM,48111,Dallam County,12,True
17718,TX,DAWSON,48115,Dawson County,4,True
17718,TX,DEAF SMITH,48117,Deaf Smith County,5,True
17718,TX,DONLEY,48129,Donley County,7,True
17718,TX,ECTOR,48135,Ector County,37,True
17718,TX,FLOYD,48153,Floyd County,2,True
17718,TX,FOARD,48155,Foard County,6,True
17718,TX,GAINES,48165,Gaines County,23,True
17718,TX,GARZA,48169,Garza County,11,True
17718,TX,GRAY,48179,Gray County,9,True
17718,TX,HALE,48189,Hale County,8,True
17718,TX,HANSFORD,48195,Hansford County,13,True
17718,TX,HARTLEY,48205,Hartley County,8,True
17718,TX,HEMPHILL,48211,Hemphill County,3,True
17718,TX,HOCKLEY,48219,Hockley County,15,True
17718,TX,HUTCHINSON,48233,Hutchinson County,20,True
17718,TX,LAMB,48279,Lamb County,6,True
17718,TX,LIPSCOMB,48295,Lipscomb County,3,True
17718,TX,LUBBOCK,48303,Lubbock County,28,True
17718,TX,LYNN,48305,Lynn County,12,True
17718,TX,MIDLAND,48329,Midland County,48,True
17718,TX,MOORE,48341,Moore County,11,True
17718,TX,MOTLEY,48345,Motley County,4,True
17718,TX,OCHILTREE,48357,Ochiltree County,17,True
17718,TX,OLDHAM,48359,Oldham County,9,True
17718,TX,PARMER,48369,Parmer County,6,True
17718,TX,POTTER,48375,Potter County,18,True
17718,TX,RANDALL,48381,Randall County,23,True
17718,TX,ROBERTS,48393,Roberts County,4,True
17718,TX,SHERMAN,48421,Sherman County,14,True
17718,TX,SWISHER,48437,Swisher County,9,True
17718,TX,TERRY,48445,Terry County,10,True
17718,TX,WHEELER,48483,Wheeler County,3,True
17718,TX,WILBARGER,48487,Wilbarger County,6,True
17718,TX,YOAKUM,48501,Yoakum County,5,True
17828,IL,SANGAMON,17167,Sangamon County,21,True
17832,GA,BUTTS,13035,Butts County,2,True
17832,GA,DEKALB,13089,DeKalb County,43,True
17832,GA,HENRY,13151,Henry County,9,True
17832,GA,JASPER,13159,Jasper County,1,True
17832,GA,MORGAN,13211,Morgan County,1,True
17832,GA,NEWTON,13217,Newton County,2,True
17832,GA,ROCKDALE,13247,Rockdale County,1,True
17832,GA,WALTON,13297,Walton County,34,True
17833,MO,GREENE,29077,Greene County,68,True
17839,OR,LANE,41039,Lane County,2,True
17845,UT,UTAH,49049,Utah County,22,True
17860,IL,DUPAGE,17043,DuPage County,57,True
17860,IL,KANE,17089,Kane County,59,True
17874,UT,WASHINGTON,49053,Washington County,13,True
17896,CA,SHASTA,06089,Shasta County,5,True
18006,MS,OKTIBBEHA,28105,Oktibbeha County,4,True
18019,MN,DOUGLAS,27041,Douglas County,9,True
18019,MN,KANDIYOHI,27067,Kandiyohi County,13,True
18019,MN,MORRISON,27097,Morrison County,13,True
18019,MN,POPE,27121,Pope County,1,True
18019,MN,STEARNS,27145,Stearns County,16,True
18019,MN,TODD,27153,Todd County,18,True
18022,NC,IREDELL,37097,Iredell County,20,True
18047,MN,BLUE EARTH,27013,Blue Earth County,7,True
18047,MN,DODGE,27039,Dodge County,14,True
18047,MN,FARIBAULT,27043,Faribault County,5,True
18047,MN,FREEBORN,27047,Freeborn County,12,True
18047,MN,GOODHUE,27049,Goodhue County,11,True
18047,MN,LE SUEUR,27079,Le Sueur County,7,True
18047,MN,RICE,27131,Rice County,12,True
18047,MN,STEELE,27147,Steele County,6,True
18047,MN,WASECA,27161,Waseca County,11,True
18085,OH,ADAMS,39001,Adams County,12,True
18085,OH,BELMONT,39013,Belmont County,15,True
18085,OH,BROWN,39015,Brown County,16,True
18085,OH,CARROLL,39019,Carroll County,9,True
18085,OH,CLERMONT,39025,Clermont County,6,True
18085,OH,CLINTON,39027,Clinton County,13,True
18085,OH,FAIRFIELD,39045,Fairfield County,12,True
18085,OH,FAYETTE,39047,Fayette County,4,True
18085,OH,FRANKLIN,39049,Franklin County,48,True
18085,OH,HARRISON,39067,Harrison County,7,True
18085,OH,HIGHLAND,39071,Highland County,9,True
18085,OH,HOCKING,39073,Hocking County,7,True
18085,OH,JEFFERSON,39081,Jefferson County,10,True
18085,OH,LICKING,39089,Licking County,25,True
18085,OH,MADISON,39097,Madison County,6,True
18085,OH,MONROE,39111,Monroe County,14,True
18085,OH,MUSKINGUM,39119,Muskingum County,41,True
18085,OH,NOBLE,39121,Noble County,23,True
18085,OH,PERRY,39127,Perry County,19,True
18085,OH,PICKAWAY,39129,Pickaway County,14,True
18085,OH,PIKE,39131,Pike County,6,True
18085,OH,ROSS,39141,Ross County,11,True
18085,OH,SCIOTO,39145,Scioto County,15,True
18085,OH,VINTON,39163,Vinton County,13,True
18125,OK,PAYNE,40119,Payne County,14,True
18181,WI,DANE,55025,Dane County,60,True
18181,WI,ROCK,55105,Rock County,41,True
18203,AL,BARBOUR,01005,Barbour County,4,True
18203,AL,CHAMBERS,01017,Chambers County,0,False
18203,AL,CLAY,01027,Clay County,4,True
18203,AL,CLEBURNE,01029,Cleburne County,1,True
18203,AL,LEE,01081,Lee County,7,True
18203,AL,RANDOLPH,01111,Randolph County,6,True
18203,AL,RUSSELL,01113,Russell County,8,True
18203,AL,TALLAPOOSA,01123,Tallapoosa County,17,True
18206,UT,UTAH,49049,Utah County,22,True
18249,WI,DOOR,55029,Door County,5,True
18280,AZ,COCHISE,04003,Cochise County,22,True
18280,AZ,GRAHAM,04009,Graham County,5,True
18280,AZ,PIMA,04019,Pima County,56,True
18280,AZ,SANTA CRUZ,04023,Santa Cruz County,13,True
18304,FL,CITRUS,12017,Citrus County,2,True
18304,FL,HERNANDO,12053,Hernando County,2,True
18304,FL,LAKE,12069,Lake County,7,True
18304,FL,LEVY,12075,Levy County,2,True
18304,FL,MARION,12083,Marion County,31,True
18304,FL,PASCO,12101,Pasco County,6,True
18304,FL,SUMTER,12119,Sumter County,2,True
18305,GA,CHATTAHOOCHEE,13053,Chattahoochee County,0,False
18305,GA,DOUGHERTY,13095,Dougherty County,15,True
18305,GA,LEE,13177,Lee County,11,True
18305,GA,MARION,13197,Marion County,3,True
18305,GA,QUITMAN,13239,Quitman County,1,True
18305,GA,RANDOLPH,13243,Randolph County,6,True
18305,GA,SCHLEY,13249,Schley County,2,True
18305,GA,STEWART,13259,Stewart County,2,True
18305,GA,SUMTER,13261,Sumter County,1,True
18305,GA,TERRELL,13273,Terrell County,5,True
18305,GA,WEBSTER,13307,Webster County,1,True
18312,WI,DANE,55025,Dane County,60,True
18336,WI,DOUGLAS,55031,Douglas County,5,True
18339,NC,FORSYTH,37067,Forsyth County,16,True
18339,NC,STOKES,37169,Stokes County,18,True
18339,NC,SURRY,37171,Surry County,53,True
18339,NC,WILKES,37193,Wilkes County,21,True
18339,NC,YADKIN,37197,Yadkin County,12,True
18360,FL,COLUMBIA,12023,Columbia County,15,True
18360,FL,HAMILTON,12047,Hamilton County,3,True
18360,FL,LAFAYETTE,12067,Lafayette County,3,True
18360,FL,SUWANNEE,12121,Suwannee County,5,True
18429,WA,KING,53033,King County,0,False
18429,WA,LEWIS,53041,Lewis County,0,False
18429,WA,MASON,53045,Mason County,0,False
18429,WA,PIERCE,53053,Pierce County,0,False
18445,FL,LEON,12073,Leon County,94,True
18447,MS,LAFAYETTE,28071,Lafayette County,8,True
18447,MS,PANOLA,28107,Panola County,2,True
18447,MS,TALLAHATCHIE,28135,Tallahatchie County,0,False
18447,MS,TATE,28137,Tate County,11,True
18447,MS,YALOBUSHA,28161,Yalobusha County,2,True
18449,FL,GADSDEN,12039,Gadsden County,16,True
18449,FL,LEON,12073,Leon County,94,True
18449,FL,LIBERTY,12077,Liberty County,4,True
18449,FL,WAKULLA,12129,Wakulla County,20,True
18454,FL,HILLSBOROUGH,12057,Hillsborough County,7,True
18454,FL,PASCO,12101,Pasco County,6,True
18454,FL,PINELLAS,12103,Pinellas County,13,True
18454,FL,POLK,12105,Polk County,6,True
18488,MA,BRISTOL,25005,Bristol County,28,True
18498,KY,ADAIR,21001,Adair County,10,True
18498,KY,CASEY,21045,Casey County,5,True
18498,KY,CUMBERLAND,21057,Cumberland County,8,True
18498,KY,GREEN,21087,Green County,6,True
18498,KY,HART,21099,Hart County,9,True
18498,KY,MARION,21155,Marion County,2,True
18498,KY,METCALFE,21169,Metcalfe County,2,True
18498,KY,RUSSELL,21207,Russell County,3,True
18498,KY,TAYLOR,21217,Taylor County,10,True
18499,GA,BAKER,13007,Baker County,4,True
18499,GA,CLAY,13061,Clay County,0,False
18499,GA,DECATUR,13087,Decatur County,1,True
18499,GA,EARLY,13099,Early County,8,True
18499,GA,MILLER,13201,Miller County,10,True
18499,GA,SEMINOLE,13253,Seminole County,3,True
18848,GA,GRADY,13131,Grady County,5,True
18848,GA,THOMAS,13275,Thomas County,32,True
18940,IN,BENTON,18007,Benton County,2,True
18940,IN,BOONE,18011,Boone County,6,True
18940,IN,CARROLL,18015,Carroll County,2,True
18940,IN,CLINTON,18023,Clinton County,3,True
18940,IN,FOUNTAIN,18045,Fountain County,0,False
18940,IN,MONTGOMERY,18107,Montgomery County,8,True
18940,IN,TIPPECANOE,18157,Tippecanoe County,2,True
18940,IN,WHITE,18181,White County,0,False
18956,GA,BALDWIN,13009,Baldwin County,9,True
18956,GA,BIBB,13021,Bibb County,2,True
18956,GA,JASPER,13159,Jasper County,1,True
18956,GA,JONES,13169,Jones County,3,True
18956,GA,MORGAN,13211,Morgan County,1,True
18956,GA,PUTNAM,13237,Putnam County,11,True
18956,GA,TWIGGS,13289,Twiggs County,5,True
18956,GA,WILKINSON,13319,Wilkinson County,5,True
18957,NC,DUPLIN,37061,Duplin County,19,True
18957,NC,JOHNSTON,37101,Johnston County,13,True
18957,NC,JONES,37103,Jones County,9,True
18957,NC,LENOIR,37107,Lenoir County,12,True
18957,NC,SAMPSON,37163,Sampson County,22,True
18957,NC,WAYNE,37191,Wayne County,16,True
18957,NC,WILSON,37195,Wilson County,6,True
18976,TX,ANDERSON,48001,Anderson County,12,True
18976,TX,DALLAS,48113,Dallas County,69,True
18976,TX,HENDERSON,48213,Henderson County,23,True
18976,TX,HUNT,48231,Hunt County,14,True
18976,TX,KAUFMAN,48257,Kaufman County,32,True
18976,TX,VAN ZANDT,48467,Van Zandt County,17,True
18997,OH,DEFIANCE,39039,Defiance County,3,True
18997,OH,FULTON,39051,Fulton County,3,True
18997,OH,HENRY,39069,Henry County,2,True
18997,OH,LUCAS,39095,Lucas County,17,True
18997,OH,OTTAWA,39123,Ottawa County,5,True
18997,OH,PUTNAM,39137,Putnam County,5,True
18997,OH,SANDUSKY,39143,Sandusky County,3,True
18997,OH,SENECA,39147,Seneca County,10,True
18997,OH,WILLIAMS,39171,Williams County,7,True
18997,OH,WOOD,39173,Wood County,10,True
19108,NC,BEAUFORT,37013,Beaufort County,13,True
19108,NC,CRAVEN,37049,Craven County,13,True
19108,NC,DARE,37055,Dare County,17,True
19108,NC,HYDE,37095,Hyde County,4,True
19108,NC,PAMLICO,37137,Pamlico County,3,True
19108,NC,WASHINGTON,37187,Washington County,3,True
19125,MI,GRAND TRAVERSE,26055,Grand Traverse County,5,True
19125,MI,LEELANAU,26089,Leelanau County,0,False
19156,MT,BIG HORN,30003,Big Horn County,10,True
19156,MT,POWDER RIVER,30075,Powder River County,1,True
19156,WY,CAMPBELL,56005,Campbell County,13,True
19156,WY,CROOK,56011,Crook County,21,True
19156,WY,JOHNSON,56019,Johnson County,4,True
19156,WY,SHERIDAN,56033,Sheridan County,13,True
19156,WY,WESTON,56045,Weston County,17,True
19157,IA,ALLAMAKEE,19005,Allamakee County,16,True
19157,IA,CHICKASAW,19037,Chickasaw County,5,True
19157,IA,FAYETTE,19065,Fayette County,4,True
19157,IA,HOWARD,19089,Howard County,9,True
19157,IA,MITCHELL,19131,Mitchell County,3,True
19157,IA,WINNESHIEK,19191,Winneshiek County,14,True
19157,MN,FILLMORE,27045,Fillmore County,21,True
19157,MN,HOUSTON,27055,Houston County,4,True
19157,MN,MOWER,27099,Mower County,16,True
19157,MN,OLMSTED,27109,Olmsted County,15,True
19157,MN,WINONA,27169,Winona County,22,True
19159,TX,ARCHER,48009,Archer County,7,True
19159,TX,BAYLOR,48023,Baylor County,10,True
19159,TX,DENTON,48121,Denton County,112,True
19159,TX,FOARD,48155,Foard County,6,True
19159,TX,HASKELL,48207,Haskell County,14,True
19159,TX,HOOD,48221,Hood County,24,True
19159,TX,JACK,48237,Jack County,4,True
19159,TX,KING,48269,King County,3,True
19159,TX,KNOX,48275,Knox County,14,True
19159,TX,PALO PINTO,48363,Palo Pinto County,12,True
19159,TX,PARKER,48367,Parker County,11,True
19159,TX,STONEWALL,48433,Stonewall County,3,True
19159,TX,TARRANT,48439,Tarrant County,133,True
19159,TX,THROCKMORTON,48447,Throckmorton County,3,True
19159,TX,WILBARGER,48487,Wilbarger County,6,True
19159,TX,WISE,48497,Wise County,30,True
19160,CO,BACA,08009,Baca County,7,True
19160,KS,MORTON,20129,Morton County,9,True
19160,KS,SEWARD,20175,Seward County,13,True
19160,NM,UNION,35059,Union County,20,True
19160,OK,BEAVER,40007,Beaver County,4,True
19160,OK,CIMARRON,40025,Cimarron County,14,True
19160,OK,TEXAS,40139,Texas County,36,True
19160,TX,DALLAM,48111,Dallam County,12,True
19160,TX,HANSFORD,48195,Hansford County,13,True
19160,TX,SHERMAN,48421,Sherman County,14,True
19161,FL,DIXIE,12029,Dixie County,5,True
19161,FL,JEFFERSON,12065,Jefferson County,22,True
19161,FL,MADISON,12079,Madison County,20,True
19161,FL,TAYLOR,12123,Taylor County,12,True
19162,KY,ADAIR,21001,Adair County,10,True
19162,KY,ALLEN,21003,Allen County,7,True
19162,KY,BARREN,21009,Barren County,12,True
19162,KY,CLINTON,21053,Clinton County,10,True
19162,KY,CUMBERLAND,21057,Cumberland County,8,True
19162,KY,HARLAN,21095,Harlan County,8,True
19162,KY,HOPKINS,21107,Hopkins County,12,True
19162,KY,METCALFE,21169,Metcalfe County,2,True
19162,KY,MONROE,21171,Monroe County,6,True
19162,TN,CLAY,47027,Clay County,6,True
19162,TN,JACKSON,47087,Jackson County,1,True
19162,TN,MACON,47111,Macon County,9,True
19162,TN,OVERTON,47133,Overton County,10,True
19162,TN,SMITH,47159,Smith County,10,True
19162,TN,SUMNER,47165,Sumner County,22,True
19162,TN,TROUSDALE,47169,Trousdale County,2,True
19189,AZ,PIMA,04019,Pima County,56,True
19189,AZ,PINAL,04021,Pinal County,25,True
19189,AZ,SANTA CRUZ,04023,Santa Cruz County,13,True
19219,AL,CHAMBERS,01017,Chambers County,0,False
19219,GA,CALHOUN,13037,Calhoun County,5,True
19219,GA,CLAY,13061,Clay County,0,False
19219,GA,COWETA,13077,Coweta County,19,True
19219,GA,DOUGHERTY,13095,Dougherty County,15,True
19219,GA,EARLY,13099,Early County,8,True
19219,GA,HARRIS,13145,Harris County,6,True
19219,GA,HEARD,13149,Heard County,4,True
19219,GA,MERIWETHER,13199,Meriwether County,6,True
19219,GA,MUSCOGEE,13215,Muscogee County,10,True
19219,GA,QUITMAN,13239,Quitman County,1,True
19219,GA,RANDOLPH,13243,Randolph County,6,True
19219,GA,STEWART,13259,Stewart County,2,True
19219,GA,TERRELL,13273,Terrell County,5,True
19219,GA,TROUP,13285,Troup County,23,True
19266,TN,COFFEE,47031,Coffee County,12,True
19266,TN,FRANKLIN,47051,Franklin County,12,True
19266,TN,MOORE,47127,Moore County,12,True
19281,CA,MERCED,06047,Merced County,12,True
19281,CA,STANISLAUS,06099,Stanislaus County,2,True
19281,CA,TUOLUMNE,06109,Tuolumne County,0,False
19293,SD,BON HOMME,46009,Bon Homme County,8,True
19293,SD,CLAY,46027,Clay County,7,True
19293,SD,DOUGLAS,46043,Douglas County,10,True
19293,SD,HANSON,46061,Hanson County,4,True
19293,SD,HUTCHINSON,46067,Hutchinson County,15,True
19293,SD,LAKE,46079,Lake County,5,True
19293,SD,LINCOLN,46083,Lincoln County,14,True
19293,SD,MCCOOK,46087,McCook County,13,True
19293,SD,MINER,46097,Miner County,1,True
19293,SD,MINNEHAHA,46099,Minnehaha County,22,True
19293,SD,TURNER,46125,Turner County,10,True
19293,SD,UNION,46127,Union County,23,True
19293,SD,YANKTON,46135,Yankton County,8,True
19324,WI,MANITOWOC,55071,Manitowoc County,5,True
19325,OR,MORROW,41049,Morrow County,0,False
19325,OR,UMATILLA,41059,Umatilla County,3,True
19325,OR,UNION,41061,Union County,2,True
19390,PA,LUZERNE,42079,Luzerne County,37,True
19390,PA,WYOMING,42131,Wyoming County,6,True
19396,MI,BARRY,26015,Barry County,4,True
19396,MI,CLARE,26035,Clare County,4,True
19396,MI,CLINTON,26037,Clinton County,1,True
19396,MI,EATON,26045,Eaton County,4,True
19396,MI,GRATIOT,26057,Gratiot County,3,True
19396,MI,INGHAM,26065,Ingham County,6,True
19396,MI,IONIA,26067,Ionia County,3,True
19396,MI,ISABELLA,26073,Isabella County,1,True
19396,MI,JACKSON,26075,Jackson County,4,True
19396,MI,MECOSTA,26107,Mecosta County,4,True
19396,MI,MONTCALM,26117,Montcalm County,2,True
19396,MI,OSCEOLA,26133,Osceola County,1,True
19396,MI,SAGINAW,26145,Saginaw County,3,True
19435,NC,CABARRUS,37025,Cabarrus County,13,True
19435,NC,MECKLENBURG,37119,Mecklenburg County,15,True
19435,NC,ROWAN,37159,Rowan County,15,True
19435,NC,STANLY,37167,Stanly County,7,True
19435,NC,UNION,37179,Union County,11,True
19445,IN,DUBOIS,18037,Dubois County,16,True
19445,IN,PERRY,18123,Perry County,8,True
19445,IN,SPENCER,18147,Spencer County,5,True
19445,IN,WARRICK,18173,Warrick County,25,True
19446,KY,BOONE,21015,Boone County,4,True
19446,KY,CAMPBELL,21037,Campbell County,8,True
19446,KY,GALLATIN,21077,Gallatin County,4,True
19446,KY,GRANT,21081,Grant County,5,True
19446,KY,KENTON,21117,Kenton County,6,True
19446,KY,PENDLETON,21191,Pendleton County,4,True
19490,TX,BOSQUE,48035,Bosque County,13,True
19490,TX,COMANCHE,48093,Comanche County,1,True
19490,TX,CORYELL,48099,Coryell County,9,True
19490,TX,EASTLAND,48133,Eastland County,8,True
19490,TX,ELLIS,48139,Ellis County,30,True
19490,TX,ERATH,48143,Erath County,5,True
19490,TX,HAMILTON,48193,Hamilton County,10,True
19490,TX,HOOD,48221,Hood County,24,True
19490,TX,JOHNSON,48251,Johnson County,14,True
19490,TX,PALO PINTO,48363,Palo Pinto County,12,True
19490,TX,SOMERVELL,48425,Somervell County,3,True
19490,TX,STEPHENS,48429,Stephens County,5,True
19490,TX,TARRANT,48439,Tarrant County,133,True
19490,TX,YOUNG,48503,Young County,9,True
19499,CO,ADAMS,08001,Adams County,38,True
19499,CO,BOULDER,08013,Boulder County,8,True
19499,CO,BROOMFIELD,08014,Broomfield County,4,True
19499,CO,GILPIN,08047,Gilpin County,0,False
19499,CO,JEFFERSON,08059,Jefferson County,9,True
19499,CO,WELD,08123,Weld County,58,True
19501,OH,CHAMPAIGN,39021,Champaign County,2,True
19501,OH,DELAWARE,39041,Delaware County,10,True
19501,OH,HARDIN,39065,Hardin County,2,True
19501,OH,LOGAN,39091,Logan County,17,True
19501,OH,MARION,39101,Marion County,6,True
19501,OH,UNION,39159,Union County,5,True
19502,ID,CASSIA,16031,Cassia County,19,True
19502,ID,MINIDOKA,16067,Minidoka County,10,True
19545,MT,CARTER,30011,Carter County,8,True
19545,MT,POWDER RIVER,30075,Powder River County,1,True
19545,SD,BUTTE,46019,Butte County,19,True
19545,SD,CUSTER,46033,Custer County,43,True
19545,SD,FALL RIVER,46047,Fall River County,33,True
19545,SD,LAWRENCE,46081,Lawrence County,20,True
19545,SD,MEADE,46093,Meade County,55,True
19545,SD,PENNINGTON,46103,Pennington County,80,True
19545,WY,CAMPBELL,56005,Campbell County,13,True
19545,WY,CROOK,56011,Crook County,21,True
19545,WY,WESTON,56045,Weston County,17,True
19547,HI,HONOLULU,15003,Honolulu County,15,True
19558,AK,KENAI PENINSULA,02122,Kenai Peninsula Borough,0,False
19578,MI,ALGER,26003,Alger County,8,True
19578,MI,BARAGA,26013,Baraga County,0,False
19578,MI,DELTA,26041,Delta County,6,True
19578,MI,DICKINSON,26043,Dickinson County,8,True
19578,MI,HOUGHTON,26061,Houghton County,6,True
19578,MI,IRON,26071,Iron County,0,False
19578,MI,KEWEENAW,26083,Keweenaw County,0,False
19578,MI,MARQUETTE,26103,Marquette County,19,True
19578,MI,MENOMINEE,26109,Menominee County,1,True
19578,MI,ONTONAGON,26131,Ontonagon County,2,True
19578,MI,SCHOOLCRAFT,26153,Schoolcraft County,5,True
19579,TX,CAMP,48063,Camp County,3,True
19579,TX,CASS,48067,Cass County,8,True
19579,TX,GREGG,48183,Gregg County,12,True
19579,TX,HARRISON,48203,Harrison County,19,True
19579,TX,MARION,48315,Marion County,5,True
19579,TX,MORRIS,48343,Morris County,1,True
19579,TX,RUSK,48401,Rusk County,37,True
19579,TX,SMITH,48423,Smith County,44,True
19579,TX,UPSHUR,48459,Upshur County,6,True
19579,TX,WOOD,48499,Wood County,8,True
19667,IN,CLAY,18021,Clay County,6,True
19667,IN,DAVIESS,18027,Daviess County,7,True
19667,IN,GREENE,18055,Greene County,7,True
19667,IN,KNOX,18083,Knox County,17,True
19667,IN,LAWRENCE,18093,Lawrence County,4,True
19667,IN,MARTIN,18101,Martin County,4,True
19667,IN,MONROE,18105,Monroe County,10,True
19667,IN,OWEN,18119,Owen County,3,True
19667,IN,PUTNAM,18133,Putnam County,7,True
19667,IN,SULLIVAN,18153,Sullivan County,2,True
19667,IN,VIGO,18167,Vigo County,11,True
19728,AZ,MOHAVE,04015,Mohave County,20,True
19728,AZ,SANTA CRUZ,04023,Santa Cruz County,13,True
19785,OK,NOWATA,40105,Nowata County,5,True
19785,OK,OSAGE,40113,Osage County,29,True
19785,OK,ROGERS,40131,Rogers County,34,True
19785,OK,TULSA,40143,Tulsa County,87,True
19785,OK,WASHINGTON,40147,Washington County,9,True
19790,ND,BOTTINEAU,38009,Bottineau County,10,True
19790,ND,MCHENRY,38049,McHenry County,16,True
19790,ND,MCLEAN,38055,McLean County,17,True
19790,ND,MOUNTRAIL,38061,Mountrail County,17,True
19790,ND,PIERCE,38069,Pierce County,6,True
19790,ND,RENVILLE,38075,Renville County,10,True
19790,ND,SHERIDAN,38083,Sheridan County,3,True
19790,ND,WARD,38101,Ward County,18,True
19790,ND,WELLS,38103,Wells County,4,True
19791,VT,ADDISON,50001,Addison County,11,True
19791,VT,CALEDONIA,50005,Caledonia County,14,True
19791,VT,CHITTENDEN,50007,Chittenden County,16,True
19791,VT,ESSEX,50009,Essex County,7,True
19791,VT,FRANKLIN,50011,Franklin County,5,True
19791,VT,GRAND ISLE,50013,Grand Isle County,1,True
19791,VT,LAMOILLE,50015,Lamoille County,7,True
19791,VT,ORLEANS,50019,Orleans County,5,True
19798,CA,LOS ANGELES,06037,Los Angeles County,49,True
19806,TX,CALHOUN,48057,Calhoun County,8,True
19806,TX,DEWITT,48123,DeWitt County,0,False
19806,TX,GOLIAD,48175,Goliad County,2,True
19806,TX,JACKSON,48239,Jackson County,3,True
19806,TX,REFUGIO,48391,Refugio County,0,False
19806,TX,VICTORIA,48469,Victoria County,8,True
19820,KS,CLARK,20025,Clark County,11,True
19820,KS,EDWARDS,20047,Edwards County,16,True
19820,KS,FINNEY,20055,Finney County,39,True
19820,KS,FORD,20057,Ford County,52,True
19820,KS,GRAY,20069,Gray County,17,True
19820,KS,HASKELL,20081,Haskell County,11,True
19820,KS,HODGEMAN,20083,Hodgeman County,7,True
19820,KS,KIOWA,20097,Kiowa County,10,True
19820,KS,MEADE,20119,Meade County,8,True
19840,CA,INYO,06027,Inyo County,6,True
19840,CA,MONO,06051,Mono County,9,True
19840,NV,CLARK,32003,Clark County,13,True
19840,NV,ESMERALDA,32009,Esmeralda County,0,False
19840,NV,NYE,32023,Nye County,8,True
19882,VA,MONTGOMERY,51121,Montgomery County,10,True
19898,TN,BLEDSOE,47007,Bledsoe County,3,True
19898,TN,BRADLEY,47011,Bradley County,9,True
19898,TN,CUMBERLAND,47035,Cumberland County,6,True
19898,TN,FENTRESS,47049,Fentress County,7,True
19898,TN,HAMILTON,47065,Hamilton County,18,True
19898,TN,MCMINN,47107,McMinn County,3,True
19898,TN,MEIGS,47121,Meigs County,1,True
19898,TN,OVERTON,47133,Overton County,10,True
19898,TN,PICKETT,47137,Pickett County,3,True
19898,TN,POLK,47139,Polk County,7,True
19898,TN,PUTNAM,47141,Putnam County,15,True
19898,TN,RHEA,47143,Rhea County,4,True
19898,TN,ROANE,47145,Roane County,8,True
19898,TN,SCOTT,47151,Scott County,14,True
19898,TN,WHITE,47185,White County,12,True
19951,OH,MEDINA,39103,Medina County,6,True
19951,OH,SUMMIT,39153,Summit County,36,True
19981,NC,DURHAM,37063,Durham County,28,True
19981,NC,FRANKLIN,37069,Franklin County,24,True
19981,NC,GRANVILLE,37077,Granville County,9,True
19981,NC,JOHNSTON,37101,Johnston County,13,True
19981,NC,NASH,37127,Nash County,10,True
19981,NC,VANCE,37181,Vance County,7,True
19981,NC,WAKE,37183,Wake County,74,True
20065,GA,BARROW,13013,Barrow County,0,False
20065,GA,CLARKE,13059,Clarke County,1,True
20065,GA,DEKALB,13089,DeKalb County,43,True
20065,GA,GREENE,13133,Greene County,0,False
20065,GA,GWINNETT,13135,Gwinnett County,24,True
20065,GA,MORGAN,13211,Morgan County,1,True
20065,GA,NEWTON,13217,Newton County,2,True
20065,GA,OCONEE,13219,Oconee County,1,True
20065,GA,ROCKDALE,13247,Rockdale County,1,True
20065,GA,WALTON,13297,Walton County,34,True
20130,KY,BARREN,21009,Barren County,12,True
20130,KY,BUTLER,21031,Butler County,11,True
20130,KY,EDMONSON,21061,Edmonson County,2,True
20130,KY,GRAYSON,21085,Grayson County,9,True
20130,KY,LOGAN,21141,Logan County,12,True
20130,KY,OHIO,21183,Ohio County,5,True
20130,KY,SIMPSON,21213,Simpson County,4,True
20130,KY,WARREN,21227,Warren County,7,True
20146,GA,BALDWIN,13009,Baldwin County,9,True
20146,GA,EMANUEL,13107,Emanuel County,1,True
20146,GA,GLASCOCK,13125,Glascock County,0,False
20146,GA,HANCOCK,13141,Hancock County,0,False
20146,GA,JEFFERSON,13163,Jefferson County,1,True
20146,GA,JOHNSON,13167,Johnson County,9,True
20146,GA,LAURENS,13175,Laurens County,7,True
20146,GA,WARREN,13301,Warren County,0,False
20146,GA,WASHINGTON,13303,Washington County,3,True
20146,GA,WILKINSON,13319,Wilkinson County,5,True
20169,ID,BENEWAH,16009,Benewah County,2,True
20169,ID,BONNER,16017,Bonner County,3,True
20169,ID,CLEARWATER,16035,Clearwater County,0,False
20169,ID,IDAHO,16049,Idaho County,5,True
20169,ID,KOOTENAI,16055,Kootenai County,2,True
20169,ID,LATAH,16057,Latah County,4,True
20169,ID,LEWIS,16061,Lewis County,2,True
20169,ID,NEZ PERCE,16069,Nez Perce County,1,True
20169,ID,SHOSHONE,16079,Shoshone County,4,True
20169,MT,SANDERS,30089,Sanders County,1,True
20169,WA,ADAMS,53001,Adams County,1,True
20169,WA,ASOTIN,53003,Asotin County,2,True
20169,WA,FERRY,53019,Ferry County,1,True
20169,WA,GRANT,53025,Grant County,0,False
20169,WA,LINCOLN,53043,Lincoln County,2,True
20169,WA,PEND OREILLE,53051,Pend Oreille County,4,True
20169,WA,SPOKANE,53063,Spokane County,19,True
20169,WA,STEVENS,53065,Stevens County,3,True
20169,WA,WHITMAN,53075,Whitman County,8,True
20187,SD,CODINGTON,46029,Codington County,20,True
20211,WI,DANE,55025,Dane County,60,True
20213,WI,DODGE,55027,Dodge County,15,True
20213,WI,FOND DU LAC,55039,Fond du Lac County,7,True
20216,IN,DEARBORN,18029,Dearborn County,4,True
20216,IN,FAYETTE,18041,Fayette County,3,True
20216,IN,FRANKLIN,18047,Franklin County,7,True
20216,IN,RANDOLPH,18135,Randolph County,2,True
20216,IN,UNION,18161,Union County,2,True
20216,IN,WAYNE,18177,Wayne County,15,True
20228,TN,GIBSON,47053,Gibson County,9,True
20228,TN,OBION,47131,Obion County,8,True
20228,TN,WEAKLEY,47183,Weakley County,10,True
20230,TX,PARKER,48367,Parker County,11,True
20310,MA,NORFOLK,25021,Norfolk County,5,True
20318,MO,CHRISTIAN,29043,Christian County,64,True
20318,MO,DALLAS,29059,Dallas County,25,True
20318,MO,DOUGLAS,29067,Douglas County,59,True
20318,MO,GREENE,29077,Greene County,68,True
20318,MO,LACLEDE,29105,Laclede County,17,True
20318,MO,WEBSTER,29225,Webster County,45,True
20318,MO,WRIGHT,29229,Wright County,45,True
20334,PA,TIOGA,42117,Tioga County,13,True
20363,MO,CASS,29037,Cass County,32,True
20363,MO,JACKSON,29095,Jackson County,74,True
20363,MO,JOHNSON,29101,Johnson County,10,True
20363,MO,LAFAYETTE,29107,Lafayette County,18,True
20363,MO,PETTIS,29159,Pettis County,10,True
20371,FL,CALHOUN,12013,Calhoun County,14,True
20371,FL,HOLMES,12059,Holmes County,43,True
20371,FL,JACKSON,12063,Jackson County,74,True
20371,FL,WASHINGTON,12133,Washington County,41,True
20377,KY,CALLOWAY,21035,Calloway County,18,True
20377,KY,CARLISLE,21039,Carlisle County,9,True
20377,KY,GRAVES,21083,Graves County,9,True
20377,KY,HICKMAN,21105,Hickman County,3,True
20377,KY,LIVINGSTON,21139,Livingston County,4,True
20377,KY,MARSHALL,21157,Marshall County,7,True
20401,SD,HAAKON,46055,Haakon County,40,True
20401,SD,JACKSON,46071,Jackson County,34,True
20401,SD,MEADE,46093,Meade County,55,True
20401,SD,OGLALA LAKOTA,46102,Oglala Lakota County,26,True
20401,SD,PENNINGTON,46103,Pennington County,80,True
20401,SD,ZIEBACH,46137,Ziebach County,8,True
20404,TX,ARCHER,48009,Archer County,7,True
20404,TX,BAYLOR,48023,Baylor County,10,True
20404,TX,BREWSTER,48043,Brewster County,10,True
20404,TX,BRISCOE,48045,Briscoe County,7,True
20404,TX,BROWN,48049,Brown County,21,True
20404,TX,CALLAHAN,48059,Callahan County,13,True
20404,TX,CHILDRESS,48075,Childress County,5,True
20404,TX,COKE,48081,Coke County,16,True
20404,TX,COLEMAN,48083,Coleman County,28,True
20404,TX,CONCHO,48095,Concho County,13,True
20404,TX,COTTLE,48101,Cottle County,2,True
20404,TX,CRANE,48103,Crane County,1,True
20404,TX,CROCKETT,48105,Crockett County,6,True
20404,TX,DICKENS,48125,Dickens County,7,True
20404,TX,EASTLAND,48133,Eastland County,8,True
20404,TX,EDWARDS,48137,Edwards County,3,True
20404,TX,FISHER,48151,Fisher County,11,True
20404,TX,FOARD,48155,Foard County,6,True
20404,TX,GILLESPIE,48171,Gillespie County,4,True
20404,TX,HALL,48191,Hall County,7,True
20404,TX,HARDEMAN,48197,Hardeman County,7,True
20404,TX,HASKELL,48207,Haskell County,14,True
20404,TX,IRION,48235,Irion County,6,True
20404,TX,JEFF DAVIS,48243,Jeff Davis County,2,True
20404,TX,JONES,48253,Jones County,17,True
20404,TX,KENT,48263,Kent County,4,True
20404,TX,KIMBLE,48267,Kimble County,5,True
20404,TX,KING,48269,King County,3,True
20404,TX,KNOX,48275,Knox County,14,True
20404,TX,MASON,48319,Mason County,5,True
20404,TX,MCCULLOCH,48307,McCulloch County,32,True
20404,TX,MENARD,48327,Menard County,14,True
20404,TX,MOTLEY,48345,Motley County,4,True
20404,TX,NOLAN,48353,Nolan County,11,True
20404,TX,PECOS,48371,Pecos County,31,True
20404,TX,PRESIDIO,48377,Presidio County,0,False
20404,TX,REAGAN,48383,Reagan County,6,True
20404,TX,REEVES,48389,Reeves County,2,True
20404,TX,RUNNELS,48399,Runnels County,33,True
20404,TX,SCHLEICHER,48413,Schleicher County,1,True
20404,TX,SHACKELFORD,48417,Shackelford County,2,True
20404,TX,STEPHENS,48429,Stephens County,5,True
20404,TX,STERLING,48431,Sterling County,5,True
20404,TX,STONEWALL,48433,Stonewall County,3,True
20404,TX,SUTTON,48435,Sutton County,3,True
20404,TX,TAYLOR,48441,Taylor County,29,True
20404,TX,THROCKMORTON,48447,Throckmorton County,3,True
20404,TX,TOM GREEN,48451,Tom Green County,75,True
20404,TX,UPTON,48461,Upton County,6,True
20404,TX,WICHITA,48485,Wichita County,42,True
20404,TX,WILBARGER,48487,Wilbarger County,6,True
20413,ND,BURKE,38013,Burke County,9,True
20413,ND,DIVIDE,38023,Divide County,1,True
20413,ND,MCLEAN,38055,McLean County,17,True
20413,ND,MOUNTRAIL,38061,Mountrail County,17,True
20413,ND,WARD,38101,Ward County,18,True
20413,ND,WILLIAMS,38105,Williams County,10,True
20477,OH,DELAWARE,39041,Delaware County,10,True
20477,OH,FRANKLIN,39049,Franklin County,48,True
20481,MA,HAMPDEN,25013,Hampden County,14,True
20510,CO,CHEYENNE,08017,Cheyenne County,25,True
20510,CO,KIOWA,08061,Kiowa County,2,True
20510,CO,PROWERS,08099,Prowers County,25,True
20510,KS,BARTON,20009,Barton County,24,True
20510,KS,FINNEY,20055,Finney County,39,True
20510,KS,GRAY,20069,Gray County,17,True
20510,KS,GREELEY,20071,Greeley County,10,True
20510,KS,HAMILTON,20075,Hamilton County,19,True
20510,KS,HARPER,20077,Harper County,9,True
20510,KS,KEARNY,20093,Kearny County,7,True
20510,KS,KINGMAN,20095,Kingman County,17,True
20510,KS,LOGAN,20109,Logan County,29,True
20510,KS,SCOTT,20171,Scott County,21,True
20510,KS,WALLACE,20199,Wallace County,10,True
20510,KS,WICHITA,20203,Wichita County,18,True
20521,WV,BROOKE,54009,Brooke County,5,True
20521,WV,MARSHALL,54051,Marshall County,16,True
20521,WV,OHIO,54069,Ohio County,7,True
20521,WV,WETZEL,54103,Wetzel County,17,True
20576,CO,GARFIELD,08045,Garfield County,12,True
20576,CO,MOFFAT,08081,Moffat County,8,True
20576,CO,RIO BLANCO,08103,Rio Blanco County,6,True
20603,IN,ALLEN,18003,Allen County,9,True
20603,IN,HUNTINGTON,18069,Huntington County,9,True
20603,IN,KOSCIUSKO,18085,Kosciusko County,7,True
20603,IN,NOBLE,18113,Noble County,10,True
20603,IN,WABASH,18169,Wabash County,6,True
20603,IN,WHITLEY,18183,Whitley County,7,True
20639,MN,BECKER,27005,Becker County,8,True
20639,MN,CLAY,27027,Clay County,8,True
20639,MN,CLEARWATER,27029,Clearwater County,0,False
20639,MN,MAHNOMEN,27087,Mahnomen County,0,False
20639,MN,POLK,27119,Polk County,15,True
20737,MN,KANDIYOHI,27067,Kandiyohi County,13,True
20785,NC,EDGECOMBE,37065,Edgecombe County,3,True
20785,NC,GREENE,37079,Greene County,3,True
20785,NC,JOHNSTON,37101,Johnston County,13,True
20785,NC,NASH,37127,Nash County,10,True
20785,NC,PITT,37147,Pitt County,13,True
20785,NC,WAYNE,37191,Wayne County,16,True
20785,NC,WILSON,37195,Wilson County,6,True
20793,TN,FRANKLIN,47051,Franklin County,12,True
20841,AL,COFFEE,01031,Coffee County,16,True
20841,AL,COVINGTON,01039,Covington County,8,True
20841,AL,DALE,01045,Dale County,21,True
20841,AL,GENEVA,01061,Geneva County,28,True
20841,AL,HENRY,01067,Henry County,8,True
20841,AL,HOUSTON,01069,Houston County,38,True
20847,WI,BROWN,55009,Brown County,12,True
20847,WI,CALUMET,55015,Calumet County,4,True
20847,WI,COLUMBIA,55021,Columbia County,13,True
20847,WI,DANE,55025,Dane County,60,True
20847,WI,DODGE,55027,Dodge County,15,True
20847,WI,FLORENCE,55037,Florence County,1,True
20847,WI,FOND DU LAC,55039,Fond du Lac County,7,True
20847,WI,FOREST,55041,Forest County,1,True
20847,WI,GRANT,55043,Grant County,21,True
20847,WI,JEFFERSON,55055,Jefferson County,13,True
20847,WI,KENOSHA,55059,Kenosha County,6,True
20847,WI,MANITOWOC,55071,Manitowoc County,5,True
20847,WI,MARINETTE,55075,Marinette County,4,True
20847,WI,MILWAUKEE,55079,Milwaukee County,24,True
20847,WI,OCONTO,55083,Oconto County,3,True
20847,WI,OUTAGAMIE,55087,Outagamie County,10,True
20847,WI,OZAUKEE,55089,Ozaukee County,6,True
20847,WI,RACINE,55101,Racine County,4,True
20847,WI,ROCK,55105,Rock County,41,True
20847,WI,SHAWANO,55115,Shawano County,6,True
20847,WI,SHEBOYGAN,55117,Sheboygan County,7,True
20847,WI,VILAS,55125,Vilas County,10,True
20847,WI,WALWORTH,55127,Walworth County,19,True
20847,WI,WASHINGTON,55131,Washington County,7,True
20847,WI,WAUKESHA,55133,Waukesha County,36,True
20847,WI,WAUPACA,55135,Waupaca County,6,True
20847,WI,WAUSHARA,55137,Waushara County,2,True
20847,WI,WINNEBAGO,55139,Winnebago County,3,True
20856,WI,ADAMS,55001,Adams County,5,True
20856,WI,CALUMET,55015,Calumet County,4,True
20856,WI,COLUMBIA,55021,Columbia County,13,True
20856,WI,CRAWFORD,55023,Crawford County,12,True
20856,WI,DANE,55025,Dane County,60,True
20856,WI,DODGE,55027,Dodge County,15,True
20856,WI,FOND DU LAC,55039,Fond du Lac County,7,True
20856,WI,GRANT,55043,Grant County,21,True
20856,WI,GREEN,55045,Green County,20,True
20856,WI,GREEN LAKE,55047,Green Lake County,3,True
20856,WI,IOWA,55049,Iowa County,19,True
20856,WI,JACKSON,55053,Jackson County,11,True
20856,WI,JEFFERSON,55055,Jefferson County,13,True
20856,WI,JUNEAU,55057,Juneau County,4,True
20856,WI,KENOSHA,55059,Kenosha County,6,True
20856,WI,LAFAYETTE,55065,Lafayette County,11,True
20856,WI,LANGLADE,55067,Langlade County,2,True
20856,WI,MANITOWOC,55071,Manitowoc County,5,True
20856,WI,MARATHON,55073,Marathon County,19,True
20856,WI,MARQUETTE,55077,Marquette County,5,True
20856,WI,MENOMINEE,55078,Menominee County,1,True
20856,WI,MONROE,55081,Monroe County,12,True
20856,WI,OCONTO,55083,Oconto County,3,True
20856,WI,PORTAGE,55097,Portage County,4,True
20856,WI,RICHLAND,55103,Richland County,6,True
20856,WI,ROCK,55105,Rock County,41,True
20856,WI,SAUK,55111,Sauk County,8,True
20856,WI,SHAWANO,55115,Shawano County,6,True
20856,WI,SHEBOYGAN,55117,Sheboygan County,7,True
20856,WI,VERNON,55123,Vernon County,13,True
20856,WI,WALWORTH,55127,Walworth County,19,True
20856,WI,WAUPACA,55135,Waupaca County,6,True
20856,WI,WAUSHARA,55137,Waushara County,2,True
20856,WI,WINNEBAGO,55139,Winnebago County,3,True
20856,WI,WOOD,55141,Wood County,12,True
20860,WI,BROWN,55009,Brown County,12,True
20860,WI,CALUMET,55015,Calumet County,4,True
20860,WI,DOOR,55029,Door County,5,True
20860,WI,FLORENCE,55037,Florence County,1,True
20860,WI,FOND DU LAC,55039,Fond du Lac County,7,True
20860,WI,FOREST,55041,Forest County,1,True
20860,WI,IRON,55051,Iron County,2,True
20860,WI,KEWAUNEE,55061,Kewaunee County,4,True
20860,WI,LANGLADE,55067,Langlade County,2,True
20860,WI,LINCOLN,55069,Lincoln County,14,True
20860,WI,MANITOWOC,55071,Manitowoc County,5,True
20860,WI,MARATHON,55073,Marathon County,19,True
20860,WI,MARINETTE,55075,Marinette County,4,True
20860,WI,OCONTO,55083,Oconto County,3,True
20860,WI,ONEIDA,55085,Oneida County,6,True
20860,WI,OUTAGAMIE,55087,Outagamie County,10,True
20860,WI,PORTAGE,55097,Portage County,4,True
20860,WI,SHAWANO,55115,Shawano County,6,True
20860,WI,VILAS,55125,Vilas County,10,True
20860,WI,WAUPACA,55135,Waupaca County,6,True
20860,WI,WAUSHARA,55137,Waushara County,2,True
20860,WI,WINNEBAGO,55139,Winnebago County,3,True
20862,WI,PORTAGE,55097,Portage County,4,True
20862,WI,WOOD,55141,Wood County,12,True
20885,FL,CITRUS,12017,Citrus County,2,True
20885,FL,HERNANDO,12053,Hernando County,2,True
20885,FL,PASCO,12101,Pasco County,6,True
20885,FL,POLK,12105,Polk County,6,True
20885,FL,SUMTER,12119,Sumter County,2,True
20927,TX,CAMP,48063,Camp County,3,True
20927,TX,FRANKLIN,48159,Franklin County,9,True
20927,TX,HOPKINS,48223,Hopkins County,12,True
20927,TX,RAINS,48379,Rains County,0,False
20927,TX,SMITH,48423,Smith County,44,True
20927,TX,TITUS,48449,Titus County,6,True
20927,TX,UPSHUR,48459,Upshur County,6,True
20927,TX,VAN ZANDT,48467,Van Zandt County,17,True
20927,TX,WOOD,48499,Wood County,8,True
20948,TX,CLAY,48077,Clay County,13,True
20948,TX,COOKE,48097,Cooke County,21,True
20948,TX,DENTON,48121,Denton County,112,True
20948,TX,JACK,48237,Jack County,4,True
20948,TX,MONTAGUE,48337,Montague County,12,True
20948,TX,PARKER,48367,Parker County,11,True
20948,TX,WISE,48497,Wise County,30,True
20996,MN,CARVER,27019,Carver County,13,True
20996,MN,HENNEPIN,27053,Hennepin County,39,True
20996,MN,MCLEOD,27085,McLeod County,5,True
20996,MN,MEEKER,27093,Meeker County,8,True
20996,MN,SHERBURNE,27141,Sherburne County,7,True
20996,MN,STEARNS,27145,Stearns County,16,True
20996,MN,WRIGHT,27171,Wright County,12,True
21002,NC,GASTON,37071,Gaston County,16,True
21002,NC,MECKLENBURG,37119,Mecklenburg County,15,True
21002,SC,CHEROKEE,45021,Cherokee County,7,True
21002,SC,CHESTER,45023,Chester County,6,True
21002,SC,LANCASTER,45057,Lancaster County,34,True
21002,SC,YORK,45091,York County,16,True
21013,MN,NOBLES,27105,Nobles County,7,True
21048,MI,WAYNE,26163,Wayne County,8,True
21075,CO,WASHINGTON,08121,Washington County,40,True
21075,CO,YUMA,08125,Yuma County,83,True
21075,NE,DUNDY,31057,Dundy County,23,True
21081,CO,EAGLE,08037,Eagle County,6,True
21081,CO,GRAND,08049,Grand County,1,True
21081,CO,MOFFAT,08081,Moffat County,8,True
21081,CO,RIO BLANCO,08103,Rio Blanco County,6,True
21081,CO,ROUTT,08107,Routt County,3,True
21081,WY,CARBON,56007,Carbon County,16,True
21111,NE,CLAY,31035,Clay County,19,True
21111,NE,FILLMORE,31059,Fillmore County,18,True
21111,NE,HAMILTON,31081,Hamilton County,11,True
21111,NE,SEWARD,31159,Seward County,7,True
21111,NE,YORK,31185,York County,6,True
21158,MI,OTTAWA,26139,Ottawa County,5,True
21244,VA,AMELIA,51007,Amelia County,10,True
21244,VA,APPOMATTOX,51011,Appomattox County,21,True
21244,VA,BEDFORD,51019,Bedford County,14,True
21244,VA,BRUNSWICK,51025,Brunswick County,12,True
21244,VA,BUCKINGHAM,51029,Buckingham County,4,True
21244,VA,CAMPBELL,51031,Campbell County,42,True
21244,VA,CHARLOTTE,51037,Charlotte County,16,True
21244,VA,CHESTERFIELD,51041,Chesterfield County,33,True
21244,VA,CUMBERLAND,51049,Cumberland County,6,True
21244,VA,DINWIDDIE,51053,Dinwiddie County,10,True
21244,VA,LUNENBURG,51111,Lunenburg County,14,True
21244,VA,MECKLENBURG,51117,Mecklenburg County,28,True
21244,VA,NOTTOWAY,51135,Nottoway County,12,True
21244,VA,PITTSYLVANIA,51143,Pittsylvania County,47,True
21244,VA,POWHATAN,51145,Powhatan County,7,True
21244,VA,PRINCE EDWARD,51147,Prince Edward County,29,True
21244,VA,PRINCE GEORGE,51149,Prince George County,18,True
21244,VA,SUSSEX,51183,Sussex County,17,True
21513,MT,BLAINE,30005,Blaine County,13,True
21513,MT,CASCADE,30013,Cascade County,11,True
21513,MT,CHOUTEAU,30015,Chouteau County,7,True
21513,MT,FERGUS,30027,Fergus County,8,True
21513,MT,GOLDEN VALLEY,30037,Golden Valley County,0,False
21513,MT,JUDITH BASIN,30045,Judith Basin County,7,True
21513,MT,MEAGHER,30059,Meagher County,1,True
21513,MT,MUSSELSHELL,30065,Musselshell County,2,True
21513,MT,PETROLEUM,30069,Petroleum County,1,True
21513,MT,STILLWATER,30095,Stillwater County,2,True
21513,MT,SWEET GRASS,30097,Sweet Grass County,3,True
21513,MT,TREASURE,30103,Treasure County,3,True
21513,MT,WHEATLAND,30107,Wheatland County,1,True
21513,MT,YELLOWSTONE,30111,Yellowstone County,25,True
21538,AZ,COCONINO,04005,Coconino County,18,True
21538,AZ,MOHAVE,04015,Mohave County,20,True
21538,AZ,YAVAPAI,04025,Yavapai County,23,True
21632,NC,ALEXANDER,37003,Alexander County,11,True
21632,NC,CABARRUS,37025,Cabarrus County,13,True
21632,NC,CALDWELL,37027,Caldwell County,11,True
21632,NC,CATAWBA,37035,Catawba County,12,True
21632,NC,DAVIDSON,37057,Davidson County,10,True
21632,NC,DAVIE,37059,Davie County,2,True
21632,NC,FORSYTH,37067,Forsyth County,16,True
21632,NC,GASTON,37071,Gaston County,16,True
21632,NC,GUILFORD,37081,Guilford County,19,True
21632,NC,IREDELL,37097,Iredell County,20,True
21632,NC,LINCOLN,37109,Lincoln County,5,True
21632,NC,MECKLENBURG,37119,Mecklenburg County,15,True
21632,NC,MONTGOMERY,37123,Montgomery County,6,True
21632,NC,RANDOLPH,37151,Randolph County,27,True
21632,NC,ROCKINGHAM,37157,Rockingham County,21,True
21632,NC,ROWAN,37159,Rowan County,15,True
21632,NC,STOKES,37169,Stokes County,18,True
21632,NC,WILKES,37193,Wilkes County,21,True
21632,NC,YADKIN,37197,Yadkin County,12,True
22053,KY,BOYD,21019,Boyd County,14,True
22053,KY,BREATHITT,21025,Breathitt County,7,True
22053,KY,CARTER,21043,Carter County,9,True
22053,KY,CLAY,21051,Clay County,19,True
22053,KY,ELLIOTT,21063,Elliott County,3,True
22053,KY,FLOYD,21071,Floyd County,19,True
22053,KY,GREENUP,21089,Greenup County,39,True
22053,KY,JOHNSON,21115,Johnson County,8,True
22053,KY,KNOTT,21119,Knott County,4,True
22053,KY,LAWRENCE,21127,Lawrence County,2,True
22053,KY,LESLIE,21131,Leslie County,6,True
22053,KY,LETCHER,21133,Letcher County,2,True
22053,KY,LEWIS,21135,Lewis County,5,True
22053,KY,MAGOFFIN,21153,Magoffin County,7,True
22053,KY,MARTIN,21159,Martin County,4,True
22053,KY,MORGAN,21175,Morgan County,10,True
22053,KY,OWSLEY,21189,Owsley County,1,True
22053,KY,PERRY,21193,Perry County,6,True
22053,KY,PIKE,21195,Pike County,25,True
22053,KY,ROWAN,21205,Rowan County,21,True
22500,KS,ATCHISON,20005,Atchison County,9,True
22500,KS,BROWN,20013,Brown County,5,True
22500,KS,BUTLER,20015,Butler County,51,True
22500,KS,CHASE,20017,Chase County,10,True
22500,KS,CLAY,20027,Clay County,14,True
22500,KS,CLOUD,20029,Cloud County,10,True
22500,KS,COFFEY,20031,Coffey County,6,True
22500,KS,DICKINSON,20041,Dickinson County,43,True
22500,KS,DONIPHAN,20043,Doniphan County,4,True
22500,KS,DOUGLAS,20045,Douglas County,24,True
22500,KS,ELK,20049,Elk County,18,True
22500,KS,ELLSWORTH,20053,Ellsworth County,24,True
22500,KS,FRANKLIN,20059,Franklin County,10,True
22500,KS,GEARY,20061,Geary County,40,True
22500,KS,GREENWOOD,20073,Greenwood County,14,True
22500,KS,JACKSON,20085,Jackson County,7,True
22500,KS,JEFFERSON,20087,Jefferson County,29,True
22500,KS,JOHNSON,20091,Johnson County,56,True
22500,KS,LABETTE,20099,Labette County,13,True
22500,KS,LEAVENWORTH,20103,Leavenworth County,18,True
22500,KS,LINCOLN,20105,Lincoln County,9,True
22500,KS,LYON,20111,Lyon County,22,True
22500,KS,MARION,20115,Marion County,32,True
22500,KS,MARSHALL,20117,Marshall County,14,True
22500,KS,MCPHERSON,20113,McPherson County,40,True
22500,KS,MORRIS,20127,Morris County,8,True
22500,KS,NEMAHA,20131,Nemaha County,12,True
22500,KS,NEOSHO,20133,Neosho County,9,True
22500,KS,OSAGE,20139,Osage County,14,True
22500,KS,OTTAWA,20143,Ottawa County,24,True
22500,KS,POTTAWATOMIE,20149,Pottawatomie County,40,True
22500,KS,RENO,20155,Reno County,18,True
22500,KS,RICE,20159,Rice County,9,True
22500,KS,RILEY,20161,Riley County,26,True
22500,KS,SALINE,20169,Saline County,27,True
22500,KS,SHAWNEE,20177,Shawnee County,63,True
22500,KS,WABAUNSEE,20197,Wabaunsee County,17,True
22500,KS,WASHINGTON,20201,Washington County,11,True
22500,KS,WILSON,20205,Wilson County,26,True
22500,KS,WOODSON,20207,Woodson County,8,True
22500,KS,WYANDOTTE,20209,Wyandotte County,30,True
22815,MS,ATTALA,28007,Attala County,5,True
22815,MS,BOLIVAR,28011,Bolivar County,4,True
22815,MS,CARROLL,28015,Carroll County,3,True
22815,MS,CHOCTAW,28019,Choctaw County,2,True
22815,MS,GRENADA,28043,Grenada County,8,True
22815,MS,HOLMES,28051,Holmes County,7,True
22815,MS,HUMPHREYS,28053,Humphreys County,7,True
22815,MS,LEFLORE,28083,Leflore County,4,True
22815,MS,MONTGOMERY,28097,Montgomery County,6,True
22815,MS,SUNFLOWER,28133,Sunflower County,3,True
22815,MS,TALLAHATCHIE,28135,Tallahatchie County,0,False
22815,MS,WASHINGTON,28151,Washington County,7,True
22815,MS,WEBSTER,28155,Webster County,2,True
22822,IN,CLARK,18019,Clark County,11,True
22822,IN,FLOYD,18043,Floyd County,7,True
22822,IN,JEFFERSON,18077,Jefferson County,6,True
22822,IN,SCOTT,18143,Scott County,5,True
22822,IN,WASHINGTON,18175,Washington County,5,True
24211,AZ,COCHISE,04003,Cochise County,22,True
24211,AZ,PIMA,04019,Pima County,56,True
24590,NH,MERRIMACK,33013,Merrimack County,13,True
24590,NH,ROCKINGHAM,33015,Rockingham County,22,True
24753,IN,BOONE,18011,Boone County,6,True
24753,IN,CLINTON,18023,Clinton County,3,True
24753,IN,HAMILTON,18057,Hamilton County,8,True
24753,IN,HENDRICKS,18063,Hendricks County,3,True
24753,IN,MONTGOMERY,18107,Montgomery County,8,True
24889,NC,BLADEN,37017,Bladen County,31,True
24889,NC,BRUNSWICK,37019,Brunswick County,36,True
24889,NC,COLUMBUS,37047,Columbus County,21,True
24889,NC,ROBESON,37155,Robeson County,35,True
24949,ND,BARNES,38003,Barnes County,5,True
24949,ND,CASS,38017,Cass County,8,True
24949,ND,DICKEY,38021,Dickey County,3,True
24949,ND,LAMOURE,38045,LaMoure County,11,True
24949,ND,RANSOM,38073,Ransom County,3,True
24949,ND,RICHLAND,38077,Richland County,13,True
24949,ND,SARGENT,38081,Sargent County,1,True
24949,ND,TRAILL,38097,Traill County,5,True
25177,MN,DAKOTA,27037,Dakota County,15,True
25177,MN,GOODHUE,27049,Goodhue County,11,True
25177,MN,RICE,27131,Rice County,12,True
25177,MN,SCOTT,27139,Scott County,6,True
25295,IN,CLAY,18021,Clay County,6,True
25295,IN,GIBSON,18051,Gibson County,22,True
25295,IN,GREENE,18055,Greene County,7,True
25295,IN,KNOX,18083,Knox County,17,True
25295,IN,PIKE,18125,Pike County,11,True
25295,IN,POSEY,18129,Posey County,19,True
25295,IN,SULLIVAN,18153,Sullivan County,2,True
25295,IN,VIGO,18167,Vigo County,11,True
26510,NH,CHESHIRE,33005,Cheshire County,26,True
26510,NH,GRAFTON,33009,Grafton County,36,True
26510,NH,HILLSBOROUGH,33011,Hillsborough County,30,True
26510,NH,ROCKINGHAM,33015,Rockingham County,22,True
26510,NH,SULLIVAN,33019,Sullivan County,9,True
27222,TN,LAUDERDALE,47097,Lauderdale County,5,True
27369,TX,CALLAHAN,48059,Callahan County,13,True
27369,TX,COKE,48081,Coke County,16,True
27369,TX,COLEMAN,48083,Coleman County,28,True
27369,TX,EASTLAND,48133,Eastland County,8,True
27369,TX,FISHER,48151,Fisher County,11,True
27369,TX,JONES,48253,Jones County,17,True
27369,TX,MITCHELL,48335,Mitchell County,9,True
27369,TX,NOLAN,48353,Nolan County,11,True
27369,TX,RUNNELS,48399,Runnels County,33,True
27369,TX,SHACKELFORD,48417,Shackelford County,2,True
27369,TX,TAYLOR,48441,Taylor County,29,True
27599,IN,BENTON,18007,Benton County,2,True
27599,IN,CARROLL,18015,Carroll County,2,True
27599,IN,CASS,18017,Cass County,15,True
27599,IN,CLINTON,18023,Clinton County,3,True
27599,IN,HOWARD,18067,Howard County,7,True
27599,IN,JASPER,18073,Jasper County,13,True
27599,IN,PULASKI,18131,Pulaski County,1,True
27599,IN,TIPPECANOE,18157,Tippecanoe County,2,True
27599,IN,WHITE,18181,White County,0,False
28541,OR,CLATSOP,41007,Clatsop County,0,False
28541,OR,COLUMBIA,41009,Columbia County,0,False
28604,TX,KERR,48265,Kerr County,4,True
28978,TX,HAYS,48209,Hays County,25,True
30518,AZ,PINAL,04021,Pinal County,25,True
31833,FL,BAKER,12003,Baker County,4,True
31833,FL,NASSAU,12089,Nassau County,14,True
31833,GA,BRANTLEY,13025,Brantley County,4,True
31833,GA,CAMDEN,13039,Camden County,10,True
31833,GA,CHARLTON,13049,Charlton County,2,True
31833,GA,GLYNN,13127,Glynn County,7,True
31833,GA,WARE,13299,Ware County,4,True
31833,GA,WAYNE,13305,Wayne County,3,True
38084,MI,ALLEGAN,26005,Allegan County,4,True
38084,MI,ANTRIM,26009,Antrim County,3,True
38084,MI,BARRY,26015,Barry County,4,True
38084,MI,CHARLEVOIX,26029,Charlevoix County,0,False
38084,MI,CHEBOYGAN,26031,Cheboygan County,1,True
38084,MI,CLARE,26035,Clare County,4,True
38084,MI,CRAWFORD,26039,Crawford County,1,True
38084,MI,EMMET,26047,Emmet County,0,False
38084,MI,GRAND TRAVERSE,26055,Grand Traverse County,5,True
38084,MI,KALKASKA,26079,Kalkaska County,3,True
38084,MI,KENT,26081,Kent County,12,True
38084,MI,LAKE,26085,Lake County,2,True
38084,MI,MANISTEE,26101,Manistee County,12,True
38084,MI,MASON,26105,Mason County,1,True
38084,MI,MECOSTA,26107,Mecosta County,4,True
38084,MI,MISSAUKEE,26113,Missaukee County,3,True
38084,MI,MONTCALM,26117,Montcalm County,2,True
38084,MI,MONTMORENCY,26119,Montmorency County,0,False
38084,MI,MUSKEGON,26121,Muskegon County,4,True
38084,MI,NEWAYGO,26123,Newaygo County,2,True
38084,MI,OCEANA,26127,Oceana County,3,True
38084,MI,OSCEOLA,26133,Osceola County,1,True
38084,MI,OSCODA,26135,Oscoda County,1,True
38084,MI,OTSEGO,26137,Otsego County,7,True
38084,MI,OTTAWA,26139,Ottawa County,5,True
38084,MI,WEXFORD,26165,Wexford County,6,True
40051,TX,ARCHER,48009,Archer County,7,True
40051,TX,BAYLOR,48023,Baylor County,10,True
40051,TX,BOSQUE,48035,Bosque County,13,True
40051,TX,BRAZORIA,48039,Brazoria County,21,True
40051,TX,CLAY,48077,Clay County,13,True
40051,TX,COLLIN,48085,Collin County,57,True
40051,TX,COMANCHE,48093,Comanche County,1,True
40051,TX,COOKE,48097,Cooke County,21,True
40051,TX,CORYELL,48099,Coryell County,9,True
40051,TX,CROCKETT,48105,Crockett County,6,True
40051,TX,DALLAS,48113,Dallas County,69,True
40051,TX,DENTON,48121,Denton County,112,True
40051,TX,EASTLAND,48133,Eastland County,8,True
40051,TX,ERATH,48143,Erath County,5,True
40051,TX,FANNIN,48147,Fannin County,21,True
40051,TX,FRANKLIN,48159,Franklin County,9,True
40051,TX,GALVESTON,48167,Galveston County,21,True
40051,TX,GRAYSON,48181,Grayson County,59,True
40051,TX,HAMILTON,48193,Hamilton County,10,True
40051,TX,HILL,48217,Hill County,31,True
40051,TX,HOOD,48221,Hood County,24,True
40051,TX,HUNT,48231,Hunt County,14,True
40051,TX,JACK,48237,Jack County,4,True
40051,TX,JOHNSON,48251,Johnson County,14,True
40051,TX,LAMAR,48277,Lamar County,10,True
40051,TX,MATAGORDA,48321,Matagorda County,9,True
40051,TX,MCLENNAN,48309,McLennan County,37,True
40051,TX,MONTAGUE,48337,Montague County,12,True
40051,TX,PALO PINTO,48363,Palo Pinto County,12,True
40051,TX,PECOS,48371,Pecos County,31,True
40051,TX,RAINS,48379,Rains County,0,False
40051,TX,RED RIVER,48387,Red River County,9,True
40051,TX,REEVES,48389,Reeves County,2,True
40051,TX,ROBERTSON,48395,Robertson County,5,True
40051,TX,SOMERVELL,48425,Somervell County,3,True
40051,TX,STEPHENS,48429,Stephens County,5,True
40051,TX,TERRELL,48443,Terrell County,6,True
40051,TX,TITUS,48449,Titus County,6,True
40051,TX,VAN ZANDT,48467,Van Zandt County,17,True
40051,TX,WARD,48475,Ward County,0,False
40051,TX,WINKLER,48495,Winkler County,4,True
40051,TX,YOUNG,48503,Young County,9,True
40165,AZ,MOHAVE,04015,Mohave County,20,True
40165,UT,IRON,49021,Iron County,2,True
40165,UT,MILLARD,49027,Millard County,10,True
40165,UT,WASHINGTON,49053,Washington County,13,True
40228,VA,ALBEMARLE,51003,Albemarle County,41,True
40228,VA,CAROLINE,51033,Caroline County,17,True
40228,VA,CLARKE,51043,Clarke County,7,True
40228,VA,CULPEPER,51047,Culpeper County,12,True
40228,VA,ESSEX,51057,Essex County,3,True
40228,VA,FAUQUIER,51061,Fauquier County,31,True
40228,VA,FREDERICK,51069,Frederick County,13,True
40228,VA,GOOCHLAND,51075,Goochland County,8,True
40228,VA,GREENE,51079,Greene County,20,True
40228,VA,HANOVER,51085,Hanover County,20,True
40228,VA,KING AND QUEEN,51097,King and Queen County,5,True
40228,VA,KING WILLIAM,51101,King William County,4,True
40228,VA,LOUISA,51109,Louisa County,14,True
40228,VA,MADISON,51113,Madison County,11,True
40228,VA,ORANGE,51137,Orange County,20,True
40228,VA,PAGE,51139,Page County,5,True
40228,VA,RAPPAHANNOCK,51157,Rappahannock County,5,True
40228,VA,ROCKINGHAM,51165,Rockingham County,21,True
40228,VA,SHENANDOAH,51171,Shenandoah County,7,True
40228,VA,SPOTSYLVANIA,51177,Spotsylvania County,14,True
40228,VA,STAFFORD,51179,Stafford County,10,True
40228,VA,WARREN,51187,Warren County,7,True
40236,TN,CROCKETT,47033,Crockett County,4,True
40236,TN,DYER,47045,Dyer County,4,True
40236,TN,HAYWOOD,47075,Haywood County,1,True
40236,TN,LAUDERDALE,47097,Lauderdale County,5,True
40302,MS,LAFAYETTE,28071,Lafayette County,8,True
40302,MS,MARSHALL,28093,Marshall County,2,True
40302,MS,PONTOTOC,28115,Pontotoc County,17,True
40302,MS,UNION,28145,Union County,4,True
40304,MN,CHIPPEWA,27023,Chippewa County,5,True
40304,MN,LAC QUI PARLE,27073,Lac qui Parle County,4,True
40304,MN,LINCOLN,27081,Lincoln County,8,True
40304,MN,LYON,27083,Lyon County,10,True
40304,MN,REDWOOD,27127,Redwood County,5,True
40304,MN,RENVILLE,27129,Renville County,12,True
40304,MN,SWIFT,27151,Swift County,4,True
40304,MN,YELLOW MEDICINE,27173,Yellow Medicine County,6,True
40438,OR,COLUMBIA,41009,Columbia County,0,False
40438,OR,MULTNOMAH,41051,Multnomah County,0,False
40606,NE,HALL,31079,Hall County,20,True
40606,NE,MERRICK,31121,Merrick County,7,True
44372,TX,ANDERSON,48001,Anderson County,12,True
44372,TX,ANDREWS,48003,Andrews County,4,True
44372,TX,ANGELINA,48005,Angelina County,24,True
44372,TX,ARCHER,48009,Archer County,7,True
44372,TX,BASTROP,48021,Bastrop County,12,True
44372,TX,BAYLOR,48023,Baylor County,10,True
44372,TX,BELL,48027,Bell County,54,True
44372,TX,BORDEN,48033,Borden County,8,True
44372,TX,BOSQUE,48035,Bosque County,13,True
44372,TX,BROWN,48049,Brown County,21,True
44372,TX,BURNET,48053,Burnet County,19,True
44372,TX,CHEROKEE,48073,Cherokee County,13,True
44372,TX,CLAY,48077,Clay County,13,True
44372,TX,COKE,48081,Coke County,16,True
44372,TX,COLEMAN,48083,Coleman County,28,True
44372,TX,COLLIN,48085,Collin County,57,True
44372,TX,COMANCHE,48093,Comanche County,1,True
44372,TX,CONCHO,48095,Concho County,13,True
44372,TX,COOKE,48097,Cooke County,21,True
44372,TX,CORYELL,48099,Coryell County,9,True
44372,TX,CRANE,48103,Crane County,1,True
44372,TX,CULBERSON,48109,Culberson County,0,False
44372,TX,DALLAS,48113,Dallas County,69,True
44372,TX,DAWSON,48115,Dawson County,4,True
44372,TX,DELTA,48119,Delta County,4,True
44372,TX,DENTON,48121,Denton County,112,True
44372,TX,EASTLAND,48133,Eastland County,8,True
44372,TX,ECTOR,48135,Ector County,37,True
44372,TX,ELLIS,48139,Ellis County,30,True
44372,TX,ERATH,48143,Erath County,5,True
44372,TX,FALLS,48145,Falls County,10,True
44372,TX,FANNIN,48147,Fannin County,21,True
44372,TX,FISHER,48151,Fisher County,11,True
44372,TX,FREESTONE,48161,Freestone County,11,True
44372,TX,GAINES,48165,Gaines County,23,True
44372,TX,GLASSCOCK,48173,Glasscock County,2,True
44372,TX,GRAYSON,48181,Grayson County,59,True
44372,TX,HENDERSON,48213,Henderson County,23,True
44372,TX,HIDALGO,48215,Hidalgo County,16,True
44372,TX,HILL,48217,Hill County,31,True
44372,TX,HOOD,48221,Hood County,24,True
44372,TX,HOPKINS,48223,Hopkins County,12,True
44372,TX,HOUSTON,48225,Houston County,7,True
44372,TX,HOWARD,48227,Howard County,8,True
44372,TX,HUNT,48231,Hunt County,14,True
44372,TX,IRION,48235,Irion County,6,True
44372,TX,JACK,48237,Jack County,4,True
44372,TX,JOHNSON,48251,Johnson County,14,True
44372,TX,KAUFMAN,48257,Kaufman County,32,True
44372,TX,KENT,48263,Kent County,4,True
44372,TX,LAMAR,48277,Lamar County,10,True
44372,TX,LAMPASAS,48281,Lampasas County,2,True
44372,TX,LEON,48289,Leon County,12,True
44372,TX,LIMESTONE,48293,Limestone County,30,True
44372,TX,LOVING,48301,Loving County,1,True
44372,TX,LYNN,48305,Lynn County,12,True
44372,TX,MARTIN,48317,Martin County,2,True
44372,TX,MASON,48319,Mason County,5,True
44372,TX,MCCULLOCH,48307,McCulloch County,32,True
44372,TX,MCLENNAN,48309,McLennan County,37,True
44372,TX,MENARD,48327,Menard County,14,True
44372,TX,MIDLAND,48329,Midland County,48,True
44372,TX,MILAM,48331,Milam County,4,True
44372,TX,MILLS,48333,Mills County,9,True
44372,TX,MITCHELL,48335,Mitchell County,9,True
44372,TX,MONTAGUE,48337,Montague County,12,True
44372,TX,NACOGDOCHES,48347,Nacogdoches County,27,True
44372,TX,NAVARRO,48349,Navarro County,18,True
44372,TX,NOLAN,48353,Nolan County,11,True
44372,TX,PALO PINTO,48363,Palo Pinto County,12,True
44372,TX,PARKER,48367,Parker County,11,True
44372,TX,PECOS,48371,Pecos County,31,True
44372,TX,REAGAN,48383,Reagan County,6,True
44372,TX,RED RIVER,48387,Red River County,9,True
44372,TX,REEVES,48389,Reeves County,2,True
44372,TX,ROCKWALL,48397,Rockwall County,2,True
44372,TX,RUSK,48401,Rusk County,37,True
44372,TX,SAN SABA,48411,San Saba County,9,True
44372,TX,SCURRY,48415,Scurry County,25,True
44372,TX,SHACKELFORD,48417,Shackelford County,2,True
44372,TX,SMITH,48423,Smith County,44,True
44372,TX,SOMERVELL,48425,Somervell County,3,True
44372,TX,STEPHENS,48429,Stephens County,5,True
44372,TX,STERLING,48431,Sterling County,5,True
44372,TX,TARRANT,48439,Tarrant County,133,True
44372,TX,TERRY,48445,Terry County,10,True
44372,TX,TOM GREEN,48451,Tom Green County,75,True
44372,TX,TRAVIS,48453,Travis County,39,True
44372,TX,TRINITY,48455,Trinity County,21,True
44372,TX,UPTON,48461,Upton County,6,True
44372,TX,VAN ZANDT,48467,Van Zandt County,17,True
44372,TX,WARD,48475,Ward County,0,False
44372,TX,WICHITA,48485,Wichita County,42,True
44372,TX,WILBARGER,48487,Wilbarger County,6,True
44372,TX,WILLIAMSON,48491,Williamson County,15,True
44372,TX,WINKLER,48495,Winkler County,4,True
44372,TX,WISE,48497,Wise County,30,True
44372,TX,WOOD,48499,Wood County,8,True
44372,TX,YOUNG,48503,Young County,9,True
54913,MA,BARNSTABLE,25001,Barnstable County,4,True
54913,MA,BERKSHIRE,25003,Berkshire County,22,True
54913,MA,BRISTOL,25005,Bristol County,28,True
54913,MA,DUKES,25007,Dukes County,1,True
54913,MA,FRANKLIN,25011,Franklin County,27,True
54913,MA,HAMPDEN,25013,Hampden County,14,True
54913,MA,HAMPSHIRE,25015,Hampshire County,31,True
54913,MA,MIDDLESEX,25017,Middlesex County,24,True
54913,MA,NORFOLK,25021,Norfolk County,5,True
54913,MA,PLYMOUTH,25023,Plymouth County,9,True
54913,MA,SUFFOLK,25025,Suffolk County,3,True
55787,CA,RIVERSIDE,06065,Riverside County,33,True
55937,TX,BRAZOS,48041,Brazos County,11,True
55937,TX,BURLESON,48051,Burleson County,2,True
55937,TX,CHAMBERS,48071,Chambers County,6,True
55937,TX,FALLS,48145,Falls County,10,True
55937,TX,GALVESTON,48167,Galveston County,21,True
55937,TX,GRIMES,48185,Grimes County,12,True
55937,TX,HARDIN,48199,Hardin County,30,True
55937,TX,HARRIS,48201,Harris County,79,True
55937,TX,HOUSTON,48225,Houston County,7,True
55937,TX,JASPER,48241,Jasper County,25,True
55937,TX,JEFFERSON,48245,Jefferson County,32,True
55937,TX,LEON,48289,Leon County,12,True
55937,TX,LIBERTY,48291,Liberty County,13,True
55937,TX,LIMESTONE,48293,Limestone County,30,True
55937,TX,MADISON,48313,Madison County,14,True
55937,TX,MILAM,48331,Milam County,4,True
55937,TX,MONTGOMERY,48339,Montgomery County,17,True
55937,TX,NEWTON,48351,Newton County,15,True
55937,TX,ORANGE,48361,Orange County,10,True
55937,TX,POLK,48373,Polk County,18,True
55937,TX,ROBERTSON,48395,Robertson County,5,True
55937,TX,SAN JACINTO,48407,San Jacinto County,9,True
55937,TX,TRINITY,48455,Trinity County,21,True
55937,TX,TYLER,48457,Tyler County,26,True
55937,TX,WALKER,48471,Walker County,25,True
55937,TX,WALLER,48473,Waller County,6,True
55937,TX,WASHINGTON,48477,Washington County,6,True
55982,TX,BELL,48027,Bell County,54,True
55982,TX,BOSQUE,48035,Bosque County,13,True
55982,TX,CORYELL,48099,Coryell County,9,True
55982,TX,FALLS,48145,Falls County,10,True
55982,TX,HAMILTON,48193,Hamilton County,10,True
55982,TX,MCLENNAN,48309,McLennan County,37,True
55982,TX,MILAM,48331,Milam County,4,True
56146,CO,CROWLEY,08025,Crowley County,8,True
56146,CO,CUSTER,08027,Custer County,2,True
56146,CO,EL PASO,08041,El Paso County,55,True
56146,CO,FREMONT,08043,Fremont County,10,True
56146,CO,OTERO,08089,Otero County,13,True
56146,CO,PUEBLO,08101,Pueblo County,33,True
56146,CO,TELLER,08119,Teller County,2,True
57483,CA,ALPINE,06003,Alpine County,2,True
57483,CA,EL DORADO,06017,El Dorado County,9,True
57483,CA,MONO,06051,Mono County,9,True
57483,CA,NEVADA,06057,Nevada County,4,True
57483,CA,PLACER,06061,Placer County,13,True
57483,CA,PLUMAS,06063,Plumas County,3,True
57483,CA,SIERRA,06091,Sierra County,3,True
58124,FL,ORANGE,12095,Orange County,20,True
59013,WA,JEFFERSON,53031,Jefferson County,0,False
60482,OK,BLAINE,40011,Blaine County,19,True
60482,OK,CADDO,40015,Caddo County,22,True
60482,OK,CANADIAN,40017,Canadian County,20,True
60482,OK,COMANCHE,40031,Comanche County,35,True
60482,OK,CUSTER,40039,Custer County,22,True
60482,OK,DEWEY,40043,Dewey County,10,True
60482,OK,GRADY,40051,Grady County,25,True
60482,OK,KIOWA,40075,Kiowa County,24,True
60482,OK,WASHITA,40149,Washita County,17,True
60631,MI,ALGER,26003,Alger County,8,True
60631,MI,BARAGA,26013,Baraga County,0,False
60631,MI,DELTA,26041,Delta County,6,True
60631,MI,DICKINSON,26043,Dickinson County,8,True
60631,MI,GOGEBIC,26053,Gogebic County,8,True
60631,MI,HOUGHTON,26061,Houghton County,6,True
60631,MI,IRON,26071,Iron County,0,False
60631,MI,MARQUETTE,26103,Marquette County,19,True
60631,MI,MENOMINEE,26109,Menominee County,1,True
60631,MI,ONTONAGON,26131,Ontonagon County,2,True
60839,KS,BARBER,20007,Barber County,18,True
60839,KS,CLARK,20025,Clark County,11,True
60839,KS,COMANCHE,20033,Comanche County,15,True
60839,KS,HARPER,20077,Harper County,9,True
60839,KS,HASKELL,20081,Haskell County,11,True
60839,KS,KINGMAN,20095,Kingman County,17,True
60839,KS,KIOWA,20097,Kiowa County,10,True
60839,KS,MEADE,20119,Meade County,8,True
60839,KS,PRATT,20151,Pratt County,23,True
60839,KS,RENO,20155,Reno County,18,True
60839,KS,SEWARD,20175,Seward County,13,True
65261,AZ,MARICOPA,04013,Maricopa County,80,True
65261,AZ,PINAL,04021,Pinal County,25,True
66073,SC,CHESTERFIELD,45025,Chesterfield County,28,True
66073,SC,DARLINGTON,45031,Darlington County,16,True
66073,SC,DILLON,45033,Dillon County,6,True
66073,SC,FLORENCE,45041,Florence County,23,True
66073,SC,LEE,45061,Lee County,7,True
66073,SC,MARION,45067,Marion County,8,True
66073,SC,MARLBORO,45069,Marlboro County,14,True
66101,NY,CHEMUNG,36015,Chemung County,15,True
66101,NY,TIOGA,36107,Tioga County,12,True
66101,PA,ADAMS,42001,Adams County,6,True
66101,PA,ALLEGHENY,42003,Allegheny County,165,True
66101,PA,ARMSTRONG,42005,Armstrong County,31,True
66101,PA,BEAVER,42007,Beaver County,69,True
66101,PA,BEDFORD,42009,Bedford County,0,False
66101,PA,BERKS,42011,Berks County,43,True
66101,PA,BLAIR,42013,Blair County,4,True
66101,PA,BRADFORD,42015,Bradford County,15,True
66101,PA,BUCKS,42017,Bucks County,16,True
66101,PA,BUTLER,42019,Butler County,97,True
66101,PA,CAMBRIA,42021,Cambria County,12,True
66101,PA,CAMERON,42023,Cameron County,1,True
66101,PA,CENTRE,42027,Centre County,15,True
66101,PA,CHESTER,42029,Chester County,43,True
66101,PA,CLARION,42031,Clarion County,27,True
66101,PA,CLEARFIELD,42033,Clearfield County,6,True
66101,PA,CRAWFORD,42039,Crawford County,29,True
66101,PA,CUMBERLAND,42041,Cumberland County,10,True
66101,PA,DAUPHIN,42043,Dauphin County,21,True
66101,PA,ELK,42047,Elk County,8,True
66101,PA,ERIE,42049,Erie County,8,True
66101,PA,FAYETTE,42051,Fayette County,48,True
66101,PA,FOREST,42053,Forest County,6,True
66101,PA,FRANKLIN,42055,Franklin County,2,True
66101,PA,FULTON,42057,Fulton County,0,False
66101,PA,GREENE,42059,Greene County,24,True
66101,PA,HUNTINGDON,42061,Huntingdon County,7,True
66101,PA,INDIANA,42063,Indiana County,9,True
66101,PA,JEFFERSON,42065,Jefferson County,16,True
66101,PA,JUNIATA,42067,Juniata County,8,True
66101,PA,LANCASTER,42071,Lancaster County,23,True
66101,PA,LAWRENCE,42073,Lawrence County,44,True
66101,PA,LEBANON,42075,Lebanon County,5,True
66101,PA,LEHIGH,42077,Lehigh County,25,True
66101,PA,LYCOMING,42081,Lycoming County,25,True
66101,PA,MCKEAN,42083,McKean County,6,True
66101,PA,MERCER,42085,Mercer County,53,True
66101,PA,MIFFLIN,42087,Mifflin County,1,True
66101,PA,MONROE,42089,Monroe County,21,True
66101,PA,MONTGOMERY,42091,Montgomery County,21,True
66101,PA,NORTHAMPTON,42095,Northampton County,19,True
66101,PA,PERRY,42099,Perry County,6,True
66101,PA,PIKE,42103,Pike County,5,True
66101,PA,POTTER,42105,Potter County,19,True
66101,PA,SOMERSET,42111,Somerset County,5,True
66101,PA,SULLIVAN,42113,Sullivan County,6,True
66101,PA,SUSQUEHANNA,42115,Susquehanna County,46,True
66101,PA,TIOGA,42117,Tioga County,13,True
66101,PA,VENANGO,42121,Venango County,19,True
66101,PA,WARREN,42123,Warren County,4,True
66101,PA,WASHINGTON,42125,Washington County,50,True
66101,PA,WAYNE,42127,Wayne County,13,True
66101,PA,WESTMORELAND,42129,Westmoreland County,74,True
66101,PA,WYOMING,42131,Wyoming County,6,True
66101,PA,YORK,42133,York County,22,True
