pair_id,ramp_up_mine_id,comparator_mine_id,state,coal_metal_ind,mine_type,prior_severe_12m,ramp_up_ramp,comparator_ramp,ramp_up_hours_q1,comparator_hours_q1,ramp_up_emp_q1,comparator_emp_q1,ramp_up_intensity_q1,comparator_intensity_q1,distance_sq
1,0102687,0100050,AL,M,Surface,0,0.260202539395,-0.00934893620807,40681,46364,61,75,666.901639344,618.186666667,0.0885647097706
2,0102894,0100115,AL,M,Surface,0,0.395670710516,0.13341084534,1026,1037,3,3,342,345.666666667,0.000778902864014
3,0102901,0101247,AL,C,Underground,0,0.0377805327433,0.010473376876,289367,257767,401,381,721.613466334,676.553805774,0.0372206883357
4,0103190,0103614,AL,M,Surface,0,0.262640243714,0.185784274341,29327,25383,67,63,437.71641791,402.904761905,0.0600372475131
5,0103411,0102372,AL,M,Surface,0,0.263203527751,0.00959256518861,6459,5244,9,8,717.666666667,655.5,0.0907879230087
6,0103450,0100678,AL,M,Surface,0,0.278835138424,0.0527964023362,11655,10310,25,22,466.2,468.636363636,0.0252518740342
7,0103502,0103170,AL,M,Surface,0,1.06784063,0.0769294210827,1056,1004,6,6,176,167.333333333,0.0174640428057
8,0103517,0100036,AL,M,Surface,0,0.375089445964,0.00139559872356,16987,18617,29,31,585.75862069,600.548387097,0.0136086038721
9,0103547,0103525,AL,M,Surface,0,0.344877943365,0.158155490947,1748,1780,5,5,349.6,356,0.0022541802799
10,0103565,0103545,AL,M,Surface,0,0.590278841678,0.13081342363,11412,10127,25,22,456.48,460.318181818,0.0250087540778
11,0103582,0103527,AL,M,Surface,0,0.239594711782,0.107908287737,2098,3360,6,8,349.666666667,420,0.418530877615
12,0103612,0100526,AL,M,Surface,0,0.276676787302,-0.0192944871572,7922,8516,16,17,495.125,500.941176471,0.00759821072372
13,0200001,0201138,AZ,M,Facility,0,0.116822785095,0.0111018522014,70465,65399,150,123,469.766666667,531.699186992,0.13751856425
14,0201092,0202135,AZ,M,Surface,0,0.248623935119,0.137127648827,6458,5933,19,19,339.894736842,312.263157895,0.0492472760029
15,0201203,0202742,AZ,M,Surface,0,0.33266324563,-0.000137353203979,7102,7281,14,14,507.285714286,520.071428571,0.00424433844351
16,0202324,0201398,AZ,M,Surface,0,0.692118933044,0.153976235867,4644,4212,13,12,357.230769231,351,0.0137638287717
17,0202713,0200732,AZ,M,Surface,0,0.319522678307,0.0730661968746,1360,1715,5,6,272,285.833333333,0.0747934781562
18,0202894,0203352,AZ,M,Surface,0,0.369250624404,0.129932972045,806,1218,4,6,201.5,203,0.22710141813
19,0203289,0202531,AZ,M,Surface,0,0.42289033842,0.212697099584,2942,3159,6,6,490.333333333,526.5,0.0346917357297
20,0203357,0203327,AZ,M,Surface,0,0.275650460399,0.00229621226035,1087,870,4,3,271.75,290,0.109016764791
21,0203410,0202668,AZ,M,Surface,0,1.68774484879,0.0920895651043,550,622,4,4,137.5,155.5,0.103640656074
22,0203413,0200632,AZ,M,Surface,0,0.292061962113,-0.00953097837181,12649,14236,21,25,602.333333333,569.44,0.0568062485632
23,0203425,0202141,AZ,M,Surface,0,0.633576220315,0.217866494213,830,912,3,3,276.666666667,304,0.0607920176744
24,0203450,0203484,AZ,M,Surface,0,0.907192867757,0.110321884484,2120,2091,8,7,265,298.714285714,0.102760748181
25,0203463,0202283,AZ,M,Surface,0,0.281293975136,0.22610559261,3769,3843,7,7,538.428571429,549,0.00258964886204
26,0203465,0203022,AZ,M,Surface,0,0.377543915447,0.0897384034956,3694,3662,11,12,335.818181818,305.166666667,0.0631436948083
27,0203471,0203350,AZ,M,Surface,0,0.494301819987,0.161075437976,5291,6073,12,13,440.916666667,467.153846154,0.038809183445
28,0203486,0203336,AZ,M,Surface,0,0.706401948885,0.014184634992,1379,1400,3,3,459.666666667,466.666666667,0.00156454187983
29,0203520,0202145,AZ,M,Surface,0,0.51220484077,0.0227318391136,5893,6263,13,13,453.307692308,481.769230769,0.0254007367307
30,0300299,0301786,AR,M,Surface,0,0.330373067601,0.0791784967523,5292,5292,15,13,352.8,407.076923077,0.144560331596
31,0300911,0301787,AR,M,Surface,0,0.654734442382,-0.0130424304132,1831,1775,4,4,457.75,443.75,0.006608722129
32,0301240,0301629,AR,M,Surface,0,0.389227546976,0.0774317401328,952,1180,4,5,238,236,0.0644008736398
33,0301614,0301741,AR,M,Surface,0,0.246270434449,0.0314971891134,23784,18694,46,37,517.043478261,505.243243243,0.0872046091666
34,0301618,0301820,AR,M,Surface,0,0.2448741792,0.0807371394552,12039,12156,25,26,481.56,467.538461538,0.00689264194908
35,0301779,0302058,AR,M,Surface,0,0.387029227886,0.17303835449,2135,1948,5,5,427,389.6,0.0575520476251
36,0301872,0301853,AR,M,Surface,0,0.357516872004,0.0276033595376,11081,13691,28,32,395.75,427.84375,0.084107607075
37,0301908,0301916,AR,M,Surface,0,0.929284702341,-0.020679724162,2095,2482,8,8,261.875,310.25,0.196820010708
38,0302085,0301974,AR,M,Surface,0,0.328046296307,0.208155760349,2185,2904,5,6,437,484,0.142163159785
39,0400021,0400159,CA,M,Surface,0,0.321726574445,-0.00140608968058,8981,8738,17,17,528.294117647,514,0.00515405270319
40,0400600,0400107,CA,M,Surface,0,0.322406809462,0.235227321297,1423,1859,5,6,284.6,309.833333333,0.115928905002
41,0400929,0404847,CA,M,Surface,0,0.285487519784,0.13588606722,7869,7699,17,17,462.882352941,452.882352941,0.00326757583064
42,0401680,0404053,CA,M,Surface,0,0.276417468001,0.102346591825,26044,31400,73,74,356.767123288,424.324324324,0.209447195417
43,0401698,0404678,CA,M,Surface,0,0.369964924431,0.0661178121583,6174,5457,16,15,385.875,363.8,0.0352839368651
44,0401760,0405694,CA,M,Surface,0,0.359693358546,0.199675571487,827,914,3,3,275.666666667,304.666666667,0.0685232041162
45,0401806,0404981,CA,M,Surface,0,0.566581423414,0.228893253351,1308,1759,7,8,186.857142857,219.875,0.235968520232
46,0401819,0404770,CA,M,Surface,0,0.422027706951,0.149504420149,1477,2034,5,6,295.4,339,0.209089882597
47,0401854,0405946,CA,M,Surface,0,0.317592230171,-0.000458873473694,8390,8719,20,21,419.5,415.19047619,0.00381529800305
48,0401888,0401878,CA,M,Surface,0,0.260992855905,0.0231477917602,31900,38959,77,88,414.285714286,442.715909091,0.0712890301677
49,0401924,0404080,CA,M,Surface,0,0.290421743425,0.0381686804527,24098,26315,52,54,463.423076923,487.314814815,0.0221581230015
50,0401974,0405338,CA,M,Surface,0,0.32458155857,0.142768720183,8735,8432,17,17,513.823529412,496,0.00853781245594
51,0403367,0402711,CA,M,Surface,0,0.563100112018,0.130937357447,573,579,5,5,114.6,115.8,0.000743069024065
52,0403623,0405927,CA,M,Surface,0,0.271625121128,0.148936743771,1852,1868,4,4,463,467,0.000506855225994
53,0404031,0405850,CA,M,Surface,0,0.432489656068,0.231313860154,2645,2530,9,8,293.888888889,316.25,0.045716935419
54,0404783,0404212,CA,M,Surface,0,0.615506791572,0.0349968420371,1178,1095,5,5,235.6,219,0.0365627804893
55,0404937,0401865,CA,M,Surface,0,0.371524072948,0.112015341734,3695,3864,12,12,307.916666667,322,0.0137005167664
56,0405140,0405504,CA,M,Surface,0,0.358363658103,0.165626006567,3195,3342,9,9,355,371.333333333,0.0138601564059
57,0405156,0403489,CA,M,Surface,0,0.455782062974,0.0685254082912,2864,2425,10,7,286.4,346.428571429,0.34415468955
58,0405180,0405988,CA,M,Surface,0,0.324415181951,-0.00651739116213,1490,1447,5,4,298,361.75,0.266391197517
59,0405301,0405153,CA,M,Surface,0,0.706903923572,0.189876908438,856,923,3,3,285.333333333,307.666666667,0.0388940964091
60,0405313,0405908,CA,M,Surface,0,0.467222319489,0.21152849528,19108,18065,36,34,530.777777778,531.323529412,0.005200890206
61,0405336,0404652,CA,M,Surface,0,0.333804931098,0.114797273218,4639,5168,9,10,515.444444444,516.8,0.0169115721816
62,0405364,0405357,CA,M,Surface,0,0.46381258273,0.202866809225,1681,1654,4,4,420.25,413.5,0.0017958666697
63,0405407,0401710,CA,M,Surface,0,0.331083808675,0.0287906024846,3045,3047,7,7,435,435.285714286,2.95312852634e-06
64,0405514,0401996,CA,M,Surface,0,0.534991918167,0.144108818586,5377,5619,22,19,244.409090909,295.736842105,0.24566150215
65,0405619,0400276,CA,M,Surface,0,0.56699527547,0.0892225636828,1937,1423,8,6,242.125,237.166666667,0.129199192135
66,0405635,0401676,CA,M,Surface,0,0.267549975776,0.0349604044734,21098,21600,48,49,439.541666667,440.816326531,0.000829196864088
67,0405799,0403447,CA,M,Surface,0,0.252871163042,0.0184306801498,5711,5829,12,12,475.916666667,485.75,0.00286508719351
68,0405879,0405459,CA,M,Surface,0,0.29647672487,0.0131227991465,8504,8706,19,19,447.578947368,458.210526316,0.00377520789804
69,0405975,0400562,CA,M,Facility,0,0.0908107346431,0.00904890174989,6480,6030,14,13,462.857142857,463.846153846,0.00824945064153
70,0500860,0500864,CO,M,Surface,0,0.375506328801,0.233989665927,21161,26042,46,51,460.02173913,510.62745098,0.106273437299
71,0501329,0505171,CO,M,Surface,0,0.306561034049,0.0281066735703,892,1298,3,5,297.333333333,259.6,0.372327589305
72,0502357,0504756,CO,M,Surface,0,0.339853546538,0.14300044047,5935,5777,16,13,370.9375,444.384615385,0.240192724292
73,0502398,0501371,CO,M,Surface,0,0.411314379323,0.0328273751616,2091,2577,7,8,298.714285714,322.125,0.0781539224448
74,0503178,0505080,CO,M,Surface,0,0.268843768778,0.233812982147,2840,3028,8,8,355,378.5,0.0281432239684
75,0503748,0505169,CO,M,Surface,0,0.330416113444,0.0465772976054,1254,1587,3,4,418,396.75,0.103645314474
76,0503836,0503505,CO,C,Underground,0,0.272700508455,-0.0065585371815,72051,75136,149,168,483.563758389,447.238095238,0.0531664519514
77,0503997,0503661,CO,M,Surface,0,1.03276407386,0.0318072893844,3175,3118,14,12,226.785714286,259.833333333,0.135235672169
78,0504231,0504968,CO,M,Surface,0,0.388223301674,0.11930176022,1248,1852,3,4,416,463,0.22431668529
79,0504232,0505196,CO,M,Surface,0,0.304693418278,0.0774344750471,3366,2581,8,6,420.75,430.166666667,0.113282883551
80,0504241,0503995,CO,M,Surface,0,0.351670097531,0.0604912262316,2612,2646,6,6,435.333333333,441,0.00114568837294
81,0504653,0504124,CO,M,Surface,0,0.640207795266,0.103312593582,1024,1222,4,5,256,244.4,0.0674072709375
82,0504680,0504854,CO,M,Surface,0,0.310335948352,0.143385433122,1964,2108,4,4,491,527,0.034292574124
83,0504681,0500073,CO,M,Surface,0,0.255829341589,0.0853807226548,12891,14372,24,25,537.125,574.88,0.0379498694147
84,0504785,0504717,CO,M,Surface,0,0.414882836618,0.225047691656,4484,3594,15,11,298.933333333,326.727272727,0.16449459238
85,0504835,0505170,CO,M,Surface,0,0.8015485577,0.0606246218164,1297,1536,3,3,432.333333333,512,0.195920410402
86,0504927,0504687,CO,M,Surface,0,0.238220951534,0.122082436455,1435,1702,3,3,478.333333333,567.333333333,0.19944049387
87,0505009,0505195,CO,M,Surface,0,0.300903948628,0.160135921673,3381,3046,8,6,422.625,507.666666667,0.278541996171
88,0505023,0502144,CO,M,Surface,0,0.254234138384,0.177999699298,2242,2409,5,5,448.4,481.8,0.035354709123
89,0505028,0504509,CO,M,Surface,0,0.317471963859,0.0828329860169,2594,4157,6,8,432.333333333,519.625,0.420395468416
90,0505036,0505046,CO,M,Surface,0,0.333435186464,-0.0192498725622,3439,4196,8,8,429.875,524.5,0.271131290925
91,0505041,0501902,CO,M,Surface,0,0.263441900546,0.167395906577,4994,6300,12,14,416.166666667,450,0.0942160466976
92,0505077,0504965,CO,M,Surface,0,0.278321629692,0.225047691656,2415,3594,8,11,301.875,326.727272727,0.226812555351
93,0505102,0504966,CO,M,Surface,0,0.303447392857,0.225047691656,2533,3594,7,11,361.857142857,326.727272727,0.310863267033
94,0505153,0504186,CO,M,Surface,0,0.259511195485,0.102736214556,5400,5647,8,9,675,627.444444444,0.0454858600342
95,0505191,0505194,CO,M,Surface,0,0.261828410986,0.182026366614,6318,6741,12,13,526.5,518.538461538,0.00974036592318
96,0505192,0505127,CO,M,Surface,0,0.469443113557,0.140475010014,5205,5059,11,10,473.181818182,505.9,0.03578697208
97,0505198,0504481,CO,M,Surface,0,0.290170910571,0.109194890837,3411,4701,7,9,487.285714286,522.333333333,0.148201775035
98,0600003,0600266,CT,M,Surface,0,0.390881293552,0.194780256897,2617,3071,7,9,373.857142857,341.222222222,0.118588916121
99,0600017,0600656,CT,M,Surface,0,0.725330936425,0.0165093340995,1544,1642,6,6,257.333333333,273.666666667,0.0259388984466
100,0600200,0600393,CT,M,Surface,0,0.392945752435,0.0566421394521,2840,3552,7,9,405.714285714,394.666666667,0.0879498188473
101,0600272,0600851,CT,M,Surface,0,0.508712067402,0.204603645763,1042,1165,3,3,347.333333333,388.333333333,0.0852706108397
102,0600304,0600615,CT,M,Surface,0,0.327199125806,0.148541362501,2410,2273,6,5,401.666666667,454.6,0.120919591563
103,0600602,0600751,CT,M,Surface,0,0.292057614485,0.184840903097,1049,925,4,4,262.25,231.25,0.108387138671
104,0600636,0600001,CT,M,Surface,0,0.557222391352,0.05861371694,4721,4158,12,10,393.416666667,415.8,0.0576687511723
105,0600664,0600848,CT,M,Surface,0,0.519875459286,0.147803155051,1320,1603,5,5,264,320.6,0.258435461184
106,0600688,0600806,CT,M,Surface,0,0.288871840587,0.169178731355,756,868,3,4,252,217,0.20094210605
107,0600697,0600805,CT,M,Surface,0,0.592755684201,0.209780323502,2119,1808,7,5,302.714285714,361.6,0.295230930803
108,0600727,0600225,CT,M,Surface,0,0.288256242996,0.112578497725,3047,3810,7,8,435.285714286,476.25,0.0971472129833
109,0600811,0600856,CT,M,Surface,0,1.1232950704,0.145427508255,827,954,5,5,165.4,190.8,0.139775163142
110,0600824,0600794,CT,M,Surface,0,0.313301848262,0.100491538546,1490,1680,4,4,372.5,420,0.0986613206276
111,0800308,0801454,FL,M,Surface,0,0.416122402582,0.175081515328,6272,7139,14,15,448,475.933333333,0.0379532624393
112,0801139,0801094,FL,M,Surface,0,0.396167939465,0.052785543262,1789,1808,4,4,447.25,452,0.000764464537234
113,0801231,0800760,FL,M,Surface,0,0.242977854754,0.182219207886,2476,3257,7,9,353.714285714,361.888888889,0.103153486273
114,0801244,0801227,FL,M,Surface,0,0.581480514161,0.100273465089,4593,4991,11,13,417.545454545,383.923076923,0.072034895189
115,0801296,0801463,FL,M,Surface,0,0.438277610354,0.0840799103196,4267,4311,8,8,533.375,538.875,0.00072092654652
116,0801327,0800075,FL,M,Surface,0,0.271376829575,0.112228121157,5132,5195,9,9,570.222222222,577.222222222,0.00101975766462
117,0801350,0801391,FL,M,Surface,0,0.272516505628,0.12435076458,5963,6098,12,12,496.916666667,508.166666667,0.00343315160131
118,0801354,0801291,FL,M,Surface,0,0.287965771372,0.0652036990972,7269,6575,13,12,559.153846154,547.916666667,0.0147551867305
119,0801400,0801337,FL,M,Surface,0,0.238710311318,0.00766625109795,6884,7626,13,15,529.538461538,508.4,0.035127731213
120,0801406,0800017,FL,M,Surface,0,0.521574662838,0.0207215419193,6840,5588,16,12,427.5,465.666666667,0.144636586489
121,0801425,0801409,FL,M,Surface,0,0.266464031376,0.190353728491,4843,4464,11,9,440.272727273,496,0.125637688281
122,0801441,0800761,FL,M,Surface,0,0.248367763199,0.210458391787,9082,9520,15,15,605.466666667,634.666666667,0.0151967322739
123,0900023,0900020,GA,M,Surface,0,0.251065612547,0.13941833256,5806,5695,14,13,414.714285714,438.076923077,0.0236036053639
124,0900075,0900720,GA,M,Surface,0,0.429625543376,0,2570,2167,7,6,367.142857143,361.166666667,0.0388911146903
125,0900264,0900149,GA,M,Surface,0,0.294647372998,0.178706169096,23191,29554,51,66,454.725490196,447.787878788,0.105024217719
126,0900265,0901152,GA,M,Surface,0,0.265382584827,0.0645278490948,8223,9203,13,15,632.538461538,613.533333333,0.0320816579001
127,0900337,0900471,GA,M,Facility,0,0.160723682331,0.0168881294589,145265,99954,315,195,461.158730159,512.584615385,0.391052434631
128,0900359,0900231,GA,M,Facility,0,0.234591846965,0.075262006626,38961,52315,89,105,437.764044944,498.238095238,0.188196636069
129,0900901,0900188,GA,M,Facility,0,0.158617518529,0.0141184884584,56301,59637,119,115,473.117647059,518.582608696,0.0554316169853
130,0900994,0900007,GA,M,Surface,0,0.383886626701,0.0936898715913,2540,1853,7,5,362.857142857,370.6,0.151896322556
131,0901093,0900030,GA,M,Underground,0,0.121342638138,0.016088300082,54954,50234,109,98,504.165137615,512.591836735,0.0182043825065
132,0901108,0900111,GA,M,Facility,0,0.166382096464,-0.0157859465431,41822,31490,63,57,663.841269841,552.456140351,0.271920813305
133,0901173,0901185,GA,M,Facility,0,0.115318068872,0.0254348971478,3988,2989,10,8,398.8,373.625,0.121975138823
134,0901206,0901195,GA,M,Facility,0,0.305908936671,0.0487901641694,2844,2600,6,6,474,433.333333333,0.0551143037348
135,0901256,0901187,GA,M,Surface,0,0.427630825224,0.205440198913,2542,3784,7,9,363.142857143,420.444444444,0.28793196308
136,0901259,0900999,GA,M,Surface,0,0.255206828939,0.102809384672,5774,5848,14,13,412.428571429,449.846153846,0.051533407565
137,1000083,1000414,ID,M,Underground,0,0.15474831917,0.114540435324,20073,23476,45,45,446.066666667,521.688888889,0.167998740691
138,1000100,1002149,ID,M,Surface,0,0.383879317791,0.141201179828,1639,1932,6,6,273.166666667,322,0.185281817175
139,1000772,1002367,ID,M,Surface,0,0.668762643759,0.0614930543504,3570,3453,8,8,446.25,431.625,0.00760593360261
140,1001357,1002169,ID,M,Facility,0,0.44208351075,-0.00426348972406,8648,4701,18,11,480.444444444,427.363636364,0.54372671214
141,1001482,1001717,ID,M,Surface,0,0.356965740238,0.110543667445,6189,6485,12,12,515.75,540.416666667,0.0149510073157
142,1001768,1002207,ID,M,Surface,0,0.237911472356,-0.0152456502194,2245,2115,4,4,561.25,528.75,0.0243726265146
143,1001826,1002203,ID,M,Surface,0,0.37320424589,0.119059360016,1218,1305,3,3,406,435,0.0326025387054
144,1001900,1001776,ID,M,Surface,0,0.537811825257,0.21344877842,5749,4331,29,19,198.24137931,227.947368421,0.338928661502
145,1001912,1000360,ID,M,Surface,0,0.366187752173,0.0184445995055,1284,838,7,4,183.428571429,209.5,0.451819677921
146,1001993,1001854,ID,M,Surface,0,0.305495504126,0.0859550007706,9888,6551,22,15,449.454545455,436.733333333,0.249972583438
147,1002030,1002107,ID,M,Surface,0,0.446047721638,0.191146813951,1894,1899,4,4,473.5,474.75,4.76102196408e-05
148,1002066,1002044,ID,M,Surface,0,0.412236448231,0.0954820158731,1619,1587,4,4,404.75,396.75,0.00272972561545
149,1002088,1002291,ID,M,Surface,0,0.251125325337,-0.00588554938987,3134,3340,6,6,522.333333333,556.666666667,0.0277604213644
150,1002095,1002064,ID,M,Surface,0,0.600074006457,0.209620053715,1515,1345,5,4,303,336.25,0.109830203272
151,1002112,1001898,ID,M,Surface,0,0.257107739556,0.00313185348379,4612,3188,15,9,307.466666667,354.222222222,0.436300126827
152,1002189,1001979,ID,M,Surface,0,0.378734375405,-0.00941025260394,1586,1993,5,6,317.2,332.166666667,0.0716556730649
153,1002208,1001647,ID,M,Surface,0,0.246351971745,0.2017469436,1661,2195,5,7,332.2,313.571428571,0.155288359568
154,1002242,1001252,ID,M,Surface,0,0.267062785249,0.08419604486,980,1571,3,4,326.666666667,392.75,0.407766416554
155,1002247,1001937,ID,M,Surface,0,0.389864955947,0.0424759327287,1773,2054,5,5,354.6,410.8,0.148247001403
156,1002279,1002141,ID,M,Surface,0,0.270535634677,0.121846286543,3647,3766,8,8,455.875,470.75,0.00706199785389
157,1002283,1001959,ID,M,Surface,0,0.306655870665,-0.00588999229002,6256,4257,10,8,625.6,532.125,0.30092374727
158,1002286,1002363,ID,M,Surface,0,0.289793544349,0.153990333479,2744,2673,4,4,686,668.25,0.00470746863101
159,1002307,1002310,ID,M,Surface,0,0.564937636866,0.0538555842572,1692,1741,4,4,423,435.25,0.00558244226564
160,1002319,1002255,ID,M,Surface,0,0.236008622196,0.161572117583,2631,3126,4,5,657.75,625.2,0.0690457726552
161,1002346,1001422,ID,M,Surface,0,0.615418672829,0.0968058417257,3363,3629,7,7,480.428571429,518.428571429,0.0396940476981
162,1002382,1001634,ID,M,Surface,0,0.336814175418,0.051697924977,2924,3371,9,9,324.888888889,374.555555556,0.138621173901
163,1100010,1101511,IL,M,Surface,0,0.729527191097,0.0997554054417,1444,1476,5,5,288.8,295.2,0.0032906456083
164,1100023,1101849,IL,M,Surface,0,0.512123482482,0.0683861857922,770,1374,3,5,256.666666667,274.8,0.41638954977
165,1100025,1100154,IL,M,Surface,0,0.388642861845,0.184487361996,5353,4151,17,12,314.882352941,345.916666667,0.2039341229
166,1100052,1100102,IL,M,Surface,0,0.287259685962,-0.0146470844407,5920,6396,12,13,493.333333333,492,0.00953353757145
167,1100098,1102725,IL,M,Surface,0,0.244998250374,0.10480195004,5251,4884,11,10,477.363636364,488.4,0.0143199003606
168,1100112,1100004,IL,M,Surface,0,0.327721638049,0.00626306848956,6444,5730,12,11,537,520.909090909,0.0213226058677
169,1100400,1103245,IL,M,Surface,0,0.408882852619,0.0757655837314,1071,1550,3,4,357,387.5,0.182272475103
170,1101081,1101661,IL,M,Surface,0,0.269344536798,0.0864621305742,1197,1290,3,3,399,430,0.0383461200939
171,1101105,1103100,IL,M,Surface,0,0.363039531775,0.0450263206102,10442,9532,24,22,435.083333333,433.272727273,0.0126133800923
172,1101108,1103294,IL,M,Surface,0,0.597017157486,0.173231917903,2210,3426,7,11,315.714285714,311.454545455,0.293864461797
173,1101167,1103130,IL,M,Surface,0,0.452330343868,0.197257464631,5200,5416,14,14,371.428571429,386.857142857,0.0113464358893
174,1101228,1102658,IL,M,Surface,0,0.322693009642,0.0338930646926,9009,6546,25,17,360.36,385.058823529,0.230715402718
175,1101241,1103089,IL,M,Surface,0,0.625341750277,0.147097423325,1022,1748,5,7,204.4,249.714285714,0.522328532829
176,1102051,1102998,IL,M,Facility,0,0.0855211871286,-0.00368341606964,6044,6178,12,11,503.666666667,561.636363636,0.0801577688619
177,1102814,1100019,IL,M,Underground,0,0.161853890209,0.070617567214,11335,13489,20,24,566.75,562.041666667,0.0510671836346
178,1102864,1100132,IL,M,Surface,0,0.381630158037,0.0759765152342,7547,7791,16,16,471.6875,486.9375,0.00693544375489
179,1102914,1100135,IL,M,Surface,0,0.25513430558,0.204535521738,8481,8105,17,16,498.882352941,506.5625,0.00609001945919
180,1103067,1100111,IL,M,Surface,0,0.609553460049,0.08235701506,5125,3915,14,11,366.071428571,355.909090909,0.103089214876
181,1103115,1103111,IL,M,Underground,0,0.293955308622,0.085542087494,17897,18308,38,34,470.973684211,538.470588235,0.123046221804
182,1103144,1102931,IL,M,Underground,0,0.195840921639,0.10605895738,27936,20467,53,37,527.094339623,553.162162162,0.202706713886
183,1103159,1103315,IL,M,Surface,0,0.3398059203,0,1369,1440,3,3,456.333333333,480,0.0175108823176
184,1103186,1101131,IL,M,Surface,0,0.404297292957,0.0698989902995,2856,2721,6,6,476,453.5,0.0160611076669
185,1103208,1100124,IL,M,Surface,0,0.260203375698,-0.0076957835207,4312,4186,9,9,479.111111111,465.111111111,0.00602450315817
186,1103221,1100038,IL,M,Surface,0,0.607268691422,0.228948358696,6015,4682,17,11,353.823529412,425.636363636,0.417944690139
187,1103230,1100244,IL,M,Surface,0,0.253254514481,0.0244293738752,4377,4448,9,9,486.333333333,494.222222222,0.00177360412598
188,1103270,1103158,IL,M,Surface,0,0.311888749552,0.101356060918,4418,4504,10,10,441.8,450.4,0.00254595224919
189,1103303,1103107,IL,M,Surface,0,0.421813885389,0.198819088003,1998,2064,4,4,499.5,516,0.00723457077235
190,1200002,1200004,IN,M,Surface,0,0.289106827813,0.0966833973684,11222,9749,25,21,448.88,464.238095238,0.0481752345627
191,1200008,1200128,IN,M,Surface,0,0.255159550259,0.235631433391,6172,6213,16,17,385.75,365.470588235,0.0213474372617
192,1200013,1200015,IN,M,Surface,0,0.321246836022,0.164532093926,9128,13033,24,32,380.333333333,407.28125,0.190675980143
193,1200016,1201744,IN,M,Surface,0,0.459090751865,0.147428547379,4812,5145,12,12,401,428.75,0.0306696122041
194,1200023,1200124,IN,M,Surface,0,0.365451239477,0.160975822059,11957,13355,28,28,427.035714286,476.964285714,0.0837546421105
195,1200037,1202261,IN,M,Surface,0,0.405342235343,0.186377339746,2713,2652,6,6,452.166666667,442,0.0035423870759
196,1200053,1202522,IN,M,Surface,0,0.274181730108,0.0794037226371,9853,9995,19,19,518.578947368,526.052631579,0.00140255303945
197,1200068,1202467,IN,M,Surface,0,0.244459184089,0.220985181924,14426,12395,31,25,465.35483871,495.8,0.083424232174
198,1200073,1201392,IN,M,Surface,0,0.467457852878,0.228411428698,5113,5610,13,14,393.307692308,400.714285714,0.0126505876696
199,1200074,1202385,IN,M,Surface,0,0.371166108923,0.0238039708573,5467,6292,13,15,420.538461538,419.466666667,0.0310685063636
200,1200081,1202179,IN,M,Surface,0,0.295906502691,0.0721463522798,8779,7472,23,17,381.695652174,439.529411765,0.223458125879
201,1200102,1202417,IN,M,Surface,0,0.334750857479,0.193272027,7834,6857,18,16,435.222222222,428.5625,0.0256831653738
202,1200123,1200052,IN,M,Surface,0,0.47747978388,0.142856040692,13936,18423,41,49,339.902439024,375.979591837,0.145254783833
203,1200136,1201455,IN,M,Surface,0,0.237810919221,0.0854502487577,8395,10257,18,21,466.388888889,488.428571429,0.0614384021198
204,1200141,1202225,IN,M,Surface,0,0.346479262745,-0.0069811235468,2309,2246,7,7,329.857142857,320.857142857,0.00524194557487
205,1200194,1201932,IN,M,Surface,0,0.4202712405,0.0754117533032,3285,2847,8,7,410.625,406.714285714,0.0280989164205
206,1200354,1202366,IN,M,Surface,0,0.251013253216,0.00463480896911,11586,11469,22,21,526.636363636,546.142857143,0.0102338314
207,1200582,1202523,IN,M,Surface,0,0.469118402263,0.141890111,3673,4000,9,9,408.111111111,444.444444444,0.0498240648618
208,1200692,1200721,IN,M,Surface,0,0.290365318898,0.108913201937,3775,3737,8,8,471.875,467.125,0.000701149755196
209,1200768,1202115,IN,M,Surface,0,0.349597395533,0.13626785033,1503,1608,3,3,501,536,0.0312337509102
210,1200914,1202240,IN,M,Surface,0,0.689214336283,0.0706465003062,1656,1571,4,4,414,392.75,0.0190177182484
211,1200937,1202231,IN,M,Surface,0,0.427554359655,0.23012507213,3546,3026,9,7,394,432.285714286,0.119884485948
212,1201141,1202073,IN,M,Surface,0,0.392150802765,0.209454073532,5469,6391,13,14,420.692307692,456.5,0.062185370898
213,1201150,1200655,IN,M,Surface,0,0.251718445064,0.0588156792203,20897,15560,39,28,535.820512821,555.714285714,0.169845371555
214,1201389,1202489,IN,M,Surface,0,0.25568626056,0.0997120105245,2350,2308,4,4,587.5,577,0.0022277002511
215,1201523,1200964,IN,M,Surface,0,0.356748622333,0.0715077884023,4524,3733,7,6,646.285714286,622.166666667,0.0513924930267
216,1201718,1200039,IN,M,Surface,0,0.293795687736,0.109355699595,4351,4409,9,9,483.444444444,489.888888889,0.00120118805844
217,1201762,1200427,IN,M,Underground,0,0.272477341482,0.0226141751679,21455,28543,48,57,446.979166667,500.754385965,0.162544994713
218,1201911,1202210,IN,M,Surface,0,0.455475528683,0.154508653699,3276,2394,10,6,327.6,399,0.510884143728
219,1201994,1202466,IN,M,Surface,0,0.250709838994,0.232080161281,4458,4456,11,10,405.272727273,445.6,0.063259647294
220,1202070,1202496,IN,M,Surface,0,0.297978173704,0.164942955464,2319,2225,6,5,386.5,445,0.147859720941
221,1202134,1201173,IN,M,Surface,0,0.338829231639,0.0587750171412,7870,10285,18,20,437.222222222,514.25,0.220536124941
222,1202141,1200992,IN,M,Surface,0,0.248762233507,0.189079084179,3589,3659,8,8,448.625,457.375,0.00255583752608
223,1202187,1200642,IN,M,Surface,0,0.363737683328,0.134545359608,3499,3142,8,7,437.375,448.857142857,0.0257748393905
224,1202212,1202440,IN,M,Surface,0,0.31752502474,0.113404878686,2938,3281,7,7,419.714285714,468.714285714,0.0835163757406
225,1202242,1202495,IN,M,Surface,0,0.47703757045,0.0185470056626,3038,2297,8,5,379.75,459.4,0.441211223212
226,1202243,1201909,IN,M,Surface,0,0.48706907069,0.212578129371,1559,1275,4,3,389.75,425,0.123202040076
227,1202260,1201700,IN,M,Surface,0,0.252350161154,0.211958889726,1930,1978,4,4,482.5,494.5,0.00413374522773
228,1202264,1200641,IN,M,Surface,0,0.405586239475,0.0719150359665,3302,3326,8,7,412.75,475.142857143,0.136535941259
229,1202318,1202218,IN,M,Surface,0,0.417915200432,0.137948705251,3184,3360,7,7,454.857142857,480,0.0198286094956
230,1202371,1200755,IN,M,Surface,0,0.319081318067,0.203747620967,3041,2301,8,5,380.125,460.2,0.442708833459
231,1202429,1202451,IN,M,Surface,0,0.433783385304,0.214809680672,3350,3422,8,7,418.75,488.857142857,0.162438134712
232,1202430,1202503,IN,M,Surface,0,0.271072961404,0.0224178941878,5221,4852,10,9,522.1,539.111111111,0.0190477010392
233,1202479,1200115,IN,M,Surface,0,0.272248714699,0.0755436064552,2332,2824,6,6,388.666666667,470.666666667,0.251008287394
234,1202488,1200716,IN,M,Surface,0,0.237888584689,0.0488831052913,3191,3074,6,6,531.833333333,512.333333333,0.00955814111515
235,1202493,1200884,IN,M,Surface,0,0.263009113756,0.086605010577,1908,1846,4,4,477,461.5,0.00747478517903
236,1202498,1200072,IN,M,Surface,0,0.381382187642,0.026632283621,1667,2927,4,6,416.75,487.833333333,0.477585812259
237,1300014,1302297,IA,M,Underground,0,0.171955643058,0.00531223576972,46800,72973,94,143,497.872340426,510.300699301,0.30861292419
238,1300019,1302492,IA,M,Surface,0,0.568884718962,0.0747621182582,3722,2074,12,7,310.166666667,296.285714286,0.476791779271
239,1300120,1302470,IA,M,Surface,0,0.371661793085,0.00557850381182,5265,4469,9,8,585,558.625,0.0421653962936
240,1300122,1302435,IA,M,Surface,0,0.374048911875,0.211028085897,3880,4689,10,10,388,468.9,0.245684312572
241,1300228,1300150,IA,M,Surface,0,0.296850175165,0.124316935024,9826,9425,23,20,427.217391304,471.25,0.0785719120367
242,1300657,1301999,IA,M,Surface,0,0.314036138806,0.133935006629,4063,3148,10,7,406.3,449.714285714,0.208807716185
243,1300725,1300929,IA,M,Surface,0,0.331075187467,0.153107382915,1619,1644,4,4,404.75,411,0.00160835166559
244,1300750,1302070,IA,M,Surface,0,0.237759651923,0.229079526029,2513,2865,6,6,418.833333333,477.5,0.117713079926
245,1300771,1302353,IA,M,Surface,0,0.568652710316,0.0968853967223,897,865,3,3,299,288.333333333,0.00903769895027
246,1301202,1302102,IA,M,Surface,0,1.30203934162,0.134498236621,1032,1499,5,6,206.4,249.833333333,0.341959334845
247,1301225,1300032,IA,M,Underground,0,0.160712515935,0.0516806510704,17912,25811,36,47,497.555555556,549.170212766,0.216997275352
248,1301292,1302513,IA,M,Surface,0,0.476629660566,0.204739964505,3782,4373,8,9,472.75,485.888888889,0.0298020374673
249,1302033,1302062,IA,M,Surface,0,0.236207122724,0.229341801845,4162,4423,10,9,416.2,491.444444444,0.182396565655
250,1302063,1300435,IA,M,Surface,0,0.443379996892,0.0123880663473,5351,5375,10,10,535.1,537.5,0.000137183668743
251,1302073,1300691,IA,M,Surface,0,0.529630899907,0.0913065062423,3216,2987,7,6,459.428571429,497.833333333,0.0613891685872
252,1302138,1301615,IA,M,Surface,0,0.298651925748,0.0316172740634,6033,6579,12,13,502.75,506.076923077,0.010771253916
253,1302163,1300094,IA,M,Surface,0,0.302895941088,0.174667063433,2120,1530,5,3,424,510,0.446626779807
254,1302173,1300733,IA,M,Surface,0,0.260665371703,0.162550070019,4577,8028,11,16,416.090909091,501.75,0.54839362379
255,1302178,2301913,IA,M,Surface,0,0.326920558801,0.0826479052394,5410,6677,11,12,491.818181818,556.416666667,0.130062953213
256,1302244,1302188,IA,M,Surface,0,0.38505402398,0.0987648078142,15054,14414,29,27,519.103448276,533.851851852,0.0108872486843
257,1302251,1302216,IA,M,Surface,0,0.331272768416,0.107799549829,9118,8881,18,17,506.555555556,522.411764706,0.00927142074519
258,1302308,1300709,IA,M,Surface,0,0.46202078059,-0.0154659588414,4905,8992,12,19,408.75,473.263157895,0.563288373054
259,1400476,1401836,KS,M,Surface,0,0.994670304424,0.109030244547,861,816,5,5,172.2,163.2,0.0197349846489
260,1400501,1401338,KS,M,Surface,0,0.236667029257,0.121764072051,3026,3103,4,4,756.5,775.75,0.00432504059568
261,1401477,1400072,KS,M,Surface,0,0.519145476952,0.146867326436,1963,2067,6,6,327.166666667,344.5,0.018254813978
262,1401556,1401675,KS,M,Surface,0,0.242363838572,0.107133656706,12410,13636,28,30,443.214285714,454.533333333,0.0142988286907
263,1401571,1401537,KS,M,Surface,0,0.41615722066,0.0128921377792,3349,3224,5,5,669.8,644.8,0.00991155101054
264,1401711,0504067,CO,M,Surface,0,0.575990201394,0.223000785949,1996,2802,4,5,499,560.4,0.19309584831
265,1401726,1401475,KS,M,Surface,0,0.533954408059,0.0307432047124,2154,2130,6,6,359,355,0.000859929984019
266,1401733,1400540,KS,M,Surface,0,0.495477119061,0.0159610509313,2810,3232,8,8,351.25,404,0.134097489242
267,1401760,1400506,KS,M,Surface,0,0.247281219231,0.0541731142126,1187,1491,3,4,395.666666667,372.75,0.106518063574
268,1401770,1401651,KS,M,Surface,0,0.381194561113,0.154583486586,1410,1320,5,4,282,330,0.189077856956
269,1401779,1401748,KS,M,Surface,0,1.13173026469,0.107210654946,1032,972,3,3,344,324,0.0245726735516
270,1401845,1401701,KS,M,Surface,0,0.307708581539,0.0980493714994,3678,3712,8,8,459.75,464,0.000579992074239
271,1401854,1401337,KS,M,Surface,0,0.285995174842,0.21486808964,6823,3713,8,5,852.875,742.6,0.529667933655
272,1500001,1506863,KY,M,Surface,0,0.416667427484,0.0451741539558,5855,5110,17,14,344.411764706,365,0.0665276339221
273,1500013,1514849,KY,M,Underground,0,0.43042598611,0.0340188468491,13797,10230,41,30,336.512195122,341,0.153140906444
274,1500025,1500091,KY,M,Surface,0,0.320032589504,0.170244008831,5209,5389,11,11,473.545454545,489.909090909,0.00790559538207
275,1500030,1511757,KY,M,Surface,0,0.286801227334,0.134738342356,11183,11822,24,25,465.958333333,472.88,0.00494170929234
276,1500043,1519898,KY,M,Underground,0,0.637791966462,0.021896451808,4897,3098,22,13,222.590909091,238.307692308,0.415492469998
277,1500045,1500044,KY,M,Surface,0,0.495445100582,0.11792800999,3386,4215,12,13,282.166666667,324.230769231,0.156821502614
278,1500053,1500069,KY,M,Surface,0,0.387173215245,0.0892633209287,7494,7361,17,17,440.823529412,433,0.00219654250552
279,1500054,1519956,KY,M,Surface,0,0.757261209,0.224915150646,3878,5604,17,23,228.117647059,243.652173913,0.200005842911
280,1500067,1500071,KY,M,Surface,0,0.397388035311,0.235731512844,5069,5447,11,12,460.818181818,453.916666667,0.0112775153641
281,1500079,1500049,KY,M,Surface,0,0.34225070999,0.1127197337,6941,5720,16,13,433.8125,440,0.0639615025701
282,1500099,1500012,KY,M,Surface,0,0.320164262125,0.184127634946,1678,1762,4,4,419.5,440.5,0.0163431269149
283,1502134,1510445,KY,C,Facility,0,0.274943046674,-0.061615966695,1896,1640,4,3,474,546.666666667,0.189787926816
284,1503178,1516054,KY,C,Facility,0,0.060618832915,0.0268477704584,48036,41170,98,70,490.163265306,588.142857143,0.332153875938
285,1506264,1500016,KY,M,Underground,0,0.127302933111,0.0697504742191,12347,15118,27,28,457.296296296,539.928571429,0.199151687399
286,1507194,1500095,KY,M,Surface,0,0.282484914678,0.200755495123,3034,3216,7,7,433.428571429,459.428571429,0.0232472263772
287,1509938,1517733,KY,C,Facility,0,0.171309106375,0.0435510720402,15157,13029,30,27,505.233333333,482.555555556,0.0386601489822
288,1512905,1518147,KY,M,Surface,0,0.282392025892,0.201268376563,13395,10568,30,26,446.5,406.461538462,0.111111748205
289,1513254,1518765,KY,C,Surface,0,0.136773679746,0,2040,1679,3,3,680,559.666666667,0.2597918406
290,1515153,1511055,KY,C,Facility,0,0.199461066671,0,2632,2940,5,6,526.4,490,0.0637482924288
291,1516749,1513495,KY,C,Facility,0,0.250691080802,-0.042121232877,6731,8825,11,14,611.909090909,630.357142857,0.104209311041
292,1516865,1519182,KY,M,Facility,0,0.178118952374,-0.0217239354674,17208,19323,39,40,441.230769231,483.075,0.0603224535905
293,1516895,1500082,KY,M,Surface,0,0.263177934163,0.160028309679,3024,2404,8,6,378,400.666666667,0.119352836595
294,1517687,3304766,KY,M,Surface,0,0.412122852693,0.0416710912268,3177,4238,8,10,397.125,423.8,0.121743047621
295,1518198,1512753,KY,C,Underground,0,0.0746467348121,-0.0368541670268,69757,59012,112,98,622.830357143,602.163265306,0.0432095742703
296,1519015,1519313,KY,C,Underground,0,0.0372245569382,-0.00990365144474,2083,1928,4,4,520.75,482,0.0409560861282
297,1519227,1500034,KY,M,Surface,0,0.422822675054,0.0754143080678,2018,2210,7,7,288.285714286,315.714285714,0.056579613463
298,1519242,1518361,KY,C,Underground,0,0.214190452412,-0.04061770811,4659,3467,9,6,517.666666667,577.833333333,0.260512131452
299,1519481,1504537,KY,M,Surface,0,0.649837903808,0.0281708769667,1845,1610,7,5,263.571428571,322,0.343376563954
300,1519543,1500035,KY,M,Surface,0,0.686777732274,0.00880450893878,5355,4395,17,13,315,338.076923077,0.120256513688
301,1519561,1500063,KY,M,Surface,0,0.248619417737,0.0291750429827,7011,7161,13,13,539.307692308,550.846153846,0.00306980332939
302,1519766,1519906,KY,C,Surface,0,0.0762808642639,0.0271546247672,22224,20465,38,37,584.842105263,553.108108108,0.0244488414249
303,1519799,1519975,KY,C,Surface,0,0.152016207299,0.0497161759034,3350,2570,6,5,558.333333333,514,0.11287142797
304,1519802,1512421,KY,C,Surface,0,0.336562820434,0,1577,1904,3,4,525.666666667,476,0.13449092516
305,1519900,1519944,KY,C,Surface,0,0.111799886062,0.061841508942,9071,8261,17,13,533.588235294,635.461538462,0.258048269773
306,1519967,1500004,KY,M,Surface,0,0.270278612935,0.0805755200474,2246,3897,5,8,449.2,487.125,0.407432804872
307,1519973,1519860,KY,C,Underground,0,0.049293810306,-0.0221432012136,32488,34657,51,55,637.019607843,630.127272727,0.00902179958963
308,1519974,1509636,KY,C,Underground,0,0.104159490359,0.0148971668503,33795,32248,54,56,625.833333333,575.857142857,0.0455821480471
309,1519977,1519441,KY,C,Surface,0,0.0817393961026,-0.0363665637645,12340,13003,20,20,617,650.15,0.0187617070022
310,1600825,1601525,LA,M,Facility,0,0.101532426765,-0.00873185865338,8637,9886,14,17,616.928571429,581.529411765,0.0670913976418
311,1601573,1601608,LA,M,Surface,0,0.321627212028,0.110244535808,26886,32874,56,65,480.107142857,505.753846154,0.0652074980985
312,1601583,1601527,LA,M,Surface,0,0.397166305293,0.0789662813048,2420,1716,6,4,403.333333333,429,0.21568445498
313,1601614,1601621,LA,M,Surface,0,0.303755052049,0.206621366142,3465,3747,8,8,433.125,468.375,0.0419349500894
314,1601617,1601503,LA,M,Surface,0,0.258697856685,0.0242483527104,2214,1263,7,4,316.285714286,315.75,0.430998492932
315,1700136,1700931,ME,M,Surface,0,0.396069854031,0.161071122672,1711,1440,6,5,285.166666667,288,0.0442021029908
316,1700218,1700002,ME,M,Surface,0,0.540309055407,0.226151243052,3924,5474,12,14,327,391,0.291838453508
317,1700233,1701164,ME,M,Surface,0,0.26502522514,0,1328,1624,4,5,332,324.8,0.0632251145356
318,1700283,1700944,ME,M,Surface,0,0.403043657111,0.155221507245,6084,10122,15,22,405.6,460.090909091,0.4027435173
319,1700379,1701037,ME,M,Surface,0,0.339589932054,0.102165232123,732,978,3,4,244,244.5,0.105690576854
320,1700529,1700821,ME,M,Surface,0,0.26813155205,0,2221,2600,4,5,555.25,520,0.0764673896788
321,1700584,1700682,ME,M,Surface,0,0.550185608529,0.0130815818975,1933,1367,6,5,322.166666667,273.4,0.270198000614
322,1700672,1700697,ME,M,Surface,0,0.417441299155,0.158917133084,664,598,3,3,221.333333333,199.333333333,0.0750582105539
323,1700736,1700984,ME,M,Surface,0,0.578811803141,0.221788231477,970,886,4,4,242.5,221.5,0.0561920859036
324,1700741,1700570,ME,M,Surface,0,0.308935026326,0.0061135561593,2067,2283,4,5,516.75,456.6,0.134653701455
325,1700813,1700586,ME,M,Surface,0,0.417865621307,0.10876270606,748,1027,4,6,187,171.166666667,0.228715215288
326,1700855,1700920,ME,M,Surface,0,0.523533123028,0.130484720832,1021,1130,4,5,255.25,226,0.131818029131
327,1701005,1701059,ME,M,Surface,0,0.749317921593,0.0224728558521,2237,1540,6,4,372.833333333,385,0.212603553787
328,1701118,1701076,ME,M,Surface,0,0.25154750135,0.227676071131,1430,1717,3,4,476.666666667,429.25,0.140101567278
329,1800326,1800035,MD,M,Surface,0,0.26362910899,0.100553722897,6017,5568,14,12,429.785714286,464,0.0608433431323
330,1800328,1800008,MD,M,Surface,0,0.242512709829,0.114481807343,29498,36309,62,65,475.774193548,558.6,0.190184702619
331,1800681,1800823,MD,M,Surface,0,0.331122830825,0.117230091213,6731,8241,15,17,448.733333333,484.764705882,0.0780538436801
332,1800745,1800348,MD,M,Surface,0,0.447238418473,0.208040783128,1555,1401,4,3,388.75,467,0.265233596475
333,1800803,1800192,MD,M,Surface,0,0.277038421194,0,3054,2526,7,6,436.285714286,421,0.0497054146501
334,1800812,1800109,MD,M,Surface,0,0.522797539077,0.0826101031788,10441,10114,25,25,417.64,404.56,0.00693578152126
335,1800820,1800529,MD,C,Surface,0,0.247944238909,-0.00221899758998,6770,7867,13,13,520.769230769,605.153846154,0.154489016419
336,1900004,1901013,MA,M,Surface,0,0.568933454529,0.156734836315,3529,3147,11,10,320.818181818,314.7,0.0186147465241
337,1900033,1901054,MA,M,Surface,0,0.283400582014,0.175180263334,2977,2998,7,7,425.285714286,428.285714286,0.000338460444578
338,1900045,1900956,MA,M,Surface,0,1.25838368297,0,1470,1176,6,4,245,294,0.352305290775
339,1900288,1900553,MA,M,Surface,0,0.347585901573,0.0377581631025,13727,11327,31,21,442.806451613,539.380952381,0.406227726975
340,1900348,1901136,MA,M,Surface,0,0.398563036641,0.233633483202,2520,2894,7,7,360,413.428571429,0.131168567541
341,1900359,1900012,MA,M,Surface,0,0.407817295657,0.0141506660797,4671,4561,12,10,389.25,456.1,0.183760201219
342,1900506,1900015,MA,M,Surface,0,0.276805112054,-0.00803755164244,1687,1499,3,3,562.333333333,499.666666667,0.0956204076912
343,1900567,1901205,MA,M,Surface,0,0.264599008521,0.0197322897934,3232,2509,9,6,359.111111111,418.166666667,0.313672611955
344,1900598,1901171,MA,M,Surface,0,0.377097941024,-0.00251256413588,2038,1594,7,5,291.142857143,318.8,0.174115052462
345,1900661,1900470,MA,M,Surface,0,0.265251936125,0.195744577126,1330,1332,3,3,443.333333333,444,1.54650225217e-05
346,1900689,1900323,MA,M,Surface,0,0.637976409426,0,680,710,3,3,226.666666667,236.666666667,0.0127642846486
347,1900952,1901072,MA,M,Surface,0,0.533398203643,0.222558584933,3075,4104,8,9,384.375,456,0.247116169059
348,1901135,1900569,MA,M,Surface,0,0.567810969478,0.126381540912,809,965,3,3,269.666666667,321.666666667,0.212942718307
349,1901166,1900597,MA,M,Surface,0,0.422887869912,0.00292979879913,3829,5953,10,13,382.9,457.923076923,0.385836399051
350,1901233,1900792,MA,M,Surface,0,0.277726527821,0.214576150029,959,1055,3,3,319.666666667,351.666666667,0.0623401816054
351,1901315,1900006,MA,M,Surface,0,0.559687707915,0.0135152669998,2903,2168,8,5,362.875,433.6,0.417762705557
352,2000016,2002712,MI,M,Surface,0,0.37302408194,0.105222384571,1911,1810,5,5,382.2,362,0.0201958095118
353,2000041,2000780,MI,M,Surface,0,0.266295665036,0.0945969423963,14654,18212,26,39,563.615384615,466.974358974,0.405317665095
354,2000061,2000985,MI,M,Surface,0,0.346663794542,0.205991200827,28642,31788,75,70,381.893333333,454.114285714,0.197436021396
355,2000065,2000051,MI,M,Surface,0,0.403289373566,0.220155991107,19040,33360,41,63,464.390243902,529.523809524,0.493759539289
356,2001230,2002884,MI,M,Surface,0,0.36548262672,0.232296933301,893,1044,3,3,297.666666667,348,0.167163439521
357,2001919,2003657,MI,M,Surface,0,0.382352968232,-0.0112995552539,1138,979,4,4,284.5,244.75,0.155124251033
358,2002344,2003664,MI,M,Surface,0,0.365082770662,0.225221628357,1895,1346,6,4,315.833333333,336.5,0.216200788663
359,2002372,2000764,MI,M,Surface,0,0.624034430151,0.0933143326602,1589,1687,4,4,397.25,421.75,0.0245325042691
360,2002421,2003677,MI,M,Surface,0,0.606446449405,0,1463,1160,4,3,365.75,386.666666667,0.104865813749
361,2002436,2003533,MI,M,Surface,0,0.423756558352,0.0884677586248,3467,2573,9,7,385.222222222,367.571428571,0.122682424788
362,2002595,2001192,MI,M,Surface,0,0.391087596583,0.118616716405,1291,1199,3,3,430.333333333,399.666666667,0.0374347140036
363,2002674,2002949,MI,M,Surface,0,0.658461622572,-0.00274348594575,2200,2190,4,4,550,547.5,0.000142168655981
364,2002685,2002356,MI,M,Surface,0,0.291452892843,0.192328717679,5761,6717,12,14,480.083333333,479.785714286,0.0362256767804
365,2002768,2003036,MI,M,Surface,0,0.486668143502,0.0694135403566,2442,2852,5,6,488.4,475.333333333,0.0444052166705
366,2002886,2003548,MI,M,Surface,0,0.506349117907,0.222920561013,2418,2691,6,6,403,448.5,0.0783822891884
367,2002901,2000042,MI,M,Surface,0,0.32270561315,0.223869805431,6614,7708,13,15,508.769230769,513.866666667,0.0340877146036
368,2002902,2002823,MI,M,Surface,0,0.460840435587,0.14085040064,5832,4671,14,10,416.571428571,467.1,0.21038197984
369,2002942,2003447,MI,M,Surface,0,0.252037485679,0.177715376379,4762,4080,11,9,432.909090909,453.333333333,0.0623905013854
370,2003008,2003380,MI,M,Surface,0,0.739542655439,0.234861345578,1460,1069,4,3,365,356.333333333,0.118056785574
371,2003035,2003557,MI,M,Surface,0,0.636891599419,0.0510863764298,521,725,3,4,173.666666667,181.25,0.1336388107
372,2003062,2002868,MI,M,Surface,0,0.236310395873,0.0743917703628,2686,2894,5,5,537.2,578.8,0.0381066144488
373,2003081,2003496,MI,M,Surface,0,0.38111873956,0.230779825839,2647,2296,5,4,529.4,574,0.0872786140888
374,2003147,2003649,MI,M,Surface,0,0.362202364737,0.123362543303,3464,3793,8,8,433,474.125,0.0563922830419
375,2003195,2003628,MI,M,Surface,0,1.31816334358,0.201230323883,787,609,4,3,196.75,203,0.0996194980755
376,2003263,2003060,MI,M,Surface,0,0.287502005827,0.17027681038,2777,2812,6,6,462.833333333,468.666666667,0.00107453075441
377,2003312,4703270,MI,M,Surface,0,0.424618428565,0.199953004346,2034,1774,5,4,406.8,443.5,0.0919385161102
378,2003423,2001231,MI,M,Surface,0,0.43306575619,0.231426731204,1072,1058,3,3,357.333333333,352.666666667,0.00118358673994
379,2003427,2001232,MI,M,Surface,0,0.389603873706,0.118650698651,3797,4165,9,9,421.888888889,462.777777778,0.0586163743094
380,2003484,2003449,MI,M,Surface,0,0.356747845291,0.113706890809,4115,4343,10,9,411.5,482.555555556,0.167988044806
381,2003494,2003131,MI,M,Surface,0,0.34114231343,0.203223931798,1236,1778,3,4,412,444.5,0.173431124591
382,2003505,2003640,MI,M,Surface,0,0.336082904321,0.205951645878,1835,1868,4,4,458.75,467,0.00217604427639
383,2003552,2003000,MI,M,Surface,0,0.501153884283,0.23218868238,3161,3830,7,7,451.571428571,547.142857143,0.252453318097
384,2003569,2003504,MI,M,Surface,0,0.435366987757,0.189375128841,2405,2331,5,4,481,582.75,0.261772935014
385,2100029,2103946,MN,M,Surface,0,0.254162067611,0.166214571531,2643,3025,7,8,377.571428571,378.125,0.0260474546008
386,2100086,2100790,MN,M,Surface,0,0.25340738484,0.0371098240307,7844,9813,19,21,412.842105263,467.285714286,0.137377900385
387,2100496,2103085,MN,M,Surface,0,0.54297853,0.180363701565,5117,3238,14,9,365.5,359.777777778,0.305734025055
388,2100535,2100856,MN,M,Surface,0,0.352380150477,0.189224197333,4985,3874,10,7,498.5,553.428571429,0.211632114093
389,2100642,2102451,MN,M,Surface,0,0.527708170272,0.215863977563,928,1114,4,4,232,278.5,0.228566271434
390,2100693,2103105,MN,M,Surface,0,0.611204809074,0.185153846771,966,1234,4,6,241.5,205.666666667,0.312990020888
391,2100752,2103569,MN,M,Surface,0,0.346662724378,0.133084864374,1325,1568,4,4,331.25,392,0.194211949885
392,2100789,2100788,MN,M,Surface,0,0.293312424909,0.0919554891898,2395,2253,5,5,479,450.6,0.0255887042453
393,2101112,2100657,MN,M,Surface,0,0.352658874284,0.143472212395,1497,1735,3,4,499,433.75,0.185908746229
394,2101320,2100023,MN,M,Surface,0,0.374634610337,0.114244017179,1821,1950,4,5,455.25,390,0.184505886193
395,2103527,2102995,MN,M,Surface,0,0.991147837877,0.217919285556,793,902,3,3,264.333333333,300.666666667,0.113601284383
396,2200219,2200841,MS,M,Surface,0,0.252680481185,0.107099191228,6739,8303,29,33,232.379310345,251.606060606,0.0837669993913
397,2200688,2200828,MS,M,Surface,0,0.245770614267,0.187413372013,3026,2465,15,13,201.733333333,189.615384615,0.0695721127638
398,2200706,2200832,MS,M,Surface,0,0.326043177866,0.0724695141745,10404,8880,37,33,281.189189189,269.090909091,0.041058552199
399,2200811,2200032,MS,M,Surface,0,0.240948922052,0.0210231810835,13876,9649,26,18,533.692307692,536.055555556,0.211815339599
400,2200812,2200754,MS,M,Surface,0,0.330485471956,0.111340419316,3247,3144,8,8,405.875,393,0.00711795814083
401,2200833,2200709,MS,M,Surface,0,0.995798913364,0.0673786661324,1641,1736,4,4,410.25,434,0.021693726494
402,2300079,2300191,MO,M,Surface,0,0.237074864311,0.0856638363942,12914,16007,24,29,538.083333333,551.965517241,0.0680299274029
403,2300125,2302117,MO,M,Surface,0,0.256819750876,0.0819325384352,8876,9475,17,18,522.117647059,526.388888889,0.00618004817457
404,2300889,2302271,MO,M,Surface,0,0.240913837787,0.228272834065,1439,1439,4,4,359.75,359.75,0
405,2301038,2301840,MO,M,Surface,0,0.650007687899,0.072648640799,2250,2694,4,5,562.5,538.8,0.0663770515116
406,2301163,2300741,MO,M,Surface,0,0.511437492382,0.173708793769,4318,4159,13,12,332.153846154,346.583333333,0.0176335558087
407,2301461,2302495,MO,M,Surface,0,0.344068011088,0.169292056504,2698,2575,5,5,539.6,515,0.0149138601161
408,2301836,2302182,MO,M,Surface,0,0.263465336505,0.056993685666,5935,6043,11,11,539.545454545,549.363636364,0.00222770735924
409,2301942,2302218,MO,M,Surface,0,0.24458287997,0.11753465633,2418,2237,6,6,403,372.833333333,0.0414657327386
410,2301975,2302437,MO,M,Surface,0,0.366605109639,0.0981768802864,1473,1425,3,3,491,475,0.00751755808987
411,2302076,2302094,MO,M,Surface,0,0.56106040044,0.0176772279839,1087,785,4,3,271.75,261.666666667,0.129117556792
412,2302166,2302595,MO,M,Surface,0,0.286691090307,0,1262,1000,4,3,315.5,333.333333333,0.104620924043
413,2302201,2302551,MO,M,Surface,0,0.331083762525,0.0849992695668,2439,2446,5,5,487.8,489.2,5.62604008178e-05
414,2302268,2302266,MO,M,Surface,0,0.476710980093,0.194889786536,2201,2413,11,10,200.090909091,241.3,0.230136513998
415,2302336,2302191,MO,M,Surface,0,0.324117600977,0,1210,1078,4,3,302.5,359.333333333,0.242184411243
416,2302423,2300539,MO,M,Surface,0,0.405237741969,0.00929720345068,5446,5353,10,10,544.6,535.3,0.00203223749229
417,2302431,2301628,MO,M,Surface,0,0.269449640325,0.110720461774,5950,5599,10,10,595,559.9,0.0253249262155
418,2302447,2302440,MO,M,Underground,0,0.137268269597,0.0473005756236,9037,7742,20,19,451.85,407.473684211,0.0843900987003
419,2302459,2302016,MO,M,Surface,0,0.261154525926,0.162981785326,3054,3672,9,10,339.333333333,367.2,0.0702148164234
420,2302487,2302513,MO,M,Underground,0,0.181921927354,0.116995800182,11970,11750,24,24,498.75,489.583333333,0.00235723875877
421,2302489,2301709,MO,M,Surface,0,0.24517119929,0.156399211044,6690,4669,25,16,267.6,291.8125,0.313596112582
422,2302508,2301989,MO,M,Surface,0,1.97558326867,0.116379526654,1104,713,7,4,157.714285714,178.25,0.441220890288
423,2302543,2301448,MO,M,Surface,0,0.371563556432,0.112752482468,1200,1240,3,3,400,413.333333333,0.0073640866501
424,2302547,2302100,MO,M,Surface,0,0.299858468895,-0.00221647671089,1204,1355,3,3,401.333333333,451.666666667,0.0956151610067
425,2302558,2302025,MO,M,Surface,0,0.353006897644,0.0184762761676,1748,1716,4,4,437,429,0.00233824513252
426,2302593,2302255,MO,M,Surface,0,0.246971569009,-0.00926609897378,2032,2060,5,5,406.4,412,0.00128288276398
427,2400462,2402306,MT,M,Surface,0,0.244475540458,0.010352059321,7597,7688,15,16,506.466666667,480.5,0.0209171361786
428,2400465,2400478,MT,M,Surface,0,0.363877856233,0.18521591482,581,575,3,3,193.666666667,191.666666667,0.00073793633895
429,2401385,2402719,MT,M,Surface,0,0.308255141458,0.14903557916,3091,2016,6,4,515.166666667,504,0.237963868258
430,2401400,2402257,MT,M,Surface,0,0.711892404246,0.106235789237,654,571,3,3,218,190.333333333,0.126138552428
431,2401935,2402786,MT,M,Surface,0,1.57396176392,0.215708572827,526,540,5,5,105.2,108,0.00472501944672
432,2402022,2402551,MT,M,Surface,0,1.11538736751,0.109409104184,867,986,4,4,216.75,246.5,0.113296887867
433,2402137,2402783,MT,M,Surface,0,0.360825744022,0.179422782928,2302,2188,7,6,328.857142857,364.666666667,0.0856915591241
434,2402369,2402746,MT,M,Surface,0,0.348406221514,0.233614851182,1773,1520,5,4,354.6,380,0.078711689851
435,2402466,2402303,MT,M,Surface,0,0.417749556244,0.182197725452,1699,2019,5,5,339.8,403.8,0.203965670763
436,2402535,2400499,MT,M,Surface,0,0.378870784515,0.168335940269,4509,3217,18,11,250.5,292.454545455,0.436035248361
437,2402742,2401992,MT,M,Surface,0,0.295450262098,0.0934153325816,1667,2137,4,5,416.75,427.4,0.0782818040655
438,2402789,2402741,MT,M,Surface,0,0.584301983709,0.183017970293,1810,1256,5,3,362,418.666666667,0.384499406842
439,2500223,2500534,NE,M,Surface,0,0.71086999429,0.145401717634,755,984,3,4,251.666666667,246,0.0997424333492
440,2500245,2501223,NE,M,Surface,0,0.433348116302,0.0753826695857,1898,1820,5,5,379.6,364,0.0120620836613
441,2500506,2501234,NE,M,Surface,0,0.460196229818,0.163505284994,951,1064,3,3,317,354.666666667,0.0863385220673
442,2501175,2501057,NE,M,Surface,0,0.464355124112,0.0682326516777,1154,1351,4,4,288.5,337.75,0.170143248723
443,2501203,2501290,NE,M,Surface,0,0.553056236701,0.207281647014,1748,1864,4,4,437,466,0.0282775870035
444,2501299,1401737,NE,M,Surface,0,0.417135526656,0.153783695736,2393,3226,6,8,398.833333333,403.25,0.123428280149
445,2501300,2500998,NE,M,Underground,0,0.122398838767,0.0701011209563,49386,55453,86,98,574.255813953,565.846938776,0.0270310653472
446,2501323,2500008,NE,M,Surface,0,0.236365112506,0.227788886309,4448,3737,9,8,494.222222222,467.125,0.050971268995
447,2600015,2602673,NV,M,Facility,0,0.137274618886,0.00180202288285,62271,77381,129,168,482.720930233,460.601190476,0.114083252071
448,2600672,2600125,NV,M,Surface,0,0.61111905862,0.195723878449,7355,7569,24,21,306.458333333,360.428571429,0.179703151578
449,2601004,2601506,NV,M,Surface,0,0.340634914225,0.191420187381,2667,2110,7,6,381,351.666666667,0.094059924811
450,2601030,2602307,NV,M,Surface,0,0.457595696607,0.109786019258,11685,10705,32,24,365.15625,446.041666667,0.330099054734
451,2601487,2601563,NV,M,Surface,0,0.308885633237,-0.00368217117032,3876,4580,10,11,387.6,416.363636364,0.0578083233556
452,2601595,2602724,NV,M,Facility,0,0.155476843356,0.0486730750059,9554,8541,18,16,530.777777778,533.8125,0.0209699125083
453,2601655,2600668,NV,M,Surface,0,0.417422631154,0.184647957064,10993,11403,20,21,549.65,543,0.00398012239539
454,2602007,2602686,NV,M,Surface,0,0.778669353998,-0.0162288534222,1533,1553,6,6,255.5,258.833333333,0.00115078845913
455,2602012,2602600,NV,M,Surface,0,0.352918395542,-0.0173808981657,2507,2157,7,7,358.142857143,308.142857143,0.154877018146
456,2602082,2602440,NV,M,Surface,0,0.414016160823,0.0108825299216,4619,4204,11,9,419.909090909,467.111111111,0.109450183919
457,2602139,2602836,NV,M,Surface,0,0.540339684279,0,1302,1363,5,6,260.4,227.166666667,0.140549565877
458,2602165,2602774,NV,M,Surface,0,0.255423511388,0.0736118173432,1918,2016,5,5,383.6,403.2,0.0170094429516
459,2602204,2602320,NV,M,Surface,0,0.241012873595,0.227675010274,10647,12242,18,21,591.5,582.952380952,0.0358388732907
460,2602412,2602279,NV,M,Surface,0,0.267654309195,0.0281469633046,10170,8712,23,17,442.173913043,512.470588235,0.233632831666
461,2602510,0504881,CO,M,Surface,0,0.289843716142,0.114655048137,4159,5301,8,10,519.875,530.1,0.0818911170065
462,2602818,2600002,NV,M,Surface,0,0.46846879334,0.0844204486535,52399,58962,113,119,463.707964602,495.478991597,0.0390643884341
463,2700056,2700542,NH,M,Surface,0,0.247791628079,0,1643,1201,6,4,273.833333333,300.25,0.231303981313
464,2700074,2700222,NH,M,Surface,0,0.358080766213,0.212248989254,7496,9817,20,24,374.8,409.041666667,0.126159770667
465,2700128,2700430,NH,M,Surface,0,0.397218098255,0.215592175528,901,1090,3,3,300.333333333,363.333333333,0.248361932575
466,2700190,2700003,NH,M,Surface,0,0.295924906683,0.232750418479,3987,4357,9,10,443,435.7,0.0160600717752
467,2700214,2700053,NH,M,Surface,0,0.3390612511,0.199998158079,5676,4327,14,11,405.428571429,393.363636364,0.104573182839
468,2700251,2700136,NH,M,Surface,0,0.239962927274,0.0934367495297,5038,6113,11,13,458,470.230769231,0.0530119303784
469,2700271,2700058,NH,M,Surface,0,0.409926082049,0.00893951503881,1342,1715,3,4,447.333333333,428.75,0.101057650502
470,2700317,2700330,NH,M,Surface,0,0.615755518344,-0.00159616953282,3942,2394,12,7,328.5,342,0.411911993259
471,2700332,2700313,NH,M,Surface,0,0.291649868531,0.174227196218,1069,951,4,4,267.25,237.75,0.0936994334733
472,2700333,2700522,NH,M,Surface,0,0.791578147854,0.0287925742202,2860,2680,7,6,408.571428571,446.666666667,0.0698601548468
473,2700424,2700444,NH,M,Surface,0,0.734114619048,0.172004589823,550,682,3,4,183.333333333,170.5,0.113223206287
474,2700440,2700160,NH,M,Surface,0,0.536184776159,0.200966359759,2315,2152,6,6,385.833333333,358.666666667,0.0365141387012
475,2700448,2700516,NH,M,Surface,0,0.431819574571,0.015504186536,1398,1536,3,3,466,512,0.0607003739272
476,2700514,2700341,NH,M,Surface,0,0.443716215848,0.159912094393,1561,1434,4,4,390.25,358.5,0.0493228613983
477,2800003,2800539,NJ,M,Surface,0,0.439145243271,0.00661523911872,12702,10848,39,28,325.692307692,387.428571429,0.306715385433
478,2800007,2800015,NJ,M,Surface,0,0.25417754706,0.21160527153,19348,22072,39,40,496.102564103,551.8,0.0821760204693
479,2800008,2801048,NJ,M,Surface,0,0.279192410426,0.106673619148,12724,14038,24,27,530.166666667,519.925925926,0.0216661348867
480,2800012,2800469,NJ,M,Surface,0,0.262555122374,0.0165255600034,4433,4381,9,9,492.555555556,486.777777778,0.00095372096437
481,2800019,2800526,NJ,M,Surface,0,0.299492318994,0.0806252885231,19366,15456,42,34,461.095238095,454.588235294,0.0775983069746
482,2800034,2800470,NJ,M,Surface,0,0.597926702944,0.00251025150643,15288,14920,32,31,477.75,481.290322581,0.0016823187573
483,2800615,2801000,NJ,M,Surface,0,0.407441706439,0.140279082872,4414,3194,11,7,401.272727273,456.285714286,0.336670501118
484,2800944,2800549,NJ,M,Surface,0,0.319652827328,0.00872066789485,5910,5569,11,10,537.272727273,556.9,0.0179098858677
485,2801018,2800961,NJ,M,Surface,0,0.27428239362,0.166007981302,2812,2060,6,5,468.666666667,412,0.190910989199
486,2900189,2902165,NM,M,Surface,0,0.457257824546,0.225202820551,9929,8588,30,29,330.966666667,296.137931034,0.0915488552191
487,2901258,2902522,NM,M,Surface,0,0.311862153638,0.100057532007,2380,2967,8,10,297.5,296.7,0.0727553257115
488,2901312,2902147,NM,M,Surface,0,0.2860802781,0.212261527429,2343,2507,7,7,334.714285714,358.142857143,0.0313523749299
489,2901667,2900415,NM,M,Surface,0,0.493305832794,0.0802404338235,2114,2334,5,5,422.8,466.8,0.0671361878241
490,2901894,2901648,NM,M,Surface,0,0.362469008081,0.193750252618,1262,1450,4,4,315.5,362.5,0.13208029545
491,2902229,2900417,NM,M,Surface,0,0.788457360364,0.0615291899469,545,520,3,3,181.666666667,173.333333333,0.0150991392415
492,2902257,2902170,NM,C,Surface,0,0.233751879652,-0.0264117430844,19647,25938,51,58,385.235294118,447.206896552,0.204944294704
493,2902295,2902252,NM,M,Surface,0,0.406740927115,0.0838377786421,2524,2367,5,5,504.8,473.4,0.0282512549684
494,2902296,2902552,NM,M,Surface,0,0.613909966,0.181540611811,2120,2135,4,4,530,533.75,0.000340500039033
495,2902488,2902209,NM,M,Surface,0,0.369793339564,0.181090087875,2905,3018,9,8,322.777777778,377.25,0.162529001212
496,2902521,0203428,AZ,M,Surface,0,0.581786578719,0.0339775077731,2802,2633,6,6,467,438.833333333,0.0265089865118
497,2902528,2902452,NM,M,Surface,0,0.272683996874,0.0466394685407,4568,4566,8,8,571,570.75,1.31367918181e-06
498,2902546,2902562,NM,M,Surface,0,0.39168606292,0.0277956516232,3113,3406,6,6,518.833333333,567.666666667,0.0554245994009
499,2902569,2902499,NM,M,Surface,0,0.298674070066,0.0911478875414,1425,2123,4,6,356.25,353.833333333,0.219480332707
500,3000009,3000007,NY,M,Surface,0,1.15489079947,0.0738409137999,2853,2140,14,9,203.785714286,237.777777778,0.367161885032
501,3000013,3000100,NY,M,Surface,0,0.52270218579,0.167722757373,3800,3590,9,8,422.222222222,448.75,0.0362562968849
502,3000022,3002014,NY,M,Surface,0,0.43790932169,0.148923276392,3174,2877,8,7,396.75,411,0.0280403602015
503,3000025,3000037,NY,M,Surface,0,0.778995615741,-0.0185483938512,7385,5869,20,16,369.25,366.8125,0.0801835565185
504,3000026,3000083,NY,M,Surface,0,0.256271313616,0.228902176051,19110,18307,42,38,455,481.763157895,0.0310000560793
505,3000027,3000045,NY,M,Surface,0,0.396463455986,0.22873689327,13603,12159,27,24,503.814814815,506.625,0.0214555178356
506,3000032,3001298,NY,M,Surface,0,0.504891713628,0.203386062062,4327,2861,12,8,360.583333333,357.625,0.249887867701
507,3000033,3000956,NY,M,Surface,0,0.292678464958,0.1836353297,5902,9128,15,21,393.466666667,434.666666667,0.289531882961
508,3000043,3000048,NY,M,Surface,0,0.473020656173,0.0923750551833,3475,3767,8,8,434.375,470.875,0.0445929468759
509,3000066,3002255,NY,M,Surface,0,0.48140004149,0.0138521128082,1276,932,6,5,212.666666667,186.4,0.196853268102
510,3000076,3002769,NY,M,Surface,0,0.236143969356,0.00841351116883,6343,8285,15,17,422.866666667,487.352941176,0.185950038022
511,3000080,3000906,NY,M,Surface,0,0.550318593932,0.162538985454,2825,2493,8,7,353.125,356.142857143,0.0247582156561
512,3000082,3000850,NY,M,Surface,0,0.321139460259,0.170387388014,47964,38705,110,82,436.036363636,472.012195122,0.154280743677
513,3000095,3002966,NY,M,Surface,0,0.262799720251,0.125655852261,3179,3163,6,6,529.833333333,527.166666667,0.000174394401288
514,3000214,3004000,NY,M,Surface,0,0.644546249053,0.221675481562,1321,818,5,3,264.2,272.666666667,0.323620724321
515,3000215,3000052,NY,M,Surface,0,0.439998142017,0.137730867847,8987,10432,24,23,374.458333333,453.565217391,0.243658427258
516,3000840,3002910,NY,M,Surface,0,0.603842682746,0.180428692326,3326,3305,7,7,475.142857143,472.142857143,0.000274807006194
517,3000883,3003562,NY,M,Surface,0,0.385983357768,0.0104712998673,3753,3800,8,8,469.125,475,0.00106100009427
518,3000897,3003016,NY,M,Surface,0,0.456665418164,0.077850325321,1434,1124,4,3,358.5,374.666666667,0.101401004444
519,3000910,3002519,NY,M,Surface,0,0.31083416967,0.226574086411,2551,2619,5,5,510.2,523.8,0.00474049847313
520,3000927,3000856,NY,M,Surface,0,0.402287786603,0.0611207766269,2049,2015,5,5,409.8,403,0.00191778102818
521,3000938,3003513,NY,M,Surface,0,1.06674092859,0.115831815525,526,570,3,3,175.333333333,190,0.0441944123005
522,3000959,3003633,NY,M,Surface,0,0.888216702518,0.110582459639,531,573,3,3,177,191,0.0396823167444
523,3000963,3000815,NY,M,Surface,0,1.36614040051,0,1294,800,10,6,129.4,133.333333333,0.364063250159
524,3000964,3000053,NY,M,Surface,0,0.440162088206,0.115431094221,3032,2223,8,5,379,444.6,0.386650891163
525,3000981,3000035,NY,M,Surface,0,0.298700506249,0.177428295392,6649,8955,16,19,415.5625,471.315789474,0.183480440021
526,3000983,3002732,NY,M,Surface,0,0.37910875223,0.194846524374,3096,4199,8,9,387,466.555555556,0.289042858106
527,3001279,3001252,NY,M,Surface,0,0.448533965294,0.0366705682952,3272,2872,7,6,467.428571429,478.666666667,0.0326868392005
528,3001283,3001537,NY,M,Surface,0,0.328078444493,0.034812533024,3478,4206,9,9,386.444444444,467.333333333,0.247425680559
529,3001539,3002350,NY,M,Surface,0,0.39261844266,0.0330089130055,3891,4343,8,9,486.375,482.555555556,0.0195540279094
530,3001545,3003828,NY,M,Surface,0,0.599621122549,0.110582459639,672,573,3,3,224,191,0.173940826459
531,3001582,3001526,NY,M,Surface,0,0.288983986449,0.0866325173526,3838,3630,7,7,548.285714286,518.571428571,0.0212662016332
532,3002727,3000865,NY,M,Surface,0,0.580817995586,0,3600,4720,9,10,400,472,0.227331439057
533,3002754,3003312,NY,M,Surface,0,0.28038276997,0.10692353931,1375,895,5,3,275,298.333333333,0.328416558194
534,3002877,3001367,NY,M,Surface,0,0.238646850873,0.184233495744,3469,2961,8,6,433.625,493.5,0.183534426527
535,3003123,3000085,NY,M,Surface,0,0.513789686699,0.223823592143,1617,1176,5,3,323.4,392,0.461254691159
536,3003506,3002306,NY,M,Surface,0,0.42641063737,0.207809487778,9019,7347,21,14,429.476190476,524.785714286,0.423645051962
537,3004051,3003460,NY,M,Surface,0,0.66072442544,0.184899133318,2633,1679,7,4,376.142857143,419.75,0.430630182942
538,3004059,3003442,NY,M,Surface,0,0.45485945627,0.231417233866,3782,2961,9,6,420.222222222,493.5,0.327305364289
539,3004123,3003476,NY,M,Surface,0,0.341504693276,0.137603442104,1614,1593,3,3,538,531,0.00117481729523
540,3100066,3102038,NC,M,Surface,0,0.304920099818,0.166487917197,6014,5708,13,12,462.615384615,475.666666667,0.0121129232929
541,3100136,3102153,NC,M,Facility,0,0.130498409594,0.0197070890236,58158,43512,130,87,447.369230769,500.137931034,0.291751739112
542,3100673,3101093,NC,M,Facility,0,0.281525668385,0.000253517557449,4833,3944,13,9,371.769230769,438.222222222,0.308381586112
543,3101258,3100072,NC,M,Surface,0,0.253003538615,0.228010322849,17036,16685,36,36,473.222222222,463.472222222,0.00296899519875
544,3101680,3102345,NC,M,Surface,0,0.366679083073,0.204794412646,2208,2200,5,5,441.6,440,9.02462798879e-05
545,3102092,3100064,NC,M,Surface,0,0.251433286839,0.028190047092,9938,10143,20,21,496.9,483,0.00742845857331
546,3102138,3102010,NC,M,Surface,0,0.310668159103,0.0517265699576,6623,6461,15,15,441.533333333,430.733333333,0.00420097640926
547,3102227,3102050,NC,M,Surface,0,0.286311896398,0.157824383034,2817,2686,6,6,469.5,447.666666667,0.015532695306
548,3102369,3102199,NC,M,Surface,0,1.01099868342,0.00121876919413,755,820,5,5,151,164,0.0467112917229
549,3200950,3200924,ND,M,Surface,0,0.782486152525,0.1011070001,1046,1767,3,5,348.666666667,353.4,0.348663962217
550,3201022,4800877,WY,M,Surface,0,0.472944077778,0.0252526897976,4358,5471,10,11,435.8,497.363636364,0.149983657927
551,3300006,3304686,OH,M,Surface,0,0.357349379125,0.197192926,4002,4234,10,10,400.2,423.4,0.0217531631607
552,3300033,3303312,OH,M,Surface,0,0.473175105782,0.220378215776,2912,3292,9,10,323.555555556,329.2,0.0209652499039
553,3300054,3300166,OH,M,Surface,0,0.307537716395,0.233315792712,10461,10204,22,21,475.5,485.904761905,0.00529278302957
554,3300064,3304247,OH,M,Surface,0,0.282445040166,0.115099014092,4164,4394,8,8,520.5,549.25,0.0198002362913
555,3300071,3301515,OH,M,Surface,0,0.513094195771,0.143294623314,1726,2064,8,9,215.75,229.333333333,0.0554452163788
556,3300087,3304055,OH,M,Surface,0,0.408380595533,0.211107663512,1611,1655,4,4,402.75,413.75,0.00497328944561
557,3300099,3302679,OH,M,Surface,0,0.310927267768,0.0805272463957,18288,17935,63,57,290.285714286,314.649122807,0.050154149425
558,3300102,3301560,OH,M,Surface,0,0.61877302276,0.197467201057,6792,6509,17,18,399.529411765,361.611111111,0.0656435582245
559,3300108,3304541,OH,M,Surface,0,0.347601836404,0.114060946992,5176,4845,10,9,517.6,538.333333333,0.0215620598614
560,3300142,3302403,OH,M,Surface,0,0.255805868759,0.0033624110397,8083,8507,21,20,384.904761905,425.35,0.0656601556377
561,3300143,3303012,OH,M,Surface,0,0.249341705625,0.0332190205364,4905,5260,10,11,490.5,478.181818182,0.0148460574612
562,3300149,3301566,OH,M,Surface,0,0.49907487681,0.0567404659579,2870,2792,9,8,318.888888889,349,0.0620038228221
563,3300169,3300539,OH,M,Surface,0,0.83729221827,0.00532624428267,1808,1284,7,6,258.285714286,214,0.314504419225
564,3300172,3304755,OH,M,Surface,0,0.779166001637,0.138226236929,1386,1700,4,5,346.5,340,0.063275952039
565,3301393,3303344,OH,M,Surface,0,0.55897332084,0.0613089128037,2595,2578,7,7,370.714285714,368.285714286,0.000295905621442
566,3301396,3304593,OH,M,Surface,0,0.341868295299,0.187193333454,5307,5358,13,13,408.230769231,412.153846154,0.000626583896108
567,3301401,3300122,OH,M,Surface,0,0.283321082447,0.206653725236,5185,5456,11,12,471.363636364,454.666666667,0.0162013817615
568,3301413,3304770,OH,M,Surface,0,0.258249687603,0.171183812383,2017,2528,4,5,504.25,505.6,0.0672874982931
569,3301471,3303321,OH,M,Surface,0,0.485263895494,0.233835895569,3154,4335,10,12,315.4,361.25,0.209186139354
570,3301474,3304731,OH,M,Surface,0,0.457531661822,0.0651206498044,3792,3864,9,9,421.333333333,429.333333333,0.002423452518
571,3301490,3304193,OH,M,Surface,0,0.416319610711,0.0802900181731,2138,2177,5,5,427.6,435.4,0.00223831906341
572,3301513,3301579,OH,M,Surface,0,0.424700872194,-0.0190210956109,4407,4790,10,11,440.7,435.454545455,0.0131021373747
573,3301526,3304798,OH,M,Surface,0,0.326070278656,0.137299989475,3086,3112,6,6,514.333333333,518.666666667,0.0004821600631
574,3301543,3301944,OH,M,Surface,0,0.253721797376,0.0507439731778,20598,18603,41,36,502.390243902,516.75,0.0279386357253
575,3301557,3304715,OH,M,Surface,0,0.839197622938,0.0608262550463,1151,1653,4,5,287.75,330.6,0.239549711949
576,3301612,3301625,OH,M,Surface,0,0.31579691807,0.219716625754,5345,4869,14,13,381.785714286,374.538461538,0.0128323409515
577,3301652,3304283,OH,M,Surface,0,0.27136569502,0.201023557279,4696,4379,10,9,469.6,486.555555556,0.0201465319859
578,3301708,3304375,OH,M,Surface,0,0.314497433569,0.19040821995,1934,2039,5,5,386.8,407.8,0.0191456935967
579,3301710,3300017,OH,M,Surface,0,0.326406336686,0.201444732102,3894,4520,10,11,389.4,410.909090909,0.0402493677078
580,3301995,3304460,OH,M,Surface,0,0.414196727005,0.181103715267,4219,4382,9,9,468.777777778,486.888888889,0.00984309084852
581,3302359,3300453,OH,M,Surface,0,0.256328396856,0.00932289149349,5062,5872,11,12,460.181818182,489.333333333,0.0444112960145
582,3302633,3304502,OH,M,Surface,0,0.275327188043,0.15396774742,1922,2343,4,5,480.5,468.6,0.0633167302173
583,3302913,3301678,OH,M,Surface,0,0.371110944509,0.128847038925,2248,2327,5,5,449.6,465.4,0.00817130211052
584,3303466,3304514,OH,M,Surface,0,0.361963528351,0.0341199744216,1735,2060,6,6,289.166666667,343.333333333,0.201928921508
585,3303793,3304609,OH,C,Facility,0,0.161634585725,-0.0625587145119,3309,3364,6,6,551.5,560.666666667,0.00186143262259
586,3303862,3301695,OH,M,Surface,0,0.366774661289,0.155312795007,2187,2580,6,6,364.5,430,0.187069384414
587,3304072,3304470,OH,M,Surface,0,0.459952525196,0.133055437502,2922,3415,8,8,365.25,426.875,0.166504685295
588,3304279,3304592,OH,M,Surface,0,0.421103423811,0,1988,2785,5,6,397.6,464.166666667,0.247571727207
589,3304357,3304473,OH,M,Surface,0,0.355410679693,0.19595890513,5477,6324,11,12,497.909090909,527,0.040118603375
590,3304368,3304764,OH,M,Surface,0,0.294945644573,-0.00344234419097,1893,1455,4,3,473.25,485,0.099692665443
591,3304445,3301603,OH,M,Surface,0,0.308254226527,0.0513835756136,6495,5538,12,10,541.25,553.8,0.0481508986831
592,3304553,3301509,OH,M,Surface,0,0.37086564198,0.154556441651,4646,3696,9,7,516.222222222,528,0.0879063367177
593,3304583,3302129,OH,M,Surface,0,0.241471516619,0.207265416503,4431,4012,9,9,492.333333333,445.777777778,0.0675924325076
594,3304588,3300528,OH,M,Surface,0,0.256988202367,0.0855095338497,17404,18158,36,38,483.444444444,477.842105263,0.00481801186351
595,3304622,3301809,OH,M,Surface,0,0.250275062201,0.167876265671,2567,2819,6,6,427.833333333,469.833333333,0.0600677333312
596,3304726,3301355,OH,M,Surface,0,0.659047432471,0.0855469891197,2436,3303,6,7,406,471.857142857,0.219267670899
597,3304742,3304579,OH,M,Surface,0,0.471981198143,-0.01928328166,2156,2618,5,5,431.2,523.6,0.258211728717
598,3304794,3304121,OH,M,Surface,0,0.345642788593,0.0220784513024,2985,3494,7,7,426.428571429,499.142857143,0.169806774692
599,3304795,3301634,OH,M,Surface,0,0.556248222441,0.104157754739,3017,4568,8,12,377.125,380.666666667,0.250622703041
600,3304799,3300013,OH,M,Facility,0,0.216278897729,-0.019309420171,23669,29230,45,55,525.977777778,531.454545455,0.0691134990363
601,3400061,3402078,OK,M,Surface,0,0.267215714023,0.0176308167688,3116,3317,7,7,445.142857143,473.857142857,0.0267664855586
602,3400679,3400836,OK,M,Surface,0,0.267322206756,0.0446758748564,19920,18264,43,36,463.255813953,507.333333333,0.086239895423
603,3400681,3402157,OK,M,Surface,0,0.373574650561,0,1062,956,6,6,177,159.333333333,0.0757278092861
604,3401440,3402039,OK,M,Surface,0,1.34791261758,0.117783035656,994,1600,6,10,165.666666667,160,0.362981061789
605,3401775,3401035,OK,M,Surface,0,0.242493977436,0.000528494683313,5031,5675,11,12,457.363636364,472.916666667,0.0229914788487
606,3401828,3400377,OK,M,Surface,0,0.295097607665,-0.0163188283485,16344,13777,31,27,527.225806452,510.259259259,0.0439246508856
607,3401847,3402193,OK,M,Surface,0,0.420263647053,0,1185,1300,4,4,296.25,325,0.0587577882036
608,3401916,3400381,OK,M,Surface,0,0.430286761282,0.109335255744,3024,2536,6,5,504,507.2,0.0446798181673
609,3401950,3400798,OK,M,Surface,0,0.277381230366,0.0716345672458,47909,57007,66,86,725.893939394,662.872093023,0.139610904584
610,3401985,3402088,OK,M,Surface,0,0.282855573512,0.0860612581533,3349,3861,7,8,478.428571429,482.625,0.0278469354682
611,3402026,3402232,OK,M,Surface,0,0.242386392824,0.0588405000229,7533,7800,13,13,579.461538462,600,0.00831026438786
612,3402027,3400507,OK,M,Surface,0,0.331167184392,0.213425301845,1350,1551,4,4,337.5,387.75,0.131947450445
613,3402064,3402034,OK,M,Surface,0,0.620912761811,0.0752535691562,2174,2019,6,6,362.333333333,336.5,0.037474781478
614,3402207,3400266,OK,M,Surface,0,0.267736958976,0.0274837574777,19398,24842,52,63,373.038461538,394.317460317,0.0954190220718
615,3402208,3402214,OK,M,Surface,0,0.344504408318,0.157215729338,1984,2154,5,5,396.8,430.8,0.0462950870955
616,3402233,3402123,OK,M,Surface,0,0.411719771967,0.0683663457878,4808,4231,11,9,437.090909091,470.111111111,0.077035061787
617,3402237,3401937,OK,M,Surface,0,0.804045507439,-0.00743497848752,3498,3000,9,8,388.666666667,375,0.0347420798709
618,3402240,3402044,OK,M,Surface,0,0.447927677547,0.082590608722,4580,4553,7,7,654.285714286,650.428571429,0.000239471849437
619,3402252,3401217,OK,M,Surface,0,0.799214160394,0.154551883443,849,712,4,3,212.25,237.333333333,0.147694681732
620,3500463,3503782,OR,M,Surface,0,0.597158254345,0.114242344576,1937,2188,6,6,322.833333333,364.666666667,0.101695582032
621,3500465,3503365,OR,M,Surface,0,0.27344695663,0.0439777727527,849,734,3,3,283,244.666666667,0.14508698092
622,3500502,3503866,OR,M,Surface,0,0.334844234634,0.19606002306,2459,2747,6,7,409.833333333,392.428571429,0.0376960998612
623,3500507,3500593,OR,M,Surface,0,0.465736786281,0.117479847121,2810,2699,9,9,312.222222222,299.888888889,0.0111264637291
624,3502875,3503823,OR,M,Surface,0,0.675172150483,0.0695932917992,2788,1665,10,6,278.8,277.5,0.381726754254
625,3503356,3500135,OR,M,Surface,0,0.395776451004,0.117328180065,2904,2932,6,6,484,488.666666667,0.000630714859616
626,3503360,3503345,OR,M,Surface,0,0.448062695528,0.154922582606,4389,4995,10,11,438.9,454.090909091,0.0258787539561
627,3503617,3503850,OR,M,Surface,0,0.266271891406,-0.0134362982523,4056,4071,11,10,368.727272727,407.1,0.0682330593713
628,3503642,3503683,OR,M,Surface,0,0.667620364319,0.0178521207653,1595,1610,4,4,398.75,402.5,0.000600136453232
629,3503691,3503432,OR,M,Surface,0,0.360782826122,0.0397117350813,2235,2271,7,6,319.285714286,378.5,0.197096885809
630,3503696,3503925,OR,M,Surface,0,0.476099217947,0.205031801371,3053,2912,8,7,381.625,416,0.061420398476
631,3503868,3503537,OR,M,Surface,0,0.269460087449,0,983,1504,3,4,327.666666667,376,0.287139911191
632,3503870,3502781,OR,M,Surface,0,0.289665216384,-0.00217037524155,2015,1845,5,5,403,369,0.0532122183801
633,3503896,3500320,OR,M,Facility,0,0.16194648402,-0.0232641740032,8038,9654,18,22,446.555555556,438.818181818,0.0608384389941
634,3503926,3503467,OR,M,Surface,0,0.693423844001,0.10357834266,1807,1741,3,3,602.333333333,580.333333333,0.0094829428644
635,3600005,3603121,PA,M,Surface,0,0.277998634173,0.0625342157178,5863,4859,17,13,344.882352941,373.769230769,0.126863881337
636,3600009,3610222,PA,M,Facility,0,0.0967205695181,0.0234152488766,40757,42378,82,88,497.036585366,481.568181818,0.01208375412
637,3600018,3609215,PA,M,Surface,0,0.343186321875,0.0472528848505,3605,3472,7,7,515,496,0.00967950444788
638,3600020,3600038,PA,M,Surface,0,0.393176572124,0.160565070005,6237,6808,19,17,328.263157895,400.470588235,0.260758547962
639,3600066,3600191,PA,M,Surface,0,0.438290079389,0.0444517625708,3671,3960,12,15,305.916666667,264,0.181413655787
640,3600077,3609216,PA,M,Surface,0,0.400684222508,0.0623804364066,3774,3682,9,9,419.333333333,409.111111111,0.00417210387943
641,3600116,3605515,PA,M,Surface,0,0.262364264467,0.103433361467,4860,4823,12,12,405,401.916666667,0.00040007386766
642,3600120,3609081,PA,M,Surface,0,0.773944106394,0.0913466391419,3947,2528,17,11,232.176470588,229.818181818,0.297565766027
643,3600128,3600111,PA,M,Surface,0,0.338059024157,0.129500396048,6387,8172,17,19,375.705882353,430.105263158,0.164619436214
644,3600129,3610167,PA,M,Surface,0,0.828294204224,0.100833881973,2899,2347,11,9,263.545454545,260.777777778,0.0637001834649
645,3600130,3608470,PA,M,Surface,0,0.399135031955,0.215893207673,5556,3799,16,10,347.25,379.9,0.336207478878
646,3600143,3603517,PA,M,Surface,0,0.328776060076,0.177860862293,6911,7506,17,16,406.529411765,469.125,0.134675011325
647,3600153,3608445,PA,M,Surface,0,0.27448356582,0.13016671036,8756,14491,25,36,350.24,402.527777778,0.413440931402
648,3600164,3600114,PA,M,Surface,0,0.41241536441,0.105210207526,5783,5703,10,10,578.3,570.3,0.00132926478795
649,3600166,3600215,PA,M,Facility,0,0.104886929975,0.00236109238808,23486,20852,48,47,489.291666667,443.659574468,0.0691194817951
650,3600182,3608419,PA,M,Surface,0,0.366056432502,0.216972977619,4747,4064,13,10,365.153846154,406.4,0.145257691836
651,3600196,3600797,PA,M,Surface,0,0.237540105816,0.0490973366492,1462,1550,4,4,365.5,387.5,0.0234000326026
652,3600198,3610125,PA,M,Surface,0,0.491858667211,0.165972779514,1799,2176,6,6,299.833333333,362.666666667,0.247942023019
653,3600217,3600210,PA,M,Surface,0,0.335936140941,0.112996537295,8263,6153,21,13,393.476190476,473.307692308,0.473911952187
654,3600225,3608652,PA,M,Surface,0,0.569515431473,0.0818962763229,1479,1078,4,3,369.75,359.333333333,0.121432285294
655,3600254,3604293,PA,M,Surface,0,0.35791854509,0.175900051949,7333,6874,15,14,488.866666667,491,0.00707554000971
656,3600261,3600012,PA,M,Surface,0,0.279637284108,0.21202350027,8519,9917,19,20,448.368421053,495.85,0.0804096051869
657,3600270,3609422,PA,M,Surface,0,0.334025770248,0.143913270734,3088,2880,9,7,343.111111111,411.428571429,0.257152669341
658,3600277,3606980,PA,M,Surface,0,0.31390625212,0.121747327537,13144,14900,28,33,469.428571429,451.515151515,0.0452137210208
659,3600516,3600276,PA,M,Surface,0,0.272386826262,0.146414624421,8146,6403,20,13,407.3,492.538461538,0.426895401808
660,3600796,3600163,PA,M,Surface,0,0.287958766513,0.0595142776866,9034,16444,22,35,410.636363636,469.828571429,0.552153623723
661,3601919,3602014,PA,C,Facility,0,0.16504271538,-0.0022002209096,3522,3640,7,7,503.142857143,520,0.00743909709996
662,3603107,3607194,PA,C,Facility,0,0.280622995156,0,1315,1168,3,3,438.333333333,389.333333333,0.0962496922506
663,3603287,3608316,PA,C,Facility,0,0.20589527969,-0.0574264384998,2152,3512,6,10,358.666666667,351.2,0.367190795988
664,3603330,3608766,PA,C,Facility,0,0.412702395834,0.0462642611578,4222,4977,6,8,703.666666667,622.125,0.17521282091
665,3603442,3609086,PA,M,Surface,0,0.253734627543,0.144431609027,4723,4756,10,10,472.3,475.6,0.000332091944133
666,3604080,3600054,PA,M,Surface,0,0.386744291309,0.13132678305,3289,4172,9,10,365.444444444,417.2,0.155215402651
667,3604191,3609489,PA,M,Surface,0,0.369581301358,0.030807661619,2551,2525,7,6,364.428571429,420.833333333,0.146059947108
668,3604294,3609663,PA,M,Surface,0,0.367724780125,-0.014629310016,1080,964,3,3,360,321.333333333,0.0884250303692
669,3604302,3600148,PA,M,Surface,0,0.283843296145,0.0369179595154,783,811,3,3,261,270.333333333,0.00845459751954
670,3604385,3608631,PA,C,Surface,0,0.117845350659,-0.0255371834578,1783,2221,4,5,445.75,444.2,0.0654923137251
671,3604403,3609310,PA,M,Underground,0,0.1367647521,0.00402352755736,5172,6449,12,13,431,496.076923077,0.160193872038
672,3605077,3606380,PA,M,Surface,0,0.321310422476,0.118365871168,2288,2287,5,5,457.6,457.4,1.3090335104e-06
673,3605205,3608294,PA,M,Surface,0,0.255887486791,0.0557151495881,7733,7591,16,15,483.3125,506.066666667,0.0170085088283
674,3605430,3605023,PA,C,Facility,0,0.0894604493285,0.0244994543987,6725,6693,16,14,420.3125,478.071428571,0.118290234303
675,3606096,3610372,PA,M,Surface,0,0.258081602675,0.19782574333,1440,960,4,3,360,320,0.24491894917
676,3606428,3607276,PA,C,Facility,0,0.183603682968,-0.0719734996251,1429,1920,3,4,476.333333333,480,0.10827717099
677,3606860,3608555,PA,M,Surface,0,0.434770000679,-0.0131895082954,5851,5743,9,9,650.111111111,638.111111111,0.00237772313795
678,3607079,3600092,PA,M,Surface,0,0.320867705541,0.133222703009,4071,3780,9,8,452.333333333,472.5,0.0265660436255
679,3607214,3608630,PA,M,Surface,0,0.477267759471,0.109730769969,3554,4281,10,10,355.4,428.1,0.237269050982
680,3607241,3607266,PA,C,Facility,0,0.164817655265,0.0170828678523,5475,5862,8,9,684.375,651.333333333,0.0293892537959
681,3607433,3600150,PA,M,Surface,0,0.293006708506,0.0315315887551,26631,31523,51,59,522.176470588,534.288135593,0.0427162635138
682,3607688,3605855,PA,C,Facility,0,0.273895623715,0.0233831113025,6062,4734,11,9,551.090909091,526,0.087437487522
683,3607767,3600017,PA,M,Facility,0,0.142994745315,0.00591981111033,5823,5803,14,12,415.928571429,483.583333333,0.161053863454
684,3607828,3608715,PA,M,Surface,0,0.377242218924,0.177323628856,4427,4814,11,10,402.454545455,481.4,0.210710431849
685,3607895,3600684,PA,M,Surface,0,0.744358878929,0.0180185055027,1532,935,5,3,306.4,311.666666667,0.328668299977
686,3608033,3608596,PA,M,Surface,0,0.400101331639,0.120720558953,6703,5892,13,12,515.615384615,491,0.0313682060225
687,3608204,3608488,PA,C,Facility,0,0.105036088616,0.000650829830978,2158,2560,4,5,539.5,512,0.0696835560212
688,3608347,3610443,PA,M,Surface,0,0.238778265462,0.22058454303,6600,7356,12,13,550,565.846153846,0.0183207449994
689,3608360,3607161,PA,M,Surface,0,0.359301382782,-0.00302956498515,6236,8540,14,17,445.428571429,502.352941176,0.188549175856
690,3608391,3610431,PA,C,Surface,0,0.191987663686,0.0266136485181,6029,3856,13,9,463.769230769,428.444444444,0.285238371735
691,3608484,3600155,PA,M,Underground,0,0.353479009955,0.104988592956,20838,19228,50,44,416.76,437,0.0339338300494
692,3608494,3609401,PA,C,Surface,0,0.110978507962,0.030086541993,7668,11709,17,23,451.058823529,509.086956522,0.292784489799
693,3608507,3601708,PA,C,Facility,0,0.163930233823,0.00860667132033,2634,2684,6,6,439,447.333333333,0.00242218341801
694,3608550,3608860,PA,C,Surface,0,0.252835706906,-0.0311910413651,25852,23455,50,45,517.04,521.222222222,0.0173835645947
695,3608593,3608780,PA,C,Surface,0,0.174495313813,0.00398818724498,19599,21541,38,39,515.763157895,552.333333333,0.0356050503374
696,3608729,3610240,PA,M,Surface,0,0.414230686512,0.194814761528,2726,2678,5,5,545.2,535.6,0.00216178864241
697,3608784,3605378,PA,M,Surface,0,0.284576785076,0.0129011552259,6370,5699,12,10,530.833333333,569.9,0.0674389272248
698,3608803,3600091,PA,M,Surface,0,0.272515529915,0.0963254083179,12976,16110,29,32,447.448275862,503.4375,0.126211715022
699,3608857,3609445,PA,C,Facility,0,0.115997548637,-0.00745345065458,3488,2828,7,6,498.285714286,471.333333333,0.0662621294885
700,3608864,3610047,PA,M,Underground,0,0.232632719482,0.0969735237216,17738,17038,36,29,492.722222222,587.517241379,0.236735999838
701,3608871,3608034,PA,C,Surface,0,0.123983306881,0,2644,3624,6,8,440.666666667,453,0.134164145885
702,3609058,3607667,PA,M,Surface,0,0.284635031435,-0.000836033072,15777,15955,25,25,631.08,638.2,0.000862221191495
703,3609122,3609923,PA,C,Surface,0,0.0946732105858,-0.0133526288364,7346,8299,14,14,524.714285714,592.785714286,0.101922409568
704,3609224,3609437,PA,C,Underground,0,0.0967011799831,-0.0349157748682,36127,37626,59,70,612.322033898,537.514285714,0.134562357948
705,3609272,3609568,PA,M,Surface,0,0.245399616056,0.14543886589,6274,7049,11,12,570.363636364,587.416666667,0.0208168179464
706,3609436,3609394,PA,C,Underground,0,0.0645863641147,-0.0418967669915,9362,13770,19,25,492.736842105,550.8,0.244818851352
707,3609442,3601877,PA,C,Surface,0,0.166341139934,0.00149588659158,1619,1336,4,4,404.75,334,0.252834575928
708,3609515,3600118,PA,M,Surface,0,0.24585520054,0.0330683854417,5279,4863,11,9,479.909090909,540.333333333,0.124831531595
709,3609525,3607979,PA,C,Facility,0,0.138179133482,0.0180944769881,4481,5641,7,9,640.142857143,626.777777778,0.0879604171406
710,3609604,3609548,PA,C,Surface,0,0.0722605110934,-0.0326859601709,15571,16046,24,25,648.791666667,641.84,0.00286217649371
711,3609852,3610273,PA,M,Surface,0,0.524051808519,0.0291797891088,1382,1486,3,3,460.666666667,495.333333333,0.0360578901631
712,3609962,3600259,PA,M,Surface,0,0.579684617483,0.0558992927877,3984,4407,8,8,498,550.875,0.0697492497489
713,3609975,3608138,PA,C,Facility,0,0.0873814110655,0.00217298965943,10331,10573,18,18,573.944444444,587.388888889,0.00367259010602
714,3610013,3610459,PA,M,Surface,0,0.275847614805,0.185112905431,3978,3975,7,7,568.285714286,567.857142857,3.89878398136e-06
715,3610195,3610400,PA,C,Surface,0,0.250919137878,0.0402267286591,2296,3188,5,6,459.2,531.333333333,0.227107067879
716,3610258,3601733,PA,C,Surface,0,0.380345264461,0.0064427282222,4058,3971,8,8,507.25,496.375,0.00321735047106
717,3610314,3609357,PA,M,Surface,0,0.462538212274,0.230748150699,2084,2096,4,4,521,524,0.000225809278623
718,3610445,3608385,PA,C,Facility,0,0.38730113748,0.0274290371701,1000,899,3,3,333.333333333,299.666666667,0.0776414750391
719,3610470,3600048,PA,M,Surface,0,0.296450562272,0.118356826913,3747,3291,7,6,535.285714286,548.5,0.0327663033652
720,3610475,3601761,PA,C,Surface,0,0.24623421698,0.0684152134042,21014,28032,41,48,512.536585366,584,0.1844452112
721,3700156,3700064,RI,M,Surface,0,0.248230132249,0.178870112207,7754,4547,19,12,408.105263158,378.916666667,0.409695573466
722,3700181,3700238,RI,M,Surface,0,0.311110646758,0.0656691035079,1255,1547,3,4,418.333333333,386.75,0.117149550523
723,3700218,3700212,RI,M,Surface,0,0.270269759604,0.0366917179216,3838,3548,9,7,426.444444444,506.857142857,0.238662740437
724,3800055,3800770,SC,M,Surface,0,0.510572213282,0.183210840979,2368,2248,7,6,338.285714286,374.666666667,0.0842309257134
725,3800120,3800702,SC,M,Surface,0,0.289288029436,0.0981960385775,1711,1793,4,4,427.75,448.25,0.0150099687186
726,3800731,3800567,SC,M,Surface,0,0.326452675206,0.212758276233,4220,5188,9,11,468.888888889,471.636363636,0.0619229161387
727,3900258,3900024,SD,M,Surface,0,0.248829039849,0.209074636732,9339,16492,23,35,406.043478261,471.2,0.517014194184
728,3901010,3900015,SD,M,Surface,0,0.650198774905,0.104464434634,1502,1898,4,5,375.5,379.6,0.0704624942581
729,3901317,0202520,AZ,M,Surface,0,0.918209329146,0.146228223419,4617,2925,19,13,243,225,0.302792352935
730,4000015,4003613,TN,M,Surface,0,0.240789665343,0.103713492793,3741,3889,6,6,623.5,648.166666667,0.0103117171658
731,4000048,4001051,TN,M,Surface,0,0.398938889003,0.20396089687,5992,6179,17,16,352.470588235,386.1875,0.055529410685
732,4000092,4003075,TN,M,Surface,0,0.311992476036,0.167753405767,2936,2639,7,6,419.428571429,439.833333333,0.03941218643
733,4000133,4000073,TN,M,Surface,0,0.2882214177,0.072295841833,3310,3748,10,10,331,374.8,0.10579073276
734,4000806,4000131,TN,M,Surface,0,0.254886296707,0.166814693901,12408,12184,25,24,496.32,507.666666667,0.00492508278034
735,4001177,4003359,TN,M,Surface,0,0.409784769253,-0.0129034048359,770,936,3,3,256.666666667,312,0.261024442889
736,4001376,4003646,TN,M,Surface,0,1.16917051398,0.0521217710633,1532,1354,8,7,191.5,193.428571429,0.0246754643745
737,4001764,4003495,TN,M,Surface,0,0.279794994294,0.188591169808,1973,2120,5,5,394.6,424,0.0353714958472
738,4002187,4003636,TN,M,Surface,0,0.291742933121,0.0161389056941,4714,5040,10,11,471.4,458.181818182,0.0155746574004
739,4002722,4003374,TN,M,Surface,0,0.494607059637,0.162518929498,1094,1224,3,3,364.666666667,408,0.0863512662384
740,4002841,4003093,TN,M,Surface,0,0.296996873495,0.190873084267,6845,8534,19,20,360.263157895,426.7,0.21189790015
741,4002961,4000798,TN,M,Surface,0,0.2451166269,0.0506996784396,5965,5958,13,13,458.846153846,458.307692308,9.44453835999e-06
742,4003123,0301530,AR,M,Surface,0,0.341333233803,0.0843811092721,1202,920,4,3,300.5,306.666666667,0.0999753750869
743,4003168,4003159,TN,M,Surface,0,0.23757866988,0.0893066212228,7084,7108,15,15,472.266666667,473.866666667,7.83599246172e-05
744,4003269,4000056,TN,M,Surface,0,0.596640580108,0.100916154506,2049,2458,9,9,227.666666667,273.111111111,0.226880179482
745,4003344,4003609,TN,M,Surface,0,0.396599634594,0.0406759222977,5325,5751,12,13,443.75,442.384615385,0.00950833727754
746,4003357,4003277,TN,M,Surface,0,0.266109587198,0.214023687082,1968,1454,6,4,328,363.5,0.239814349889
747,4003556,4002940,TN,M,Surface,0,0.264677656093,0.161716591212,4237,4364,9,9,470.777777778,484.888888889,0.0059747929311
748,4003630,4003157,TN,M,Surface,0,0.4680005572,0.0580359138385,4685,4466,10,10,468.5,446.6,0.0156988679737
749,4003639,4003395,TN,M,Surface,0,0.236971552922,0.119340264105,1896,1925,4,4,474,481.25,0.00157828082719
750,4003641,4003603,TN,M,Surface,0,0.292247837207,0.118114655623,2872,3015,6,6,478.666666667,502.5,0.0161732024693
751,4100026,4100060,TX,M,Facility,0,0.176865492572,0.0649447990816,54706,75675,133,155,411.323308271,488.225806452,0.274910930011
752,4100046,4100847,TX,M,Surface,0,0.967437143091,0.129159190612,8361,11799,29,41,288.310344828,287.780487805,0.192529200529
753,4100283,4100010,TX,M,Facility,0,0.106596902622,0.03106210728,67507,66054,123,115,548.837398374,574.382608696,0.0175807997516
754,4101126,4105413,TX,M,Surface,0,0.489739127519,0.0734714223447,43085,39864,90,73,478.722222222,546.082191781,0.154139817363
755,4102241,4103401,TX,M,Surface,0,0.240338492317,0.0187659828017,21247,20060,34,32,624.911764706,626.875,0.00573336099693
756,4103181,4105379,TX,M,Surface,0,0.41305142909,0.0463158044443,4421,4480,9,9,491.222222222,497.777777778,0.00120389881181
757,4103291,4105431,TX,M,Surface,0,0.265427580398,0.135651784513,7597,7420,14,14,542.642857143,530,0.00380696558725
758,4103322,4102862,TX,M,Surface,0,0.377170230893,0.0660184681296,1613,1688,4,4,403.25,422,0.0141481513491
759,4103348,4105609,TX,M,Surface,0,0.272177885916,0.144966945364,5850,5153,10,9,585,572.555555556,0.0226755560454
760,4103489,4105700,TX,M,Surface,0,0.241104402309,0.175029838992,11442,11148,23,23,497.47826087,484.695652174,0.00464166251885
761,4103955,4105292,TX,M,Surface,0,0.462875480512,0.194506789072,2675,2012,8,6,334.375,335.333333333,0.117341368206
762,4104038,4103461,TX,M,Facility,0,0.352913181841,0.0216293481077,18475,17545,32,30,577.34375,584.833333333,0.00672464690076
763,4104144,4105238,TX,M,Surface,0,0.338061510479,0.0717718257311,7288,7308,17,18,428.705882353,406,0.0212559895392
764,4104183,4105360,TX,M,Surface,0,0.280702713676,0.214846773609,3271,3292,7,7,467.285714286,470.285714286,0.000280530990667
765,4104228,4105765,TX,M,Surface,0,0.357799281065,0.0974482552264,1363,1345,4,4,340.75,336.25,0.0012105091005
766,4104366,4104425,TX,M,Surface,0,0.392328995806,0.0950162494637,1507,1856,5,6,301.4,309.333333333,0.0568440233525
767,4104443,4105453,TX,M,Surface,0,0.28678692269,0.121240999203,4247,4257,8,8,530.875,532.125,3.78881899011e-05
768,4104449,4105175,TX,M,Facility,0,0.135878961688,0.0491269282683,13664,12377,30,23,455.466666667,538.130434783,0.244299579778
769,4104484,4104203,TX,M,Surface,0,0.417357140146,0.0585726713905,1226,1387,4,4,306.5,346.75,0.104274729874
770,4104521,4104606,TX,M,Surface,0,0.29677793472,0.103314860187,10214,9620,23,21,444.086956522,458.095238095,0.0159517818879
771,4104587,4105410,TX,M,Surface,0,0.31649376969,0.0651496692162,1625,1738,5,5,325,347.6,0.030956356818
772,4104615,4104903,TX,M,Surface,0,0.411211381292,0.0508015314074,1099,1017,4,4,274.75,254.25,0.041183341354
773,4104625,4101363,TX,M,Surface,0,0.305372078387,0.0619175179459,4277,4274,10,10,427.7,427.4,3.37255313898e-06
774,4104640,4102852,TX,M,Surface,0,0.249634367675,0.00588781245018,6246,5927,12,12,520.5,493.916666667,0.0188252580019
775,4104751,4103588,TX,M,Surface,0,0.357009336184,0.128321109159,3588,3143,9,8,398.666666667,392.875,0.0241194307351
776,4104792,4103760,TX,M,Facility,0,0.0856910213715,-0.0172040310845,8705,7952,14,12,621.785714286,662.666666667,0.0510760070446
777,4104926,4105024,TX,M,Surface,0,0.315661213247,0.154171522496,3260,3427,6,6,543.333333333,571.166666667,0.0170960385289
778,4104938,4101096,TX,M,Surface,0,0.543896217306,0.0317486983146,1838,1364,7,5,262.571428571,272.8,0.151180694223
779,4105034,4104639,TX,M,Surface,0,0.349585316395,0.125430206794,4105,4090,8,8,513.125,511.25,9.17983309924e-05
780,4105095,4105742,TX,M,Surface,0,0.352588116449,0.0873441280118,4867,5151,11,12,442.454545455,429.25,0.0142467469525
781,4105113,4105645,TX,M,Surface,0,0.238668316744,0.0360569015792,13307,13771,19,19,700.368421053,724.789473684,0.00804732189614
782,4105147,4102510,TX,M,Surface,0,0.426186487636,0.0395308387566,1799,992,6,4,299.833333333,248,0.57171161424
783,4105157,4105589,TX,M,Surface,0,0.238310343858,0.141493126253,6020,5395,11,10,547.272727273,539.5,0.0168517053744
784,4105161,4104716,TX,M,Surface,0,0.428366636335,0.00118448340766,23124,23625,55,56,420.436363636,421.875,0.000692094542723
785,4105172,4104839,TX,M,Surface,0,0.579272824839,0.049157878827,2713,2719,6,6,452.166666667,453.166666667,3.34289000847e-05
786,4105198,4105126,TX,M,Surface,0,0.29238025915,0.111901387865,19353,19401,37,37,523.054054054,524.351351351,4.20354093084e-05
787,4105239,4105669,TX,M,Surface,0,0.277076733905,0.0336854051641,9503,9927,21,21,452.523809524,472.714285714,0.013052241951
788,4105256,4104416,TX,M,Surface,0,0.3448536137,0.00159616953282,3174,3130,9,8,352.666666667,391.25,0.0779457940529
789,4105411,4104605,TX,M,Surface,0,0.33609008819,0.189423911907,21419,22388,63,66,339.984126984,339.212121212,0.00344002702913
790,4105445,4104875,TX,M,Surface,0,0.505939598578,0.195733731668,3183,4098,9,12,353.666666667,341.5,0.119102469129
791,4105465,4105019,TX,M,Surface,0,0.367565465179,0.153293356024,7726,7244,14,13,551.857142857,557.230769231,0.008117195101
792,4105541,4104635,TX,M,Surface,0,0.296499000771,0.0431553844692,4178,4195,8,8,522.25,524.375,0.000112950069876
793,4105553,4104884,TX,M,Surface,0,0.69314718056,0.068992871487,720,700,4,4,180,175,0.00543490546538
794,4105567,4105068,TX,M,Surface,0,0.384700207509,0.106332528868,8585,8432,15,15,572.333333333,562.133333333,0.0022151347193
795,4105588,4103483,TX,M,Facility,0,0.128170335304,0.00573875222079,9104,9904,18,19,505.777777778,521.263157895,0.0129823216145
796,4105592,4103985,TX,M,Surface,0,0.781776144516,0.105616564821,785,781,4,4,196.25,195.25,0.000178731315877
797,4105598,4101343,TX,M,Surface,0,0.412656880203,0.0348609316061,4295,4341,7,7,613.571428571,620.142857143,0.000777407763491
798,4105613,4101111,TX,M,Surface,0,0.275750930889,0.0820615326488,17116,16356,26,25,658.307692308,654.24,0.00303882378878
799,4105619,4105760,TX,M,Surface,0,0.396205656165,0.194706236441,12898,12398,23,22,560.782608696,563.545454545,0.00300676876164
800,4105690,4103864,TX,M,Surface,0,0.267964331196,0.150421365427,10044,10225,20,20,502.2,511.25,0.00218512887968
801,4105706,4104826,TX,M,Surface,0,0.446150643539,0.180336772815,3166,3026,7,7,452.285714286,432.285714286,0.0140115044935
802,4105717,4102319,TX,M,Surface,0,0.824983014485,0.131984742632,2671,4125,9,13,296.777777778,317.307692308,0.266835011955
803,4105741,4105534,TX,M,Surface,0,0.288995406435,0.06659361801,5783,9570,18,27,321.277777778,354.444444444,0.37929388039
804,4105766,4103912,TX,M,Surface,0,0.270369008829,0.0226540382489,11053,12264,22,24,502.409090909,511,0.0159427461961
805,4105772,4100998,TX,M,Surface,0,0.237954095345,0.0185341731985,14802,15908,22,23,672.818181818,691.652173913,0.00998495964587
806,4105784,4104673,TX,M,Surface,0,0.435199831676,0.0624151731725,2612,2593,5,5,522.4,518.6,0.0003650959331
807,4105789,4105206,TX,M,Surface,0,0.373111079915,0.152585025023,3273,3470,6,6,545.5,578.333333333,0.0234001220264
808,4105797,4104363,TX,M,Surface,0,0.359801623575,0.0488519249699,12448,12336,24,23,518.666666667,536.347826087,0.00867740634944
809,4105809,4104369,TX,M,Surface,0,0.283141004018,0.00415801014866,5573,5280,12,11,464.416666667,480,0.0151071027926
810,4105837,4104545,TX,M,Surface,0,0.794676097226,0.0072595600128,5975,5490,14,13,426.785714286,422.307692308,0.0102297357201
811,4105851,4104961,TX,M,Surface,0,1.11713133644,0.131309443803,856,811,4,4,214,202.75,0.019972555042
812,4105853,4101349,TX,M,Surface,0,0.861125147648,0.00495161939019,2247,2216,7,6,321,369.333333333,0.139706750996
813,4105856,4104224,TX,M,Surface,0,0.515817180704,0.00408580752258,1239,977,4,3,309.75,325.666666667,0.102972125055
814,4200066,4202063,UT,M,Surface,0,0.289872653832,0.0657811659377,1710,1709,3,3,570,569.666666667,2.34380958728e-06
815,4200089,4201566,UT,C,Underground,0,0.101020991272,-0.0423537726281,192191,159456,406,302,473.376847291,528,0.184345829489
816,4200366,4202137,UT,M,Surface,0,0.253443565859,0.116644397638,8393,8488,15,16,559.533333333,530.5,0.0213341487874
817,4200398,4202621,UT,M,Surface,0,0.249258745117,0.0277888408779,10823,9464,27,25,400.851851852,378.56,0.0377314872679
818,4200405,4202214,UT,M,Surface,0,0.237372913517,0.137446891064,5773,6514,14,16,412.357142857,407.125,0.0264270646378
819,4200406,4202270,UT,M,Surface,0,0.244362059548,0.116564544044,2496,3004,8,10,312,300.4,0.0721026166609
820,4200854,4200769,UT,M,Underground,0,0.352096211075,0.0255483039937,20266,29372,42,56,482.523809524,524.5,0.214339720351
821,4200941,4201609,UT,M,Surface,0,0.397887993312,0.0916746513899,7036,6997,14,14,502.571428571,499.785714286,0.000211635329346
822,4200943,4202267,UT,M,Surface,0,0.282918609082,0.0609233417502,13570,12089,32,27,424.0625,447.740740741,0.0542357932513
823,4200979,4200386,UT,M,Surface,0,0.319100890573,0.198450938724,983,656,5,3,196.6,218.666666667,0.343510177741
824,4201479,4202362,UT,M,Surface,0,0.396248453003,0.0383398545815,981,1791,4,6,245.25,298.5,0.593023188382
825,4201601,4202523,UT,M,Surface,0,0.32157374656,0.0931536122228,2531,2110,5,4,506.2,527.5,0.0658623434727
826,4201661,4202675,UT,M,Surface,0,0.324242200213,0.191453078589,6076,6189,11,11,552.363636364,562.636363636,0.00232596082235
827,4201890,4202263,UT,C,Underground,0,0.292092078507,-0.00444546734302,5713,6579,12,12,476.083333333,548.25,0.136454195182
828,4202025,4202701,UT,M,Surface,0,0.353997857103,0.180292324189,1843,2028,4,4,460.75,507,0.0626736869032
829,4202087,4202572,UT,M,Surface,0,0.892303871191,0.00782272568121,1983,2292,4,5,495.75,458.4,0.0852475993301
830,4202107,4202760,UT,M,Surface,0,0.240971823023,0.0605984045472,29428,21091,44,38,668.818181818,555.026315789,0.309460976899
831,4202153,4201610,UT,M,Surface,0,0.276111462202,0.188550064063,2673,3041,6,7,445.5,434.428571429,0.032869664327
832,4202250,4202179,UT,M,Surface,0,0.303226863545,0.194637477138,9004,9420,18,19,500.222222222,495.789473684,0.00448709319682
833,4202282,4202368,UT,M,Surface,0,0.266438940308,0.138667551021,3589,2332,14,11,256.357142857,212,0.396755273065
834,4202288,4202777,UT,M,Surface,0,0.405465108108,0.209775240067,2676,2470,6,6,446,411.666666667,0.04395377338
835,4202360,4202212,UT,M,Surface,0,0.450839286564,0.106025034701,7074,6920,14,14,505.285714286,494.285714286,0.00331856632266
836,4202457,4202320,UT,M,Surface,0,0.285418743571,0.145435814389,3041,4734,9,14,337.888888889,338.142857143,0.295201498566
837,4202466,0504593,UT,M,Surface,0,0.253834398635,0.055262678675,4800,4840,9,9,533.333333333,537.777777778,0.000471762259673
838,4202495,4202456,UT,M,Surface,0,0.328467867222,0.0250325962126,1105,1578,4,5,276.25,315.6,0.227349247359
839,4202544,4202130,UT,M,Surface,0,0.246869679975,-0.0106021948074,11320,13109,24,26,471.666666667,504.192307692,0.0477642508131
840,4202622,4202697,UT,M,Surface,0,0.363464563068,-0.0178801770529,2830,3461,6,7,471.666666667,494.428571429,0.0585589068911
841,4202629,4202383,UT,M,Surface,0,0.775404983425,0.0261067458377,2671,2344,8,6,333.875,390.666666667,0.227360890249
842,4202678,4202425,UT,M,Surface,0,0.320451230062,0.11438827003,1561,1836,4,5,390.25,367.2,0.0737783109085
843,4202721,4202513,UT,M,Surface,0,0.715644580204,0.0972989109868,1509,1233,4,3,377.25,411,0.122483807699
844,4202722,4202702,UT,M,Facility,0,0.122126407811,0,14058,13088,25,24,562.32,545.333333333,0.0107621977385
845,4202738,4202656,UT,M,Surface,0,0.284193172619,-0.0124333450825,8518,8877,22,19,387.181818182,467.210526316,0.239088852523
846,4202758,4202077,UT,M,Surface,0,0.246614663936,0.0339926511511,15168,15733,31,31,489.290322581,507.516129032,0.00916247830949
847,4300030,4300196,VT,M,Surface,0,0.251422416315,0.186152726022,9865,7555,22,16,448.409090909,472.1875,0.155545009983
848,4300096,4300105,VT,M,Surface,0,0.312022840788,0.211047357608,3328,2972,8,7,416,424.571428571,0.0250033966309
849,4300106,4300304,VT,M,Surface,0,0.524907767488,0.0935143098215,1924,1520,5,4,384.8,380,0.0712362908791
850,4300185,4300023,VT,M,Surface,0,0.534737110895,0.104264938346,5279,4201,15,10,351.933333333,420.1,0.36949129661
851,4300289,4300064,VT,M,Surface,0,0.330680015447,0.190857588773,3153,4180,8,9,394.125,464.444444444,0.230690232613
852,4400067,4400029,VA,M,Surface,0,0.257881772756,0.229952875258,4747,4742,11,11,431.545454545,431.090909091,7.60766206703e-06
853,4400093,4407222,VA,M,Surface,0,0.280351312325,0.0293365853114,19191,18339,43,38,446.302325581,482.605263158,0.0538040848878
854,4402684,4407328,VA,M,Surface,0,0.271130883634,0.214814026061,1523,1519,4,4,380.75,379.75,4.73714267725e-05
855,4404502,4407259,VA,M,Surface,0,0.301045300264,0.084156262074,3122,2793,8,8,390.25,349.125,0.0849416037758
856,4404957,4402385,VA,M,Surface,0,0.340312901772,0.196234428038,3912,4354,9,10,434.666666667,435.4,0.0167514460319
857,4405165,4407105,VA,M,Surface,0,0.268056107995,0.144006230755,2547,2760,5,5,509.4,552,0.0441840726106
858,4406420,4407173,VA,M,Surface,0,0.30164999924,0.130676933207,1365,1798,4,5,341.25,359.6,0.100746479192
859,4406992,4407162,VA,C,Surface,0,0.150607117927,-0.0127388204217,16349,27747,30,43,544.966666667,645.279069767,0.485707024906
860,4407020,4406987,VA,M,Surface,0,0.407589002712,0.030826126381,5644,6676,13,15,434.153846154,445.066666667,0.0404540685482
861,4407086,4404046,VA,M,Surface,0,0.599215360726,0.160363231712,2900,3599,8,10,362.5,359.9,0.0717286886814
862,4407383,4406507,VA,M,Surface,0,0.405755679082,0.207268847373,1147,1181,3,3,382.333333333,393.666666667,0.00584454990243
863,4407398,4407333,VA,M,Surface,0,0.728204205642,0.120669478982,2011,2191,6,6,335.166666667,365.166666667,0.0503378022971
864,4407422,4402277,VA,C,Surface,0,0.14401471165,-0.0404432056265,11375,8924,20,16,568.75,557.75,0.0863290731227
865,4500581,4503172,WA,M,Surface,0,0.384647703025,0.0234410479714,1262,1560,3,4,420.666666667,390,0.115258297469
866,4500604,4503648,WA,M,Surface,0,0.456861136944,0.228801275034,584,564,3,3,194.666666667,188,0.00831548010609
867,4500994,4503314,WA,M,Surface,0,0.291077661453,-0.00823049913652,882,854,5,5,176.4,170.8,0.00712795153744
868,4502016,4503555,WA,M,Surface,0,0.267298567818,0.0266830727691,1905,1775,5,5,381,355,0.034219726472
869,4502785,4503042,WA,M,Surface,0,0.342322924497,0.173318280544,2605,2343,9,9,289.444444444,260.333333333,0.0769647075601
870,4502825,4503304,WA,M,Surface,0,0.25907556054,0.0544910099473,2296,1490,9,7,255.111111111,212.857142857,0.376977060038
871,4502994,4503315,WA,M,Surface,0,0.335032032528,0.123416853375,3011,3068,7,7,430.142857143,438.285714286,0.0024090895051
872,4503007,4503305,WA,M,Surface,0,0.581507209417,0,923,1000,3,3,307.666666667,333.333333333,0.0439713242426
873,4503057,4503808,WA,M,Surface,0,0.623768502221,0.0298987391676,1574,1285,5,4,314.8,321.25,0.0632358201925
874,4503250,4503498,WA,M,Surface,0,0.283287793087,-0.011787208716,3307,3367,10,9,330.7,374.111111111,0.103431159631
875,4503286,4500359,WA,M,Facility,0,0.176890684873,0.0555901199339,37281,43580,84,88,443.821428571,495.227272727,0.0926196376668
876,4503469,4503263,WA,M,Surface,0,0.668079091643,0.0453302474993,528,841,3,4,176,210.25,0.389193958868
877,4503480,4503086,WA,M,Surface,0,0.254339074438,0.112300310763,5622,6152,12,13,468.5,473.230769231,0.0115318820991
878,4503665,4503770,WA,M,Surface,0,0.305703793135,0.0809540959466,2777,2784,7,7,396.714285714,397.714285714,4.34140421645e-05
879,4503678,4503824,WA,M,Surface,0,0.327699237955,0.167097129667,1243,1787,3,4,414.333333333,446.75,0.172583249737
880,4503704,4503565,WA,M,Surface,0,0.278423659031,0.0795167280243,3825,4096,9,9,425,455.111111111,0.0320971234297
881,4503772,4503293,WA,M,Surface,0,0.410872626651,-0.0103018249518,6051,5494,10,10,605.1,549.4,0.063878143432
882,4503834,3503321,OR,M,Surface,0,0.433562350083,0.109336664037,1509,1506,4,4,377.25,376.5,2.7125769637e-05
883,4503835,4503688,WA,M,Surface,0,0.258448946241,0.0418513306894,2126,1942,4,4,531.5,485.5,0.0561299842878
884,4601437,4608864,WV,C,Underground,0,0.480685866159,-0.0101299848943,513579,292227,838,569,612.862768496,513.579964851,0.554620679752
885,4603317,4604315,WV,C,Facility,0,0.0891501582195,0.0419434276473,13856,13190,24,24,577.333333333,549.583333333,0.0166219329787
886,4604168,4609447,WV,C,Underground,0,0.127846374292,0.0207359063991,208060,226551,388,413,536.237113402,548.549636804,0.0119021953059
887,4605252,4609029,WV,C,Underground,0,0.0449925495786,-0.0403170872811,204628,201485,339,327,603.622418879,616.162079511,0.00407019487402
888,4605295,4602437,WV,C,Facility,0,0.0616694192361,-0.0732980333774,4483,5886,7,10,640.428571429,588.6,0.195122294886
889,4606265,4608560,WV,C,Underground,0,0.431761980319,0.0198229537644,12710,17062,27,31,470.740740741,550.387096774,0.226680538771
890,4607458,4609226,WV,C,Facility,0,0.0653447516087,0.0390270715395,8243,10528,17,21,484.882352941,501.333333333,0.0871036951514
891,4608465,4603341,WV,C,Facility,0,0.0641433171243,0.0534694302986,6538,7574,10,13,653.8,582.615384615,0.154951276461
892,4608620,4600005,WV,M,Surface,0,0.358776036482,0.0780145534574,3756,4480,9,9,417.333333333,497.777777778,0.212832801666
893,4608645,4606578,WV,C,Surface,0,0.26289071881,-0.0565289699297,7596,8578,19,18,399.789473684,476.555555556,0.203295467956
894,4608663,4608787,WV,C,Underground,0,0.0481589306182,-0.0438885141364,93008,91995,150,145,620.053333333,634.448275862,0.00447579968271
895,4609007,4609641,WV,C,Surface,0,0.0993041863414,-0.0183913229714,2919,3512,5,6,583.8,585.333333333,0.046623806396
896,4609009,4600018,WV,M,Surface,0,0.356741960207,0.157898485984,7958,7419,20,17,397.9,436.411764706,0.0799137989314
897,4609051,4605086,WV,C,Facility,0,0.0715282240493,-0.00334556729086,40960,37412,70,66,585.142857143,566.848484848,0.0150741838537
898,4609084,4609018,WV,C,Underground,0,0.311761311874,-0.00119205919393,6046,6448,12,13,503.833333333,496,0.00978586657227
899,4609105,4608647,WV,C,Surface,0,0.106019471702,0.042717175591,49256,51485,87,82,566.16091954,627.865853659,0.0709299287401
900,4609135,4606880,WV,C,Facility,0,0.594953876115,-0.00789581678106,9031,15258,20,28,451.55,544.928571429,0.505968389166
901,4609162,4609191,WV,C,Facility,0,0.142415674523,-0.0238336034774,25923,24669,44,42,589.159090909,587.357142857,0.00376723643283
902,4609172,4609663,WV,C,Underground,0,0.613621354499,-0.0194453720852,34651,35699,60,60,577.516666667,594.983333333,0.00608171417024
903,4609217,4609615,WV,C,Underground,0,0.040616985465,-0.0237965180881,35124,34105,62,56,566.516129032,609.017857143,0.0430008153601
904,4609345,4607058,WV,C,Surface,0,0.124777201424,-0.0220844718763,21579,19877,31,28,696.096774194,709.892857143,0.016596884073
905,4609386,4609050,WV,C,Surface,0,0.139075536308,0.0625882050747,4182,5806,8,12,522.75,483.833333333,0.244300122032
906,4609425,4609631,WV,C,Underground,0,0.133224699922,0.0093945683106,23747,29378,42,52,565.404761905,564.961538462,0.0739929621808
907,4609495,4608993,WV,C,Underground,0,0.0731274385496,-0.0130109580913,3717,4951,6,8,619.5,618.875,0.118022072065
908,4609545,4609374,WV,C,Surface,0,0.259162895817,0.0363356057247,4332,4459,6,6,722,743.166666667,0.00571928735866
909,4609563,4609258,WV,C,Underground,0,0.0831534809569,-0.0216056874553,86177,89011,145,149,594.324137931,597.389261745,0.00159310654753
910,4609602,4609427,WV,C,Underground,0,0.104237280003,-0.0390315995063,34813,39002,57,62,610.754385965,629.064516129,0.0208444813383
911,4609612,4607938,WV,C,Surface,0,0.268799143438,-0.0417323492524,7912,9036,15,16,527.466666667,564.75,0.0442714135519
912,4609613,4609609,WV,C,Surface,0,0.0798297831545,0.0322551416913,16104,15107,32,28,503.25,539.535714286,0.0494555247767
913,4609616,4607491,WV,C,Surface,0,0.119204268895,-0.0129662450754,11447,16465,20,26,572.35,633.269230769,0.214525584776
914,4609624,4609577,WV,C,Surface,0,0.169583591614,-0.0502365796408,6044,6123,11,10,549.454545455,612.3,0.0802539118817
915,4609627,4407041,WV,C,Surface,0,0.9913135196,0.0328320445292,1205,1528,3,4,401.666666667,382,0.103013430469
916,4609636,4601564,WV,M,Surface,0,0.241539943767,0.181386222344,12851,11766,24,22,535.458333333,534.818181818,0.0121601866063
917,4609637,4609070,WV,C,Surface,0,0.108364309666,-0.0594087922685,16727,27599,28,42,597.392857143,657.119047619,0.378628908882
918,4609646,4609477,WV,C,Surface,0,0.2815317186,0.0580627021315,4520,4667,8,7,565,666.714285714,0.184097627482
919,4609662,4607852,WV,C,Facility,0,0.566531255906,-0.0544665287779,4951,5541,9,10,550.111111111,554.1,0.0178661724129
920,4609671,4609267,WV,C,Surface,0,0.241655356177,-0.0304527680792,7752,6527,17,14,456,466.214285714,0.0560679642993
921,4700119,4702918,WI,M,Surface,0,0.305018945332,0.180822221657,17086,12339,107,83,159.682242991,148.662650602,0.1654608032
922,4700792,4701964,WI,M,Surface,0,0.366102180678,0.02060844673,7876,9413,18,21,437.555555556,448.238095238,0.0462992878179
923,4700862,4702966,WI,M,Surface,0,0.331048160207,0.205720513867,4067,4597,9,10,451.888888889,459.7,0.0209081174084
924,4700907,4700813,WI,M,Surface,0,0.353813711658,0.0305126248614,4550,4290,13,11,350,390,0.0985842646207
925,4700942,4700868,WI,M,Surface,0,0.332632271541,-0.00532076955142,2311,2369,5,5,462.2,473.8,0.00420864720981
926,4701111,4703536,WI,M,Surface,0,0.259057109738,0.184968981373,2423,1949,7,5,346.142857143,389.8,0.201823478048
927,4701419,4702517,WI,M,Surface,0,0.272172494252,0.0442774913423,10143,9249,28,28,362.25,330.321428571,0.0583185646921
928,4701855,4702957,WI,M,Surface,0,0.595338130304,0.0168798880803,6022,8593,15,22,401.466666667,390.590909091,0.220884695243
929,4702511,4701858,WI,M,Surface,0,0.669367988794,0.229078286834,766,672,6,5,127.666666667,134.4,0.051557562713
930,4702547,4703690,WI,M,Surface,0,0.259794418345,0.207975329841,1049,1116,3,3,349.666666667,372,0.0262544637271
931,4702796,4702820,WI,M,Surface,0,1.00718689285,0.0749548018857,805,1349,4,7,201.25,192.714285714,0.410240136369
932,4702803,4702982,WI,M,Surface,0,0.623188591953,0.20998494834,1369,1460,4,4,342.25,365,0.0283678745128
933,4702854,4703448,WI,M,Surface,0,0.536563583611,0.0420762683186,1749,2964,5,7,349.8,423.428571429,0.493631060511
934,4702857,4701184,WI,M,Surface,0,0.338886190973,-0.0134433285235,9413,11645,21,22,448.238095238,529.318181818,0.203073336297
935,4702917,4703445,WI,M,Surface,0,0.60998732287,0.165298731407,2132,1886,5,4,426.4,471.5,0.1058756386
936,4702974,4700788,WI,M,Surface,0,0.28997696732,0.158818259536,1741,1313,4,3,435.25,437.666666667,0.103032320231
937,4703012,4703772,WI,M,Surface,0,0.336948313755,0.180425821629,2000,2200,4,4,500,550,0.0622226045829
938,4703135,4700954,WI,M,Surface,0,0.330356009604,0.180149365844,4592,5684,14,21,328,270.666666667,0.405800196439
939,4703138,4703512,WI,M,Surface,0,0.376821460288,0.110160691837,7012,5736,17,12,412.470588235,478,0.267586580375
940,4703156,4703622,WI,M,Surface,0,0.427079159511,0.190312010814,1907,3324,5,8,381.4,415.5,0.415500742672
941,4703167,4701255,WI,M,Surface,0,0.319458039155,0.231878423284,1719,1459,4,3,429.75,486.333333333,0.162471533175
942,4703297,4703262,WI,M,Surface,0,0.637846685408,0.229031693939,1803,2540,4,5,450.75,508,0.199820845077
943,4703364,4700279,WI,M,Surface,0,0.24219564864,-0.0202666847975,1934,1595,4,3,483.5,531.666666667,0.130429445274
944,4703530,4702856,WI,M,Surface,0,0.252955925695,0.234326848364,2029,2964,4,5,507.25,592.8,0.279042226368
945,4703664,4703139,WI,M,Surface,0,0.243712328493,0.206741804961,15022,13912,34,29,441.823529412,479.724137931,0.0696651582723
946,4703742,4703717,WI,M,Surface,0,0.253911486203,0.061779818834,17903,24749,44,59,406.886363636,419.474576271,0.158530658687
947,4703860,4703235,WI,M,Surface,0,0.279180871508,0.14135886501,3603,3591,5,5,720.6,718.2,7.62375239309e-05
948,4800017,4801791,WY,M,Surface,0,0.360543420717,0.115831815525,1419,1710,4,4,354.75,427.5,0.238343936915
949,4800243,4800617,WY,M,Facility,0,0.114498316069,-0.0124494962593,11236,13380,20,23,561.8,581.739130435,0.0456974102595
950,4800274,4801459,WY,M,Surface,0,0.99606043182,-0.0147248154254,1409,992,7,5,201.285714286,198.4,0.166102402117
951,4800987,4801513,WY,M,Facility,0,0.2076768341,0.00443358880058,6116,8777,11,16,556,548.5625,0.209634678616
952,4801141,4801864,WY,M,Surface,0,0.607023399693,0.0885358551129,4136,4831,7,8,590.857142857,603.875,0.0328974307
953,4801295,4800154,WY,M,Underground,0,0.159939186956,-0.0158341494039,206944,212038,463,444,446.963282937,477.563063063,0.0292710100595
954,4801405,4800611,WY,M,Facility,0,0.0866586718808,0.0016787489635,25259,19641,52,42,485.75,467.642857143,0.0948862382321
955,4801516,4801474,WY,M,Surface,0,0.334513372136,0.103405454996,1752,3031,4,6,438,505.166666667,0.439145634724
956,4801846,4800974,WY,M,Surface,0,0.552324850294,-0.0200113605132,5373,6612,10,14,537.3,472.285714286,0.228063348973
957,4801891,4801019,WY,M,Surface,0,0.32032399861,0.035756120602,10919,8763,17,16,642.294117647,547.6875,0.192490472738
958,5100045,5100195,HI,M,Surface,0,0.326199703233,0.0828243506354,2572,2872,6,6,428.666666667,478.666666667,0.0833729983608
959,5100165,5100224,HI,M,Surface,0,0.247799895226,0.127949721868,4304,4469,11,11,391.272727273,406.272727273,0.00969448234114
960,5400001,5400120,PR,M,Facility,0,0.104862985529,0.0162552138039,37528,24131,78,49,481.128205128,492.469387755,0.3430351008
961,5400110,5400449,PR,M,Surface,0,0.271143555567,0.202222138774,5426,5738,12,13,452.166666667,441.384615385,0.0111929956842
962,5400260,5400460,PR,M,Surface,0,0.257275913791,0.126043037423,8973,7100,21,17,427.285714286,417.647058824,0.080078976792
963,5400428,5400507,PR,M,Surface,0,0.244378370724,0.0367931808574,12008,16740,30,37,400.266666667,452.432432432,0.207821059972
964,5400508,5400503,PR,M,Surface,0,0.250918231762,0.0168071183164,3366,3776,7,8,480.857142857,472,0.0248424693928
