low_fha,high_fha,state,soa,low_score,high_score,distance_sq
00011189,00011196,"DC","207/ 223(F) PUR/ REFIN HSG.",79.0,97.0,10.0426949766
00011213,00011247,"DC","207/ 223(F) PUR/ REFIN HSG.",84.0,97.0,1.85059641217
00011251,00011220,"MD","207/ 223(F) PUR/ REFIN HSG.",68.0,99.0,0.395371675108
00011256,00011298,"DC","207/ 223(F) PUR/ REFIN HSG.",85.0,99.0,0.826186145841
00011260,05211241,"MD","207/ 223(F) PUR/ REFIN HSG.",80.0,98.0,0.181962075404
00011286,00011272,"DC","207/ 223(F) PUR/ REFIN HSG.",63.0,99.0,1.5236285527
00011296,00011257,"DC","207/ 223(F) PUR/ REFIN HSG.",72.0,100.0,9.38586605232
00011309,05111418,"VA","207/ 223(F) PUR/ REFIN HSG.",81.0,97.0,0.310177120315
00011313,00011325,"MD","207/ 223(F) PUR/ REFIN HSG.",85.0,97.0,0.640613760906
00011315,05111491,"VA","207/ 223(F) PUR/ REFIN HSG.",84.0,97.0,0.226203148674
00011319,05211284,"MD","207/ 223(F) PUR/ REFIN HSG.",83.0,99.0,0.096890141215
00011323,05211293,"MD","223(A)(7) REFI OF 223(F) APTS",84.0,98.0,0.399858928665
00011334,00011279,"DC","207/ 223(F) PUR/ REFIN HSG.",80.0,98.0,0.677608586822
00035507,00035436,"DC","223(a)(7)/221(d)(4) MKT  Refi/ Moderate",85.0,99.0,10.744198985
00035515,00035522,"MD","223(a)(7)/221(d)(4) MKT  Refi/ Moderate",59.0,97.0,0.0545935350974
00035543,05235888,"MD","223(a)(7)/221(d)(4) MKT  Refi/ Moderate",59.0,99.0,0.93789761832
00035580,05235874,"MD","223(a)(7)/221(d)(4) MKT  Refi/ Moderate",81.0,97.0,1.16032296432
00035583,05235805,"MD","223(a)(7)/221(d)(4) MKT  Refi/ Moderate",83.0,100.0,0.35785568485
00098008,00098007,"MD","542(c) HFA Risk Sharing-Existing",80.0,99.0,0.55975950393
00098044,00098043,"MD","542(C) HFA RISK SHARING-RECENT COMP",69.0,98.0,1.37914193515
00098054,05298012,"MD","542(C) HFA RISK SHARING-RECENT COMP",83.0,98.0,0.0568340566855
00098068,00098049,"MD","542(C) HFA RISK SHARING-RECENT COMP",86.0,99.0,0.822671325895
01211274,01411148,"NY","207/ 223(F) PUR/ REFIN HSG.",77.0,99.0,0.439140025004
01211276,01411161,"NY","207/ 223(F) PUR/ REFIN HSG.",86.0,98.0,1.56981250699
01211332,01411237,"NY","207/ 223(F) PUR/ REFIN HSG.",85.0,98.0,0.570801057305
01211344,01411238,"NY","207/ 223(F) PUR/ REFIN HSG.",74.0,97.0,0.13288409897
01211368,01211331,"NY","207/ 223(F) PUR/ REFIN HSG.",76.0,97.0,0.992414033337
01211373,01411247,"NY","207/ 223(F) PUR/ REFIN HSG.",86.0,100.0,0.211492056594
01211378,01411189,"NY","207/ 223(F) PUR/ REFIN HSG.",25.0,98.0,4.33273845152
01211394,01411258,"NY","207/ 223(F) PUR/ REFIN HSG.",77.0,97.0,0.614941218936
01211400,01211402,"NY","207/ 223(F) PUR/ REFIN HSG.",87.0,97.0,1.13561881967
01211432,01211440,"NY","207/ 223(F) PUR/ REFIN HSG.",82.0,99.0,0.112386800033
01211442,01211471,"NY","207/ 223(F) PUR/ REFIN HSG.",80.0,98.0,0.644486362056
01211482,01211540,"NY","207/ 223(F) PUR/ REFIN HSG.",86.0,97.0,0.150345558274
01211483,01411302,"NY","207/ 223(F) PUR/ REFIN HSG.",83.0,98.0,0.540077767702
01211488,01211529,"NY","207/ 223(F) PUR/ REFIN HSG.",87.0,97.0,0.0966303843976
01211489,01211531,"NY","207/ 223(F) PUR/ REFIN HSG.",82.0,98.0,1.0028443769
01211503,01211487,"NY","207/ 223(F) PUR/ REFIN HSG.",47.0,98.0,0.902482969643
01211511,01211501,"NY","207/ 223(F) PUR/ REFIN HSG.",83.0,98.0,0.0627736734427
01211528,01411282,"NY","207/ 223(F) PUR/ REFIN HSG.",37.0,99.0,1.29525980501
01211534,01211559,"NY","207/ 223(F) PUR/ REFIN HSG.",83.0,99.0,0.62282152098
01211542,01211485,"NY","207/ 223(F) PUR/ REFIN HSG.",80.0,98.0,0.395188907385
01211551,01211375,"NY","207/ 223(F) PUR/ REFIN HSG.",80.0,100.0,0.812462253469
01211558,01211581,"NY","207/ 223(F) PUR/ REFIN HSG.",59.0,97.0,1.12067808696
01211570,01211617,"NY","207/ 223(F) PUR/ REFIN HSG.",34.0,99.0,0.489281350862
01211576,01211625,"NY","207/ 223(F) PUR/ REFIN HSG.",70.0,97.0,0.73099668059
01211577,01211572,"NY","207/ 223(F) PUR/ REFIN HSG.",82.0,98.0,4.81873308537
01211580,01411370,"NY","207/ 223(F) PUR/ REFIN HSG.",68.0,100.0,5.54896736095
01211582,01411333,"NY","207/ 223(F) PUR/ REFIN HSG.",76.0,98.0,1.7402383023
01211583,01411332,"NY","207/ 223(F) PUR/ REFIN HSG.",78.0,99.0,3.00502954158
01211599,01211417,"NY","207/ 223(F) PUR/ REFIN HSG.",79.0,99.0,6.61666586664
01211601,01411280,"NY","207/ 223(F) PUR/ REFIN HSG.",86.0,99.0,6.11391174862
01211611,01211292,"NY","207/ 223(F) PUR/ REFIN HSG.",79.0,98.0,6.35604426323
01211616,01211458,"NY","207/ 223(F) PUR/ REFIN HSG.",82.0,99.0,6.65436826443
01211630,01411277,"NY","207/ 223(F) PUR/ REFIN HSG.",81.0,99.0,7.07868916646
01211641,01211526,"NY","207/ 223(F) PUR/ REFIN HSG.",87.0,97.0,6.92081140104
01298024,01298057,"NY","542(C) HFA RISK SHG---FFB EXISTING",35.0,98.0,13.2699900948
01298074,01298021,"NY","542(C) HFA RISK SHARING-RECENT COMP",82.0,97.0,0.555542049715
01298094,01298097,"NY","542(C) HFA RISK SHARING-RECENT COMP",73.0,98.0,0.836340886829
01411166,01411178,"NY","207/ 223(F) PUR/ REFIN HSG.",85.0,99.0,0.276339497047
01411169,01411192,"NY","207/ 223(F) PUR/ REFIN HSG.",85.0,97.0,0.130936052637
01411194,01411191,"NY","207/ 223(F) PUR/ REFIN HSG.",87.0,97.0,0.0339937139039
01411213,01411210,"NY","207/ 223(F) PUR/ REFIN HSG.",85.0,98.0,5.72592718553e-05
01411224,01411241,"NY","207/ 223(F) PUR/ REFIN HSG.",87.0,97.0,0.506178601238
01411230,01211527,"NY","223(A)(7) REFI OF 223(F) APTS",82.0,99.0,6.01397861196
01411248,01411249,"NY","207/ 223(F) PUR/ REFIN HSG.",85.0,99.0,0.0521039966195
01411251,01411176,"NY","207/ 223(F) PUR/ REFIN HSG.",86.0,99.0,1.00375039137
01411260,01211492,"NY","207/ 223(F) PUR/ REFIN HSG.",84.0,98.0,1.90751535859
01411264,01211472,"NY","207/ 223(F) PUR/ REFIN HSG.",80.0,100.0,1.12485881645
01411265,07111364,"NY","207/ 223(F) PUR/ REFIN HSG.",85.0,97.0,0.99292479281
01411271,01211291,"NY","207/ 223(F) PUR/ REFIN HSG.",73.0,97.0,4.30152425009
01411272,01411164,"NY","207/ 223(F) PUR/ REFIN HSG.",85.0,99.0,4.7206726893
01411279,01411308,"NY","207/ 223(F) PUR/ REFIN HSG.",85.0,99.0,1.88140114578
01411288,01411286,"NY","207/ 223(F) PUR/ REFIN HSG.",73.0,100.0,4.51787155844
01411289,01411151,"NY","207/ 223(F) PUR/ REFIN HSG.",84.0,97.0,7.11715014874
01411291,01411160,"NY","207/ 223(F) PUR/ REFIN HSG.",83.0,98.0,6.86627956776
01411294,01411157,"NY","207/ 223(F) PUR/ REFIN HSG.",85.0,99.0,10.7301107092
01411296,01411177,"NY","207/ 223(F) PUR/ REFIN HSG.",75.0,100.0,12.6604379631
01411311,01411220,"NY","207/ 223(F) PUR/ REFIN HSG.",86.0,98.0,7.00190620902
01411313,01411321,"NY","223(A)(7) REFI OF 223(F) APTS",82.0,97.0,0.871327940346
01411316,01411190,"NY","207/ 223(F) PUR/ REFIN HSG.",85.0,99.0,4.78238786978
01411317,01411158,"NY","207/ 223(F) PUR/ REFIN HSG.",70.0,98.0,6.62216428972
01411322,01211484,"NY","223(A)(7) REFI OF 223(F) APTS",81.0,97.0,0.164728535273
01411330,01411299,"NY","223(A)(7) REFI OF 223(F) APTS",82.0,98.0,5.43638567104
01435146,01435202,"NY","223(a)(7)/221(d)(4) MKT  Refi/ Moderate",76.0,99.0,4.82246247667
01435188,01435203,"NY","223(a)(7)/221(d)(4) MKT  Refi/ Moderate",84.0,98.0,4.00615879322
01435201,01435199,"NY","223(a)(7)/221(d)(4) MKT  Refi/ Moderate",82.0,99.0,1.08609103558
01497261,01297272,"NY","542(b) QPE Risk Sharing-Recent Comp",83.0,97.0,5.62454930941
01611042,01611034,"RI","207/ 223(F) PUR/ REFIN HSG.",86.0,99.0,0.771671348437
01611070,01611049,"RI","207/ 223(F) PUR/ REFIN HSG.",86.0,99.0,1.66950054209
01611077,01611067,"RI","207/ 223(F) PUR/ REFIN HSG.",59.0,99.0,2.35587212561
01611088,01611090,"RI","207/ 223(F) PUR/ REFIN HSG.",84.0,97.0,1.2106412163
01635098,01635126,"RI","223(a)(7)/221(d)(4) MKT  Refi/ Moderate",84.0,98.0,19.7393361637
01698046,01698013,"RI","542(c) HFA Risk Sharing-Existing",87.0,99.0,5.72646733676
01698082,01698037,"RI","542(C) HFA RISK SHARING-RECENT COMP",44.0,97.0,0.442261391488
01698096,01698116,"RI","542(C) HFA RISK SHARING-RECENT COMP",87.0,98.0,1.91647733047
01698107,01698109,"RI","542(C) HFA RISK SHARING-RECENT COMP",71.0,97.0,9.02550278771
01698112,01698121,"RI","542(c) HFA Risk Sharing-Existing",86.0,99.0,0.988910892239
01711088,01711131,"CT","207/ 223(F) PUR/ REFIN HSG.",87.0,97.0,0.911349433772
01711093,01711085,"CT","207/ 223(F) PUR/ REFIN HSG.",82.0,99.0,1.67745463835
01711148,01711137,"CT","207/ 223(F) PUR/ REFIN HSG.",72.0,98.0,9.90552110665
01711164,01711225,"CT","223(A)(7) REFI OF 223(F) APTS",81.0,100.0,3.46724668599
01711211,01711203,"CT","207/ 223(F) PUR/ REFIN HSG.",83.0,97.0,2.45332609898
01711233,01711218,"CT","207/ 223(F) PUR/ REFIN HSG.",80.0,98.0,0.169385395363
01711257,01711279,"CT","207/ 223(F) PUR/ REFIN HSG.",84.0,97.0,1.67786477659
01711262,01711209,"CT","207/ 223(F) PUR/ REFIN HSG.",87.0,97.0,0.808825693011
01711265,01711207,"CT","207/ 223(F) PUR/ REFIN HSG.",86.0,97.0,0.962399920771
01711289,01711199,"CT","207/ 223(F) PUR/ REFIN HSG.",29.0,98.0,2.82618566196
01798004,01798010,"CT","542(C) HFA RISK SHARING-RECENT COMP",80.0,98.0,39.7415108125
02211003,02211009,"ME","207/ 223(F) PUR/ REFIN HSG.",83.0,98.0,0.506564202513
02211006,02211007,"ME","207/ 223(F) PUR/ REFIN HSG.",86.0,98.0,0.058258046929
02311159,02311248,"MA","207/ 223(F) PUR/ REFIN HSG.",85.0,98.0,1.26535991917
02311172,02311160,"MA","207/ 223(F) PUR/ REFIN HSG.",87.0,99.0,0.218660662052
02311282,02311250,"MA","223(A)(7) REFI OF 223(F) APTS",85.0,99.0,0.774842192069
02311318,02311333,"MA","207/ 223(F) PUR/ REFIN HSG.",80.0,98.0,0.0606756744065
02311344,02311385,"MA","207/ 223(F) PUR/ REFIN HSG.",80.0,100.0,0.17808366974
02311352,02311465,"MA","207/ 223(F) PUR/ REFIN HSG.",83.0,97.0,0.518928599279
02311388,02311369,"MA","207/ 223(F) PUR/ REFIN HSG.",82.0,98.0,0.466664297498
02311398,02311554,"MA","223(A)(7) REFI OF 223(F) APTS",87.0,99.0,0.931436356292
02311437,02311464,"MA","207/ 223(F) PUR/ REFIN HSG.",85.0,99.0,0.111537602475
02311442,02311404,"MA","207/ 223(F) PUR/ REFIN HSG.",82.0,98.0,0.116960972237
02311473,02311472,"MA","207/ 223(F) PUR/ REFIN HSG.",84.0,97.0,0.825564684565
02311491,02311495,"MA","207/ 223(F) PUR/ REFIN HSG.",87.0,98.0,0.044296858989
02311510,02311420,"MA","207/ 223(F) PUR/ REFIN HSG.",85.0,99.0,0.543842529219
02311526,02311503,"MA","207/ 223(F) PUR/ REFIN HSG.",86.0,99.0,0.213277379266
02311537,02311535,"MA","207/ 223(F) PUR/ REFIN HSG.",79.0,100.0,0.259898325404
02311572,02311685,"MA","207/ 223(F) PUR/ REFIN HSG.",83.0,98.0,0.031414893144
02311585,02311620,"MA","223(A)(7) REFI OF 223(F) APTS",83.0,98.0,0.02169125137
02311600,02311551,"MA","207/ 223(F) PUR/ REFIN HSG.",87.0,98.0,0.0674602191951
02311614,02311636,"MA","223(A)(7) REFI OF 223(F) APTS",80.0,98.0,0.183267822049
02311616,02311613,"MA","223(A)(7) REFI OF 223(F) APTS",86.0,99.0,0.0137411197875
02311637,02311556,"MA","207/ 223(F) PUR/ REFIN HSG.",82.0,99.0,0.223969895814
02311642,02311553,"MA","207/ 223(F) PUR/ REFIN HSG.",84.0,99.0,0.166292294897
02311650,02311644,"MA","207/ 223(F) PUR/ REFIN HSG.",77.0,99.0,12.6958430115
02311656,02311618,"MA","207/ 223(F) PUR/ REFIN HSG.",80.0,97.0,0.00113726325594
02311668,02311611,"MA","223(A)(7) REFI OF 223(F) APTS",79.0,99.0,0.365357031905
02311686,02311538,"MA","207/ 223(F) PUR/ REFIN HSG.",81.0,98.0,0.305895937726
02311704,02311690,"MA","207/ 223(F) PUR/ REFIN HSG.",79.0,97.0,0.12155092887
02311708,02311734,"MA","207/ 223(F) PUR/ REFIN HSG.",83.0,97.0,0.299691518879
02311732,02311683,"MA","207/ 223(F) PUR/ REFIN HSG.",87.0,98.0,0.31544477625
02311737,02311780,"MA","207/ 223(F) PUR/ REFIN HSG.",84.0,98.0,1.72338747332
02398013,02398147,"MA","542(C) HFA RISK SHARING-RECENT COMP",79.0,99.0,2.90576247802
02398034,02398118,"MA","542(c) HFA Risk Sharing-Existing",85.0,99.0,13.1532743882
02398065,02398130,"MA","542(C) HFA RISK SHARING-RECENT COMP",80.0,98.0,2.62139681486
02398070,02398185,"MA","542(C) HFA RISK SHARING-RECENT COMP",86.0,99.0,1.73599581918
02398090,02398193,"MA","542(C) HFA RISK SHARING-RECENT COMP",80.0,99.0,1.43749166851
02398144,02398152,"MA","542(C) HFA RISK SHARING-RECENT COMP",81.0,98.0,0.331850524182
02398165,02398187,"MA","542(C) HFA RISK SHARING-RECENT COMP",82.0,97.0,2.36121661828
02398180,02398213,"MA","542(C) HFA RISK SHARING-RECENT COMP",87.0,97.0,0.434521525886
02398191,02398047,"MA","542(C) HFA RISK SHARING-RECENT COMP",70.0,100.0,3.79684648326
02398206,02398258,"MA","542(C) HFA RISK SHARING-RECENT COMP",81.0,98.0,3.67619179179
02398207,02398255,"MA","542(c) HFA Risk Sharing-Existing",84.0,99.0,0.128839280907
02398215,02398190,"MA","542(C) HFA RISK SHARING-RECENT COMP",75.0,98.0,0.372605883598
02398230,02398260,"MA","542(c) HFA Risk Sharing-Existing",83.0,98.0,0.210838582558
02398238,02398235,"MA","542(c) HFA Risk Sharing-Existing",86.0,99.0,0.461914639426
02398241,02398305,"MA","542(C) HFA RISK SHARING-RECENT COMP",87.0,98.0,5.45779595242
02398266,02398226,"MA","542(C) HFA RISK SHARING-RECENT COMP",86.0,98.0,1.00829958078
02398267,02398262,"MA","542(c) HFA Risk Sharing-Existing",86.0,99.0,2.22401441102
02398282,02398346,"MA","542(C) HFA RISK SHARING-RECENT COMP",82.0,98.0,0.269173200926
02398296,02398270,"MA","542(C) HFA RISK SHG---FFB EXISTING",86.0,99.0,0.205112150817
02398317,02398275,"MA","542(C) HFA RISK SHARING-RECENT COMP",87.0,97.0,0.43618990965
02398321,02398409,"MA","542(C) HFA RISK SHARING-RECENT COMP",87.0,97.0,0.51808767444
02398323,02398249,"MA","542(C) HFA RISK SHARING-RECENT COMP",80.0,97.0,0.5722904398
02398326,02398299,"MA","542(C) HFA RISK SHG---FFB EXISTING",86.0,97.0,0.134218568971
02398331,02398309,"MA","542(C) HFA RISK SHG---FFB EXISTING",87.0,98.0,0.0714151005886
02398340,02398420,"MA","542(C) HFA RISK SHARING-RECENT COMP",86.0,99.0,0.866525738877
02398349,02398358,"MA","542(C) HFA RISK SHG -- FFB NC/SR",85.0,98.0,1.25986313802
02398350,02398354,"MA","542(C) HFA RISK SHG---FFB EXISTING",85.0,98.0,0.637616343174
02398356,02398375,"MA","542(C) HFA RISK SHG -- FFB NC/SR",84.0,99.0,0.959066320808
02398362,02398332,"MA","542(C) HFA RISK SHG---FFB EXISTING",76.0,100.0,1.1281307621
02398368,02398422,"MA","542(C) HFA RISK SHARING-RECENT COMP",72.0,97.0,0.64109214283
02398378,02398399,"MA","542(C) HFA RISK SHARING-RECENT COMP",84.0,98.0,0.642481571326
02398379,02398380,"MA","542(C) HFA RISK SHARING-RECENT COMP",86.0,97.0,0.686459304098
02398385,02398293,"MA","542(C) HFA RISK SHG---FFB EXISTING",80.0,98.0,0.842111811864
02398386,02398400,"MA","542(C) HFA RISK SHG -- FFB NC/SR",37.0,99.0,0.201262942319
02398394,02398303,"MA","542(C) HFA RISK SHG---FFB EXISTING",84.0,98.0,0.856624208274
02398407,02398338,"MA","542(C) HFA RISK SHG -- FFB NC/SR",86.0,97.0,0.958104533631
02398417,02398414,"MA","542(C) HFA RISK SHARING-RECENT COMP",82.0,99.0,0.747599586545
02398418,02398427,"MA","542(C) HFA RISK SHARING-RECENT COMP",84.0,98.0,0.189821504503
02398419,02398363,"MA","542(C) HFA RISK SHARING-RECENT COMP",84.0,98.0,0.56626371092
02398431,02398435,"MA","542(c) HFA Risk Sharing-Existing",81.0,97.0,1.13373675423
02398455,02398465,"MA","542(C) HFA RISK SHARING-RECENT COMP",82.0,100.0,0.200533417732
02411057,02411035,"ME","207/ 223(F) PUR/ REFIN HSG.",78.0,99.0,1.31809408606
02411081,02411082,"NH","207/ 223(F) PUR/ REFIN HSG.",84.0,100.0,0.277955815303
02498054,02498053,"NH","542(C) HFA RISK SHARING-RECENT COMP",85.0,99.0,0.0388659094156
02498063,02498073,"NH","542(C) HFA RISK SHARING-RECENT COMP",84.0,99.0,0.259021711313
02498065,02498070,"NH","542(C) HFA RISK SHARING-RECENT COMP",85.0,100.0,0.550885044105
02498084,02498095,"NH","542(C) HFA RISK SHG---FFB EXISTING",82.0,98.0,0.167694653666
02498086,02498094,"NH","542(C) HFA RISK SHG---FFB EXISTING",78.0,99.0,1.83784255046
02498098,02498087,"NH","542(C) HFA RISK SHARING-RECENT COMP",86.0,99.0,0.622376218096
02698005,02698014,"VT","542(C) HFA RISK SHG -- FFB NC/SR",87.0,98.0,2.36115412753
03111071,03111077,"NJ","207/ 223(F) PUR/ REFIN HSG.",87.0,99.0,0.252503453155
03111108,03511041,"NJ","207/ 223(F) PUR/ REFIN HSG.",84.0,99.0,1.40412145888
03111120,03111130,"NJ","207/ 223(F) PUR/ REFIN HSG.",84.0,97.0,1.21856680155
03111124,03111078,"NJ","207/ 223(F) PUR/ REFIN HSG.",85.0,98.0,4.11641800881
03111135,03111131,"NJ","223(A)(7) REFI OF 223(F) APTS",83.0,97.0,1.3184243109
03111147,03111166,"NJ","207/ 223(F) PUR/ REFIN HSG.",87.0,97.0,4.21398980066
03111148,03511069,"NJ","207/ 223(F) PUR/ REFIN HSG.",47.0,97.0,3.936189097
03111149,03111179,"NJ","207/ 223(F) PUR/ REFIN HSG.",77.0,97.0,2.38903662792
03111175,03111150,"NJ","207/ 223(F) PUR/ REFIN HSG.",84.0,98.0,2.95396756669
03111183,03511045,"NJ","207/ 223(F) PUR/ REFIN HSG.",74.0,97.0,3.61399700068
03111184,03111200,"NJ","207/ 223(F) PUR/ REFIN HSG.",82.0,97.0,0.982092965828
03135303,03535099,"NJ","223(a)(7)/221(d)(4) MKT  Refi/ Moderate",69.0,98.0,0.446569124721
03135332,03535107,"NJ","221(D)(4) MKT. RATE MOD INC/ DISP FAMS",78.0,98.0,1.23101638235
03211054,03211055,"DE","207/ 223(F) PUR/ REFIN HSG.",81.0,97.0,0.924431397876
03311042,03311082,"PA","207/ 223(F) PUR/ REFIN HSG.",81.0,100.0,0.226704980557
03311076,03311058,"PA","207/ 223(F) PUR/ REFIN HSG.",87.0,100.0,0.0337205313943
03311080,03311109,"PA","207/ 223(F) PUR/ REFIN HSG.",59.0,98.0,0.562392276318
03311093,03311059,"PA","207/ 223(F) PUR/ REFIN HSG.",87.0,97.0,0.832211775896
03311120,03411139,"PA","207/ 223(F) PUR/ REFIN HSG.",86.0,99.0,0.213012684626
03311124,03311130,"PA","207/ 223(F) PUR/ REFIN HSG.",78.0,99.0,0.652580025448
03311153,03311112,"PA","207/ 223(F) PUR/ REFIN HSG.",78.0,99.0,2.41787849813
03311177,03311178,"PA","207/ 223(F) PUR/ REFIN HSG.",87.0,98.0,0.409492253359
03311210,03311209,"PA","207/ 223(F) PUR/ REFIN HSG.",87.0,100.0,0.110430929959
03335262,03335269,"PA","223(a)(7)/221(d)(4) MKT  Refi/ Moderate",80.0,97.0,3.60135489763
03335263,03335239,"PA","223(a)(7)/221(d)(4) MKT  Refi/ Moderate",82.0,97.0,1.27513565017
03335270,03435315,"PA","221(D)(4) MKT. RATE MOD INC/ DISP FAMS",84.0,97.0,2.44884949517
03335299,03332013,"PA","223(a)(7)/221(d)(4) MKT  Refi/ Moderate",85.0,98.0,4.45566467153
03411121,03311068,"PA","207/ 223(F) PUR/ REFIN HSG.",84.0,99.0,0.637898930544
03411133,03311116,"PA","207/ 223(F) PUR/ REFIN HSG.",87.0,98.0,0.420869243078
03411136,03411196,"PA","207/ 223(F) PUR/ REFIN HSG.",84.0,97.0,1.21738961036
03411152,03411202,"PA","207/ 223(F) PUR/ REFIN HSG.",86.0,100.0,0.60965703478
03411163,03411200,"PA","207/ 223(F) PUR/ REFIN HSG.",78.0,98.0,1.07969390746
03411175,03411168,"PA","207/ 223(F) PUR/ REFIN HSG.",80.0,98.0,1.07235526197
03411198,03311150,"PA","207/ 223(F) PUR/ REFIN HSG.",85.0,100.0,0.243784987159
03411203,03411214,"PA","207/ 223(F) PUR/ REFIN HSG.",70.0,99.0,0.578889065907
03411216,03411207,"PA","207/ 223(F) PUR/ REFIN HSG.",82.0,97.0,0.574161953466
03411231,03311148,"PA","207/ 223(F) PUR/ REFIN HSG.",82.0,97.0,0.241027033648
03411251,03411250,"PA","223(A)(7) REFI OF 223(F) APTS",82.0,98.0,0.210600851305
03411252,03311138,"PA","223(A)(7) REFI OF 223(F) APTS",84.0,100.0,2.29755765647
03411254,03311164,"PA","207/ 223(F) PUR/ REFIN HSG.",75.0,97.0,1.63264940438
03411257,03311167,"PA","207/ 223(F) PUR/ REFIN HSG.",84.0,97.0,1.47337951149
03411261,03411233,"PA","223(A)(7) REFI OF 223(F) APTS",80.0,98.0,4.26501186428
03411275,03311163,"PA","207/ 223(F) PUR/ REFIN HSG.",59.0,99.0,1.02724996713
03411285,03411325,"PA","207/ 223(F) PUR/ REFIN HSG.",83.0,98.0,0.301246627791
03411287,03311162,"PA","207/ 223(F) PUR/ REFIN HSG.",83.0,97.0,0.371812583553
03411288,03311195,"PA","207/ 223(F) PUR/ REFIN HSG.",85.0,97.0,0.264826761277
03411323,03411322,"PA","207/ 223(F) PUR/ REFIN HSG.",83.0,98.0,0.0211918765707
03435310,03435314,"PA","221(D)(4) MKT. RATE MOD INC/ DISP FAMS",83.0,97.0,0.275079760503
03511036,03111107,"NJ","207/ 223(F) PUR/ REFIN HSG.",80.0,98.0,7.86110923623
03511055,03111155,"NJ","207/ 223(F) PUR/ REFIN HSG.",85.0,98.0,0.570823419995
03511062,03111117,"NJ","207/ 223(F) PUR/ REFIN HSG.",83.0,98.0,0.637866222421
03511066,03111128,"NJ","207/ 223(F) PUR/ REFIN HSG.",80.0,100.0,1.46472260942
03535105,03135326,"NJ","221(D)(4) MKT. RATE MOD INC/ DISP FAMS",73.0,97.0,0.422214634194
03598020,03198034,"NJ","542(C) HFA RISK SHARING-RECENT COMP",80.0,97.0,0.0687708859785
04211084,04211091,"OH","207/ 223(F) PUR/ REFIN HSG.",86.0,97.0,0.100496888603
04211095,04211097,"OH","207/ 223(F) PUR/ REFIN HSG.",70.0,99.0,0.057680629481
04211101,04611077,"OH","207/ 223(F) PUR/ REFIN HSG.",86.0,99.0,3.60642701803
04211110,04311144,"OH","207/ 223(F) PUR/ REFIN HSG.",59.0,99.0,3.55416773362
04211111,04311143,"OH","207/ 223(F) PUR/ REFIN HSG.",55.0,97.0,0.151860119762
04211114,04311145,"OH","207/ 223(F) PUR/ REFIN HSG.",87.0,99.0,2.51535448488
04211124,04211106,"OH","207/ 223(F) PUR/ REFIN HSG.",86.0,100.0,0.222881565064
04211125,04311160,"OH","207/ 223(F) PUR/ REFIN HSG.",55.0,99.0,4.12151081492
04211142,04211135,"OH","207/ 223(F) PUR/ REFIN HSG.",83.0,99.0,0.22518540456
04211172,04211143,"OH","207/ 223(F) PUR/ REFIN HSG.",81.0,98.0,0.233822040908
04211242,04211205,"OH","207/ 223(F) PUR/ REFIN HSG.",80.0,99.0,0.407168782563
04211249,04311206,"OH","207/ 223(F) PUR/ REFIN HSG.",82.0,99.0,1.43865865486
04211250,04611085,"OH","207/ 223(F) PUR/ REFIN HSG.",78.0,97.0,5.07197020531
04211278,04211222,"OH","207/ 223(F) PUR/ REFIN HSG.",87.0,98.0,0.36400451934
04211324,04211310,"OH","207/ 223(F) PUR/ REFIN HSG.",70.0,99.0,1.43834528508
04211330,04211319,"OH","207/ 223(F) PUR/ REFIN HSG.",83.0,100.0,1.06707867765
04211342,04211347,"OH","207/ 223(F) PUR/ REFIN HSG.",86.0,97.0,0.0208933154401
04211350,04311258,"OH","207/ 223(F) PUR/ REFIN HSG.",78.0,99.0,2.87476094537
04211353,04311161,"OH","207/ 223(F) PUR/ REFIN HSG.",86.0,99.0,6.16027500712
04211354,04211429,"OH","207/ 223(F) PUR/ REFIN HSG.",85.0,100.0,0.37447998674
04211356,04211430,"OH","207/ 223(F) PUR/ REFIN HSG.",84.0,99.0,0.396893825559
04211359,04311235,"OH","207/ 223(F) PUR/ REFIN HSG.",75.0,97.0,1.1176760681
04211371,04211394,"OH","223(A)(7) REFI OF 223(F) APTS",80.0,98.0,0.513684881981
04211373,04311204,"OH","207/ 223(F) PUR/ REFIN HSG.",78.0,98.0,2.79574554119
04211376,04611137,"OH","207/ 223(F) PUR/ REFIN HSG.",82.0,99.0,16.7519923346
04211382,04311194,"OH","207/ 223(F) PUR/ REFIN HSG.",81.0,98.0,3.85293099674
04211386,04211385,"OH","223(A)(7) REFI OF 223(F) APTS",86.0,97.0,1.4038546043
04211393,04211291,"OH","207/ 223(F) PUR/ REFIN HSG.",86.0,100.0,0.948511102265
04211395,04611094,"OH","207/ 223(F) PUR/ REFIN HSG.",69.0,97.0,7.05534458434
04211447,04611197,"OH","207/ 223(F) PUR/ REFIN HSG.",87.0,99.0,12.1971744301
04235563,04235568,"OH","223(a)(7)/221(d)(4) MKT  Refi/ Moderate",81.0,98.0,1.26062615311
04235612,04635700,"OH","223(a)(7)/221(d)(4) MKT  Refi/ Moderate",75.0,98.0,2.22956385292
04235615,04235591,"OH","223(a)(7)/221(d)(4) MKT  Refi/ Moderate",87.0,99.0,0.927272623953
04235653,04235641,"OH","223(a)(7)/221(d)(4) MKT  Refi/ Moderate",80.0,97.0,0.386538570687
04235659,04635753,"OH","223(a)(7)/221(d)(4) MKT  Refi/ Moderate",81.0,97.0,2.10055557706
04235662,04635749,"OH","221(D)(4) MKT. RATE MOD INC/ DISP FAMS",85.0,99.0,0.782177497224
04235664,04635735,"OH","223(a)(7)/221(d)(4) MKT  Refi/ Moderate",45.0,98.0,0.86268414644
04235669,04235660,"OH","223(a)(7)/221(d)(4) MKT  Refi/ Moderate",73.0,97.0,0.859104107034
04235711,04335589,"OH","221(D)(4) MKT. RATE MOD INC/ DISP FAMS",84.0,97.0,0.623192768224
04235715,04235714,"OH","221(D)(4) MKT. RATE MOD INC/ DISP FAMS",86.0,98.0,0.787629321487
04235717,04235708,"OH","221(D)(4) MKT. RATE MOD INC/ DISP FAMS",84.0,97.0,0.25580999324
04235721,04235731,"OH","221(D)(4) MKT. RATE MOD INC/ DISP FAMS",83.0,98.0,0.202490797039
04235722,04235729,"OH","221(D)(4) MKT. RATE MOD INC/ DISP FAMS",80.0,97.0,0.582100814454
04235723,04235709,"OH","221(D)(4) MKT. RATE MOD INC/ DISP FAMS",85.0,99.0,0.583331494306
04311125,04211265,"OH","207/ 223(F) PUR/ REFIN HSG.",85.0,99.0,1.0029589128
04311130,04311127,"OH","207/ 223(F) PUR/ REFIN HSG.",86.0,99.0,0.0369924250401
04311133,04311149,"OH","207/ 223(F) PUR/ REFIN HSG.",85.0,97.0,1.42062838053
04311222,04311152,"OH","207/ 223(F) PUR/ REFIN HSG.",57.0,98.0,2.78102497936
04311224,04311150,"OH","207/ 223(F) PUR/ REFIN HSG.",86.0,99.0,2.03782290936
04311230,04211148,"OH","207/ 223(F) PUR/ REFIN HSG.",81.0,98.0,0.337268167114
04311234,04211272,"OH","207/ 223(F) PUR/ REFIN HSG.",59.0,100.0,0.108066442692
04311237,04211262,"OH","207/ 223(F) PUR/ REFIN HSG.",77.0,97.0,0.216366049853
04311240,04211107,"OH","207/ 223(F) PUR/ REFIN HSG.",70.0,100.0,0.67826160929
04311244,04211313,"OH","207/ 223(F) PUR/ REFIN HSG.",59.0,97.0,0.576781579649
04311245,04611203,"OH","207/ 223(F) PUR/ REFIN HSG.",62.0,100.0,10.8120679447
04311247,04211298,"OH","207/ 223(F) PUR/ REFIN HSG.",77.0,98.0,0.597022424052
04311248,04211270,"OH","207/ 223(F) PUR/ REFIN HSG.",87.0,97.0,0.502304357652
04311251,04211326,"OH","223(A)(7) REFI OF 223(F) APTS",84.0,100.0,1.80205691698
04311255,04211300,"OH","207/ 223(F) PUR/ REFIN HSG.",79.0,98.0,0.380561153562
04311259,04611127,"OH","207/ 223(F) PUR/ REFIN HSG.",86.0,98.0,5.5961435064
04311262,04611124,"OH","207/ 223(F) PUR/ REFIN HSG.",84.0,97.0,4.57014356093
04311263,04211335,"OH","207/ 223(F) PUR/ REFIN HSG.",83.0,100.0,1.24497544999
04311269,04311216,"OH","207/ 223(F) PUR/ REFIN HSG.",75.0,100.0,3.11241914448
04311272,04211399,"OH","223(A)(7) REFI OF 223(F) APTS",73.0,99.0,2.12867218141
04311279,04211384,"OH","207/ 223(F) PUR/ REFIN HSG.",81.0,97.0,0.128670859079
04311280,04311292,"OH","207/ 223(F) PUR/ REFIN HSG.",59.0,97.0,1.66629017646
04311282,04611083,"OH","207/ 223(F) PUR/ REFIN HSG.",50.0,98.0,8.15197857007
04311285,04211340,"OH","207/ 223(F) PUR/ REFIN HSG.",83.0,98.0,0.353280341342
04311288,04611156,"OH","207/ 223(F) PUR/ REFIN HSG.",86.0,99.0,3.62214991887
04311289,04311298,"OH","207/ 223(F) PUR/ REFIN HSG.",87.0,99.0,1.1808289422
04311290,04211408,"OH","207/ 223(F) PUR/ REFIN HSG.",82.0,97.0,0.241097135707
04311291,04611187,"OH","207/ 223(F) PUR/ REFIN HSG.",86.0,98.0,0.932028009224
04311294,04211412,"OH","207/ 223(F) PUR/ REFIN HSG.",83.0,97.0,1.16151507583
04311295,04211320,"OH","207/ 223(F) PUR/ REFIN HSG.",78.0,100.0,1.87633264184
04311296,04211406,"OH","207/ 223(F) PUR/ REFIN HSG.",85.0,97.0,0.158358901547
04311322,04211329,"OH","207/ 223(F) PUR/ REFIN HSG.",86.0,99.0,1.12034442046
04335407,04335414,"OH","223(a)(7)/221(d)(4) MKT  Refi/ Moderate",87.0,99.0,1.97394048919
04335463,04235550,"OH","223(a)(7)/221(d)(4) MKT  Refi/ Moderate",77.0,99.0,0.918258394159
04335525,04235606,"OH","223(a)(7)/221(d)(4) MKT  Refi/ Moderate",82.0,97.0,3.04153514691
04335562,04235707,"OH","221(D)(4) MKT. RATE MOD INC/ DISP FAMS",87.0,99.0,0.824985919512
04335570,04235656,"OH","221(D)(4) MKT. RATE MOD INC/ DISP FAMS",82.0,98.0,1.06969553951
04335585,04335529,"OH","223(a)(7)/221(d)(4) MKT  Refi/ Moderate",79.0,99.0,4.18340714779
04335594,04235710,"OH","221(D)(4) MKT. RATE MOD INC/ DISP FAMS",81.0,100.0,0.740911805177
04411129,04711037,"MI","207/ 223(F) PUR/ REFIN HSG.",75.0,98.0,0.108426920333
04411246,04711119,"MI","223(A)(7) REFI OF 223(F) APTS",87.0,99.0,1.22701988796
04411250,04711126,"MI","223(A)(7) REFI OF 223(F) APTS",82.0,98.0,0.868082520277
04411264,04811039,"MI","223(A)(7) REFI OF 223(F) APTS",84.0,98.0,2.89600205402
04411307,04411282,"MI","207/ 223(F) PUR/ REFIN HSG.",87.0,99.0,1.35706963765
04411323,04711143,"MI","223(A)(7) REFI OF 223(F) APTS",84.0,99.0,0.025583173142
04411329,04411370,"MI","207/ 223(F) PUR/ REFIN HSG.",80.0,98.0,0.824140699987
04411330,04411308,"MI","207/ 223(F) PUR/ REFIN HSG.",86.0,98.0,1.21759865358
04411351,04411420,"MI","207/ 223(F) PUR/ REFIN HSG.",69.0,98.0,1.96752739502
04411422,04411424,"MI","207/ 223(F) PUR/ REFIN HSG.",77.0,99.0,0.101651936327
04411425,04411411,"MI","207/ 223(F) PUR/ REFIN HSG.",83.0,98.0,0.167487272503
04411428,04811066,"MI","207/ 223(F) PUR/ REFIN HSG.",73.0,98.0,0.536817544795
04411444,04411466,"MI","207/ 223(F) PUR/ REFIN HSG.",85.0,97.0,0.120652566177
04411445,04711227,"MI","207/ 223(F) PUR/ REFIN HSG.",86.0,98.0,0.558462684593
04411468,04411377,"MI","207/ 223(F) PUR/ REFIN HSG.",59.0,98.0,0.58901076654
04411472,04711280,"MI","207/ 223(F) PUR/ REFIN HSG.",86.0,97.0,0.403914792518
04411480,04411479,"MI","207/ 223(F) PUR/ REFIN HSG.",86.0,97.0,0.0624443650819
04411485,04411521,"MI","207/ 223(F) PUR/ REFIN HSG.",74.0,100.0,1.09861870761
04411489,04411522,"MI","207/ 223(F) PUR/ REFIN HSG.",75.0,99.0,1.08944204559
04411503,04411484,"MI","207/ 223(F) PUR/ REFIN HSG.",85.0,98.0,0.0823942459949
04411519,04711270,"MI","207/ 223(F) PUR/ REFIN HSG.",87.0,100.0,0.464497918325
04411526,04811077,"MI","223(A)(7) REFI OF 223(F) APTS",83.0,98.0,0.396446460456
04411528,04711326,"MI","207/ 223(F) PUR/ REFIN HSG.",85.0,100.0,1.16127211474
04411530,04411499,"MI","223(A)(7) REFI OF 223(F) APTS",81.0,98.0,4.51578561618
04411536,04411552,"MI","207/ 223(F) PUR/ REFIN HSG.",86.0,98.0,1.36074974285
04411541,04711287,"MI","223(A)(7) REFI OF 223(F) APTS",78.0,97.0,0.279837759234
04411542,04411545,"MI","207/ 223(F) PUR/ REFIN HSG.",87.0,99.0,0.278619427038
04411556,04411551,"MI","207/ 223(F) PUR/ REFIN HSG.",81.0,97.0,2.49101565538
04411557,04411553,"MI","207/ 223(F) PUR/ REFIN HSG.",85.0,99.0,1.5149962639
04411568,04711327,"MI","207/ 223(F) PUR/ REFIN HSG.",87.0,98.0,2.16617949613
04411570,04411571,"MI","207/ 223(F) PUR/ REFIN HSG.",87.0,99.0,0.0216897937685
04435590,04835100,"MI","221(D)(4) MKT. RATE MOD INC/ DISP FAMS",86.0,97.0,1.73282407962
04435612,04735266,"MI","221(D)(4) MKT. RATE MOD INC/ DISP FAMS",87.0,100.0,1.20229776098
04435640,04435729,"MI","223(a)(7)/221(d)(4) MKT  Refi/ Moderate",79.0,100.0,4.81786252162
04435642,04435668,"MI","223(a)(7)/221(d)(4) MKT  Refi/ Moderate",84.0,98.0,0.478108954191
04435645,04435727,"MI","223(a)(7)/221(d)(4) MKT  Refi/ Moderate",86.0,97.0,2.41080984179
04435700,04435702,"MI","221(D)(4) MKT. RATE MOD INC/ DISP FAMS",82.0,97.0,0.239845324695
04435718,04435726,"MI","223(a)(7)/221(d)(4) MKT  Refi/ Moderate",87.0,99.0,0.702248979376
04435731,04435721,"MI","223(a)(7)/221(d)(4) MKT  Refi/ Moderate",86.0,98.0,0.478558668641
04511042,04511037,"WV","207/ 223(F) PUR/ REFIN HSG.",82.0,98.0,3.98369403209
04511068,04511055,"WV","207/ 223(F) PUR/ REFIN HSG.",81.0,99.0,1.94511367918
04511069,04511051,"WV","207/ 223(F) PUR/ REFIN HSG.",85.0,98.0,1.64351635159
04511072,04511058,"WV","207/ 223(F) PUR/ REFIN HSG.",78.0,99.0,7.25362427734
04511073,04511030,"WV","207/ 223(F) PUR/ REFIN HSG.",59.0,99.0,9.06931593219
04535202,04535238,"WV","223(a)(7)/221(d)(4) MKT  Refi/ Moderate",81.0,97.0,0.492720505654
04535210,04535230,"WV","221(D)(4) MKT. RATE MOD INC/ DISP FAMS",78.0,100.0,2.71816351667
04535242,04535243,"WV","223(a)(7)/221(d)(4) MKT  Refi/ Moderate",81.0,97.0,1.02866405031
04535246,04535228,"WV","223(a)(7)/221(d)(4) MKT  Refi/ Moderate",85.0,97.0,6.9703000921
04611073,04211206,"OH","207/ 223(F) PUR/ REFIN HSG.",85.0,97.0,1.34838452376
04611090,04211108,"OH","207/ 223(F) PUR/ REFIN HSG.",82.0,100.0,0.790247295449
04611135,04311153,"OH","207/ 223(F) PUR/ REFIN HSG.",87.0,97.0,3.02586549236
04611150,04211145,"OH","207/ 223(F) PUR/ REFIN HSG.",83.0,98.0,0.164520469459
04611160,04211104,"OH","207/ 223(F) PUR/ REFIN HSG.",80.0,99.0,0.236449340889
04611161,04211152,"OH","207/ 223(F) PUR/ REFIN HSG.",86.0,100.0,0.580152603847
04611162,04211307,"OH","207/ 223(F) PUR/ REFIN HSG.",82.0,100.0,0.408082472992
04611165,04611138,"OH","207/ 223(F) PUR/ REFIN HSG.",67.0,97.0,0.930984912256
04611181,04211281,"OH","207/ 223(F) PUR/ REFIN HSG.",76.0,97.0,1.0411309213
04611185,04311162,"OH","207/ 223(F) PUR/ REFIN HSG.",86.0,97.0,4.68010355538
04611202,04211411,"OH","207/ 223(F) PUR/ REFIN HSG.",58.0,99.0,0.897249049322
04611207,04311314,"OH","207/ 223(F) PUR/ REFIN HSG.",84.0,97.0,0.417924949279
04611208,04211435,"OH","207/ 223(F) PUR/ REFIN HSG.",87.0,99.0,1.17713451563
04611209,04611195,"OH","207/ 223(F) PUR/ REFIN HSG.",80.0,99.0,6.09329638769
04611211,04211328,"OH","207/ 223(F) PUR/ REFIN HSG.",81.0,99.0,0.610767833091
04611221,04211437,"OH","207/ 223(F) PUR/ REFIN HSG.",78.0,98.0,0.328872538907
04635689,04335495,"OH","223(a)(7)/221(d)(4) MKT  Refi/ Moderate",68.0,99.0,1.13734425084
04635705,04335481,"OH","223(a)(7)/221(d)(4) MKT  Refi/ Moderate",86.0,97.0,2.0217199989
04635711,04635747,"OH","223(a)(7)/221(d)(4) MKT  Refi/ Moderate",80.0,97.0,2.41473364657
04635712,04635633,"OH","223(a)(7)/221(d)(4) MKT  Refi/ Moderate",86.0,98.0,17.6925358516
04635739,04235642,"OH","221(D)(4) MKT. RATE MOD INC/ DISP FAMS",71.0,97.0,0.748736123602
04635765,04635759,"OH","221(D)(4) MKT. RATE MOD INC/ DISP FAMS",80.0,100.0,0.822884909139
04635767,04335595,"OH","221(D)(4) MKT. RATE MOD INC/ DISP FAMS",83.0,99.0,0.383767006837
04635778,04235733,"OH","221(D)(4) MKT. RATE MOD INC/ DISP FAMS",86.0,97.0,0.825786720498
04711026,04711025,"MI","207/ 223(F) PUR/ REFIN HSG.",80.0,97.0,0.0300043782448
04711039,04711043,"MI","207/ 223(F) PUR/ REFIN HSG.",74.0,99.0,1.262694946
04711044,04711065,"MI","207/ 223(F) PUR/ REFIN HSG.",85.0,98.0,1.24077457311
04711045,04711041,"MI","207/ 223(F) PUR/ REFIN HSG.",73.0,97.0,1.66765627503
04711074,04411221,"MI","207/ 223(F) PUR/ REFIN HSG.",80.0,97.0,0.188911770189
04711083,04711206,"MI","207/ 223(F) PUR/ REFIN HSG.",84.0,98.0,0.449070955919
04711084,04711169,"MI","207/ 223(F) PUR/ REFIN HSG.",79.0,100.0,0.543659086734
04711096,04411304,"MI","207/ 223(F) PUR/ REFIN HSG.",87.0,99.0,0.263043102143
04711115,04711142,"MI","207/ 223(F) PUR/ REFIN HSG.",83.0,99.0,0.766514112064
04711132,04411337,"MI","207/ 223(F) PUR/ REFIN HSG.",82.0,98.0,0.724100521308
04711138,04411309,"MI","207/ 223(F) PUR/ REFIN HSG.",87.0,97.0,1.05802309608
04711231,04411385,"MI","207/ 223(F) PUR/ REFIN HSG.",84.0,99.0,0.425919873695
04711233,04811059,"MI","207/ 223(F) PUR/ REFIN HSG.",86.0,99.0,0.697979778901
04711246,04711205,"MI","207/ 223(F) PUR/ REFIN HSG.",87.0,99.0,1.29830686091
04711255,04811082,"MI","207/ 223(F) PUR/ REFIN HSG.",74.0,100.0,0.189784364484
04711262,04411516,"MI","223(A)(7) REFI OF 223(F) APTS",84.0,99.0,0.208058954695
04711274,04411486,"MI","207/ 223(F) PUR/ REFIN HSG.",83.0,99.0,0.670062239826
04711292,04711311,"MI","207/ 223(F) PUR/ REFIN HSG.",87.0,97.0,0.994114968038
04711297,04411533,"MI","207/ 223(F) PUR/ REFIN HSG.",86.0,100.0,0.549407910313
04711301,04411507,"MI","207/ 223(F) PUR/ REFIN HSG.",79.0,99.0,0.562189836374
04711314,04711316,"MI","207/ 223(F) PUR/ REFIN HSG.",82.0,100.0,0.493356092492
04735251,04835103,"MI","223(a)(7)/221(d)(4) MKT  Refi/ Moderate",86.0,99.0,3.31761016219
04735287,04435704,"MI","221(D)(4) MKT. RATE MOD INC/ DISP FAMS",71.0,99.0,4.68249011631
04811072,04711302,"MI","207/ 223(F) PUR/ REFIN HSG.",77.0,100.0,1.09330063496
04811081,04411458,"MI","207/ 223(F) PUR/ REFIN HSG.",72.0,99.0,1.37076275744
05111214,05111176,"VA","207/ 223(F) PUR/ REFIN HSG.",87.0,99.0,1.03219256128
05111223,05111179,"VA","207/ 223(F) PUR/ REFIN HSG.",59.0,98.0,7.14303581942
05111295,05111177,"VA","207/ 223(F) PUR/ REFIN HSG.",84.0,98.0,5.03309557547
05111322,05111304,"VA","207/ 223(F) PUR/ REFIN HSG.",87.0,98.0,0.843501394476
05111372,05111342,"VA","207/ 223(F) PUR/ REFIN HSG.",82.0,99.0,0.235889803776
05111385,05111513,"VA","207/ 223(F) PUR/ REFIN HSG.",81.0,99.0,0.888811278451
05111395,05111335,"VA","207/ 223(F) PUR/ REFIN HSG.",81.0,98.0,1.04554793637
05111404,05111563,"VA","207/ 223(F) PUR/ REFIN HSG.",72.0,97.0,3.2057859968
05111405,05111309,"VA","207/ 223(F) PUR/ REFIN HSG.",68.0,98.0,2.10767025585
05111411,05111391,"VA","207/ 223(F) PUR/ REFIN HSG.",81.0,98.0,0.958674989707
05111446,05111340,"VA","223(A)(7) REFI OF 223(F) APTS",81.0,98.0,0.827982383077
05111448,05111453,"VA","223(A)(7) REFI OF 223(F) APTS",86.0,97.0,0.2919663529
05111449,05111479,"VA","223(A)(7) REFI OF 223(F) APTS",39.0,97.0,0.189934361844
05111461,05111427,"VA","207/ 223(F) PUR/ REFIN HSG.",85.0,97.0,0.0621812954686
05111471,05111507,"VA","207/ 223(F) PUR/ REFIN HSG.",87.0,99.0,0.489085524012
05111476,05111487,"VA","207/ 223(F) PUR/ REFIN HSG.",83.0,99.0,0.088106119722
05111480,05111473,"VA","207/ 223(F) PUR/ REFIN HSG.",58.0,97.0,0.1675208779
05111489,05111353,"VA","223(A)(7) REFI OF 223(F) APTS",82.0,98.0,1.03555176443
05111499,05111498,"VA","223(A)(7) REFI OF 223(F) APTS",82.0,97.0,0.329233195165
05111509,05111454,"VA","207/ 223(F) PUR/ REFIN HSG.",84.0,98.0,0.143090268203
05111512,05111552,"VA","207/ 223(F) PUR/ REFIN HSG.",82.0,99.0,2.36757358624
05135627,05135609,"VA","221(D)(4) MKT. RATE MOD INC/ DISP FAMS",71.0,99.0,1.44664332092
05135715,05135750,"VA","221(D)(4) MKT. RATE MOD INC/ DISP FAMS",85.0,97.0,0.124214808013
05135763,05135782,"VA","221(D)(4) MKT. RATE MOD INC/ DISP FAMS",87.0,97.0,0.255885901066
05135794,05135787,"VA","221(D)(4) MKT. RATE MOD INC/ DISP FAMS",86.0,97.0,0.156662771837
05135801,05135829,"VA","223(a)(7)/221(d)(4) MKT  Refi/ Moderate",64.0,99.0,3.81494863842
05135814,05135820,"VA","223(a)(7)/221(d)(4) MKT  Refi/ Moderate",75.0,99.0,0.330208790051
05135821,05135808,"VA","223(a)(7)/221(d)(4) MKT  Refi/ Moderate",84.0,97.0,0.28626586909
05138028,05138029,"VA","231 Elderly Housing",85.0,99.0,1.10183672065
05211229,00011264,"MD","223(A)(7) REFI OF 223(F) APTS",84.0,98.0,0.724320011345
05211234,05211267,"MD","207/ 223(F) PUR/ REFIN HSG.",66.0,99.0,0.561051664267
05211249,00011259,"MD","207/ 223(F) PUR/ REFIN HSG.",87.0,97.0,0.435672474025
05211253,05211274,"MD","207/ 223(F) PUR/ REFIN HSG.",86.0,97.0,1.10273657907
05211270,05211259,"MD","207/ 223(F) PUR/ REFIN HSG.",87.0,99.0,0.520808738912
05211313,00011310,"MD","207/ 223(F) PUR/ REFIN HSG.",87.0,97.0,0.138612847101
05211315,00011317,"MD","207/ 223(F) PUR/ REFIN HSG.",80.0,97.0,0.0673131287434
05211318,05211324,"MD","207/ 223(F) PUR/ REFIN HSG.",86.0,97.0,0.135725157586
05211330,05211317,"MD","207/ 223(F) PUR/ REFIN HSG.",82.0,99.0,0.519925205614
05211331,05211357,"MD","207/ 223(F) PUR/ REFIN HSG.",83.0,100.0,2.18678295598
05235615,05235649,"MD","221(D)(4) MKT. RATE MOD INC/ DISP FAMS",86.0,99.0,1.76155023992
05235700,00035467,"MD","223(a)(7)/221(d)(4) MKT  Refi/ Moderate",67.0,98.0,0.271255859918
05235756,05235759,"MD","221(D)(4) MKT. RATE MOD INC/ DISP FAMS",73.0,97.0,0.180543258124
05235761,05235822,"MD","221(D)(4) MKT. RATE MOD INC/ DISP FAMS",87.0,98.0,0.267621075222
05235772,05235900,"MD","221(D)(4) MKT. RATE MOD INC/ DISP FAMS",80.0,98.0,0.800861772971
05235806,00035535,"MD","221(D)(4) MKT. RATE MOD INC/ DISP FAMS",79.0,97.0,0.382183384504
05235808,05235782,"MD","221(D)(4) MKT. RATE MOD INC/ DISP FAMS",85.0,98.0,1.07917396607
05235813,05235698,"MD","221(D)(4) MKT. RATE MOD INC/ DISP FAMS",59.0,99.0,0.783804169349
05235814,00035556,"MD","221(D)(4) MKT. RATE MOD INC/ DISP FAMS",87.0,99.0,0.380731290172
05235818,05235790,"MD","221(D)(4) MKT. RATE MOD INC/ DISP FAMS",87.0,99.0,0.653409353564
05235835,05235809,"MD","223(a)(7)/221(d)(4) MKT  Refi/ Moderate",82.0,97.0,0.541076157326
05235838,05235832,"MD","223(a)(7)/221(d)(4) MKT  Refi/ Moderate",20.0,100.0,0.442488751515
05235844,05235840,"MD","221(D)(4) MKT. RATE MOD INC/ DISP FAMS",81.0,99.0,0.418609665279
05235848,05235857,"MD","223(a)(7)/221(d)(4) MKT  Refi/ Moderate",85.0,98.0,0.465633392186
05235850,05235882,"MD","223(a)(7)/221(d)(4) MKT  Refi/ Moderate",84.0,97.0,0.421683329686
05235865,05235846,"MD","221(D)(4) MKT. RATE MOD INC/ DISP FAMS",77.0,99.0,0.358858625275
05235872,05235858,"MD","223(a)(7)/221(d)(4) MKT  Refi/ Moderate",55.0,99.0,0.771125206827
05235894,05235837,"MD","223(a)(7)/221(d)(4) MKT  Refi/ Moderate",86.0,99.0,0.359924295862
05298011,05298107,"MD","542(C) HFA RISK SHARING-RECENT COMP",82.0,98.0,3.40076880159
05298014,05298018,"MD","542(C) HFA RISK SHARING-RECENT COMP",83.0,99.0,0.0598374328969
05298016,05298037,"MD","542(C) HFA RISK SHARING-RECENT COMP",87.0,98.0,1.16877376934
05298022,05298023,"MD","542(C) HFA RISK SHARING-RECENT COMP",82.0,98.0,0.172752518548
05298035,05298036,"MD","542(C) HFA RISK SHARING-RECENT COMP",80.0,98.0,0.873133166339
05298064,05298076,"MD","542(C) HFA RISK SHARING-RECENT COMP",85.0,97.0,0.474457466966
05311165,05311162,"NC","223(A)(7) REFI OF 223(F) APTS",71.0,98.0,0.118475628835
05311174,05311325,"NC","207/ 223(F) PUR/ REFIN HSG.",79.0,97.0,2.63257687172
05311184,05311328,"NC","207/ 223(F) PUR/ REFIN HSG.",77.0,100.0,4.18749760957
05311190,05311204,"NC","207/ 223(F) PUR/ REFIN HSG.",84.0,99.0,1.05925090347
05311206,05311221,"NC","207/ 223(F) PUR/ REFIN HSG.",75.0,99.0,0.658083489463
05311220,05311177,"NC","207/ 223(F) PUR/ REFIN HSG.",86.0,98.0,3.29304205654
05311227,05311188,"NC","207/ 223(F) PUR/ REFIN HSG.",69.0,97.0,1.03935455946
05311229,05311218,"NC","207/ 223(F) PUR/ REFIN HSG.",82.0,100.0,1.51755591462
05311232,05311212,"NC","207/ 223(F) PUR/ REFIN HSG.",85.0,98.0,0.221445981278
05311252,05311349,"NC","207/ 223(F) PUR/ REFIN HSG.",84.0,97.0,0.900457553772
05311308,05311287,"NC","223(A)(7) REFI OF 223(F) APTS",81.0,98.0,1.13173990131
05311338,05311331,"NC","207/ 223(F) PUR/ REFIN HSG.",84.0,97.0,0.417405034383
05311340,05311263,"NC","207/ 223(F) PUR/ REFIN HSG.",80.0,100.0,0.966512404106
05311363,05311323,"NC","207/ 223(F) PUR/ REFIN HSG.",54.0,99.0,0.923734828669
05311365,05311357,"NC","207/ 223(F) PUR/ REFIN HSG.",59.0,99.0,3.89081689306
05311367,05311413,"NC","207/ 223(F) PUR/ REFIN HSG.",85.0,97.0,0.295265427634
05311368,05311411,"NC","207/ 223(F) PUR/ REFIN HSG.",86.0,99.0,0.715022348026
05311390,05311320,"NC","207/ 223(F) PUR/ REFIN HSG.",84.0,98.0,2.50332108001
05311392,05311341,"NC","207/ 223(F) PUR/ REFIN HSG.",59.0,99.0,0.959934084672
05311427,05311166,"NC","223(A)(7) REFI OF 223(F) APTS",84.0,98.0,16.1436009402
05311455,05311418,"NC","207/ 223(F) PUR/ REFIN HSG.",58.0,98.0,0.325886765728
05311464,05311502,"NC","207/ 223(F) PUR/ REFIN HSG.",77.0,97.0,0.645452625301
05311475,05311462,"NC","207/ 223(F) PUR/ REFIN HSG.",87.0,99.0,0.422764074999
05311477,05311150,"NC","223(A)(7) REFI OF 223(F) APTS",83.0,100.0,13.8587536917
05311478,05311460,"NC","207/ 223(F) PUR/ REFIN HSG.",87.0,98.0,0.107355457838
05311490,05311483,"NC","207/ 223(F) PUR/ REFIN HSG.",0.0,99.0,0.373873536138
05311510,05311161,"NC","223(A)(7) REFI OF 223(F) APTS",80.0,99.0,38.785210627
05311515,05311487,"NC","207/ 223(F) PUR/ REFIN HSG.",79.0,97.0,0.452003677047
05311516,05311461,"NC","207/ 223(F) PUR/ REFIN HSG.",48.0,98.0,0.170588621939
05311520,05311536,"NC","207/ 223(F) PUR/ REFIN HSG.",83.0,99.0,0.127727807276
05311521,05311513,"NC","207/ 223(F) PUR/ REFIN HSG.",77.0,98.0,0.621160089713
05311545,05311506,"NC","207/ 223(F) PUR/ REFIN HSG.",81.0,99.0,0.0471068208719
05335800,05335849,"NC","223(a)(7)/221(d)(4) MKT  Refi/ Moderate",69.0,100.0,1.85124274952
05335819,05336122,"NC","223(a)(7)/221(d)(4) MKT  Refi/ Moderate",84.0,99.0,9.74426734025
05335896,05336126,"NC","223(a)(7)/221(d)(3) MKT Refi/ Moderate I",82.0,98.0,8.49260802344
05336092,05336099,"NC","223(a)(7)/221(d)(4) MKT  Refi/ Moderate",75.0,98.0,0.099939114507
05336207,05336029,"NC","221(D)(4) MKT. RATE MOD INC/ DISP FAMS",63.0,99.0,0.474810036903
05336233,05336306,"NC","221(D)(4) MKT. RATE MOD INC/ DISP FAMS",63.0,98.0,1.34376117852
05336253,05336314,"NC","221(D)(4) MKT. RATE MOD INC/ DISP FAMS",87.0,97.0,0.271192256168
05336328,05336356,"NC","221(D)(4) MKT. RATE MOD INC/ DISP FAMS",83.0,97.0,0.149532271077
05336352,05336324,"NC","221(D)(4) MKT. RATE MOD INC/ DISP FAMS",85.0,97.0,0.0786074289508
05336357,05336354,"NC","221(D)(4) MKT. RATE MOD INC/ DISP FAMS",84.0,98.0,0.118055739062
05411063,05411080,"SC","207/ 223(F) PUR/ REFIN HSG.",37.0,97.0,4.16574138182
05411088,05411071,"SC","207/ 223(F) PUR/ REFIN HSG.",84.0,99.0,1.34702403921
05411113,05411067,"SC","207/ 223(F) PUR/ REFIN HSG.",73.0,99.0,1.17730595931
05411149,05411138,"SC","207/ 223(F) PUR/ REFIN HSG.",59.0,98.0,0.227079173267
05411169,05411090,"SC","207/ 223(F) PUR/ REFIN HSG.",78.0,97.0,1.57182870847
05411172,05411100,"SC","207/ 223(F) PUR/ REFIN HSG.",59.0,97.0,1.69524096343
05411175,05411142,"SC","207/ 223(F) PUR/ REFIN HSG.",55.0,100.0,0.787317256026
05411193,05435893,"SC","223(A)(7) REFI OF 223(F) APTS",76.0,97.0,2.71665853764
05411208,05411186,"SC","207/ 223(F) PUR/ REFIN HSG.",87.0,97.0,9.57407034596
05411209,05411179,"SC","207/ 223(F) PUR/ REFIN HSG.",87.0,99.0,0.908698643694
05411213,05411200,"SC","207/ 223(F) PUR/ REFIN HSG.",75.0,97.0,13.4051336172
05411227,05411184,"SC","207/ 223(F) PUR/ REFIN HSG.",73.0,98.0,6.58826920374
05411232,05411181,"SC","207/ 223(F) PUR/ REFIN HSG.",86.0,97.0,2.18229832378
05411236,05411167,"SC","207/ 223(F) PUR/ REFIN HSG.",75.0,99.0,2.2474027018
05411237,05411173,"SC","207/ 223(F) PUR/ REFIN HSG.",77.0,98.0,3.88285251866
05411246,05411242,"SC","207/ 223(F) PUR/ REFIN HSG.",85.0,98.0,10.6610396595
05411266,05411171,"SC","207/ 223(F) PUR/ REFIN HSG.",82.0,99.0,3.35219923544
05411284,05411183,"SC","207/ 223(F) PUR/ REFIN HSG.",83.0,100.0,5.90404724579
05435839,05435826,"SC","221(D)(4) MKT. RATE MOD INC/ DISP FAMS",86.0,97.0,0.983550901711
05435845,05435835,"SC","221(D)(4) MKT. RATE MOD INC/ DISP FAMS",34.0,99.0,0.851520361452
05435881,05435894,"SC","223(a)(7)/221(d)(4) MKT  Refi/ Moderate",84.0,99.0,0.932258187812
05435884,05435882,"SC","223(a)(7)/221(d)(4) MKT  Refi/ Moderate",73.0,97.0,1.21261601085
05435960,05435869,"SC","221(D)(4) MKT. RATE MOD INC/ DISP FAMS",86.0,98.0,1.46391061501
05611035,05611033,"PR","207/ 223(F) PUR/ REFIN HSG.",87.0,99.0,2.14232480796
05635197,05635194,"PR","223(a)(7)/221(d)(3) MKT Refi/ Moderate I",78.0,99.0,6.49061756108
06111165,06111298,"GA","207/ 223(F) PUR/ REFIN HSG.",59.0,98.0,1.90948965661
06111192,06111239,"GA","207/ 223(F) PUR/ REFIN HSG.",85.0,98.0,1.35073527912
06111223,06111326,"GA","207/ 223(F) PUR/ REFIN HSG.",59.0,98.0,2.03785490815
06111232,06111335,"GA","207/ 223(F) PUR/ REFIN HSG.",87.0,98.0,1.27018398299
06111289,06111420,"GA","207/ 223(F) PUR/ REFIN HSG.",70.0,97.0,1.19436722875
06111290,06111352,"GA","207/ 223(F) PUR/ REFIN HSG.",70.0,99.0,1.29071784409
06111304,06111332,"GA","207/ 223(F) PUR/ REFIN HSG.",53.0,99.0,1.46366910082
06111305,06111333,"GA","207/ 223(F) PUR/ REFIN HSG.",72.0,99.0,2.26431626717
06111318,06111393,"GA","207/ 223(F) PUR/ REFIN HSG.",80.0,99.0,1.35677481352
06111336,06111426,"GA","207/ 223(F) PUR/ REFIN HSG.",72.0,100.0,2.23299896821
06111360,06111427,"GA","207/ 223(F) PUR/ REFIN HSG.",59.0,98.0,0.978061246205
06111389,06111481,"GA","207/ 223(F) PUR/ REFIN HSG.",84.0,99.0,1.64673211228
06111411,06111385,"GA","207/ 223(F) PUR/ REFIN HSG.",69.0,97.0,0.549427289666
06111428,06111436,"GA","207/ 223(F) PUR/ REFIN HSG.",81.0,100.0,0.140709946289
06111435,06111468,"GA","207/ 223(F) PUR/ REFIN HSG.",79.0,99.0,3.90242033712
06111438,06111450,"GA","207/ 223(F) PUR/ REFIN HSG.",81.0,99.0,0.135115154912
06111439,06111441,"GA","223(A)(7) REFI OF 223(F) APTS",73.0,99.0,0.219537552759
06111447,06111431,"GA","223(A)(7) REFI OF 223(F) APTS",85.0,99.0,1.2523095589
06111451,06111376,"GA","207/ 223(F) PUR/ REFIN HSG.",82.0,97.0,1.04127282594
06111460,06111484,"GA","223(A)(7) REFI OF 223(F) APTS",75.0,99.0,1.39380380677
06111471,06111491,"GA","207/ 223(F) PUR/ REFIN HSG.",84.0,97.0,1.50210996188
06111473,06111490,"GA","207/ 223(F) PUR/ REFIN HSG.",84.0,100.0,5.09957707141
06111479,06111505,"GA","207/ 223(F) PUR/ REFIN HSG.",77.0,99.0,4.06809471854
06111496,06111529,"GA","207/ 223(F) PUR/ REFIN HSG.",81.0,99.0,3.27168867276
06111511,06111174,"GA","207/ 223(F) PUR/ REFIN HSG.",51.0,100.0,10.8119206367
06135562,06135647,"GA","223(a)(7)/221(d)(4) MKT  Refi/ Moderate",80.0,100.0,1.44888686165
06135724,06135681,"GA","221(D)(4) MKT. RATE MOD INC/ DISP FAMS",48.0,97.0,0.962318705192
06135762,06135802,"GA","221(D)(4) MKT. RATE MOD INC/ DISP FAMS",63.0,99.0,0.574478492458
06135764,06135811,"GA","223(a)(7)/221(d)(4) MKT  Refi/ Moderate",86.0,99.0,0.663039082075
06135775,06135871,"GA","223(a)(7)/221(d)(4) MKT  Refi/ Moderate",45.0,99.0,2.05141749642
06135776,06135937,"GA","223(a)(7)/221(d)(4) MKT  Refi/ Moderate",59.0,99.0,2.75988534199
06135778,06135754,"GA","223(a)(7)/221(d)(4) MKT  Refi/ Moderate",86.0,100.0,5.12302452382
06135793,06135946,"GA","223(a)(7)/221(d)(4) MKT  Refi/ Moderate",68.0,99.0,4.85955840181
06135794,06135947,"GA","223(a)(7)/221(d)(4) MKT  Refi/ Moderate",84.0,97.0,2.49951065053
06135805,06135928,"GA","223(a)(7)/221(d)(4) MKT  Refi/ Moderate",83.0,100.0,4.93839750862
06135826,06135661,"GA","221(D)(4) MKT. RATE MOD INC/ DISP FAMS",84.0,98.0,3.62993018751
06135835,06135734,"GA","221(D)(4) MKT. RATE MOD INC/ DISP FAMS",87.0,99.0,1.10330411904
06135843,06135797,"GA","221(D)(4) MKT. RATE MOD INC/ DISP FAMS",77.0,99.0,1.19542047696
06135863,06135832,"GA","221(D)(4) MKT. RATE MOD INC/ DISP FAMS",86.0,97.0,0.661249772985
06135873,06135855,"GA","221(D)(4) MKT. RATE MOD INC/ DISP FAMS",79.0,100.0,0.517960448916
06135880,06135957,"GA","221(D)(4) MKT. RATE MOD INC/ DISP FAMS",84.0,99.0,2.95970071729
06135882,06135931,"GA","221(D)(4) MKT. RATE MOD INC/ DISP FAMS",81.0,98.0,1.10839534794
06135886,06135869,"GA","221(D)(4) MKT. RATE MOD INC/ DISP FAMS",80.0,99.0,0.465237228212
06135904,06135841,"GA","221(D)(4) MKT. RATE MOD INC/ DISP FAMS",87.0,100.0,0.721204422232
06135905,06135933,"GA","221(D)(4) MKT. RATE MOD INC/ DISP FAMS",77.0,99.0,2.63114345534
06135926,06135567,"GA","223(a)(7)/221(d)(4) MKT  Refi/ Moderate",74.0,99.0,24.942197705
06135939,06135930,"GA","221(D)(4) MKT. RATE MOD INC/ DISP FAMS",70.0,99.0,0.0996861319093
06135944,06135604,"GA","223(a)(7)/221(d)(4) MKT  Refi/ Moderate",81.0,100.0,38.3340137055
06211108,06211106,"AL","207/ 223(F) PUR/ REFIN HSG.",86.0,99.0,0.0387522711161
06211181,06211207,"AL","207/ 223(F) PUR/ REFIN HSG.",83.0,98.0,0.225679831377
06211193,06211191,"AL","207/ 223(F) PUR/ REFIN HSG.",84.0,98.0,1.72680601186
06211205,06211165,"AL","207/ 223(F) PUR/ REFIN HSG.",82.0,99.0,0.373146310627
06211212,06211204,"AL","207/ 223(F) PUR/ REFIN HSG.",76.0,99.0,0.497284644467
06211215,06211229,"AL","207/ 223(F) PUR/ REFIN HSG.",85.0,97.0,0.547554827884
06211223,06211237,"AL","207/ 223(F) PUR/ REFIN HSG.",59.0,98.0,0.293661056803
06211227,06211269,"AL","207/ 223(F) PUR/ REFIN HSG.",84.0,97.0,1.15984266631
06211228,06211121,"AL","207/ 223(F) PUR/ REFIN HSG.",87.0,99.0,2.00884326337
06211262,06211255,"AL","207/ 223(F) PUR/ REFIN HSG.",86.0,99.0,0.979397948304
06211266,06211253,"AL","207/ 223(F) PUR/ REFIN HSG.",74.0,99.0,0.879435764163
06211280,06211245,"AL","207/ 223(F) PUR/ REFIN HSG.",86.0,100.0,5.03881946094
06235551,06235796,"AL","223(a)(7)/221(d)(4) MKT  Refi/ Moderate",80.0,97.0,38.6146699684
06235598,06235572,"AL","223(a)(7)/221(d)(4) MKT  Refi/ Moderate",75.0,97.0,0.317109868576
06235627,06235604,"AL","223(a)(7)/221(d)(4) MKT  Refi/ Moderate",86.0,98.0,0.455274802067
06235647,06235783,"AL","223(a)(7)/221(d)(4) MKT  Refi/ Moderate",87.0,97.0,22.8894366929
06235713,06235742,"AL","223(a)(7)/221(d)(4) MKT  Refi/ Moderate",79.0,97.0,3.4418882717
06235723,06235715,"AL","223(a)(7)/221(d)(4) MKT  Refi/ Moderate",59.0,99.0,1.19339109735
06235735,06235734,"AL","221(D)(4) MKT. RATE MOD INC/ DISP FAMS",83.0,99.0,0.744663967692
06235744,06235683,"AL","221(D)(4) MKT. RATE MOD INC/ DISP FAMS",87.0,98.0,2.05463715916
06235768,06235712,"AL","223(a)(7)/221(d)(4) MKT  Refi/ Moderate",86.0,99.0,1.01957350017
06235794,06235781,"AL","223(a)(7)/221(d)(4) MKT  Refi/ Moderate",80.0,99.0,0.598630510949
06311065,06611092,"FL","207/ 223(F) PUR/ REFIN HSG.",87.0,97.0,0.819709236651
06311067,06611095,"FL","207/ 223(F) PUR/ REFIN HSG.",83.0,99.0,1.26520429082
06311078,06711105,"FL","207/ 223(F) PUR/ REFIN HSG.",84.0,100.0,2.40066879363
06311117,06611185,"FL","207/ 223(F) PUR/ REFIN HSG.",47.0,97.0,0.197388174713
06311119,06611180,"FL","207/ 223(F) PUR/ REFIN HSG.",59.0,100.0,0.109621567699
06311152,06611249,"FL","223(A)(7) REFI OF 223(F) APTS",85.0,98.0,0.245332262711
06311157,06311145,"FL","207/ 223(F) PUR/ REFIN HSG.",81.0,99.0,0.0366677951481
06311158,06311140,"FL","207/ 223(F) PUR/ REFIN HSG.",87.0,99.0,0.51297949661
06311185,06311178,"FL","207/ 223(F) PUR/ REFIN HSG.",81.0,99.0,0.704427378643
06335322,06635306,"FL","221(D)(4) MKT. RATE MOD INC/ DISP FAMS",80.0,99.0,0.980307842202
06335328,06335330,"FL","221(D)(4) MKT. RATE MOD INC/ DISP FAMS",81.0,97.0,0.289999944287
06335362,06735442,"FL","221(D)(4) MKT. RATE MOD INC/ DISP FAMS",73.0,98.0,2.4017778194
06335371,06735566,"FL","221(D)(4) MKT. RATE MOD INC/ DISP FAMS",81.0,98.0,0.0652339219877
06411098,06411118,"LA","207/ 223(F) PUR/ REFIN HSG.",74.0,99.0,1.42375814211
06411122,06411121,"LA","223(A)(7) REFI OF 223(F) APTS",86.0,98.0,1.96735413047
06411123,06411117,"LA","207/ 223(F) PUR/ REFIN HSG.",78.0,100.0,1.61379915136
06411161,06411114,"LA","207/ 223(F) PUR/ REFIN HSG.",76.0,97.0,1.03864962667
06411172,06411194,"LA","207/ 223(F) PUR/ REFIN HSG.",81.0,98.0,0.426998822499
06411186,06411173,"LA","207/ 223(F) PUR/ REFIN HSG.",79.0,98.0,1.45887773735
06411191,06411217,"LA","207/ 223(F) PUR/ REFIN HSG.",29.0,97.0,2.16956390114
06411207,06411211,"LA","207/ 223(F) PUR/ REFIN HSG.",86.0,100.0,0.848447837624
06411215,06411225,"LA","223(A)(7) REFI OF 223(F) APTS",59.0,98.0,3.02300629858
06411229,06411241,"LA","207/ 223(F) PUR/ REFIN HSG.",86.0,100.0,1.63417333794
06411231,06411255,"LA","207/ 223(F) PUR/ REFIN HSG.",87.0,98.0,6.02765095027
06411232,06411133,"LA","207/ 223(F) PUR/ REFIN HSG.",85.0,98.0,8.15685392076
06411236,06411084,"LA","207/ 223(F) PUR/ REFIN HSG.",80.0,98.0,17.4871838812
06435308,06435584,"LA","221(D)(4) MKT. RATE MOD INC/ DISP FAMS",73.0,98.0,10.4925669805
06435346,06435600,"LA","221(D)(4) MKT. RATE MOD INC/ DISP FAMS",59.0,98.0,3.87355338695
06435347,06435581,"LA","221(D)(4) MKT. RATE MOD INC/ DISP FAMS",0.0,97.0,4.63943157595
06435408,06435368,"LA","223(a)(7)/221(d)(4) MKT  Refi/ Moderate",70.0,98.0,1.60419481402
06435411,06435382,"LA","223(a)(7)/221(d)(4) MKT  Refi/ Moderate",84.0,97.0,0.788572561618
06435429,06435618,"LA","223(a)(7)/221(d)(4) MKT  Refi/ Moderate",86.0,97.0,14.2078060877
06435494,06435589,"LA","221(D)(4) MKT. RATE MOD INC/ DISP FAMS",82.0,100.0,1.59474399624
06435522,06435573,"LA","223(a)(7)/221(d)(4) MKT  Refi/ Moderate",74.0,97.0,4.63069360759
06435536,06435549,"LA","223(a)(7)/221(d)(4) MKT  Refi/ Moderate",52.0,99.0,0.846893918264
06435541,06435619,"LA","223(a)(7)/221(d)(4) MKT  Refi/ Moderate",77.0,97.0,3.72656260241
06435572,06435588,"LA","221(D)(4) MKT. RATE MOD INC/ DISP FAMS",86.0,100.0,1.10721842339
06435591,06435585,"LA","221(D)(4) MKT. RATE MOD INC/ DISP FAMS",86.0,99.0,0.265592768227
06435601,06435594,"LA","221(D)(4) MKT. RATE MOD INC/ DISP FAMS",71.0,98.0,0.136578924261
06435623,06435684,"LA","221(D)(4) MKT. RATE MOD INC/ DISP FAMS",86.0,99.0,1.07568963483
06435624,06435625,"LA","221(D)(4) MKT. RATE MOD INC/ DISP FAMS",87.0,100.0,0.138282835245
06435708,06435711,"LA","223(a)(7)/221(d)(4) MKT  Refi/ Moderate",76.0,100.0,0.0311310310043
06435725,06435664,"LA","221(D)(4) MKT. RATE MOD INC/ DISP FAMS",59.0,97.0,3.8715449126
06511036,06511037,"MS","207/ 223(F) PUR/ REFIN HSG.",79.0,98.0,0.0117881938576
06511043,06511042,"MS","207/ 223(F) PUR/ REFIN HSG.",87.0,98.0,1.33653772769
06511046,06511143,"MS","207/ 223(F) PUR/ REFIN HSG.",86.0,99.0,4.04133441322
06511081,06511123,"MS","207/ 223(F) PUR/ REFIN HSG.",79.0,97.0,1.68300059075
06511105,06511148,"MS","207/ 223(F) PUR/ REFIN HSG.",84.0,97.0,1.24155466962
06511126,06535748,"MS","207/ 223(F) PUR/ REFIN HSG.",76.0,99.0,2.39266202428
06511134,06511144,"MS","207/ 223(F) PUR/ REFIN HSG.",84.0,99.0,0.377246039384
06511156,06511159,"MS","207/ 223(F) PUR/ REFIN HSG.",59.0,97.0,1.32363705868
06511167,06511146,"MS","207/ 223(F) PUR/ REFIN HSG.",84.0,100.0,0.84328908344
06535604,06535603,"MS","223(a)(7)/221(d)(4) MKT  Refi/ Moderate",85.0,98.0,0.209502324409
06535620,06535621,"MS","221(D)(4) MKT. RATE MOD INC/ DISP FAMS",87.0,98.0,0.543949794865
06535742,06535720,"MS","221(D)(4) MKT. RATE MOD INC/ DISP FAMS",86.0,100.0,4.58157691083
06535751,06535750,"MS","223(a)(7)/221(d)(4) MKT  Refi/ Moderate",59.0,97.0,2.83888656815
06611195,06611220,"FL","207/ 223(F) PUR/ REFIN HSG.",80.0,97.0,0.333496723431
06611217,06711321,"FL","207/ 223(F) PUR/ REFIN HSG.",87.0,99.0,0.296792277773
06611221,06611226,"FL","207/ 223(F) PUR/ REFIN HSG.",80.0,98.0,0.363762175718
06611263,06611224,"FL","207/ 223(F) PUR/ REFIN HSG.",81.0,99.0,0.788591601797
06611270,06611231,"FL","207/ 223(F) PUR/ REFIN HSG.",68.0,99.0,1.38431892092
06611272,06611269,"FL","207/ 223(F) PUR/ REFIN HSG.",87.0,99.0,0.385218796702
06611287,06611316,"FL","207/ 223(F) PUR/ REFIN HSG.",40.0,100.0,0.414301524449
06635305,06335331,"FL","223(a)(7)/221(d)(4) MKT  Refi/ Moderate",79.0,99.0,1.61895446639
06635324,06735525,"FL","221(D)(4) MKT. RATE MOD INC/ DISP FAMS",86.0,99.0,3.65495305654
06635329,06735558,"FL","221(D)(4) MKT. RATE MOD INC/ DISP FAMS",85.0,99.0,1.38330887906
06711108,06311059,"FL","207/ 223(F) PUR/ REFIN HSG.",72.0,97.0,1.01359366689
06711160,06711104,"FL","207/ 223(F) PUR/ REFIN HSG.",87.0,99.0,1.58946242018
06711174,06711118,"FL","207/ 223(F) PUR/ REFIN HSG.",75.0,99.0,2.09186172747
06711269,06711266,"FL","207/ 223(F) PUR/ REFIN HSG.",59.0,99.0,0.770894291933
06711272,06611199,"FL","207/ 223(F) PUR/ REFIN HSG.",59.0,98.0,0.0704798659432
06711273,06711263,"FL","207/ 223(F) PUR/ REFIN HSG.",83.0,97.0,0.11292162884
06711306,06311131,"FL","207/ 223(F) PUR/ REFIN HSG.",65.0,99.0,0.0631105439459
06711331,06311162,"FL","207/ 223(F) PUR/ REFIN HSG.",85.0,100.0,0.210674168921
06711335,06611216,"FL","207/ 223(F) PUR/ REFIN HSG.",83.0,98.0,0.741568524835
06711341,06711294,"FL","207/ 223(F) PUR/ REFIN HSG.",45.0,98.0,1.07000597938
06711342,06711328,"FL","207/ 223(F) PUR/ REFIN HSG.",54.0,98.0,0.122485499864
06711349,06311163,"FL","207/ 223(F) PUR/ REFIN HSG.",87.0,97.0,0.0672561151674
06711369,06311171,"FL","207/ 223(F) PUR/ REFIN HSG.",86.0,97.0,0.305411176565
06711383,06311186,"FL","207/ 223(F) PUR/ REFIN HSG.",79.0,99.0,0.183154376176
06711392,06711389,"FL","207/ 223(F) PUR/ REFIN HSG.",83.0,97.0,0.745483570941
06711398,06311170,"FL","207/ 223(F) PUR/ REFIN HSG.",82.0,99.0,0.290230941696
06735407,06735363,"FL","223(a)(7)/221(d)(4) MKT  Refi/ Moderate",87.0,99.0,3.42888747828
06735469,06735474,"FL","221(D)(4) MKT. RATE MOD INC/ DISP FAMS",81.0,100.0,0.803785755356
06735471,06735589,"FL","223(a)(7)/221(d)(4) MKT  Refi/ Moderate",87.0,97.0,8.37392906777
06735505,06335355,"FL","221(D)(4) MKT. RATE MOD INC/ DISP FAMS",87.0,99.0,0.0437050893005
06735521,06635381,"FL","221(D)(4) MKT. RATE MOD INC/ DISP FAMS",86.0,97.0,1.28112678727
06735531,06335372,"FL","221(D)(4) MKT. RATE MOD INC/ DISP FAMS",40.0,99.0,0.523935933054
06735536,06635338,"FL","221(D)(4) MKT. RATE MOD INC/ DISP FAMS",87.0,99.0,0.337148352635
06735539,06635330,"FL","221(D)(4) MKT. RATE MOD INC/ DISP FAMS",87.0,99.0,0.185705401813
06735586,06735562,"FL","221(D)(4) MKT. RATE MOD INC/ DISP FAMS",72.0,98.0,5.21177771979
07111237,07111220,"IL","223(A)(7) REFI OF 223(F) APTS",87.0,98.0,2.14870631843
07111253,07111200,"IL","207/ 223(F) PUR/ REFIN HSG.",83.0,100.0,0.526428343545
07111367,07211140,"IL","207/ 223(F) PUR/ REFIN HSG.",87.0,97.0,1.00165201196
07111385,07111365,"IL","207/ 223(F) PUR/ REFIN HSG.",82.0,98.0,0.194542608849
07111400,07111426,"IL","207/ 223(F) PUR/ REFIN HSG.",81.0,99.0,0.207323146416
07111402,07111441,"IL","207/ 223(F) PUR/ REFIN HSG.",83.0,99.0,0.580008570191
07111412,07211170,"IL","223(A)(7) REFI OF 223(F) APTS",80.0,97.0,1.31887837364
07111421,07111488,"IL","223(A)(7) REFI OF 223(F) APTS",56.0,99.0,0.705184927732
07111448,07111433,"IL","207/ 223(F) PUR/ REFIN HSG.",85.0,99.0,0.712225383542
07111456,07211270,"IL","207/ 223(F) PUR/ REFIN HSG.",87.0,99.0,1.05008037092
07111459,07111442,"IL","207/ 223(F) PUR/ REFIN HSG.",83.0,97.0,0.104241366767
07111471,07111526,"IL","207/ 223(F) PUR/ REFIN HSG.",80.0,98.0,0.138403334262
07111505,07211188,"IL","207/ 223(F) PUR/ REFIN HSG.",81.0,98.0,0.462791151994
07111513,07111494,"IL","223(A)(7) REFI OF 223(F) APTS",87.0,97.0,0.661025058709
07111516,07211189,"IL","207/ 223(F) PUR/ REFIN HSG.",82.0,99.0,0.327983237256
07111532,07111410,"IL","223(A)(7) REFI OF 223(F) APTS",87.0,100.0,9.28683049211
07111545,07111560,"IL","207/ 223(F) PUR/ REFIN HSG.",87.0,100.0,0.110102527413
07132146,07132153,"IL","220 Urban Renewal Hsg.",87.0,97.0,7.43239782761
07132152,07132158,"IL","220 Urban Renewal Hsg.",81.0,100.0,5.893509524
07135702,07135755,"IL","221(D)(4) MKT. RATE MOD INC/ DISP FAMS",87.0,97.0,0.497717968586
07135754,07135690,"IL","221(D)(4) MKT. RATE MOD INC/ DISP FAMS",40.0,100.0,0.42549261162
07135756,07135659,"IL","221(D)(4) MKT. RATE MOD INC/ DISP FAMS",83.0,97.0,3.13119736197
07135758,07135910,"IL","221(D)(4) MKT. RATE MOD INC/ DISP FAMS",85.0,98.0,5.56178341023
07135788,07135918,"IL","221(D)(4) MKT. RATE MOD INC/ DISP FAMS",76.0,100.0,3.26052933951
07135796,07135838,"IL","221(D)(4) MKT. RATE MOD INC/ DISP FAMS",87.0,98.0,1.75751960376
07135797,07135718,"IL","223(a)(7)/221(d)(4) MKT  Refi/ Moderate",83.0,98.0,5.3208519576
07135814,07135786,"IL","221(D)(4) MKT. RATE MOD INC/ DISP FAMS",87.0,97.0,3.2257805532
07135841,07135905,"IL","221(D)(4) MKT. RATE MOD INC/ DISP FAMS",81.0,100.0,2.91085664598
07135878,07235673,"IL","223(a)(7)/221(d)(4) MKT  Refi/ Moderate",85.0,98.0,2.61446121732
07135885,07235672,"IL","223(a)(7)/221(d)(4) MKT  Refi/ Moderate",84.0,99.0,1.72548956386
07135892,07135874,"IL","221(D)(4) MKT. RATE MOD INC/ DISP FAMS",84.0,99.0,1.34910374239
07135924,07135925,"IL","221(D)(4) MKT. RATE MOD INC/ DISP FAMS",87.0,97.0,0.254068083912
07135929,07135895,"IL","223(a)(7)/221(d)(4) MKT  Refi/ Moderate",87.0,100.0,3.44372845278
07135944,07135934,"IL","221(D)(4) MKT. RATE MOD INC/ DISP FAMS",84.0,97.0,0.0223562457622
07135949,07135894,"IL","223(a)(7)/221(d)(4) MKT  Refi/ Moderate",74.0,100.0,1.01455967111
07135975,07135886,"IL","221(D)(4) MKT. RATE MOD INC/ DISP FAMS",86.0,99.0,3.85366777236
07135980,07135931,"IL","221(D)(4) MKT. RATE MOD INC/ DISP FAMS",84.0,98.0,6.26589368094
07198124,07198098,"IL","542(C) HFA RISK SHARING-RECENT COMP",83.0,97.0,0.811763370462
07211087,07211090,"IL","207/ 223(F) PUR/ REFIN HSG.",81.0,99.0,2.35909192319
07211119,07111357,"IL","207/ 223(F) PUR/ REFIN HSG.",83.0,97.0,0.387904128451
07211135,07111384,"IL","207/ 223(F) PUR/ REFIN HSG.",86.0,99.0,0.259471264655
07211144,07111371,"IL","207/ 223(F) PUR/ REFIN HSG.",78.0,98.0,0.407791419309
07211147,07211155,"IL","207/ 223(F) PUR/ REFIN HSG.",85.0,97.0,0.193405953119
07211150,07111409,"IL","207/ 223(F) PUR/ REFIN HSG.",78.0,99.0,0.595177947133
07211163,07111393,"IL","207/ 223(F) PUR/ REFIN HSG.",72.0,97.0,0.371522806937
07211165,07111472,"IL","207/ 223(F) PUR/ REFIN HSG.",87.0,99.0,0.777588820016
07211166,07111523,"IL","207/ 223(F) PUR/ REFIN HSG.",84.0,97.0,0.541954050742
07211169,07111399,"IL","207/ 223(F) PUR/ REFIN HSG.",85.0,98.0,0.681420556378
07211185,07211271,"IN","207/ 223(F) PUR/ REFIN HSG.",59.0,99.0,0.218215984745
07211186,07311994,"IN","207/ 223(F) PUR/ REFIN HSG.",81.0,97.0,0.22176233808
07211187,07111514,"IL","207/ 223(F) PUR/ REFIN HSG.",86.0,99.0,0.321016239584
07211212,07111520,"IL","207/ 223(F) PUR/ REFIN HSG.",81.0,97.0,0.797461686737
07211215,07111485,"IL","207/ 223(F) PUR/ REFIN HSG.",80.0,99.0,1.01770030518
07211216,07211222,"IN","207/ 223(F) PUR/ REFIN HSG.",82.0,97.0,0.140838723875
07211224,07211263,"IN","207/ 223(F) PUR/ REFIN HSG.",80.0,100.0,1.28157672484
07211243,07211261,"IN","207/ 223(F) PUR/ REFIN HSG.",71.0,98.0,0.0942088056936
07211248,07211241,"IN","207/ 223(F) PUR/ REFIN HSG.",80.0,97.0,0.249327768278
07211257,07311981,"IN","207/ 223(F) PUR/ REFIN HSG.",86.0,98.0,0.361525652215
07211259,07211255,"IN","207/ 223(F) PUR/ REFIN HSG.",77.0,97.0,0.270670521006
07211264,07211232,"IN","207/ 223(F) PUR/ REFIN HSG.",71.0,100.0,0.394535058314
07211266,07111530,"IL","207/ 223(F) PUR/ REFIN HSG.",83.0,100.0,0.397116203634
07211275,07311887,"IN","207/ 223(F) PUR/ REFIN HSG.",86.0,100.0,1.43394125524
07211281,07211278,"IN","207/ 223(F) PUR/ REFIN HSG.",44.0,98.0,0.214761107
07211285,07211295,"IN","207/ 223(F) PUR/ REFIN HSG.",35.0,99.0,1.80718865424
07211293,07311962,"IN","207/ 223(F) PUR/ REFIN HSG.",84.0,99.0,0.854952809863
07211311,07311961,"IN","207/ 223(F) PUR/ REFIN HSG.",84.0,99.0,7.15711500127
07235684,07135858,"IL","223(a)(7)/221(d)(4) MKT  Refi/ Moderate",87.0,98.0,0.394281896394
07235692,07135950,"IL","221(D)(4) MKT. RATE MOD INC/ DISP FAMS",87.0,98.0,1.78040393738
07235694,07135936,"IL","223(a)(7)/221(d)(4) MKT  Refi/ Moderate",51.0,97.0,1.33277930808
07311331,07311348,"IN","207/ 223(F) PUR/ REFIN HSG.",70.0,100.0,0.495369885064
07311410,07311483,"IN","207/ 223(F) PUR/ REFIN HSG.",83.0,97.0,0.531310156996
07311562,07311786,"IN","207/ 223(F) PUR/ REFIN HSG.",83.0,100.0,0.256005129113
07311585,07311474,"IN","207/ 223(F) PUR/ REFIN HSG.",80.0,100.0,0.484812404932
07311598,07311623,"IN","207/ 223(F) PUR/ REFIN HSG.",84.0,98.0,0.697125760662
07311604,07311669,"IN","207/ 223(F) PUR/ REFIN HSG.",80.0,99.0,0.486920133128
07311612,07311574,"IN","207/ 223(F) PUR/ REFIN HSG.",85.0,100.0,0.225194804049
07311624,07311558,"IN","207/ 223(F) PUR/ REFIN HSG.",78.0,99.0,0.341701384731
07311633,07311634,"IN","207/ 223(F) PUR/ REFIN HSG.",82.0,99.0,0.168052017674
07311660,07311658,"IN","223(A)(7) REFI OF 223(F) APTS",87.0,97.0,0.53772726536
07311671,07311696,"IN","223(A)(7) REFI OF 223(F) APTS",69.0,98.0,1.34671933328
07311685,07311425,"IN","223(A)(7) REFI OF 223(F) APTS",80.0,99.0,0.565043721379
07311762,07311847,"IN","207/ 223(F) PUR/ REFIN HSG.",81.0,97.0,0.956839664621
07311767,07311907,"IN","207/ 223(F) PUR/ REFIN HSG.",83.0,99.0,0.866429785004
07311772,07311833,"IN","207/ 223(F) PUR/ REFIN HSG.",86.0,97.0,0.0683985077422
07311803,07311711,"IN","223(A)(7) REFI OF 223(F) APTS",85.0,97.0,0.913891843887
07311805,07311848,"IN","207/ 223(F) PUR/ REFIN HSG.",87.0,97.0,0.50448436063
07311860,07311533,"IN","223(A)(7) REFI OF 223(F) APTS",80.0,99.0,0.537755456411
07311890,07311904,"IN","207/ 223(F) PUR/ REFIN HSG.",85.0,99.0,0.248855520246
07311910,07311859,"IN","207/ 223(F) PUR/ REFIN HSG.",59.0,99.0,0.892770426625
07311917,07311888,"IN","207/ 223(F) PUR/ REFIN HSG.",86.0,99.0,0.265859787048
07311922,07311659,"IN","223(A)(7) REFI OF 223(F) APTS",86.0,99.0,4.4439020324
07311944,07311846,"IN","207/ 223(F) PUR/ REFIN HSG.",82.0,99.0,0.711051035015
07311958,07311918,"IN","207/ 223(F) PUR/ REFIN HSG.",84.0,97.0,0.472190824005
07311976,07311809,"IN","207/ 223(F) PUR/ REFIN HSG.",77.0,99.0,0.948040089954
07311980,07211198,"IN","207/ 223(F) PUR/ REFIN HSG.",83.0,97.0,1.16020685764
07311990,07211234,"IN","207/ 223(F) PUR/ REFIN HSG.",78.0,100.0,0.815073502859
07311997,07211184,"IN","207/ 223(F) PUR/ REFIN HSG.",85.0,97.0,0.622163866101
07335724,07335781,"IN","223(a)(7)/221(d)(4) MKT  Refi/ Moderate",81.0,97.0,1.05201195521
07335735,07335790,"IN","221(D)(4) MKT. RATE MOD INC/ DISP FAMS",84.0,99.0,0.674678230314
07335770,07335734,"IN","223(a)(7)/221(d)(4) MKT  Refi/ Moderate",84.0,97.0,0.534759828878
07335776,07335795,"IN","223(a)(7)/221(d)(4) MKT  Refi/ Moderate",56.0,98.0,5.16882925537
07335794,07335753,"IN","223(a)(7)/221(d)(4) MKT  Refi/ Moderate",87.0,98.0,16.265479011
07411040,07411032,"IA","207/ 223(F) PUR/ REFIN HSG.",87.0,99.0,0.210350492479
07411048,07411106,"IA","207/ 223(F) PUR/ REFIN HSG.",80.0,100.0,2.12423252162
07411059,07411152,"IA","207/ 223(F) PUR/ REFIN HSG.",81.0,98.0,2.7727022304
07411075,07411143,"IA","207/ 223(F) PUR/ REFIN HSG.",86.0,99.0,1.63243034443
07411109,07411166,"IA","207/ 223(F) PUR/ REFIN HSG.",84.0,99.0,0.857977235653
07411118,07411194,"IA","207/ 223(F) PUR/ REFIN HSG.",80.0,97.0,1.36724365249
07411126,07411134,"IA","207/ 223(F) PUR/ REFIN HSG.",83.0,97.0,3.47081114546
07411127,07411186,"IA","207/ 223(F) PUR/ REFIN HSG.",80.0,97.0,3.01748844794
07411132,07411141,"IA","207/ 223(F) PUR/ REFIN HSG.",86.0,98.0,0.615952155016
07411140,07411128,"IA","207/ 223(F) PUR/ REFIN HSG.",83.0,97.0,4.83765591683
07411147,07411197,"IA","207/ 223(F) PUR/ REFIN HSG.",72.0,97.0,2.51069704041
07411149,07411175,"IA","207/ 223(F) PUR/ REFIN HSG.",86.0,99.0,6.36168721128
07411150,07411112,"IA","207/ 223(F) PUR/ REFIN HSG.",85.0,97.0,1.90539723787
07411200,07411111,"IA","207/ 223(F) PUR/ REFIN HSG.",87.0,98.0,3.27328854674
07411203,07411202,"IA","207/ 223(F) PUR/ REFIN HSG.",84.0,97.0,6.22266838909
07411212,07411154,"IA","207/ 223(F) PUR/ REFIN HSG.",87.0,97.0,16.789669599
07423030,07423028,"IA","RED  223(A)(7) REFI OF 213 COOP",74.0,98.0,0.192412005224
07435270,07435278,"IA","223(a)(7)/221(d)(4) MKT  Refi/ Moderate",87.0,100.0,0.96862128014
07511099,07511054,"WI","207/ 223(F) PUR/ REFIN HSG.",87.0,99.0,1.22704604173
07511104,07511122,"WI","207/ 223(F) PUR/ REFIN HSG.",81.0,99.0,9.44588725047
07511147,07511186,"WI","207/ 223(F) PUR/ REFIN HSG.",79.0,98.0,0.0941197920698
07511152,07511151,"WI","207/ 223(F) PUR/ REFIN HSG.",86.0,97.0,0.737910637806
07511235,07511196,"WI","207/ 223(F) PUR/ REFIN HSG.",86.0,99.0,0.396610168317
07511239,07511199,"WI","207/ 223(F) PUR/ REFIN HSG.",79.0,97.0,0.1119062098
07511255,07511200,"WI","207/ 223(F) PUR/ REFIN HSG.",84.0,97.0,0.446349720494
07511267,07511252,"WI","207/ 223(F) PUR/ REFIN HSG.",81.0,99.0,0.146238836847
07511276,07511244,"WI","207/ 223(F) PUR/ REFIN HSG.",82.0,97.0,0.393420750293
07511280,07511261,"WI","207/ 223(F) PUR/ REFIN HSG.",86.0,98.0,0.250169554561
07511287,07511256,"WI","207/ 223(F) PUR/ REFIN HSG.",68.0,100.0,0.801881306464
07511293,07511292,"WI","207/ 223(F) PUR/ REFIN HSG.",87.0,97.0,0.13944182694
07511308,07511359,"WI","207/ 223(F) PUR/ REFIN HSG.",82.0,98.0,1.13094410471
07511333,07511325,"WI","207/ 223(F) PUR/ REFIN HSG.",84.0,98.0,0.28801813937
07511336,07511337,"WI","207/ 223(F) PUR/ REFIN HSG.",76.0,99.0,0.195130388613
07511340,07511324,"WI","207/ 223(F) PUR/ REFIN HSG.",83.0,100.0,0.0596727148346
07511360,07511357,"WI","207/ 223(F) PUR/ REFIN HSG.",78.0,97.0,0.370596628736
07511367,07511375,"WI","207/ 223(F) PUR/ REFIN HSG.",81.0,98.0,1.37142445404
07511400,07511381,"WI","207/ 223(F) PUR/ REFIN HSG.",79.0,97.0,2.86761984889
07535455,07535476,"WI","221(D)(4) MKT. RATE MOD INC/ DISP FAMS",87.0,99.0,5.69379130218
07535471,07535464,"WI","221(D)(4) MKT. RATE MOD INC/ DISP FAMS",87.0,99.0,1.08920676221
08111067,08711084,"TN","207/ 223(F) PUR/ REFIN HSG.",83.0,97.0,1.41343375366
08111091,08611063,"TN","207/ 223(F) PUR/ REFIN HSG.",87.0,98.0,0.566577832131
08111094,08711139,"TN","207/ 223(F) PUR/ REFIN HSG.",80.0,97.0,6.93396104404
08111099,08711097,"TN","207/ 223(F) PUR/ REFIN HSG.",82.0,99.0,0.923625715861
08111107,08111075,"TN","207/ 223(F) PUR/ REFIN HSG.",80.0,100.0,1.10432356689
08111115,08711113,"TN","207/ 223(F) PUR/ REFIN HSG.",70.0,97.0,1.25446094463
08135222,08735194,"TN","223(a)(7)/221(d)(4) MKT  Refi/ Moderate",80.0,97.0,1.50109394533
08135250,08735192,"TN","223(a)(7)/221(d)(4) MKT  Refi/ Moderate",82.0,97.0,0.267034393411
08135265,08735225,"TN","223(a)(7)/221(d)(4) MKT  Refi/ Moderate",84.0,100.0,0.408486131485
08135283,08735278,"TN","221(D)(4) MKT. RATE MOD INC/ DISP FAMS",78.0,99.0,0.155205445487
08135295,08735326,"TN","221(D)(4) MKT. RATE MOD INC/ DISP FAMS",70.0,98.0,0.416111953906
08135305,08635432,"TN","221(D)(4) MKT. RATE MOD INC/ DISP FAMS",84.0,99.0,3.48546960215
08135309,08635420,"TN","221(D)(4) MKT. RATE MOD INC/ DISP FAMS",85.0,99.0,1.81072252015
08211115,08211075,"AR","207/ 223(F) PUR/ REFIN HSG.",82.0,99.0,0.697460180034
08211121,08211133,"AR","207/ 223(F) PUR/ REFIN HSG.",87.0,100.0,0.352050573264
08235356,08235363,"AR","223(a)(7)/221(d)(4) MKT  Refi/ Moderate",86.0,98.0,0.367558328815
08235442,08235469,"AR","223(a)(7)/221(d)(4) MKT  Refi/ Moderate",87.0,97.0,1.33510577072
08235481,08235458,"AR","221(D)(4) MKT. RATE MOD INC/ DISP FAMS",84.0,98.0,1.22657222063
08235482,08235496,"AR","221(D)(4) MKT. RATE MOD INC/ DISP FAMS",87.0,97.0,3.50934592136
08235483,08235490,"AR","221(D)(4) MKT. RATE MOD INC/ DISP FAMS",82.0,97.0,2.61885848416
08235499,08235462,"AR","223(a)(7)/221(d)(4) MKT  Refi/ Moderate",78.0,99.0,13.4231243579
08311095,08311111,"KY","207/ 223(F) PUR/ REFIN HSG.",86.0,99.0,1.41189025272
08311178,08311185,"KY","207/ 223(F) PUR/ REFIN HSG.",67.0,98.0,1.05085896777
08311180,08311145,"KY","207/ 223(F) PUR/ REFIN HSG.",71.0,97.0,6.50736277141
08311187,08311186,"KY","207/ 223(F) PUR/ REFIN HSG.",87.0,99.0,0.065700832804
08311188,08311184,"KY","207/ 223(F) PUR/ REFIN HSG.",84.0,98.0,0.268576303676
08311194,08311216,"KY","207/ 223(F) PUR/ REFIN HSG.",85.0,99.0,1.2343282638
08311198,08311206,"KY","207/ 223(F) PUR/ REFIN HSG.",71.0,98.0,0.418793410794
08311200,08311181,"KY","207/ 223(F) PUR/ REFIN HSG.",87.0,99.0,2.56327508553
08311211,08311210,"KY","207/ 223(F) PUR/ REFIN HSG.",80.0,98.0,0.0171355201676
08311213,08311220,"KY","207/ 223(F) PUR/ REFIN HSG.",83.0,99.0,0.0604947520247
08311219,08311212,"KY","207/ 223(F) PUR/ REFIN HSG.",51.0,99.0,1.22258044977
08311239,08311252,"KY","207/ 223(F) PUR/ REFIN HSG.",73.0,100.0,1.36553341196
08335597,08335556,"KY","223(a)(7)/221(d)(4) MKT  Refi/ Moderate",33.0,98.0,0.25135620861
08335637,08335661,"KY","223(a)(7)/221(d)(4) MKT  Refi/ Moderate",85.0,99.0,1.72267726959
08335653,08335605,"KY","223(a)(7)/221(d)(4) MKT  Refi/ Moderate",53.0,98.0,1.25245399761
08335657,08335694,"KY","223(a)(7)/221(d)(4) MKT  Refi/ Moderate",80.0,98.0,1.11033792213
08335669,08335437,"KY","221(D)(4) MKT. RATE MOD INC/ DISP FAMS",76.0,98.0,24.634325312
08335722,08335736,"KY","223(a)(7)/221(d)(4) MKT  Refi/ Moderate",86.0,97.0,4.55710291108
08335747,08335731,"KY","223(a)(7)/221(d)(4) MKT  Refi/ Moderate",84.0,99.0,1.90576870825
08335756,08335760,"KY","221(D)(4) MKT. RATE MOD INC/ DISP FAMS",87.0,97.0,2.28092037811
08335758,08335765,"KY","221(D)(4) MKT. RATE MOD INC/ DISP FAMS",83.0,97.0,0.514399574665
08398008,08398020,"KY","542(C) HFA RISK SHARING-RECENT COMP",78.0,100.0,4.4410408274
08398030,08398022,"KY","542(C) HFA RISK SHARING-RECENT COMP",50.0,98.0,0.582861129002
08398048,08398046,"KY","542(C) HFA RISK SHARING-RECENT COMP",81.0,97.0,0.0335965641869
08411058,08411066,"MO","207/ 223(F) PUR/ REFIN HSG.",32.0,99.0,0.410177771946
08411096,08411076,"MO","207/ 223(F) PUR/ REFIN HSG.",38.0,98.0,2.71370798239
08411116,08511134,"MO","207/ 223(F) PUR/ REFIN HSG.",87.0,98.0,0.681051552087
08411173,08411167,"MO","207/ 223(F) PUR/ REFIN HSG.",85.0,98.0,0.96411315598
08411195,08511245,"MO","207/ 223(F) PUR/ REFIN HSG.",69.0,98.0,0.183187588556
08498017,08598020,"MO","542(C) HFA RISK SHARING-RECENT COMP",71.0,100.0,0.0418026024217
08511073,08411092,"MO","207/ 223(F) PUR/ REFIN HSG.",87.0,99.0,1.89592293152
08511091,08411136,"MO","207/ 223(F) PUR/ REFIN HSG.",71.0,97.0,7.75121388497
08511093,08411202,"MO","207/ 223(F) PUR/ REFIN HSG.",79.0,100.0,8.11289838934
08511122,08411091,"MO","207/ 223(F) PUR/ REFIN HSG.",59.0,99.0,3.16126033591
08511167,08511163,"MO","223(A)(7) REFI OF 223(F) APTS",82.0,99.0,1.12220720595
08511195,08511151,"MO","223(A)(7) REFI OF 223(F) APTS",69.0,98.0,0.742746800594
08511197,08411110,"MO","207/ 223(F) PUR/ REFIN HSG.",62.0,98.0,1.0222902655
08511203,08411194,"MO","207/ 223(F) PUR/ REFIN HSG.",81.0,97.0,1.54044230773
08511210,08411175,"MO","207/ 223(F) PUR/ REFIN HSG.",86.0,99.0,3.21837819781
08511222,08511232,"MO","207/ 223(F) PUR/ REFIN HSG.",81.0,99.0,0.55995951164
08511237,08511256,"MO","207/ 223(F) PUR/ REFIN HSG.",87.0,97.0,2.73992638431
08532029,08532026,"MO","223(a)(7)/220 Refi/ Urban Renewal",78.0,97.0,9.72066454724
08535463,08535467,"MO","223(a)(7)/221(d)(4) MKT  Refi/ Moderate",86.0,99.0,0.0959440972807
08535466,08535473,"MO","223(a)(7)/221(d)(4) MKT  Refi/ Moderate",86.0,98.0,0.107880688644
08535472,08535468,"MO","223(a)(7)/221(d)(4) MKT  Refi/ Moderate",85.0,97.0,0.177149961912
08535508,08435366,"MO","221(D)(4) MKT. RATE MOD INC/ DISP FAMS",83.0,97.0,0.240189784731
08535542,08535548,"MO","223(a)(7)/221(d)(4) MKT  Refi/ Moderate",59.0,97.0,0.782970762577
08535544,08535553,"MO","223(a)(7)/221(d)(4) MKT  Refi/ Moderate",59.0,98.0,2.10813619392
08535547,08535552,"MO","223(a)(7)/221(d)(4) MKT  Refi/ Moderate",77.0,98.0,1.43029948916
08535573,08535592,"MO","223(a)(7)/221(d)(4) MKT  Refi/ Moderate",77.0,99.0,9.37809577598
08535576,08535565,"MO","221(D)(4) MKT. RATE MOD INC/ DISP FAMS",61.0,99.0,0.3911352534
08598014,08598036,"MO","542(C) HFA RISK SHARING-RECENT COMP",0.0,100.0,3.83970777505
08598040,08498030,"MO","542(C) HFA RISK SHARING-RECENT COMP",85.0,99.0,0.827678715334
08611057,08111102,"TN","207/ 223(F) PUR/ REFIN HSG.",86.0,99.0,0.980693633761
08611110,08711077,"TN","207/ 223(F) PUR/ REFIN HSG.",86.0,97.0,2.05351989478
08611112,08111108,"TN","207/ 223(F) PUR/ REFIN HSG.",77.0,99.0,0.297006660597
08611116,08711111,"TN","207/ 223(F) PUR/ REFIN HSG.",86.0,99.0,1.57785612124
08611136,08611117,"TN","207/ 223(F) PUR/ REFIN HSG.",87.0,99.0,0.407638633021
08635347,08735264,"TN","221(D)(4) MKT. RATE MOD INC/ DISP FAMS",59.0,99.0,1.78684485587
08635354,08635440,"TN","221(D)(4) MKT. RATE MOD INC/ DISP FAMS",86.0,98.0,1.3390857977
08635407,08735317,"TN","223(a)(7)/221(d)(4) MKT  Refi/ Moderate",81.0,97.0,2.1676167852
08635417,08635436,"TN","221(D)(4) MKT. RATE MOD INC/ DISP FAMS",85.0,99.0,0.0787698878381
08635446,08635462,"TN","223(a)(7)/221(d)(4) MKT  Refi/ Moderate",85.0,99.0,0.102807327883
08711069,08711140,"TN","207/ 223(F) PUR/ REFIN HSG.",83.0,99.0,4.96423319707
08711079,08711074,"TN","207/ 223(F) PUR/ REFIN HSG.",83.0,97.0,3.62663455064
08711081,08711080,"TN","223(A)(7) REFI OF 223(F) APTS",72.0,99.0,0.860532960809
08711098,08611075,"TN","223(A)(7) REFI OF 223(F) APTS",53.0,99.0,4.89976234152
08711099,08111077,"TN","207/ 223(F) PUR/ REFIN HSG.",78.0,98.0,0.773819436186
08711123,08711116,"TN","207/ 223(F) PUR/ REFIN HSG.",82.0,100.0,1.67101160225
08711130,08611134,"TN","207/ 223(F) PUR/ REFIN HSG.",82.0,97.0,1.02483447734
08711148,08711121,"TN","207/ 223(F) PUR/ REFIN HSG.",85.0,100.0,2.86538675114
08735260,08735249,"TN","223(a)(7)/221(d)(4) MKT  Refi/ Moderate",83.0,98.0,4.56301421524
08735298,08635437,"TN","221(D)(4) MKT. RATE MOD INC/ DISP FAMS",75.0,98.0,0.301603074245
08735312,08635434,"TN","221(D)(4) MKT. RATE MOD INC/ DISP FAMS",84.0,98.0,0.515812726179
08735328,08635395,"TN","223(a)(7)/221(d)(4) MKT  Refi/ Moderate",81.0,99.0,1.72239051808
09111037,09111042,"SD","207/ 223(F) PUR/ REFIN HSG.",78.0,97.0,0.450050920799
09211198,09211252,"MN","207/ 223(F) PUR/ REFIN HSG.",81.0,98.0,2.73420276928
09211229,09211305,"MN","207/ 223(F) PUR/ REFIN HSG.",84.0,97.0,1.36560218012
09211239,09211253,"MN","207/ 223(F) PUR/ REFIN HSG.",77.0,98.0,0.484933365156
09211245,09211248,"MN","207/ 223(F) PUR/ REFIN HSG.",83.0,100.0,1.84511234396
09211251,09211236,"MN","207/ 223(F) PUR/ REFIN HSG.",83.0,99.0,2.60065354822
09211302,09211418,"MN","207/ 223(F) PUR/ REFIN HSG.",78.0,97.0,2.1512357042
09211309,09211349,"MN","223(A)(7) REFI OF 223(F) APTS",86.0,99.0,0.104789931495
09211321,09211533,"MN","207/ 223(F) PUR/ REFIN HSG.",72.0,98.0,4.26744590855
09211331,09211313,"MN","207/ 223(F) PUR/ REFIN HSG.",81.0,98.0,1.81843532436
09211339,09211341,"MN","223(A)(7) REFI OF 223(F) APTS",81.0,98.0,0.532115787348
09211351,09211405,"MN","207/ 223(F) PUR/ REFIN HSG.",80.0,99.0,1.60021377929
09211361,09211454,"MN","207/ 223(F) PUR/ REFIN HSG.",82.0,99.0,1.94230540005
09211390,09211465,"MN","207/ 223(F) PUR/ REFIN HSG.",82.0,98.0,3.25016560208
09211412,09211421,"MN","207/ 223(F) PUR/ REFIN HSG.",86.0,99.0,0.0643517037625
09211426,09211320,"MN","223(A)(7) REFI OF 223(F) APTS",85.0,98.0,1.25965017343
09211432,09211393,"MN","207/ 223(F) PUR/ REFIN HSG.",87.0,99.0,6.47960579217
09211433,09211451,"MN","207/ 223(F) PUR/ REFIN HSG.",82.0,97.0,0.44273800944
09211438,09211520,"MN","223(A)(7) REFI OF 223(F) APTS",87.0,100.0,2.30474421775
09211442,09211453,"MN","207/ 223(F) PUR/ REFIN HSG.",80.0,98.0,0.189322909483
09211443,09211327,"MN","223(A)(7) REFI OF 223(F) APTS",67.0,99.0,3.07054586134
09211447,09211507,"MN","207/ 223(F) PUR/ REFIN HSG.",87.0,97.0,0.888927846126
09211449,09211391,"MN","207/ 223(F) PUR/ REFIN HSG.",81.0,99.0,0.522124460201
09211463,09211537,"MN","207/ 223(F) PUR/ REFIN HSG.",86.0,98.0,0.490090874797
09211469,09211540,"MN","207/ 223(F) PUR/ REFIN HSG.",84.0,99.0,0.273918206282
09211484,09211474,"MN","207/ 223(F) PUR/ REFIN HSG.",87.0,98.0,0.181037160061
09211493,09211470,"MN","207/ 223(F) PUR/ REFIN HSG.",84.0,97.0,0.784373320481
09211494,09211526,"MN","207/ 223(F) PUR/ REFIN HSG.",76.0,99.0,1.06068307133
09211501,09211532,"MN","207/ 223(F) PUR/ REFIN HSG.",79.0,98.0,2.06658603192
09211502,09211505,"MN","207/ 223(F) PUR/ REFIN HSG.",85.0,98.0,1.7463859033
09211506,09211497,"MN","207/ 223(F) PUR/ REFIN HSG.",85.0,98.0,0.462249612421
09211508,09211511,"MN","223(A)(7) REFI OF 223(F) APTS",80.0,98.0,3.72249887195
09211510,09211541,"MN","207/ 223(F) PUR/ REFIN HSG.",82.0,98.0,0.91696210785
09211512,09211423,"MN","207/ 223(F) PUR/ REFIN HSG.",85.0,98.0,1.80396542091
09211516,09211428,"MN","207/ 223(F) PUR/ REFIN HSG.",87.0,99.0,2.66282099178
09211518,09211572,"MN","207/ 223(F) PUR/ REFIN HSG.",86.0,99.0,9.54347565501
09211523,09211571,"MN","207/ 223(F) PUR/ REFIN HSG.",86.0,99.0,8.98956925934
09211548,09211556,"MN","207/ 223(F) PUR/ REFIN HSG.",59.0,99.0,2.72479714733
09211549,09211386,"MN","207/ 223(F) PUR/ REFIN HSG.",87.0,99.0,8.10071426746
09211563,09211396,"MN","207/ 223(F) PUR/ REFIN HSG.",85.0,97.0,7.68654077972
09223183,09223243,"MN","213 MANAGEMENT COOPERATIVE",83.0,99.0,4.4521957772
09223210,09223222,"MN","RED  223(A)(7) REFI OF 213 COOP",82.0,100.0,0.862960847594
09223241,09223275,"MN","RED  223(A)(7) REFI OF 213 COOP",85.0,99.0,2.92682382186
09223288,09223281,"MN","RED  223(A)(7) REFI OF 213 COOP",83.0,98.0,0.139216986387
09223292,09223260,"MN","RED  223(A)(7) REFI OF 213 COOP",80.0,100.0,0.335388158317
09235687,09235752,"MN","223(a)(7)/221(d)(4) MKT  Refi/ Moderate",81.0,97.0,12.5363818348
09235731,09235736,"MN","223(a)(7)/221(d)(4) MKT  Refi/ Moderate",82.0,99.0,0.618915108499
09235745,09235722,"MN","223(a)(7)/221(d)(3) MKT Refi/ Moderate I",87.0,99.0,8.87216927576
09235758,09235733,"MN","223(a)(7)/221(d)(4) MKT  Refi/ Moderate",45.0,97.0,0.438119749649
09235764,09235751,"MN","223(a)(7)/221(d)(4) MKT  Refi/ Moderate",83.0,97.0,0.803367969496
09235778,09235811,"MN","221(D)(4) MKT. RATE MOD INC/ DISP FAMS",59.0,98.0,0.556999607174
09235801,09235799,"MN","223(a)(7)/221(d)(4) MKT  Refi/ Moderate",85.0,99.0,0.759790500053
09235818,09235837,"MN","221(D)(4) MKT. RATE MOD INC/ DISP FAMS",83.0,98.0,0.566886120242
09235828,09235846,"MN","221(D)(4) MKT. RATE MOD INC/ DISP FAMS",84.0,99.0,0.251109133221
09235839,09235842,"MN","221(D)(4) MKT. RATE MOD INC/ DISP FAMS",59.0,99.0,0.715911225859
09235849,09235867,"MN","221(D)(4) MKT. RATE MOD INC/ DISP FAMS",84.0,100.0,0.238878068377
09235850,09235869,"MN","221(D)(4) MKT. RATE MOD INC/ DISP FAMS",83.0,99.0,0.414022922394
09235856,09235847,"MN","221(D)(4) MKT. RATE MOD INC/ DISP FAMS",83.0,100.0,0.437613888045
09298037,09298053,"MN","542(C) HFA RISK SHARING-RECENT COMP",82.0,98.0,0.240069755321
09298070,09298046,"MN","542(C) HFA RISK SHARING-RECENT COMP",73.0,100.0,0.985281129207
09298083,09298136,"MN","542(C) HFA RISK SHARING-RECENT COMP",80.0,97.0,5.40489120033
09298091,09298127,"MN","542(C) HFA RISK SHARING-RECENT COMP",87.0,99.0,0.392374635815
09298093,09298109,"MN","542(c) HFA Risk Sharing-Existing",84.0,99.0,2.36068899425
09298100,09298137,"MN","542(C) HFA RISK SHARING-RECENT COMP",80.0,100.0,1.74773280226
09298106,09298130,"MN","542(C) HFA RISK SHARING-RECENT COMP",77.0,100.0,1.51846128346
09298115,09298108,"MN","542(C) HFA RISK SHARING-RECENT COMP",84.0,99.0,1.16771600084
09298122,09298121,"MN","542(C) HFA RISK SHARING-RECENT COMP",69.0,97.0,2.86553744208
09298124,09298116,"MN","542(C) HFA RISK SHARING-RECENT COMP",85.0,99.0,2.04570484819
09298128,09298187,"MN","542(C) HFA RISK SHARING-RECENT COMP",59.0,97.0,3.96873797149
09298146,09298145,"MN","542(C) HFA RISK SHG -- FFB NC/SR",76.0,99.0,0.158168455494
09298149,09298160,"MN","542(C) HFA RISK SHG---FFB EXISTING",80.0,98.0,1.92752395545
09298153,09298151,"MN","542(C) HFA RISK SHG -- FFB NC/SR",87.0,99.0,1.91910133801
09298158,09298148,"MN","542(C) HFA RISK SHG -- FFB NC/SR",56.0,100.0,0.756944937913
09298163,09298143,"MN","542(C) HFA RISK SHG -- FFB NC/SR",87.0,98.0,0.112600792889
09298165,09298179,"MN","542(c) HFA Risk Sharing-Existing",81.0,97.0,0.230658088742
09298169,09298171,"MN","542(C) HFA RISK SHARING-RECENT COMP",80.0,97.0,0.106958956827
09298189,09298178,"MN","542(C) HFA RISK SHARING-RECENT COMP",86.0,100.0,0.454933192062
09298192,09298203,"MN","542(C) HFA RISK SHARING-RECENT COMP",80.0,100.0,0.913283168354
09298198,09298173,"MN","542(C) HFA RISK SHARING-RECENT COMP",77.0,99.0,0.795085636702
09298215,09298183,"MN","542(c) HFA Risk Sharing-Existing",75.0,100.0,0.265713296392
09311024,09311030,"MT","207/ 223(F) PUR/ REFIN HSG.",73.0,97.0,1.48949359264
09311026,09311036,"MT","207/ 223(F) PUR/ REFIN HSG.",81.0,100.0,3.30098238837
09311035,09311033,"MT","207/ 223(F) PUR/ REFIN HSG.",80.0,97.0,3.22691351218
09411023,09411026,"ND","207/ 223(F) PUR/ REFIN HSG.",85.0,100.0,1.73916555521
09411025,09411014,"ND","207/ 223(F) PUR/ REFIN HSG.",77.0,98.0,2.84866429016
10111175,10111180,"CO","207/ 223(F) PUR/ REFIN HSG.",79.0,98.0,8.87902647389
10111225,10111208,"CO","207/ 223(F) PUR/ REFIN HSG.",73.0,100.0,0.471409534516
10111233,10111288,"CO","207/ 223(F) PUR/ REFIN HSG.",79.0,97.0,2.16542732547
10111282,10111273,"CO","207/ 223(F) PUR/ REFIN HSG.",81.0,97.0,0.569479768269
10111295,10111279,"CO","207/ 223(F) PUR/ REFIN HSG.",81.0,97.0,0.263374483476
10111318,10111307,"CO","207/ 223(F) PUR/ REFIN HSG.",78.0,97.0,0.279426680247
10111323,10111317,"CO","207/ 223(F) PUR/ REFIN HSG.",83.0,99.0,1.9178732465
10111326,10111369,"CO","207/ 223(F) PUR/ REFIN HSG.",81.0,99.0,1.29199139695
10135624,10135660,"CO","221(D)(4) MKT. RATE MOD INC/ DISP FAMS",81.0,97.0,0.476558584483
10135729,10135748,"CO","221(D)(4) MKT. RATE MOD INC/ DISP FAMS",82.0,98.0,0.752913696566
10135796,10135780,"CO","223(a)(7)/221(d)(4) MKT  Refi/ Moderate",84.0,99.0,0.832843379075
10211040,10211036,"KS","207/ 223(F) PUR/ REFIN HSG.",84.0,100.0,0.222941923331
10211078,10211071,"KS","207/ 223(F) PUR/ REFIN HSG.",59.0,98.0,0.654493671805
10211088,10211092,"KS","207/ 223(F) PUR/ REFIN HSG.",87.0,97.0,0.439004847989
10211105,10211108,"KS","207/ 223(F) PUR/ REFIN HSG.",85.0,100.0,0.355236749707
10235248,10235250,"KS","223(a)(7)/221(d)(4) MKT  Refi/ Moderate",81.0,99.0,1.26870093023
10311031,10311040,"NE","207/ 223(F) PUR/ REFIN HSG.",81.0,98.0,0.81627655249
10311036,10311030,"NE","207/ 223(F) PUR/ REFIN HSG.",83.0,97.0,20.1287297571
10311045,10311112,"NE","207/ 223(F) PUR/ REFIN HSG.",87.0,98.0,4.05478875237
10311094,10311083,"NE","207/ 223(F) PUR/ REFIN HSG.",80.0,98.0,1.2648667135
10311103,10311101,"NE","223(A)(7) REFI OF 223(F) APTS",87.0,97.0,0.610717810372
10335162,10335157,"NE","221(D)(4) MKT. RATE MOD INC/ DISP FAMS",81.0,97.0,8.68621168002
10335175,10335184,"NE","221(D)(4) MKT. RATE MOD INC/ DISP FAMS",86.0,99.0,0.372078414118
10511041,10511060,"UT","223(A)(7) REFI OF 223(F) APTS",71.0,99.0,4.72884524377
10511062,10511059,"UT","223(A)(7) REFI OF 223(F) APTS",85.0,99.0,0.0390800825684
10511089,10511102,"UT","207/ 223(F) PUR/ REFIN HSG.",50.0,98.0,1.73205425681
10511090,10511104,"UT","207/ 223(F) PUR/ REFIN HSG.",59.0,99.0,3.30570900133
10511091,10511135,"UT","207/ 223(F) PUR/ REFIN HSG.",86.0,98.0,1.06380030369
10511093,10511129,"UT","207/ 223(F) PUR/ REFIN HSG.",86.0,97.0,2.44391216367
10511094,10511111,"UT","207/ 223(F) PUR/ REFIN HSG.",80.0,98.0,3.88514497184
10511109,10511045,"UT","207/ 223(F) PUR/ REFIN HSG.",84.0,98.0,10.9870934406
10511110,10511048,"UT","207/ 223(F) PUR/ REFIN HSG.",75.0,98.0,14.904684144
10511121,10511038,"UT","207/ 223(F) PUR/ REFIN HSG.",83.0,97.0,13.6152191689
10511125,10511046,"UT","207/ 223(F) PUR/ REFIN HSG.",59.0,97.0,14.5016999626
10511127,10511029,"UT","207/ 223(F) PUR/ REFIN HSG.",83.0,100.0,23.2946644351
10511136,10511034,"UT","207/ 223(F) PUR/ REFIN HSG.",70.0,99.0,11.8942252016
10511144,10511026,"UT","207/ 223(F) PUR/ REFIN HSG.",74.0,100.0,11.7432069265
10535223,10535216,"UT","223(a)(7)/221(d)(4) MKT  Refi/ Moderate",48.0,100.0,10.5749255985
10535258,10535265,"UT","221(D)(4) MKT. RATE MOD INC/ DISP FAMS",80.0,99.0,0.140815817525
10535275,10535280,"UT","221(D)(4) MKT. RATE MOD INC/ DISP FAMS",81.0,100.0,1.07195045745
10535279,10535281,"UT","221(D)(4) MKT. RATE MOD INC/ DISP FAMS",78.0,98.0,1.52034121619
10535287,10535260,"UT","221(D)(4) MKT. RATE MOD INC/ DISP FAMS",82.0,97.0,4.99339077365
10535305,10535306,"UT","223(a)(7)/221(d)(4) MKT  Refi/ Moderate",87.0,98.0,0.918871321319
10911021,10911013,"WY","207/ 223(F) PUR/ REFIN HSG.",86.0,99.0,1.80869478952
10935069,10935067,"WY","223(a)(7)/221(d)(4) MKT  Refi/ Moderate",85.0,97.0,1.91994101065
11235421,11535708,"TX","221(D)(4) MKT. RATE MOD INC/ DISP FAMS",78.0,97.0,2.4669487459
11311109,11311107,"TX","207/ 223(F) PUR/ REFIN HSG.",68.0,97.0,0.171971325474
11311116,11411236,"TX","207/ 223(F) PUR/ REFIN HSG.",85.0,98.0,0.909501969471
11311186,11511197,"TX","207/ 223(F) PUR/ REFIN HSG.",80.0,98.0,1.10131582811
11311214,11411389,"TX","207/ 223(F) PUR/ REFIN HSG.",81.0,97.0,0.330742340082
11311217,11411436,"TX","207/ 223(F) PUR/ REFIN HSG.",79.0,97.0,0.490533774356
11311237,11511191,"TX","207/ 223(F) PUR/ REFIN HSG.",65.0,99.0,0.258111007654
11311243,11511246,"TX","207/ 223(F) PUR/ REFIN HSG.",83.0,99.0,0.948795093844
11311244,11411390,"TX","207/ 223(F) PUR/ REFIN HSG.",83.0,99.0,0.275923980223
11311264,11311310,"TX","207/ 223(F) PUR/ REFIN HSG.",59.0,97.0,0.326731986495
11311268,11411422,"TX","207/ 223(F) PUR/ REFIN HSG.",74.0,97.0,0.243259056565
11311294,11411480,"TX","207/ 223(F) PUR/ REFIN HSG.",82.0,98.0,0.437560365147
11311314,11511309,"TX","207/ 223(F) PUR/ REFIN HSG.",85.0,99.0,0.33581543107
11311321,11511288,"TX","207/ 223(F) PUR/ REFIN HSG.",87.0,99.0,0.363958369864
11311331,11411383,"TX","207/ 223(F) PUR/ REFIN HSG.",59.0,97.0,0.304127066537
11311333,11511276,"TX","207/ 223(F) PUR/ REFIN HSG.",86.0,99.0,0.141948699197
11311334,11411477,"TX","207/ 223(F) PUR/ REFIN HSG.",82.0,98.0,0.0902080812779
11311343,11411440,"TX","207/ 223(F) PUR/ REFIN HSG.",80.0,98.0,0.0686322734525
11311351,11511279,"TX","207/ 223(F) PUR/ REFIN HSG.",86.0,100.0,0.0753774439007
11311352,11411572,"TX","207/ 223(F) PUR/ REFIN HSG.",58.0,99.0,0.413513501609
11311362,11511284,"TX","207/ 223(F) PUR/ REFIN HSG.",42.0,98.0,0.153178330819
11311368,11311296,"TX","207/ 223(F) PUR/ REFIN HSG.",75.0,97.0,0.141285365289
11311372,11311376,"TX","207/ 223(F) PUR/ REFIN HSG.",83.0,97.0,0.0594748452189
11311374,11411565,"TX","207/ 223(F) PUR/ REFIN HSG.",85.0,99.0,0.331981954092
11311378,11411520,"TX","223(A)(7) REFI OF 223(F) APTS",85.0,97.0,1.54670169342
11311379,11311371,"TX","207/ 223(F) PUR/ REFIN HSG.",31.0,97.0,0.0962587131458
11311383,11311385,"TX","207/ 223(F) PUR/ REFIN HSG.",83.0,97.0,0.130809668664
11311386,11511344,"TX","207/ 223(F) PUR/ REFIN HSG.",67.0,99.0,0.118405571714
11311390,11311434,"TX","207/ 223(F) PUR/ REFIN HSG.",79.0,99.0,1.35966966566
11311391,11311429,"TX","207/ 223(F) PUR/ REFIN HSG.",86.0,98.0,0.184035072716
11311398,11311445,"TX","207/ 223(F) PUR/ REFIN HSG.",66.0,97.0,0.13071895719
11311403,11511328,"TX","207/ 223(F) PUR/ REFIN HSG.",55.0,99.0,0.025821090668
11311406,11511363,"TX","207/ 223(F) PUR/ REFIN HSG.",84.0,100.0,0.121006083514
11311407,11311453,"TX","207/ 223(F) PUR/ REFIN HSG.",86.0,98.0,0.0472282014342
11311410,11411510,"TX","207/ 223(F) PUR/ REFIN HSG.",87.0,99.0,0.0238915334148
11311413,11511388,"TX","207/ 223(F) PUR/ REFIN HSG.",81.0,98.0,0.0297833283693
11311425,11411519,"TX","223(A)(7) REFI OF 223(F) APTS",3.0,99.0,1.51200719579
11311428,11411527,"TX","207/ 223(F) PUR/ REFIN HSG.",67.0,99.0,0.178034286287
11311432,11411525,"TX","207/ 223(F) PUR/ REFIN HSG.",80.0,99.0,0.367164125016
11311433,11411529,"TX","207/ 223(F) PUR/ REFIN HSG.",85.0,97.0,0.146251784336
11311435,11311420,"TX","207/ 223(F) PUR/ REFIN HSG.",78.0,97.0,0.801302576699
11311442,11511351,"TX","207/ 223(F) PUR/ REFIN HSG.",86.0,98.0,0.851330705273
11311446,11411533,"TX","207/ 223(F) PUR/ REFIN HSG.",83.0,99.0,0.510811769273
11311450,11511397,"TX","207/ 223(F) PUR/ REFIN HSG.",77.0,100.0,1.43244985565
11311452,11411514,"TX","207/ 223(F) PUR/ REFIN HSG.",22.0,98.0,0.0833492447845
11311461,11511331,"TX","207/ 223(F) PUR/ REFIN HSG.",86.0,99.0,0.186332783348
11311464,11411543,"TX","207/ 223(F) PUR/ REFIN HSG.",59.0,97.0,0.822044702995
11311469,11511354,"TX","207/ 223(F) PUR/ REFIN HSG.",86.0,100.0,0.0453144529253
11311471,11511396,"TX","207/ 223(F) PUR/ REFIN HSG.",86.0,99.0,0.319532607718
11311480,11511353,"TX","207/ 223(F) PUR/ REFIN HSG.",73.0,99.0,0.1929733106
11311485,11411517,"TX","207/ 223(F) PUR/ REFIN HSG.",53.0,100.0,1.32597997281
11311487,11511390,"TX","207/ 223(F) PUR/ REFIN HSG.",59.0,98.0,1.38030962539
11311488,11411586,"TX","207/ 223(F) PUR/ REFIN HSG.",50.0,100.0,0.631505112121
11311495,11411591,"TX","207/ 223(F) PUR/ REFIN HSG.",0.0,100.0,0.591000399468
11311497,11411570,"TX","207/ 223(F) PUR/ REFIN HSG.",70.0,98.0,0.181623720924
11311502,11311540,"TX","207/ 223(F) PUR/ REFIN HSG.",80.0,97.0,2.59248849529
11311514,11411564,"TX","207/ 223(F) PUR/ REFIN HSG.",84.0,100.0,4.84992177658
11311515,11511423,"TX","207/ 223(F) PUR/ REFIN HSG.",86.0,98.0,4.64583557719
11311524,11411474,"TX","207/ 223(F) PUR/ REFIN HSG.",80.0,98.0,7.07185853641
11311525,11511301,"TX","207/ 223(F) PUR/ REFIN HSG.",85.0,99.0,12.2806825941
11311533,11411587,"TX","207/ 223(F) PUR/ REFIN HSG.",74.0,100.0,6.13440816485
11311541,11511434,"TX","207/ 223(F) PUR/ REFIN HSG.",56.0,98.0,2.36560167816
11335361,11435676,"TX","221(D)(4) MKT. RATE MOD INC/ DISP FAMS",83.0,97.0,0.134352198043
11335428,11435643,"TX","221(D)(4) MKT. RATE MOD INC/ DISP FAMS",87.0,98.0,0.254098431728
11335460,11535663,"TX","221(D)(4) MKT. RATE MOD INC/ DISP FAMS",80.0,98.0,0.653729007066
11335484,11335506,"TX","221(D)(4) MKT. RATE MOD INC/ DISP FAMS",85.0,97.0,0.546042803439
11335513,11535628,"TX","221(D)(4) MKT. RATE MOD INC/ DISP FAMS",77.0,99.0,0.394099056732
11335517,11335545,"TX","223(a)(7)/221(d)(4) MKT  Refi/ Moderate",83.0,99.0,0.245060746879
11335572,11435710,"TX","223(a)(7)/221(d)(4) MKT  Refi/ Moderate",80.0,97.0,0.492296183899
11335575,11535741,"TX","221(D)(4) MKT. RATE MOD INC/ DISP FAMS",78.0,99.0,0.195687581516
11335589,11535638,"TX","221(D)(4) MKT. RATE MOD INC/ DISP FAMS",82.0,98.0,0.484863037056
11335595,11535757,"TX","221(D)(4) MKT. RATE MOD INC/ DISP FAMS",53.0,97.0,0.362343906617
11335624,11435737,"TX","221(D)(4) MKT. RATE MOD INC/ DISP FAMS",82.0,97.0,0.218876902536
11335629,11535734,"TX","221(D)(4) MKT. RATE MOD INC/ DISP FAMS",42.0,98.0,0.0405005983298
11335646,11535721,"TX","221(D)(4) MKT. RATE MOD INC/ DISP FAMS",80.0,100.0,0.836430709066
11335660,11435731,"TX","221(D)(4) MKT. RATE MOD INC/ DISP FAMS",44.0,100.0,0.0624477644215
11335664,11335688,"TX","221(D)(4) MKT. RATE MOD INC/ DISP FAMS",45.0,97.0,0.0566566897252
11335679,11535940,"TX","223(a)(7)/221(d)(4) MKT  Refi/ Moderate",75.0,100.0,1.51189748948
11335683,11535767,"TX","221(D)(4) MKT. RATE MOD INC/ DISP FAMS",68.0,97.0,0.0988597692464
11335686,11535715,"TX","221(D)(4) MKT. RATE MOD INC/ DISP FAMS",74.0,97.0,0.322854448201
11335687,11535801,"TX","221(D)(4) MKT. RATE MOD INC/ DISP FAMS",73.0,99.0,0.025533711803
11335725,11535850,"TX","221(D)(4) MKT. RATE MOD INC/ DISP FAMS",81.0,98.0,0.0949308766681
11335730,11535852,"TX","221(D)(4) MKT. RATE MOD INC/ DISP FAMS",68.0,97.0,0.149594848675
11335731,11535828,"TX","221(D)(4) MKT. RATE MOD INC/ DISP FAMS",77.0,97.0,0.264074623257
11335736,11535798,"TX","221(D)(4) MKT. RATE MOD INC/ DISP FAMS",2.0,97.0,0.0322467959707
11335739,11535818,"TX","221(D)(4) MKT. RATE MOD INC/ DISP FAMS",83.0,98.0,0.00383044460045
11335763,11335684,"TX","221(D)(4) MKT. RATE MOD INC/ DISP FAMS",82.0,100.0,0.00757484426767
11335766,11335694,"TX","221(D)(4) MKT. RATE MOD INC/ DISP FAMS",52.0,97.0,0.329840243178
11335806,11435758,"TX","221(D)(4) MKT. RATE MOD INC/ DISP FAMS",85.0,99.0,0.298731492347
11335816,11535866,"TX","221(D)(4) MKT. RATE MOD INC/ DISP FAMS",84.0,99.0,0.0329450778139
11335832,11535863,"TX","221(D)(4) MKT. RATE MOD INC/ DISP FAMS",72.0,97.0,0.0581188562685
11335834,11535822,"TX","221(D)(4) MKT. RATE MOD INC/ DISP FAMS",85.0,100.0,0.133571762526
11335836,11535872,"TX","221(D)(4) MKT. RATE MOD INC/ DISP FAMS",81.0,99.0,0.260747137601
11335838,11435800,"TX","221(D)(4) MKT. RATE MOD INC/ DISP FAMS",22.0,100.0,0.0986399578545
11335841,11335865,"TX","223(a)(7)/221(d)(4) MKT  Refi/ Moderate",86.0,99.0,0.121158875386
11335842,11435816,"TX","221(D)(4) MKT. RATE MOD INC/ DISP FAMS",69.0,97.0,0.0334456176818
11335853,11435795,"TX","221(D)(4) MKT. RATE MOD INC/ DISP FAMS",81.0,97.0,0.113335685083
11335854,11535868,"TX","221(D)(4) MKT. RATE MOD INC/ DISP FAMS",81.0,99.0,0.142747452231
11335866,11335875,"TX","223(a)(7)/221(d)(4) MKT  Refi/ Moderate",84.0,99.0,0.133718103569
11335870,11335840,"TX","221(D)(4) MKT. RATE MOD INC/ DISP FAMS",82.0,99.0,0.294267107504
11335885,11335864,"TX","223(a)(7)/221(d)(4) MKT  Refi/ Moderate",87.0,97.0,0.168551306532
11335887,11535880,"TX","221(D)(4) MKT. RATE MOD INC/ DISP FAMS",85.0,99.0,0.0996417238455
11335889,11335855,"TX","223(a)(7)/221(d)(4) MKT  Refi/ Moderate",85.0,99.0,0.122995789776
11335892,11535915,"TX","223(a)(7)/221(d)(4) MKT  Refi/ Moderate",73.0,100.0,0.315389264917
11335896,11535939,"TX","223(a)(7)/221(d)(4) MKT  Refi/ Moderate",84.0,98.0,0.852750036926
11335898,11335938,"TX","223(a)(7)/221(d)(4) MKT  Refi/ Moderate",79.0,100.0,0.132945216239
11335901,11535846,"TX","221(D)(4) MKT. RATE MOD INC/ DISP FAMS",59.0,100.0,0.710114471134
11335902,11535904,"TX","223(a)(7)/221(d)(4) MKT  Refi/ Moderate",68.0,98.0,0.110629958951
11335906,11435820,"TX","221(D)(4) MKT. RATE MOD INC/ DISP FAMS",83.0,98.0,0.623948875342
11335909,11435793,"TX","221(D)(4) MKT. RATE MOD INC/ DISP FAMS",54.0,99.0,0.310115134022
11335920,11335803,"TX","221(D)(4) MKT. RATE MOD INC/ DISP FAMS",81.0,99.0,0.60588060337
11335926,11535913,"TX","221(D)(4) MKT. RATE MOD INC/ DISP FAMS",66.0,99.0,0.601800064794
11335941,11535918,"TX","223(a)(7)/221(d)(4) MKT  Refi/ Moderate",81.0,98.0,0.183617409105
11335952,11335935,"TX","223(a)(7)/221(d)(4) MKT  Refi/ Moderate",87.0,98.0,0.534767822045
11335973,11535752,"TX","221(D)(4) MKT. RATE MOD INC/ DISP FAMS",72.0,98.0,0.837112067659
11335982,11335817,"TX","221(D)(4) MKT. RATE MOD INC/ DISP FAMS",85.0,97.0,0.696067106288
11335992,11435786,"TX","221(D)(4) MKT. RATE MOD INC/ DISP FAMS",59.0,97.0,1.29399543003
11336130,11536038,"TX","221(D)(4) MKT. RATE MOD INC/ DISP FAMS",67.0,100.0,0.241725625363
11338015,11338012,"TX","231 Elderly Housing",78.0,97.0,0.944182759958
11411250,11511170,"TX","207/ 223(F) PUR/ REFIN HSG.",84.0,99.0,1.6730929406
11411329,11411242,"TX","207/ 223(F) PUR/ REFIN HSG.",87.0,98.0,0.523110882296
11411364,11411365,"TX","207/ 223(F) PUR/ REFIN HSG.",78.0,97.0,0.25804673096
11411396,11411393,"TX","207/ 223(F) PUR/ REFIN HSG.",59.0,99.0,0.190234777762
11411400,11411397,"TX","207/ 223(F) PUR/ REFIN HSG.",84.0,98.0,0.166766622199
11411407,11411420,"TX","207/ 223(F) PUR/ REFIN HSG.",83.0,98.0,1.29533998319
11411415,11511268,"TX","207/ 223(F) PUR/ REFIN HSG.",84.0,99.0,0.499981012219
11411425,11411312,"TX","207/ 223(F) PUR/ REFIN HSG.",85.0,99.0,4.63074665558
11411431,11411323,"TX","207/ 223(F) PUR/ REFIN HSG.",83.0,99.0,3.86273479759
11411447,11511298,"TX","207/ 223(F) PUR/ REFIN HSG.",81.0,100.0,0.184431679426
11411473,11411413,"TX","207/ 223(F) PUR/ REFIN HSG.",73.0,98.0,6.90079574815
11411485,11311462,"TX","207/ 223(F) PUR/ REFIN HSG.",81.0,99.0,9.0017495164
11411491,11511325,"TX","207/ 223(F) PUR/ REFIN HSG.",84.0,99.0,5.08098819511
11411494,11511373,"TX","207/ 223(F) PUR/ REFIN HSG.",85.0,98.0,2.58307824421
11411522,11511318,"TX","207/ 223(F) PUR/ REFIN HSG.",81.0,99.0,2.79066172524
11411528,11511304,"TX","207/ 223(F) PUR/ REFIN HSG.",78.0,98.0,9.64016460435
11411532,11311276,"TX","207/ 223(F) PUR/ REFIN HSG.",87.0,98.0,6.13136338954
11411536,11511247,"TX","207/ 223(F) PUR/ REFIN HSG.",80.0,98.0,6.33217666013
11411539,11511251,"TX","207/ 223(F) PUR/ REFIN HSG.",81.0,99.0,10.7110181807
11411541,11411458,"TX","207/ 223(F) PUR/ REFIN HSG.",50.0,97.0,5.41820348655
11411545,11411457,"TX","207/ 223(F) PUR/ REFIN HSG.",81.0,97.0,1.75775932945
11411548,11311483,"TX","207/ 223(F) PUR/ REFIN HSG.",87.0,97.0,5.61696402851
11411553,11311380,"TX","207/ 223(F) PUR/ REFIN HSG.",84.0,99.0,4.19002602981
11411559,11411304,"TX","207/ 223(F) PUR/ REFIN HSG.",85.0,98.0,7.11415999142
11435662,11335622,"TX","221(D)(4) MKT. RATE MOD INC/ DISP FAMS",66.0,100.0,0.789670225763
11435669,11435705,"TX","223(a)(7)/221(d)(4) MKT  Refi/ Moderate",82.0,97.0,0.180580059171
11435687,11535659,"TX","221(D)(4) MKT. RATE MOD INC/ DISP FAMS",85.0,97.0,4.44236300333
11435713,11535465,"TX","223(a)(7)/221(d)(4) MKT  Refi/ Moderate",81.0,97.0,1.37665329151
11435735,11335558,"TX","223(a)(7)/221(d)(4) MKT  Refi/ Moderate",84.0,98.0,0.286745651739
11435764,11335666,"TX","221(D)(4) MKT. RATE MOD INC/ DISP FAMS",82.0,99.0,0.49513616055
11435785,11435743,"TX","221(D)(4) MKT. RATE MOD INC/ DISP FAMS",86.0,100.0,1.118415383
11511198,11511181,"TX","223(A)(7) REFI OF 223(F) APTS",79.0,98.0,3.70703472285
11511206,11411356,"TX","223(A)(7) REFI OF 223(F) APTS",74.0,98.0,1.08804748828
11511254,11411386,"TX","207/ 223(F) PUR/ REFIN HSG.",44.0,97.0,2.4119940318
11511305,11311247,"TX","207/ 223(F) PUR/ REFIN HSG.",81.0,98.0,1.21716247188
11511314,11511227,"TX","207/ 223(F) PUR/ REFIN HSG.",79.0,99.0,2.24692372095
11511322,11511229,"TX","207/ 223(F) PUR/ REFIN HSG.",77.0,100.0,11.3236152117
11511323,11311249,"TX","207/ 223(F) PUR/ REFIN HSG.",84.0,97.0,12.0391221099
11511333,11511225,"TX","207/ 223(F) PUR/ REFIN HSG.",86.0,99.0,15.3918911266
11511357,11311248,"TX","207/ 223(F) PUR/ REFIN HSG.",79.0,99.0,17.1674669997
11511362,11311416,"TX","223(A)(7) REFI OF 223(F) APTS",80.0,98.0,1.42261755857
11511382,11511407,"TX","207/ 223(F) PUR/ REFIN HSG.",86.0,99.0,11.2950123074
11511386,11511277,"TX","207/ 223(F) PUR/ REFIN HSG.",83.0,97.0,7.48039320709
11511389,11411464,"TX","207/ 223(F) PUR/ REFIN HSG.",83.0,98.0,8.5817259837
11511401,11511190,"TX","207/ 223(F) PUR/ REFIN HSG.",81.0,98.0,15.8486850636
11511416,11511441,"TX","207/ 223(F) PUR/ REFIN HSG.",78.0,97.0,8.28552212109
11511420,11511159,"TX","207/ 223(F) PUR/ REFIN HSG.",54.0,99.0,10.1606948594
11511428,11411234,"TX","207/ 223(F) PUR/ REFIN HSG.",71.0,97.0,19.8024399902
11535520,11535447,"TX","223(a)(7)/221(d)(4) MKT  Refi/ Moderate",87.0,99.0,1.5794864057
11535610,11535620,"TX","221(D)(4) MKT. RATE MOD INC/ DISP FAMS",87.0,100.0,0.728365110791
11535624,11535576,"TX","221(D)(4) MKT. RATE MOD INC/ DISP FAMS",78.0,97.0,0.894245484168
11535640,11335570,"TX","223(a)(7)/221(d)(4) MKT  Refi/ Moderate",55.0,97.0,0.10106509871
11535641,11435706,"TX","223(a)(7)/221(d)(4) MKT  Refi/ Moderate",86.0,97.0,0.513751576069
11535759,11535758,"TX","221(D)(4) MKT. RATE MOD INC/ DISP FAMS",84.0,97.0,0.433500625496
11535781,11535748,"TX","221(D)(4) MKT. RATE MOD INC/ DISP FAMS",86.0,98.0,1.27260122874
11535803,11535839,"TX","221(D)(4) MKT. RATE MOD INC/ DISP FAMS",68.0,100.0,0.0386550215135
11535806,11435771,"TX","221(D)(4) MKT. RATE MOD INC/ DISP FAMS",82.0,97.0,0.26167030984
11535809,11535749,"TX","221(D)(4) MKT. RATE MOD INC/ DISP FAMS",86.0,99.0,0.407081290492
11535855,11535560,"TX","221(D)(4) MKT. RATE MOD INC/ DISP FAMS",58.0,97.0,5.45293611602
11535857,11535867,"TX","221(D)(4) MKT. RATE MOD INC/ DISP FAMS",75.0,97.0,0.00135935295225
11535871,11435783,"TX","221(D)(4) MKT. RATE MOD INC/ DISP FAMS",87.0,99.0,0.232737051419
11535878,11535912,"TX","223(a)(7)/221(d)(4) MKT  Refi/ Moderate",85.0,97.0,0.547718250423
11535889,11535804,"TX","221(D)(4) MKT. RATE MOD INC/ DISP FAMS",79.0,98.0,0.56543941496
11535927,11335649,"TX","221(D)(4) MKT. RATE MOD INC/ DISP FAMS",82.0,97.0,1.58706321053
11535977,11535860,"TX","221(D)(4) MKT. RATE MOD INC/ DISP FAMS",81.0,99.0,0.809168213703
11611045,11611059,"NM","207/ 223(F) PUR/ REFIN HSG.",67.0,98.0,4.87011418418
11611047,11611054,"NM","207/ 223(F) PUR/ REFIN HSG.",87.0,97.0,1.11030892576
11711081,11711115,"OK","207/ 223(F) PUR/ REFIN HSG.",87.0,98.0,7.84344610153
11711109,11711099,"OK","207/ 223(F) PUR/ REFIN HSG.",87.0,99.0,2.46560782797
11711113,11811044,"OK","207/ 223(F) PUR/ REFIN HSG.",87.0,99.0,1.77694488683
11711143,11811047,"OK","207/ 223(F) PUR/ REFIN HSG.",80.0,99.0,7.28748140814
11735259,11735256,"OK","221(D)(4) MKT. RATE MOD INC/ DISP FAMS",85.0,97.0,0.421012947261
11735271,11835234,"OK","221(D)(4) MKT. RATE MOD INC/ DISP FAMS",82.0,99.0,2.60148919517
11835252,11835262,"OK","223(a)(7)/221(d)(4) MKT  Refi/ Moderate",83.0,97.0,0.905237407476
12111055,12211183,"CA","207/ 223(F) PUR/ REFIN HSG.",83.0,99.0,20.7500357546
12111091,12111172,"CA","207/ 223(F) PUR/ REFIN HSG.",80.0,97.0,1.69331542714
12111092,12111087,"CA","207/ 223(F) PUR/ REFIN HSG.",81.0,97.0,0.296384986831
12111140,12211242,"CA","207/ 223(F) PUR/ REFIN HSG.",69.0,98.0,0.169375305365
12111194,12211378,"CA","223(A)(7) REFI OF 223(F) APTS",87.0,99.0,0.598177683998
12111223,12211432,"CA","207/ 223(F) PUR/ REFIN HSG.",82.0,99.0,0.174049481054
12111226,12111185,"CA","207/ 223(F) PUR/ REFIN HSG.",78.0,100.0,0.326553992484
12111234,12111198,"CA","207/ 223(F) PUR/ REFIN HSG.",59.0,97.0,0.189947858607
12111235,13611072,"CA","207/ 223(F) PUR/ REFIN HSG.",74.0,97.0,0.628415479132
12111236,12211395,"CA","207/ 223(F) PUR/ REFIN HSG.",87.0,99.0,0.886604358436
12111237,12111202,"CA","207/ 223(F) PUR/ REFIN HSG.",59.0,98.0,0.403481435945
12111251,12211430,"CA","207/ 223(F) PUR/ REFIN HSG.",87.0,100.0,0.222959940179
12111255,12911095,"CA","207/ 223(F) PUR/ REFIN HSG.",83.0,99.0,0.354946728858
12111256,12111229,"CA","207/ 223(F) PUR/ REFIN HSG.",75.0,97.0,0.422336931327
12111257,14311215,"CA","207/ 223(F) PUR/ REFIN HSG.",71.0,97.0,0.170868940004
12111286,14311224,"CA","223(A)(7) REFI OF 223(F) APTS",85.0,98.0,1.14619079074
12111290,12211480,"CA","207/ 223(F) PUR/ REFIN HSG.",86.0,97.0,0.0312025998492
12111291,12211474,"CA","207/ 223(F) PUR/ REFIN HSG.",59.0,98.0,0.0375445834938
12111293,14311218,"CA","223(A)(7) REFI OF 223(F) APTS",87.0,98.0,2.05079279048
12111298,14311245,"CA","207/ 223(F) PUR/ REFIN HSG.",82.0,99.0,0.225362211938
12135932,12235747,"CA","223(a)(7)/221(d)(4) MKT  Refi/ Moderate",83.0,97.0,7.83111213876
12135955,12135969,"CA","223(a)(7)/221(d)(4) MKT  Refi/ Moderate",73.0,97.0,1.39600276238
12135964,12235711,"CA","221(D)(4) MKT. RATE MOD INC/ DISP FAMS",87.0,97.0,1.21436133999
12198031,12198039,"CA","542(c) HFA Risk Sharing-Existing",85.0,99.0,0.277957119061
12198081,12198068,"CA","542(C) HFA RISK SHG -- FFB NC/SR",87.0,97.0,1.10992017083
12198082,12198083,"CA","542(C) HFA RISK SHG---FFB EXISTING",77.0,100.0,0.221396433763
12198084,13698021,"CA","542(C) HFA RISK SHG -- FFB NC/SR",85.0,97.0,10.6832675544
12198091,12198050,"CA","542(c) HFA Risk Sharing-Existing",59.0,98.0,13.6573511273
12211217,12211344,"CA","207/ 223(F) PUR/ REFIN HSG.",0.0,98.0,1.54396012963
12211229,12211266,"CA","223(A)(7) REFI OF 223(F) APTS",48.0,98.0,0.42946374791
12211263,12211260,"CA","223(A)(7) REFI OF 223(F) APTS",78.0,98.0,0.0464557716849
12211278,12211275,"CA","223(A)(7) REFI OF 223(F) APTS",81.0,97.0,0.0169798743742
12211283,12211367,"CA","207/ 223(F) PUR/ REFIN HSG.",81.0,98.0,0.26105954481
12211296,12211259,"CA","223(A)(7) REFI OF 223(F) APTS",81.0,97.0,0.647947589865
12211342,13611070,"CA","207/ 223(F) PUR/ REFIN HSG.",84.0,100.0,0.219519788935
12211349,14311166,"CA","207/ 223(F) PUR/ REFIN HSG.",85.0,97.0,0.254115331968
12211362,12211357,"FL","223(A)(7) REFI OF 223(F) APTS",81.0,99.0,0.519130274417
12211366,12211376,"CA","207/ 223(F) PUR/ REFIN HSG.",80.0,99.0,0.320946891227
12211377,14311174,"CA","207/ 223(F) PUR/ REFIN HSG.",3.0,97.0,0.0913169940223
12211385,12911093,"CA","207/ 223(F) PUR/ REFIN HSG.",85.0,97.0,0.338356592066
12211394,12211293,"CA","223(A)(7) REFI OF 223(F) APTS",82.0,97.0,2.6907887783
12211398,12211373,"CA","207/ 223(F) PUR/ REFIN HSG.",83.0,98.0,0.642600147093
12211410,14311238,"CA","207/ 223(F) PUR/ REFIN HSG.",80.0,99.0,0.78312443037
12211434,13611088,"CA","207/ 223(F) PUR/ REFIN HSG.",59.0,97.0,0.426875546601
12211435,12211440,"CA","207/ 223(F) PUR/ REFIN HSG.",81.0,97.0,0.444454722042
12211436,13611118,"CA","207/ 223(F) PUR/ REFIN HSG.",84.0,98.0,0.397428330585
12211446,12111283,"CA","207/ 223(F) PUR/ REFIN HSG.",87.0,99.0,0.183794244115
12211447,12211439,"CA","207/ 223(F) PUR/ REFIN HSG.",87.0,97.0,0.429230353032
12211459,12211456,"CA","223(A)(7) REFI OF 223(F) APTS",86.0,98.0,0.911239169685
12211463,12211443,"CA","207/ 223(F) PUR/ REFIN HSG.",81.0,98.0,0.0821427061732
12211466,12211462,"CA","207/ 223(F) PUR/ REFIN HSG.",87.0,97.0,0.849171186397
12211467,12111307,"CA","223(A)(7) REFI OF 223(F) APTS",66.0,98.0,1.35013529082
12211472,12211429,"CA","207/ 223(F) PUR/ REFIN HSG.",87.0,99.0,0.475377724202
12211483,12211450,"CA","207/ 223(F) PUR/ REFIN HSG.",82.0,99.0,0.336865315413
12211491,12211501,"CA","207/ 223(F) PUR/ REFIN HSG.",74.0,98.0,0.580655876904
12211502,12111201,"CA","207/ 223(F) PUR/ REFIN HSG.",78.0,99.0,1.04868464921
12211510,12111326,"CA","207/ 223(F) PUR/ REFIN HSG.",67.0,100.0,1.77015707114
12211543,12211520,"CA","207/ 223(F) PUR/ REFIN HSG.",78.0,99.0,0.233356090516
12235701,12235718,"CA","221(D)(4) MKT. RATE MOD INC/ DISP FAMS",86.0,99.0,0.434098564042
12235721,12235712,"CA","221(D)(4) MKT. RATE MOD INC/ DISP FAMS",80.0,97.0,0.328154357326
12235752,12235755,"CA","221(D)(4) MKT. RATE MOD INC/ DISP FAMS",85.0,99.0,0.18667552221
12298031,12998009,"CA","542(C) HFA RISK SHARING-RECENT COMP",72.0,98.0,3.47879324344
12298035,14398021,"CA","542(C) HFA RISK SHG -- FFB NC/SR",81.0,97.0,4.96210875578
12311141,12311155,"AZ","207/ 223(F) PUR/ REFIN HSG.",83.0,97.0,3.58409035554
12311201,12311222,"AZ","223(A)(7) REFI OF 223(F) APTS",78.0,99.0,0.179295313462
12311203,12311227,"AZ","207/ 223(F) PUR/ REFIN HSG.",85.0,99.0,0.74053724636
12311230,12311229,"AZ","207/ 223(F) PUR/ REFIN HSG.",86.0,97.0,0.161144112608
12311252,12311255,"AZ","207/ 223(F) PUR/ REFIN HSG.",68.0,99.0,0.766366344206
12311262,12311254,"AZ","207/ 223(F) PUR/ REFIN HSG.",75.0,99.0,0.300868522156
12311272,12311276,"AZ","207/ 223(F) PUR/ REFIN HSG.",85.0,100.0,1.87395301229
12311279,12311321,"AZ","207/ 223(F) PUR/ REFIN HSG.",37.0,100.0,0.614301218678
12311283,12311305,"AZ","207/ 223(F) PUR/ REFIN HSG.",80.0,97.0,0.159986667308
12311286,12311319,"AZ","207/ 223(F) PUR/ REFIN HSG.",78.0,99.0,1.15733592895
12311295,12311314,"AZ","207/ 223(F) PUR/ REFIN HSG.",78.0,99.0,0.635254557503
12311301,12311304,"AZ","207/ 223(F) PUR/ REFIN HSG.",82.0,97.0,0.716804535026
12311302,12311296,"AZ","207/ 223(F) PUR/ REFIN HSG.",59.0,97.0,0.726626502404
12311322,12311336,"AZ","207/ 223(F) PUR/ REFIN HSG.",66.0,99.0,1.07760334652
12311327,12311348,"AZ","207/ 223(F) PUR/ REFIN HSG.",79.0,99.0,2.32615753159
12311341,12311359,"AZ","207/ 223(F) PUR/ REFIN HSG.",84.0,99.0,4.5275376886
12311344,12311164,"AZ","207/ 223(F) PUR/ REFIN HSG.",77.0,97.0,9.53423218052
12335482,12335498,"AZ","223(a)(7)/221(d)(3) MKT Refi/ Moderate I",85.0,98.0,3.29073365581
12335484,12335489,"AZ","223(a)(7)/221(d)(4) MKT  Refi/ Moderate",72.0,99.0,0.963465506288
12335579,12335535,"AZ","221(D)(4) MKT. RATE MOD INC/ DISP FAMS",86.0,100.0,1.23453902084
12335580,12335528,"AZ","223(a)(7)/221(d)(4) MKT  Refi/ Moderate",80.0,98.0,12.5632802527
12411033,12411039,"ID","207/ 223(F) PUR/ REFIN HSG.",80.0,97.0,0.408000512793
12411034,12411035,"ID","207/ 223(F) PUR/ REFIN HSG.",87.0,99.0,0.347073624606
12411054,12411059,"ID","207/ 223(F) PUR/ REFIN HSG.",85.0,97.0,3.11023395922
12511076,12511184,"NV","207/ 223(F) PUR/ REFIN HSG.",86.0,100.0,9.21332282478
12511126,12511180,"NV","207/ 223(F) PUR/ REFIN HSG.",85.0,97.0,1.59549520274
12511145,12511174,"NV","207/ 223(F) PUR/ REFIN HSG.",77.0,100.0,1.40613574843
12511147,12511187,"NV","207/ 223(F) PUR/ REFIN HSG.",80.0,97.0,2.46586594094
12511154,12511176,"NV","207/ 223(F) PUR/ REFIN HSG.",83.0,97.0,1.65152597097
12511166,12511161,"NV","207/ 223(F) PUR/ REFIN HSG.",82.0,100.0,1.01923213108
12535211,12535206,"NV","223(a)(7)/221(d)(4) MKT  Refi/ Moderate",71.0,97.0,2.44935428138
12611110,12611108,"OR","207/ 223(F) PUR/ REFIN HSG.",81.0,98.0,0.661382618745
12611169,12611242,"OR","207/ 223(F) PUR/ REFIN HSG.",83.0,99.0,0.836685763218
12611212,12611235,"OR","207/ 223(F) PUR/ REFIN HSG.",63.0,97.0,1.41673430454
12635326,12635328,"OR","221(D)(4) MKT. RATE MOD INC/ DISP FAMS",82.0,98.0,2.15957871335
12711185,12711241,"WA","223(A)(7) REFI OF 223(F) APTS",86.0,98.0,0.561879309117
12711225,17111043,"WA","223(A)(7) REFI OF 223(F) APTS",87.0,99.0,1.72295883424
12711229,12711178,"WA","207/ 223(F) PUR/ REFIN HSG.",43.0,98.0,1.06096297426
12711277,12711292,"WA","207/ 223(F) PUR/ REFIN HSG.",55.0,98.0,0.163245423704
12711306,12711162,"WA","223(A)(7) REFI OF 223(F) APTS",80.0,98.0,20.1522905409
12711333,12711297,"WA","207/ 223(F) PUR/ REFIN HSG.",79.0,98.0,0.265389439736
12711347,12711350,"WA","207/ 223(F) PUR/ REFIN HSG.",86.0,97.0,0.58391692798
12711353,17111087,"WA","207/ 223(F) PUR/ REFIN HSG.",80.0,97.0,1.37888445754
12711356,17111080,"WA","207/ 223(F) PUR/ REFIN HSG.",59.0,97.0,0.573831221222
12735487,12735521,"WA","221(D)(4) MKT. RATE MOD INC/ DISP FAMS",85.0,99.0,1.71709860706
12735494,17135249,"WA","221(D)(4) MKT. RATE MOD INC/ DISP FAMS",82.0,97.0,2.05295930276
12735495,12735510,"WA","221(D)(4) MKT. RATE MOD INC/ DISP FAMS",59.0,100.0,3.0130606324
12911053,12111128,"CA","207/ 223(F) PUR/ REFIN HSG.",87.0,99.0,0.20672545628
12911060,12111186,"CA","207/ 223(F) PUR/ REFIN HSG.",78.0,99.0,0.573897450523
12911078,12211251,"CA","207/ 223(F) PUR/ REFIN HSG.",87.0,100.0,0.226356700341
12911079,12111138,"CA","207/ 223(F) PUR/ REFIN HSG.",87.0,99.0,1.77729313264
12911105,12111173,"CA","207/ 223(F) PUR/ REFIN HSG.",86.0,99.0,2.63765250947
12911113,14311235,"CA","207/ 223(F) PUR/ REFIN HSG.",84.0,100.0,0.974096931939
12911117,12111279,"CA","207/ 223(F) PUR/ REFIN HSG.",56.0,97.0,5.49542490554
12911122,12111176,"CA","207/ 223(F) PUR/ REFIN HSG.",70.0,99.0,6.31557622673
12911131,12211494,"CA","207/ 223(F) PUR/ REFIN HSG.",84.0,97.0,0.10254468729
12911132,12211475,"CA","207/ 223(F) PUR/ REFIN HSG.",75.0,100.0,0.526555775059
12911141,12111308,"CA","207/ 223(F) PUR/ REFIN HSG.",70.0,97.0,0.611996467381
12935123,12135984,"CA","223(a)(7)/221(d)(4) MKT  Refi/ Moderate",70.0,99.0,4.7934834858
12998011,12198071,"CA","542(C) HFA RISK SHG---FFB EXISTING",77.0,97.0,1.10643207512
13611042,12111085,"CA","207/ 223(F) PUR/ REFIN HSG.",83.0,97.0,6.80087901493
13611043,12211151,"CA","207/ 223(F) PUR/ REFIN HSG.",85.0,98.0,2.52241161949
13611047,12111109,"CA","207/ 223(F) PUR/ REFIN HSG.",86.0,98.0,1.0776429278
13611054,14311128,"CA","207/ 223(F) PUR/ REFIN HSG.",85.0,99.0,0.97079036357
13611100,12111206,"CA","207/ 223(F) PUR/ REFIN HSG.",83.0,100.0,0.497441822486
13611117,12211492,"CA","207/ 223(F) PUR/ REFIN HSG.",73.0,97.0,2.67823594337
13611119,12111311,"CA","207/ 223(F) PUR/ REFIN HSG.",83.0,97.0,0.943331392565
13611128,12211518,"CA","207/ 223(F) PUR/ REFIN HSG.",84.0,99.0,0.356693950678
13612021,12112028,"CA","241(a)/ 236 /Improv. + Add./Lower Inc Fa",82.0,97.0,33.1269725837
14311160,12211315,"CA","207/ 223(F) PUR/ REFIN HSG.",83.0,98.0,0.149384022938
14311173,12911091,"CA","207/ 223(F) PUR/ REFIN HSG.",86.0,98.0,0.0641968548188
14311175,12211354,"CA","223(A)(7) REFI OF 223(F) APTS",65.0,100.0,0.131700679653
14311177,14311169,"CA","223(A)(7) REFI OF 223(F) APTS",84.0,99.0,0.250873698369
14311182,12111196,"CA","207/ 223(F) PUR/ REFIN HSG.",86.0,97.0,0.120441045044
14311183,13611091,"CA","207/ 223(F) PUR/ REFIN HSG.",82.0,98.0,0.0571650160772
14311187,12211411,"CA","207/ 223(F) PUR/ REFIN HSG.",86.0,100.0,0.987300317455
14311188,12211330,"CA","207/ 223(F) PUR/ REFIN HSG.",59.0,97.0,0.620817995015
14311189,12211387,"CA","207/ 223(F) PUR/ REFIN HSG.",84.0,100.0,1.66199609849
14311193,12111132,"CA","207/ 223(F) PUR/ REFIN HSG.",39.0,99.0,2.33529220988
14311204,12211449,"CA","207/ 223(F) PUR/ REFIN HSG.",58.0,99.0,3.27749354615
14311210,12211184,"CA","207/ 223(F) PUR/ REFIN HSG.",84.0,100.0,5.70306708879
14311212,12111144,"CA","207/ 223(F) PUR/ REFIN HSG.",86.0,100.0,3.16418587168
14311217,12211511,"CA","207/ 223(F) PUR/ REFIN HSG.",85.0,97.0,5.89983908538
14311228,12211521,"CA","207/ 223(F) PUR/ REFIN HSG.",75.0,97.0,6.30481659215
14311229,12211179,"CA","207/ 223(F) PUR/ REFIN HSG.",87.0,98.0,16.3667567853
14311231,12211171,"CA","207/ 223(F) PUR/ REFIN HSG.",87.0,97.0,18.7305519162
14311239,12911048,"CA","207/ 223(F) PUR/ REFIN HSG.",68.0,98.0,15.1240687863
14398015,12998010,"CA","542(C) HFA RISK SHARING-RECENT COMP",84.0,97.0,0.921089624328
14398016,12198061,"CA","542(C) HFA RISK SHARING-RECENT COMP",87.0,100.0,1.01040809202
14398018,14398017,"CA","542(C) HFA RISK SHARING-RECENT COMP",83.0,99.0,1.13905949648
14398020,13698018,"CA","542(C) HFA RISK SHG---FFB EXISTING",86.0,97.0,0.583906604502
17111057,12711240,"WA","207/ 223(F) PUR/ REFIN HSG.",77.0,97.0,0.142936262689
17111067,12711273,"WA","207/ 223(F) PUR/ REFIN HSG.",87.0,97.0,1.16802775663
17111079,17111070,"WA","207/ 223(F) PUR/ REFIN HSG.",83.0,98.0,0.0789356015715
17111088,12711312,"WA","207/ 223(F) PUR/ REFIN HSG.",71.0,100.0,0.538704514018
17111090,12711368,"WA","207/ 223(F) PUR/ REFIN HSG.",81.0,98.0,0.275708303869
17135224,12735491,"WA","223(a)(7)/221(d)(4) MKT  Refi/ Moderate",87.0,98.0,31.6127016874
17135255,12735536,"WA","221(D)(4) MKT. RATE MOD INC/ DISP FAMS",59.0,98.0,6.87374383963
27311009,07311912,"IN","207/ 223(F) PUR/ REFIN HSG.",73.0,98.0,6.36589402714
